path	uncompressed_bytes	compressed_bytes	crc32	sha256	md5	extension	text_lines	parse_status	top_level
META-INF/com/android/build/gradle/app-metadata.properties	56	52	3097064355	6ccbaccd442f133352a3592c019a5c7d85665193f4a237e0018db8f3047adc20	9f647bc4b0512df8b7b8a1228055bbcb	properties	3		
META-INF/version-control-info.textproto	46	48	3103745364	38d377afa76b6364e5bf551cf4ffec1a881a46102a0047f523fbf148e0df6928	6e4c205b0514417cb06c7b2e2cb37738	textproto	2		
classes.dex	1671708	706166	2830653245	35191783920c89c8c9bfabac932a598f0e4519219382c383690831a4b6820db1	3e4fbc3c43d9dd88ebdd8c7308396633	dex			
lib/arm64-v8a/libcocos2djs.so	22410352	7822160	1986410416	cccb928c7d2ba4e33763bcc47d95171acc41f3d76c916ea2ee19fcd81059e5e1	63650c8d5a56b751a775ed77a42439b6	so			
lib/armeabi-v7a/libcocos2djs.so	17542044	7304472	3984954720	8ff3c2228eee1510e839e40912629e19d9d2cd8c98f0160433f8ea13e3219a0e	720fcb515ff7424f46be45fe5c5057be	so			
assets/jsb-adapter/jsb-builtin.js	323225	61641	252408254	dbbd4ef49b6f5faa4ad19c60cf86a49d3101af21c1fe7f2df2c173a400cf5988	73eacd54ec54dd062cdb18f00b5be641	js	10315		
assets/jsb-adapter/jsb-engine.js	177568	29938	3797258303	f6c977db35904c35f32e7e664a01d84c09bc2098b157ecd82a699b1029d7108d	91510dd0823e494164488d3e13dfc5d8	js	5544		
assets/main.js	7799	2325	3207894005	f064e9f5e38296339d727766c035fce4135a9bd4a4df9b23c106b0a376c281b9	99b0d01577dd29e298dc833ba423c80e	js	233		
assets/project.json	297	182	2801947494	6445abfa07edc89317a7717ba91443771a8ea8b72b1977d990465fe32e469fa3	ac455c4f0ab651a5943708e23d456126	json	18	ok	project_type,debugMode,showFPS,frameRate,id,renderMode,engineDir,modules,jsList
assets/res/import/00/00013d46-463a-4f89-973b-09fa3e7611cb.json	175	145	468641809	62c93217847fda84a5a2e27a0f5109888d228a4f10461874fa90c69008268c98	32e6fc331f2092177af27405bf6ac23e	json	1	ok	__type__,content
assets/res/import/00/006d3fd0-779d-46a9-b166-938c1c50c558.json	180	150	900261164	9b8468e89948feb58218622946683c17799be5fe2e68ebdb9b350b6ef7af90f9	da34ac2ca54b01e2dece9105f0851d9c	json	1	ok	__type__,content
assets/res/import/00/006fff00-d8f2-4fb8-a096-a0238fed179a.json	191	157	675405198	c67fb73e573b5d6551a7ad1d90a916c52d769b1324e22d6094c26bd969f27fd0	5fdbda9cc952fc17ac88848cc0724410	json	1	ok	__type__,content
assets/res/import/00/007139da-b4cb-4129-9c19-8eae5cd0bac8.json	193	159	4267415731	d8b369ffb8b899fc465377f2c62af18d45f1029d0513751255569d978ba508a4	e5d9d8fdcf6942620c5e2712cf84d155	json	1	ok	__type__,content
assets/res/import/00/009e6746-4474-4192-b4f3-1611a56aa2ce.json	8178	1681	1273224416	0336e900885cce1d06fc3f71b9676df06d4a350905dbeb088cf04b9f7355ebdd	4613ed2a0fb7fbafb9ba5530bafba0d8	json	1	ok	list
assets/res/import/00/00fc3b3a-81ce-475b-9605-7cffbd3da17a.json	69	58	4036315769	2cfa940932b2c0a25916bdb6b9bd8b8ffa50ed3f8d1bd9b99376779a9d4d25ad	473a4b5edc3e0be7e3d2bb1522f9249a	json	1	ok	__type__,content
assets/res/import/01/011232ef-e3c0-4f34-a88d-8ff5c19d8d23.json	63	56	1371488825	be8ff221f8b838f9a7faec9c1249b8bfc8c94f8743e6218107c63e355b3dbd85	2f4592b3659c0e169ff817de62259291	json	1	ok	__type__,_name,_native
assets/res/import/01/0120fff0-fe49-4c09-8df8-5c9e5a10db45.json	182	156	2713864078	1f296d3a360000519b417854cb65e6fa097fff3181e9832d63c0c2332bab1de9	b90ac1663f35675d5d0de2172caf7b88	json	1	ok	__type__,content
assets/res/import/01/012f4d50-9b19-4dd6-8a63-f48bfc50456a.json	182	154	896367794	dda85472a4e256b8b4634990c60c165e1958a73d272d802c9a1effc3883ac9bc	d532069844a769895ada3f872ee0a156	json	1	ok	__type__,content
assets/res/import/01/01a79cce-f1a9-4fb8-af37-09aa10c83124.json	178	145	4183446787	a290680e71413536dd374c22ba9db9e5e4028bca09c9b77f30e086df58f765fc	309d747c2d0a8b25831869d051bac6de	json	1	ok	__type__,content
assets/res/import/01/01c2ae7a-c1f1-40bf-88c9-c46e73d12a2f.json	5881	1283	722728282	e6c8be79abbd42512c2e6f54adf403fdd7bde4ef2f87810317cbad8bf90d9fb6	17bc2975020be3490ed44de194e5c5ff	json	1	ok	list
assets/res/import/01/01cf959c-f8f6-44af-9335-d3b23a22aaaa.json	194	160	1984589368	a5da021a4598b729c22c8d57f5d16d515fdba12d1b8e326d6741764eb6b4b8a9	15403e73141a0eb61bfe90d52e324c92	json	1	ok	__type__,content
assets/res/import/01/01ef14a8-fed8-4cc2-a3ae-eb28b6bb0ec7.json	180	146	595022693	35a37d51c4c05d8067d9ac2170ec3ba419e394868d6aab06bcdfce9020a654e0	117034f6752fdb51aea94feccd291e15	json	1	ok	__type__,content
assets/res/import/02/02031c71-3bbd-4c21-826b-ab46409f086b.json	1401	312	718889015	256a5c806e291a7e4a4ece48869ffd333a4ed2b3602bd5c39f78212c16ee4e32	d81f233f0c72cd8de89da523e61e53a8	json	1	ok	__type__,_name,spriteFrame,fontSize,_fntConfig
assets/res/import/02/0246289b-ee81-4832-9661-14f0abcd182f.json	174	144	4106019286	ed19ca6bb5b91ba4d36324aae32e3006d43b62a8dedb649b0be0b34ee69570bf	b5d9f5dd652347634417429968d59cfe	json	1	ok	__type__,content
assets/res/import/02/02636449-8ac6-40ee-90f0-379fee47cb2f.json	176	147	777157480	7a3be5c14befe65f675d447705c8eadbc0de41cb1f31616fc946fa1d7c9dcf78	ebfe809449950dba4835e5628f618bda	json	1	ok	__type__,content
assets/res/import/02/0275e94c-56a7-410f-bd1a-fc7483f7d14a.json	69	58	4036315769	2cfa940932b2c0a25916bdb6b9bd8b8ffa50ed3f8d1bd9b99376779a9d4d25ad	473a4b5edc3e0be7e3d2bb1522f9249a	json	1	ok	__type__,content
assets/res/import/02/0291c134-b3da-4098-b7b5-e397edbe947f.json	69	58	4036315769	2cfa940932b2c0a25916bdb6b9bd8b8ffa50ed3f8d1bd9b99376779a9d4d25ad	473a4b5edc3e0be7e3d2bb1522f9249a	json	1	ok	__type__,content
assets/res/import/02/02aeb808-0c99-40f6-be36-62e1ade66461.json	1130	276	2568614058	88e4117c4b0a7661ebcd1dcaa1ded20c9d001766b3ed50e931275ab8b10bef3c	dcf139325e71d398eaf2062d115a2c40	json	1	ok	__type__,_name,spriteFrame,fontSize,_fntConfig
assets/res/import/03/0320c61d-85f3-4d6a-a995-ed0c49d54765.json	175	146	2512186605	2810662074bbe293c5e3b2e2287f78dcacc88e012ca0b9a65e8c7075391a5be0	cccab0f727188da26c83eb380709bf84	json	1	ok	__type__,content
assets/res/import/03/0374b9b7-205e-4ea3-9a7d-5b5eac9565a3.json	170	136	2412849414	a3cca89e43bef857477f424db6798afd628ad6ef45fb9121a00dc004e757208a	b5a63c2b98f500a6ba27ec7c34641c29	json	1	ok	__type__,content
assets/res/import/03/0378a287-95a6-4a62-995d-9a7364460f20.json	62	56	1893471889	f38532d2ee03da0bbd203b0664bd31181712e344d3bfde3c0f17609f007fd234	814d40d852f0b10245d4a484e65235e9	json	1	ok	__type__,_name,_native
assets/res/import/03/037d6618-5f15-4583-98cf-51e0b2b9ed6f.json	13421	2111	1899640803	46126c4d6f058ee37cc2805c5e3491cb8a18be30b4139441416c2fd67c6ec580	36d2f5bdb4d08b2838d54016874ede4b	json	1	ok	list
assets/res/import/03/03a581e0-4e7f-4575-8365-34f24ab435be.json	182	147	1443347253	57e1f2f9004a6c67060ef5e0da94b9dd3f45b797a7033c57312ecdd1163b3701	aa9ceb94bf3b3554f39c010a52d5991b	json	1	ok	__type__,content
assets/res/import/03/03a78b5a-4a3b-4614-a137-75a5572f0b98.json	181	146	4176621833	9dbcd8956ae69e1910ac46758d3a1d1ad892bbc55959f9eb61893e1bd3a4d219	d6bba019b29834d579926bd3861fd040	json	1	ok	__type__,content
assets/res/import/03/03ce8315-f339-4686-973b-4901079be67d.json	69	58	4036315769	2cfa940932b2c0a25916bdb6b9bd8b8ffa50ed3f8d1bd9b99376779a9d4d25ad	473a4b5edc3e0be7e3d2bb1522f9249a	json	1	ok	__type__,content
assets/res/import/03/03de0997-a0a6-4a4e-aa3e-a099931f27f2.json	183	148	29020218	68b1245d7f3eb040dca4ce2d7ac8209cefd938b38c479ad7290f362a64965f4e	c408738ba9b2dcfaa41ebf4c275789d5	json	1	ok	__type__,content
assets/res/import/03/03e97b5e-6642-4e78-9826-8796c2abe447.json	63	56	1371488825	be8ff221f8b838f9a7faec9c1249b8bfc8c94f8743e6218107c63e355b3dbd85	2f4592b3659c0e169ff817de62259291	json	1	ok	__type__,_name,_native
assets/res/import/03/03ee9c8e-3fc7-4073-912b-685d56a6f4bf.json	179	151	266314110	b33bee7c706abf1c789ad0e562349f1e955f426076a605517bff61f2314e9123	5ec696c1771ec8b5687a590da098bf6d	json	1	ok	__type__,content
assets/res/import/04/0448d9b0-5f15-4bba-8f48-caa195a917e2.json	193	162	3873216298	367bab4680a94442edc965dc12ea03187dacf63a7086ff7b64ed9ec0e1d58730	f21b1cd322a11b101cf52378e41864fc	json	1	ok	__type__,content
assets/res/import/04/046f172c-1574-488b-bbb8-6415a9adb96d.json	650	251	1331584388	26337b517d9823bba33f65c4a549e8594b0d1e7d0e82c7243c08f822165718cd	b4c7b93c8677761270bfdc9fab0c8787	json	1	ok	__type__,_native,_vertexBundles,_primitives,_minPos,_maxPos
assets/res/import/04/04bd0ae4-36c6-4251-9992-3284d8afdf6e.json	63	56	1371488825	be8ff221f8b838f9a7faec9c1249b8bfc8c94f8743e6218107c63e355b3dbd85	2f4592b3659c0e169ff817de62259291	json	1	ok	__type__,_name,_native
assets/res/import/04/04c69595-cc9e-4592-9016-03cdbeb933df.json	63	56	1371488825	be8ff221f8b838f9a7faec9c1249b8bfc8c94f8743e6218107c63e355b3dbd85	2f4592b3659c0e169ff817de62259291	json	1	ok	__type__,_name,_native
assets/res/import/05/0501c3f0-977c-44e1-aff1-a15c6bc47ce4.json	198	163	3474212144	8717f9105f6d0edf4fe4e88f7a46a65badc80b20dafc2fa053a5ce8d8b4bcfa5	20c16e5910c4c4813cbcb30af70461fc	json	1	ok	__type__,content
assets/res/import/05/05028815-9e78-4220-a1a2-2c85c0ab4291.json	186	150	3623844674	7d320855404d6b3bacfc83c82012e30b267d40ea1faa139274386ed089cf3ce7	1c8b79c32d3004025c320f5ce7144e91	json	1	ok	__type__,content
assets/res/import/05/0511e1fe-d164-4460-b4e9-59f9e96fe10e.json	63	56	1371488825	be8ff221f8b838f9a7faec9c1249b8bfc8c94f8743e6218107c63e355b3dbd85	2f4592b3659c0e169ff817de62259291	json	1	ok	__type__,_name,_native
assets/res/import/05/0532e255-8ed2-4daf-b753-0356dfec77eb.json	186	154	1115403221	448d2f980fcbadcc3768bc9079455e1ce4b50b9824d5a11c66ea4ea7d3189b38	ff8622d9e10431c05aaaab55ce3f2dbe	json	1	ok	__type__,content
assets/res/import/05/0534d642-0039-4f2f-955b-cf8dd6c6f0c5.json	199	162	4078498988	bcf8906d296b4562bb9d86425cff869ccdd8f2e622a5392c6dfd26e224e6ab83	daabd1f7c563bdee46162deceb2d5d7c	json	1	ok	__type__,content
assets/res/import/05/056dad85-b338-4a7a-bbe4-591b765c0b80.json	69	58	4036315769	2cfa940932b2c0a25916bdb6b9bd8b8ffa50ed3f8d1bd9b99376779a9d4d25ad	473a4b5edc3e0be7e3d2bb1522f9249a	json	1	ok	__type__,content
assets/res/import/05/057692f1-8aa4-4a55-ab47-23c23348f02c.json	176	145	635334020	843951f9a5242cabf09a3f4aee6849bbcea6915627b0c342b51621b208ced89e	e199277109bb721e205181fcee2e8cc7	json	1	ok	__type__,content
assets/res/import/05/0585ccf3-fd52-4f1f-a6ba-28c683f99ecf.json	179	150	2556421874	827f7e1184532184c4fec4ae37970344ed8df17bab2d5a0dd584d990b831e4b9	4870aedae4a30e84039c4e9e1b3d6be2	json	1	ok	__type__,content
assets/res/import/05/0599043e-f208-4dfd-811e-5161a30897be.json	2439	1115	3165874801	7761cb7c5d21bb1bcb51301a95619ab71263aa15733595a9273ea37b4c89f797	251536a5ddd839defae9c2e6223a771d	json	1	ok	__type__,_name,_skeletonJson,_atlasText,textures,textureNames
assets/res/import/05/05aa1bd6-4d85-46cd-9b43-e18e885feb39.json	5845	1417	3549664688	59cf310328dd43a9a289c907ef3714cb6f71565f712bae2c58a5a77490b8b34a	692148b496a8d866ca546be9b83b9c04	json	1	ok	__type__,_name,_skeletonJson,_atlasText,textures,textureNames
assets/res/import/05/05b3d313-75b0-4fdb-aba9-9966297ae9ce.json	196	161	3980743865	1ca8041af2d6dffa8157d680e36445be3543424b87905bb3ed493db36b7020bf	79d649985131471575f48929da8ecda6	json	1	ok	__type__,content
assets/res/import/06/065eb46e-3586-4a60-b049-4871b72945e3.json	184	154	4191661606	625fa3337920f792906aed2b2d08ac4cec4e343c8a9f1e3c200c21b2ce6330e5	53c4d9083fc25f305125f7e408203ac7	json	1	ok	__type__,content
assets/res/import/06/06a96d23-065d-42f6-afdf-7d89d9d36dc0.json	181	149	4028697414	b2c51906f8169fb5785d9654c1427d985c65dfd9bba42ca2601d89f8919a3a60	40b0f771e2a2ef7c9b8725b8d1dd95d6	json	1	ok	__type__,content
assets/res/import/06/06b6a6bf-5050-41e5-a2fe-e49d4f268545.json	182	149	3799724996	3c4ed6712b0c9d8d937cf788a9c74b89507dd052fee2779d2af45b70223d5007	0f20238adeda69955a228a593dfb1e11	json	1	ok	__type__,content
assets/res/import/06/06c55644-d164-4dcc-a5a9-841583997b7d.json	161	128	3846449478	8caaa74b95d650629d691af389cd6df653ed54504572f7b1bbd7aeb735bed6f8	ae5ffb033641c3c13b6474d32c15fc46	json	1	ok	__type__,content
assets/res/import/06/06d54474-184d-44e7-b954-51279d8bc43e.json	175	150	2763255637	fcb95a689887c168f79a3c902f9910cc5bd8b06e842ba726b5063c23750ba577	11bac84c36f8f1e6ccbaa070fd53cafb	json	1	ok	__type__,content
assets/res/import/06/06ddcbad-4138-4cbc-ae24-f9c94992a313.json	183	147	1807555824	bd21aa1033543d4934778798783da7c86e5769bce99e71ea34b42a5a80cb3601	5f9cad5c2f9c164c321de0f7235dacaa	json	1	ok	__type__,content
assets/res/import/07/0711cd30-ea49-4d56-9d08-1da548d84428.json	63	56	1371488825	be8ff221f8b838f9a7faec9c1249b8bfc8c94f8743e6218107c63e355b3dbd85	2f4592b3659c0e169ff817de62259291	json	1	ok	__type__,_name,_native
assets/res/import/07/0724c98c-48b8-4f7a-bfd9-1e2795b33462.json	65397	5859	825002080	61fa7da61980e98e7184181b13e8ef063eb4611f3b6022923bcf8241b88fe563	de273e3f76a882d7d9c71051a8b1b5d4	json	1	ok	list
assets/res/import/07/07393340-465c-4cc7-a3c0-992a770a0254.json	69	58	4036315769	2cfa940932b2c0a25916bdb6b9bd8b8ffa50ed3f8d1bd9b99376779a9d4d25ad	473a4b5edc3e0be7e3d2bb1522f9249a	json	1	ok	__type__,content
assets/res/import/07/078b682a-875e-4e19-b6b0-04cd338fe8a7.json	178	146	3835711277	f879b63158cf9cd79c49b6070fb69cc4ff8aebc901fe1fa05b76a0b573ce51a1	c16f89c5af4682bf24f7a8cc4129bdf2	json	1	ok	__type__,content
assets/res/import/07/078fc3ac-9e59-4486-8ffb-516cf8566a64.json	1774	665	1110533350	93f6feb3a634419d024fbf423a88db7f826da7a43b430466c304323fd54147c2	f71c92f41f0bbefbd6795480de925b68	json	1	ok	list
assets/res/import/07/07dd0bc1-226e-4edd-a0a2-b28625986b43.json	179	149	2019092171	62c641f6207e68bf79d56de7fa61324a570a7364add1e892721dcd4560c1ac81	306c68a30d78a0835a58d343da95baab	json	1	ok	__type__,content
assets/res/import/07/07eae887-1022-4cb7-803e-6d6912a3b5e8.json	60	54	384373215	09737ba4095a8c5a61dee9f5a3d0716d756a0eca09108c26a5203ad20f085818	3161ff61ed3b16ff2d485426e39ac3ca	json	1	ok	__type__,_name,_native
assets/res/import/08/0800bc8c-95c2-4e4a-8efc-9833c50790bd.json	7909	1326	4026293904	eaaf5e5ff93e619a385c08633659c7a75257f751f72430e9cb6b8d07c80de611	1a547e7e7bcd3ea47e2e9f0406dc97c8	json	1	ok	__type__,_name,_skeletonJson,_atlasText,textures,textureNames
assets/res/import/08/08027f26-cf0b-4fb4-af5b-36eb1b6ac856.json	180	148	2753968319	040362fd15fc1b8b7136d693e627cc392e2161e1077a5261550d42fbeb59572f	6533cad4e0eacc6f9db8b9db8f6a9653	json	1	ok	__type__,content
assets/res/import/08/0811261c-acbf-44a7-9afd-e9c668033d79.json	63	56	1371488825	be8ff221f8b838f9a7faec9c1249b8bfc8c94f8743e6218107c63e355b3dbd85	2f4592b3659c0e169ff817de62259291	json	1	ok	__type__,_name,_native
assets/res/import/08/0856cedc-fc04-40c0-90dc-ee6081306937.json	69	58	4036315769	2cfa940932b2c0a25916bdb6b9bd8b8ffa50ed3f8d1bd9b99376779a9d4d25ad	473a4b5edc3e0be7e3d2bb1522f9249a	json	1	ok	__type__,content
assets/res/import/08/085c920c-b6b6-4e84-a233-e09d0530073e.json	69	58	4036315769	2cfa940932b2c0a25916bdb6b9bd8b8ffa50ed3f8d1bd9b99376779a9d4d25ad	473a4b5edc3e0be7e3d2bb1522f9249a	json	1	ok	__type__,content
assets/res/import/08/08646af2-8194-418d-9030-2e63eb1acbea.json	179	150	763165404	05f34d4f18c05c504ee94c98d1bd4a648810e7219df823c08b480d959b386380	37f96aeacbf3bad5d18e88f8f1d66b02	json	1	ok	__type__,content
assets/res/import/08/087a63dd-48b5-4224-bc4a-7e6b0aa44480.json	179	145	1624965049	14c9e4f359e0b89ebd4fe200fdb2393137c764255f4ad14cfca04047deec212a	4d3926e7fef8de4eed94a7b2c3ecacb7	json	1	ok	__type__,content
assets/res/import/08/08a94ace-d780-4060-96fd-c10843390e6e.json	169	137	1518302769	101a090a4e2a0f441fb93b6649f645a3e91c8a60283d38eacf5c95b7e98f203c	7ca0e8ecb2fd618734b734e05fb8cedf	json	1	ok	__type__,content
assets/res/import/09/090cb904-84bf-4b58-a945-e2015964307e.json	63	56	1371488825	be8ff221f8b838f9a7faec9c1249b8bfc8c94f8743e6218107c63e355b3dbd85	2f4592b3659c0e169ff817de62259291	json	1	ok	__type__,_name,_native
assets/res/import/09/091d1f5c-6c37-4315-a4ab-64b94398d10c.json	63	56	1371488825	be8ff221f8b838f9a7faec9c1249b8bfc8c94f8743e6218107c63e355b3dbd85	2f4592b3659c0e169ff817de62259291	json	1	ok	__type__,_name,_native
assets/res/import/09/09297d26-d153-439e-811c-8faa84981a4a.json	573	314	252712785	b80e5bd0d5d1a8a2ed96eaa1c2e58b4959a596300aea7cd995a73f3892127d70	54f6ba6540842179d4cf5288cf65b9b3	json	1	ok	list
assets/res/import/09/0941eeff-65ef-46ec-8ac9-0cdbe6bd71b5.json	69	58	4036315769	2cfa940932b2c0a25916bdb6b9bd8b8ffa50ed3f8d1bd9b99376779a9d4d25ad	473a4b5edc3e0be7e3d2bb1522f9249a	json	1	ok	__type__,content
assets/res/import/09/094b67bc-5823-44f3-8fd5-be4513e3de5d.json	184	150	3938001728	f686fb6bd1ed06e864a98a14f60e46ae227678a7f64a4780d15a466df46a393c	ea6b869cd1fc3c3a6e88c835158a5440	json	1	ok	__type__,content
assets/res/import/09/09ae25cf-d258-41cf-b79a-4aced891c40c.json	63	56	1371488825	be8ff221f8b838f9a7faec9c1249b8bfc8c94f8743e6218107c63e355b3dbd85	2f4592b3659c0e169ff817de62259291	json	1	ok	__type__,_name,_native
assets/res/import/09/09b25014-17c3-4ba7-9f4e-d2b987023887.json	185	150	1092889128	ac5d156ec75bc367201b7a803387c4feb8e62d21aaf4f06f5f3162bb55c16b56	0e51828afaf9ee30f950ed7f8748df91	json	1	ok	__type__,content
assets/res/import/09/09b2cb5e-1698-4381-9493-e8f93ce7280c.json	69	58	4036315769	2cfa940932b2c0a25916bdb6b9bd8b8ffa50ed3f8d1bd9b99376779a9d4d25ad	473a4b5edc3e0be7e3d2bb1522f9249a	json	1	ok	__type__,content
assets/res/import/09/09d1799e-7270-4466-a586-81eae8d31a80.json	192	155	4216163613	9a97c901eab37337a3b0af0011d40277e518fd94c4e3b08199618979a144c801	275792d9ae0bf496e874566e9a87acdb	json	1	ok	__type__,content
assets/res/import/0a/0a203349-a3ae-4b17-bca0-ecf9a49a7a6a.json	176	143	2886739867	1c0fba3f66ffe1d9cc01e8b68e256e314c3542db4f1c4d451bcfa287e3ddd81f	07bf462f0f7c2f4c40501e95b0a02d97	json	1	ok	__type__,content
assets/res/import/0a/0a346691-3b75-4be0-b422-7dc3fa4e9f50.json	69	58	4036315769	2cfa940932b2c0a25916bdb6b9bd8b8ffa50ed3f8d1bd9b99376779a9d4d25ad	473a4b5edc3e0be7e3d2bb1522f9249a	json	1	ok	__type__,content
assets/res/import/0a/0a8648a1-3a3e-4c49-951e-810835b4b6af.json	176	137	1933101236	3ab7d6f5a072bee4363de1b455fb6e503440a79d1cb1ea3c0f0902fe8dea2121	89af7a77a3c52db18d3ca2d0f590956d	json	1	ok	__type__,content
assets/res/import/0a/0a880fbc-7e56-4904-a182-4a53ee41f03a.json	186	155	1831983184	5d9feeffc309438d8c6b4643dd67da48f63aa6b2c898bfe3034d9d778590f1e3	b56e463f0d54624796e9e3fdcd3119a6	json	1	ok	__type__,content
assets/res/import/0a/0a97c1a5-1d35-4ff9-9039-f808a20a72e3.json	162	129	2997321620	c64be023e55c6b2627c7d65ace923c15164b4ff91231f50150562d2c0b7e9e89	af71adb9f3db1a994429ac8de7f4b31d	json	1	ok	__type__,content
assets/res/import/0a/0abb3c99-5522-4d4a-a3cb-df2650f83905.json	188	156	3951429559	91b659ee75f48135782798fc48c8d8b287a0242af680d1cc47b52495bfbe2950	9bf1b39e66fa6e0334ac6d313aa60c54	json	1	ok	__type__,content
assets/res/import/0b/0b4e0763-9d3b-44f2-a7ac-3eac4b668ecf.json	174	143	3928959799	64fbe229e825af1e6b7bff6e1ea5ed56e2b7ecdd9c3bd975e5eeaf510f112051	ff20fbfafe1fea581098291ce145a65f	json	1	ok	__type__,content
assets/res/import/0b/0b58adf3-ea34-42f0-85b0-ceaf21e1f743.json	63	56	1371488825	be8ff221f8b838f9a7faec9c1249b8bfc8c94f8743e6218107c63e355b3dbd85	2f4592b3659c0e169ff817de62259291	json	1	ok	__type__,_name,_native
assets/res/import/0b/0b5f5118-7a33-4549-ace5-4c412f842dc2.json	69	58	4036315769	2cfa940932b2c0a25916bdb6b9bd8b8ffa50ed3f8d1bd9b99376779a9d4d25ad	473a4b5edc3e0be7e3d2bb1522f9249a	json	1	ok	__type__,content
assets/res/import/0b/0b6fc949-89c0-4958-8ce7-4d38965dd9e0.json	183	150	1811112406	0ff91d0f90f29f7a89087a2cfd3fbbaa42afc2542cbe4fbbc3a2efdb2df2fb25	022ee4c3c31672304157bdc428e1ffd0	json	1	ok	__type__,content
assets/res/import/0b/0b76871a-ed87-45e3-bdb2-0d515f48d9fd.json	184	152	3907600446	8746540e47851ee9cb20d36d26d0b1c80ba64270bb87bf3d495d0fbf2f5512db	53084786547439d226a9f7bfaa383271	json	1	ok	__type__,content
assets/res/import/0b/0b9c2578-5ec0-40a9-9e14-bbac9a984aed.json	193	159	2992420092	a66c2cfa99430312018f98b7227c111fd47129aad6abb9be9f45c17794bf3a86	be50c0a2943984c9c1f37ec73cef2397	json	1	ok	__type__,content
assets/res/import/0b/0bb3ab47-f801-4ca7-9d4b-85b467bcbbd2.json	173	142	1256774709	103949f15a25e225a016de9c9d18133a514c405b400729c0ee74d776006ce43c	779ebf293886ef0384b07d115f1f1f5f	json	1	ok	__type__,content
assets/res/import/0b/0bdcd947-f2fb-4e5e-999d-49036013cdfa.json	10174	1948	3472565933	75881ce81864254f0eee431c1e5feac00190d00a9351db688bd550d3b163c6cd	ae8b29e185a46b947b4367b766a7e328	json	1	ok	__type__,_name,_skeletonJson,_atlasText,textures,textureNames
assets/res/import/0c/0c667fd1-d2ac-43ff-8be7-b5cf5cfeedaa.json	182	151	221599225	4d3e98dd3a98bdc04e04c395d0553a183d09c9f14eba41d53a7ef85d8a96b926	54dd197755bdcb6ed2b5f50867468166	json	1	ok	__type__,content
assets/res/import/0c/0cb038e5-724f-4200-99ce-6e704e7afd63.json	63	56	1371488825	be8ff221f8b838f9a7faec9c1249b8bfc8c94f8743e6218107c63e355b3dbd85	2f4592b3659c0e169ff817de62259291	json	1	ok	__type__,_name,_native
assets/res/import/0c/0cb93d42-116b-4204-afaf-9b5e136ef7a1.json	63	56	1371488825	be8ff221f8b838f9a7faec9c1249b8bfc8c94f8743e6218107c63e355b3dbd85	2f4592b3659c0e169ff817de62259291	json	1	ok	__type__,_name,_native
assets/res/import/0c/0cf7bcd4-a680-4b33-bd9d-36477a278f8c.json	187	154	2928590728	5f2136fc4ee4d23dc82beb3cfc5856bac5c3d4498316994f4b9fe5a3660d4b13	d3b52bcaddea66346cde85fe06f13e33	json	1	ok	__type__,content
assets/res/import/0d/0d09c931-4169-4464-aa3c-f1dd737d9c43.json	181	151	1860371231	ef38b72a8566e9ec18ec2ecc91a1f2f24d617b9860706106e2fbbb6b0f36339e	b6f51c6f51b7a4f02404f821b586d284	json	1	ok	__type__,content
assets/res/import/0d/0d4f6318-7fe0-4dc2-a336-3c857033cb45.json	172	143	2160635926	2441e4b418d175e1c6526cfd87d9a36fcfd66a2c7c9bb91884693ab0231db760	3329a2f92b8bb56d3835a281fb042ba1	json	1	ok	__type__,content
assets/res/import/0d/0d617198-be06-4c14-9e42-c6e8a46a5ab1.json	178	146	1760570401	3371865879ce7258d4049cd8d082cb1d80d587645f68125547019a971f84632b	7d8cc384c4bcb1778673ca97b29a6afd	json	1	ok	__type__,content
assets/res/import/0d/0d662cce-9724-4d0d-957c-96ac4ecd18b5.json	60	54	393151835	1c352e1fb9635149c495eb1b69d7f01f0105223f35bfc3545cd9a661afc0bcee	dec7d71934136d26c1792cab5eb598b6	json	1	ok	__type__,_name,_native
assets/res/import/0d/0d8cc65d-6f83-4d7e-a477-9cee26aa2648.json	183	148	590432219	89a0dc5cc9d3c80fbce508f27c95273a1a3c0c78d6ad84c853fd18e4ab01187c	3aac240e342392007fc268e4e2fd5a71	json	1	ok	__type__,content
assets/res/import/0d/0d96e890-c139-4041-a0b7-f72242c1d918.json	79	73	3877122207	3bc305455229333a504782bd2f1f10ee0f0cd60770191bbee8979576e1aac27f	a00e11f17a238d1ff531aeb36a5c9428	json	1	ok	__type__,_name,_native
assets/res/import/0d/0dd23a18-7f20-4967-ac18-4b2d6cf3bd49.json	28587	4204	519429689	0276035f5c1cde435b11bccdea39a10be0614c885d2e68ad2edd569585e61179	126099abed8b6f0b637cf2220c9dd932	json	1	ok	list
assets/res/import/0d/0dd4243f-55d3-4911-81de-1881fd490dad.json	69	58	4036315769	2cfa940932b2c0a25916bdb6b9bd8b8ffa50ed3f8d1bd9b99376779a9d4d25ad	473a4b5edc3e0be7e3d2bb1522f9249a	json	1	ok	__type__,content
assets/res/import/0d/0dfd9e08-ef7f-4802-9f8e-023e2326ef90.json	175	142	3264768061	d1eb5c91933b6304fafabdbae6d3a5130adc92d88fde0a6674043823a4807192	b3e6a7e3c7d9d2eb6bf7ec553db38eb2	json	1	ok	__type__,content
assets/res/import/0e/0e5576f0-de9a-4da2-9524-6d6221af5925.json	63	56	1371488825	be8ff221f8b838f9a7faec9c1249b8bfc8c94f8743e6218107c63e355b3dbd85	2f4592b3659c0e169ff817de62259291	json	1	ok	__type__,_name,_native
assets/res/import/0e/0e71d2fb-f182-4825-a24d-628e7bc8711d.json	4830	1026	3617761414	016f84025b25b12b486133985f6500403bcb40f80f76d86348916658bf6009fb	5446b0c08b80a3fe82087f5e1187b8af	json	1	ok	__type__,_name,_skeletonJson,_atlasText,textures,textureNames
assets/res/import/0e/0e93aeaa-0b53-4e40-b8e0-6268b4e07bd7.json	4703	1086	2643522153	0f8aeaa0a7f4d61f439f6cd0bf5643f29db63dc0cdf735a9a5fd9f0dea5ffc94	56864f407307f3f1b207f3ff12948f4e	json	1	ok	__type__,_name,techniques,shaders
assets/res/import/0e/0eb04900-b041-4f35-9ce4-5c0c92017cbc.json	69	58	4036315769	2cfa940932b2c0a25916bdb6b9bd8b8ffa50ed3f8d1bd9b99376779a9d4d25ad	473a4b5edc3e0be7e3d2bb1522f9249a	json	1	ok	__type__,content
assets/res/import/0e/0ef1875b-b013-4f4e-85b6-5463685f22dd.json	186	152	952596638	749c413557e343e3921eb36fed834f875df3f03e373618722fda4a447bfc4a0b	3ce93437f6e6c977de86a775ab9e8588	json	1	ok	__type__,content
assets/res/import/0f/0f38334d-dc67-40be-8d03-807c47999cc8.json	168	133	4046667991	5a69d23852c387f0e8f8f9cc505d99d72cf06a9b150c2afe9c0e926fdbf8dadc	608a8f3a7bf95cf9699992242bf383c7	json	1	ok	__type__,content
assets/res/import/0f/0f54f657-f3c7-4953-bc24-0ee027f3f995.json	69	58	4036315769	2cfa940932b2c0a25916bdb6b9bd8b8ffa50ed3f8d1bd9b99376779a9d4d25ad	473a4b5edc3e0be7e3d2bb1522f9249a	json	1	ok	__type__,content
assets/res/import/0f/0f6f447d-ab66-4468-afb5-8dc77661f79f.json	65	59	2911308123	fc2a31b4f479c9672eff9293e8c19b3376ece4b114bae1d4a6628dac0e21d114	9e16634cb765bf3c83b00c01db71aa46	json	1	ok	__type__,_name,_native
assets/res/import/0f/0f962d54-6a05-472d-a53a-7e2f3604d138.json	190	156	1948948126	015730728daf905f065cf4a9b70a08f2ec77614c9541828bc4cab72fb49ea6b1	176862fef2406d8d2337af9b0b02f6c1	json	1	ok	__type__,content
assets/res/import/0f/0fea3790-7529-46f2-a7d0-e67c33453fa2.json	21696	3571	3610292940	602971b92be52e81709b2d3764da611e95c5c2c59fa094d624ecd4bc7f429685	37a716c94a0966f299946ea8f83b59e8	json	1	ok	__type__,_name,_skeletonJson,_atlasText,textures,textureNames
assets/res/import/10/10049930-8e3c-4a26-aa6a-481640ad1e1d.json	184	155	3060472760	d9a14da9f1670c1173de67628655cf59b51da902607b3fd4068b5c66dec0a293	7c09143f5acfb9afb6e989b081f4dd9c	json	1	ok	__type__,content
assets/res/import/10/1042bec0-5a13-4b57-9a7a-d869ad8880b4.json	8743	1451	2213284711	271bcc436b8f93230d03f2b23a7ead8abf65d7ffd1e6cb163eecf3a91439fbeb	ac8f2e89daaebb715e74e2ff0b9e9109	json	1	ok	list
assets/res/import/10/105a58d4-00d0-4617-8ca9-2f7582d803da.json	3459	894	3902363754	5172b988202eba93ae77af6ad34b52a046fd94e04891cbe190e7e455e142cc21	6a831c51fc47d06e773f0de04df18685	json	1	ok	__type__,_name,_skeletonJson,_atlasText,textures,textureNames
assets/res/import/10/1078ddd6-e223-4325-995d-50990daf283c.json	184	149	248749259	87577540799353d96e45823d726484304a33a8f09f81c5fb36d22a31080c340a	81b2759d9ed5945ba80a903e7528e7ec	json	1	ok	__type__,content
assets/res/import/10/1088e925-4f7c-49d3-b4d4-8f6ee33b2900.json	174	138	1091642133	25f8d02062869af622a971be013d7ab51b32da33fc6ae936d35573767fa4f02c	6bafec83930961f73831f92c59c61dcc	json	1	ok	__type__,content
assets/res/import/10/108acf59-53c2-4995-b0a6-63994f4b50b6.json	69	58	4036315769	2cfa940932b2c0a25916bdb6b9bd8b8ffa50ed3f8d1bd9b99376779a9d4d25ad	473a4b5edc3e0be7e3d2bb1522f9249a	json	1	ok	__type__,content
assets/res/import/10/10920cab-b445-449c-9b40-29a88324ff1c.json	184	148	2107488783	4fc521f6875276b7d27ff3c7233b2d93a8c294989cb6a770ccaa3a4cb649c38b	f26304d2e33fa7f321e1caa289df33ef	json	1	ok	__type__,content
assets/res/import/10/109d19f1-eb04-484b-a84d-a2983f332946.json	26488	3125	639857056	4412f04dee81902a176905f908404db69902784974f93d44245a58ed13c13472	83205c39a3a9e57b2b69306709cff5dc	json	1	ok	__type__,_name,_skeletonJson,_atlasText,textures,textureNames
assets/res/import/10/10be104f-ae5f-442f-be7e-0fb1f2dfe2fd.json	185	151	2816280680	0ea93c8882bbb3c90a26235b01a4cc8938ed5aa70d4a6f7ee72e8cce1621561c	79cf9619c8e6d1826ce28f200eb4eace	json	1	ok	__type__,content
assets/res/import/10/10c0cd7a-1cca-4cf2-b62c-9f9b84fedaaf.json	69	58	4036315769	2cfa940932b2c0a25916bdb6b9bd8b8ffa50ed3f8d1bd9b99376779a9d4d25ad	473a4b5edc3e0be7e3d2bb1522f9249a	json	1	ok	__type__,content
assets/res/import/10/10de58f3-00a5-4be5-91c2-f0df5d48c2df.json	1042	481	1801179703	f428c5314841f016bc8deb0856393befc647e2dce41091047ceced6d51239693	daeb4b54a75d649ce55ee79059f90516	json	1	ok	__type__,_name,_skeletonJson,_atlasText,textures,textureNames
assets/res/import/10/10f36d23-ee41-487e-a4bb-21febf49f304.json	184	155	2563826316	daf5140b85b30dddb19ca2b630dd9d4d917e6369197be010430c75431aa1ab32	f07f9f3a2c54f6dd30166b61133a931b	json	1	ok	__type__,content
assets/res/import/11/113a0b5a5.json	69	57	4049018958	9468e46d436041709e19184354e15c2e943a82fa2567db84c22f8349dd40a4b1	7d52c765f798faeb00f7860019ec1fa4	json	1	ok	__type__,content
assets/res/import/11/1144aabe-051a-4c38-a0b3-391ac3953dd6.json	171	139	3815462828	d70fef60068eed25b5f9257daa2f904ba34e7a50c044c585c29fc7082bddd7ed	4feef397e48e1c02bd4f6f6a41ea26c5	json	1	ok	__type__,content
assets/res/import/11/11a0f766-4443-4ebe-85b9-0fdfef55157a.json	70	64	1868593126	bcd66e2b487c2e5cc642d4174141db6fefa09b48a75a1f81f795ead53738387a	648a3974025a036c7913c48c5e3d2915	json	1	ok	__type__,_name,_native
assets/res/import/11/11e519ab-53a3-4b31-86d1-148494970da0.json	173	145	3581242288	105db7ee37495e421d14caf1231fb1f54ce68728b604e6c9461bb5b83d4202d6	2849fa24a7ab6d03f0337b2695c6d69a	json	1	ok	__type__,content
assets/res/import/11/11fe84ad-49c0-4e69-b63e-de8c63a4afb9.json	357	235	1160446350	8755469bf5dca5729730647a8b4e634d1455a3b65673717ee9041c0cebb692ae	6189beeea1e0ccee162a81cc0e38d8be	json	1	ok	__type__,_name,_spriteFrames
assets/res/import/12/120ac2b7-6bbf-411d-b8c8-92d31e98d635.json	4042	876	1235557637	bb0e78c4e6b8f9cf72cf624aadd25b8612cad640cc3e6f23a5d70d579264d426	384b2e93fc2477e8060d2963f0ab31a2	json	1	ok	__type__,_name,_skeletonJson,_atlasText,textures,textureNames
assets/res/import/12/123110da-d892-413a-8cb8-cd977f6c4baa.json	196	156	3897732900	fc3b0f7fa675ace07b540de5af74c7890401bbebba2820e8a510a2a49b50024c	96a7ca85509c9bcb615406a90ba1b6d8	json	1	ok	__type__,content
assets/res/import/12/125b77e2-492b-4b9f-b43a-d2885b8cec2e.json	182	151	2873511105	cab19a8d630df2c92c7c02ede550803c2ddba8d61a5678bc394d191c5ae5bf37	f8febe5576c6bee91265b21ebcdd132b	json	1	ok	__type__,content
assets/res/import/12/12621534-b8d4-40c7-8080-8647f3c82650.json	180	147	550249237	49fe2da64ba2ce7f6004e8950fc7c4de99b5c909ad5d937218a6383e489c14ba	b395d5a685d694031daf854d29382489	json	1	ok	__type__,content
assets/res/import/12/1280d36c8.json	69	57	4049018958	9468e46d436041709e19184354e15c2e943a82fa2567db84c22f8349dd40a4b1	7d52c765f798faeb00f7860019ec1fa4	json	1	ok	__type__,content
assets/res/import/12/12835871-545d-41a1-891f-15e3b772e3ee.json	9651	1707	2460204258	9762f10ceca8a1d15e6a32adfdda161f22c368f17ecaa96b24219e2e8702f6a5	bcbf066c8113775de425fe4bcd4a587c	json	1	ok	list
assets/res/import/12/128bfc19-fd1a-46c7-adbc-29f79846d0b1.json	63	56	1371488825	be8ff221f8b838f9a7faec9c1249b8bfc8c94f8743e6218107c63e355b3dbd85	2f4592b3659c0e169ff817de62259291	json	1	ok	__type__,_name,_native
assets/res/import/12/12ae1827-2b9f-4900-84fa-03e7994c88a5.json	173	143	885203791	9ff8e2ff6d08af41df65669efc86ef068830160d5441493617cd8ff25ef1deac	aa38c5b17822060a2c0e5caa6bfe2531	json	1	ok	__type__,content
assets/res/import/12/12bc4aa5-c06f-4de4-93e4-7143e6e2403d.json	179	147	2018412015	1366b5ce66977ad3f05e054c0eb89e000379f6f76e877023d8b5c88375f78675	d43f3d1c0164878bd809b1e8b6a1c774	json	1	ok	__type__,content
assets/res/import/12/12c2b7f4-48dc-4498-9037-6db5dd1c2344.json	171	136	3548871517	6a217acdfb725306bcd6bcf7abb029681061f571c1f6c3d3e2872130853ad35e	05fddb5898f63ba19e7a37ad265ca2d7	json	1	ok	__type__,content
assets/res/import/12/12cc4cd8-4ded-4344-bd27-3388b2c1e586.json	69	58	4036315769	2cfa940932b2c0a25916bdb6b9bd8b8ffa50ed3f8d1bd9b99376779a9d4d25ad	473a4b5edc3e0be7e3d2bb1522f9249a	json	1	ok	__type__,content
assets/res/import/12/12fa1ed3-6063-49fb-88ea-8330679fcc4a.json	179	143	1102341938	bc54256a03424efff51ca51da9fc33f32dbe7b1ce8e51ed9d050f73d438839b4	2801946bb0fdabcbce61c1ddd945e9ed	json	1	ok	__type__,content
assets/res/import/13/1313c6a0-a236-4e16-be02-93c4025bd8fd.json	69	58	4036315769	2cfa940932b2c0a25916bdb6b9bd8b8ffa50ed3f8d1bd9b99376779a9d4d25ad	473a4b5edc3e0be7e3d2bb1522f9249a	json	1	ok	__type__,content
assets/res/import/13/131fb5c3-1396-474e-a9b7-daf1692359a3.json	69	58	4036315769	2cfa940932b2c0a25916bdb6b9bd8b8ffa50ed3f8d1bd9b99376779a9d4d25ad	473a4b5edc3e0be7e3d2bb1522f9249a	json	1	ok	__type__,content
assets/res/import/13/134867c3-6557-44d1-a3c5-1a732377c9f1.json	167	135	892826899	f959bd585dce34cd016ee8e0af71a258d730dbf2e2b84345461fb136c16fcc36	4317e1e142f5b4c063d565877a62ff12	json	1	ok	__type__,content
assets/res/import/13/1374c85b-c1b7-4181-ad8b-10d4281da0cb.json	183	145	1865571902	b7066ba9f563a3cd4f7e8c2bbd4ba913c2eeb34ece379ecc806bb1956a243355	65e00f97616bc25126772346a3662e44	json	1	ok	__type__,content
assets/res/import/13/139efa19-9217-4b08-a3a7-12ae61bfb183.json	69	58	4036315769	2cfa940932b2c0a25916bdb6b9bd8b8ffa50ed3f8d1bd9b99376779a9d4d25ad	473a4b5edc3e0be7e3d2bb1522f9249a	json	1	ok	__type__,content
assets/res/import/13/13b7cfcc-1346-4dbd-8f14-2b5bd2aaa7df.json	189	154	3481089835	33f5b55a2bb27772b098231671bb41ec33f0e41777fae8d7b722fd3d0ae5f550	b9c67265e95c6469c33bb3c63c519a90	json	1	ok	__type__,content
assets/res/import/13/13bded8d-71f9-4493-912d-407af934a43c.json	312	214	552024083	196aaff5d23970cf4147a6136509736b13f46a40eb984f137caa471caf51a18f	ae5d2851c3df4a81c822fe66737c04fe	json	1	ok	__type__,_name,_spriteFrames
assets/res/import/13/13be21e2-fbc8-4ef4-8fcf-ddc127c7a2b5.json	202	167	3788820119	36779d5dc0ff0f8692fe4b0975ce3161eca6a2884e4a993f830b64f96358d6e9	e348bd2e9304c377722c67b6f2a94d98	json	1	ok	__type__,content
assets/res/import/14/1442cf659.json	69	57	4049018958	9468e46d436041709e19184354e15c2e943a82fa2567db84c22f8349dd40a4b1	7d52c765f798faeb00f7860019ec1fa4	json	1	ok	__type__,content
assets/res/import/14/144c3297-af63-49e8-b8ef-1cfa29b3be28.json	2709	793	1337449142	e47e9881c1046683b967995de91a4c2b4033ca745fef5438a868bc071961d4e5	1d76c086e6d070875cb1b81286f32d3a	json	1	ok	__type__,_name,techniques,shaders
assets/res/import/14/145e3deeb.json	69	57	4049018958	9468e46d436041709e19184354e15c2e943a82fa2567db84c22f8349dd40a4b1	7d52c765f798faeb00f7860019ec1fa4	json	1	ok	__type__,content
assets/res/import/14/14702652-2473-4d1c-9499-565a83b9af21.json	182	150	342628533	9f7b04eaff09e42baa4463ca84d67e0b5610bce39f8ae071f82c5d4e3de28810	122b0e05d969bd3dc287dacae138dd73	json	1	ok	__type__,content
assets/res/import/14/14756889-0a15-4f12-9408-be3d3ae09d7c.json	63	56	1371488825	be8ff221f8b838f9a7faec9c1249b8bfc8c94f8743e6218107c63e355b3dbd85	2f4592b3659c0e169ff817de62259291	json	1	ok	__type__,_name,_native
assets/res/import/14/1482b4fc-8b72-44df-a753-67291621c296.json	63	56	1371488825	be8ff221f8b838f9a7faec9c1249b8bfc8c94f8743e6218107c63e355b3dbd85	2f4592b3659c0e169ff817de62259291	json	1	ok	__type__,_name,_native
assets/res/import/14/149a110b-c432-4719-83a2-9dcd49b191ab.json	176	144	3009759293	592c3f65a50f1167c509d446980afe761b5590a082938a6756682c3533dde48c	763be57d9dbc9bdd18d475ef1f84747a	json	1	ok	__type__,content
assets/res/import/14/14d2573c-a43c-4d06-b768-68b544b14616.json	196	160	2999788226	1f052f0c244b491cc68b6cb8f2774647b1715510e64791721f545a8943b6655c	f5f791061def316aa35ce45861e7fa9f	json	1	ok	__type__,content
assets/res/import/15/15a94199-5a60-437f-adfc-80e8592c905f.json	175	143	2301360792	4095553b32db319fc511f6c426dfc634acf9263dc56bd6273caf40d8b0fa6d83	bdbc331e1d0bc4ae9d1610939a3ee978	json	1	ok	__type__,content
assets/res/import/15/15dc2da5-9b1a-4dbc-a76c-bba786a02076.json	12826	2869	1892574167	1fff17c519c59317fd918d18295fbabc244e015203d8f3a6357dd70f7ecbdbe5	d71a39ba6e96b0ca1d9d6e97ef522e97	json	1	ok	list
assets/res/import/16/160668e2a.json	69	57	4049018958	9468e46d436041709e19184354e15c2e943a82fa2567db84c22f8349dd40a4b1	7d52c765f798faeb00f7860019ec1fa4	json	1	ok	__type__,content
assets/res/import/16/161bd660-ed55-4491-b5bd-ffff2da06f53.json	178	144	2202633582	d6170ba3f9d6ab7b3359dbbb072e02940d2dd16216d16db2ae418f2e04e4c19d	41a013ff528329a9af60f421810cf7d4	json	1	ok	__type__,content
assets/res/import/16/16386d0b8.json	69	57	4049018958	9468e46d436041709e19184354e15c2e943a82fa2567db84c22f8349dd40a4b1	7d52c765f798faeb00f7860019ec1fa4	json	1	ok	__type__,content
assets/res/import/16/1639d091-bc8d-4836-9d1f-e2d9b3b15f00.json	184	149	3638113151	603019e81b2619d51654c4915b43f870ee2907a200c3f692588215ddd0420f69	d172962b135ac00a4fa6e50845ad76d8	json	1	ok	__type__,content
assets/res/import/16/164efe42-1698-4399-8363-e9b3e210161f.json	187	153	367939118	5a6956f9395aa1febca776a094ad14ef239c3c21cf6e845c6963b85dec504a19	93fc78f0da1b4a43fda0cb2e1c90774d	json	1	ok	__type__,content
assets/res/import/16/1680fa1e0.json	69	57	4049018958	9468e46d436041709e19184354e15c2e943a82fa2567db84c22f8349dd40a4b1	7d52c765f798faeb00f7860019ec1fa4	json	1	ok	__type__,content
assets/res/import/16/168828f3-d045-4eb4-aaea-8b01835d07a5.json	174	143	1963524608	970ed8543819bb3d0731bb98addb0b2a6788654fe7a4555f3d2ac8017950deca	c84a9262daa3f30fd4d717c59d8b6970	json	1	ok	__type__,content
assets/res/import/16/1688aee1-2913-4165-b69d-ebfca2a63ee6.json	184	154	2879226223	25e995bdad0d0c537922f4eeeac5431f288d3489d9c5e7639f618ab2ba517698	ac702360f783d98674dcddb18998d867	json	1	ok	__type__,content
assets/res/import/16/169e74b8-01b1-44a6-b3ae-949e46a81966.json	6964	1371	2112617188	bc38f39df916d70e45e2dd609a89d814c8dd87f0ad07d6605cc04da70e8f835b	af16b2d9ae201a314b947a9f6a7b5274	json	1	ok	list
assets/res/import/16/16cd60b2-fd9a-462b-a545-e2a52c0bd460.json	179	154	2719756972	f6d658b0e1a76a3d8f1a3c8e755c05ecdf47139c8e94cf4d140601bad9bc8fa1	be047e67c2489e3380946113396ea471	json	1	ok	__type__,content
assets/res/import/16/16d582e3-73be-42ea-abee-d6c2b94df7b4.json	2236	830	3384760948	1d7a67b2075f7e93e7311548c4c436f40ac6b0713e30f28a42096ea6dcfd16b1	6ab099c04f938bf987133b63cc28b715	json	1	ok	__type__,_name,_skeletonJson,_atlasText,textures,textureNames
assets/res/import/16/16eff838-a1f6-4fe4-a671-27670c2aac9d.json	177	144	4054926484	e78d1657a189b227d85dfef31e45b9775446f045eb203c7fba94dc32d073efca	bc3ff2ab682c1647e2f7c2b2bd50395a	json	1	ok	__type__,content
assets/res/import/16/16f7ac2b-1458-4901-8bbe-18984e4b705f.json	69	58	4036315769	2cfa940932b2c0a25916bdb6b9bd8b8ffa50ed3f8d1bd9b99376779a9d4d25ad	473a4b5edc3e0be7e3d2bb1522f9249a	json	1	ok	__type__,content
assets/res/import/16/16f7dc2e-9275-4118-8488-315db2f472e0.json	180	147	4272493574	6e010acf997a24fe43c439518c5051366735c6ba15f47da69143bcfaadfafe90	8a584d19d5a46413cf4752279ce52321	json	1	ok	__type__,content
assets/res/import/17/1732d6c30.json	69	57	4049018958	9468e46d436041709e19184354e15c2e943a82fa2567db84c22f8349dd40a4b1	7d52c765f798faeb00f7860019ec1fa4	json	1	ok	__type__,content
assets/res/import/17/17e44ced-a652-412a-a8ff-06c81e70453a.json	182	153	1712361836	3e62805ca8c2542fb2a3bf662d65eab4e97bd27efdd25d9b878fbad54cce2f1f	a56b4b3108fb1ca64b953bc2f4d76904	json	1	ok	__type__,content
assets/res/import/17/17f72f24-00aa-42bd-a1c6-a4e729a98ec2.json	174	141	3954785668	56e1d7bf3b6acd3411412d57a6ae8c51f7c0ff9a70956c294f2180815bfcac58	d6e525c02281f72b9b39cb075b1626be	json	1	ok	__type__,content
assets/res/import/17/17f7f037-2ae2-4234-b6d1-7ffda73f912e.json	63	56	1371488825	be8ff221f8b838f9a7faec9c1249b8bfc8c94f8743e6218107c63e355b3dbd85	2f4592b3659c0e169ff817de62259291	json	1	ok	__type__,_name,_native
assets/res/import/18/18116c98-91c4-4435-9735-35465c469d29.json	179	147	2968387154	ca8073e9336da7c5d6fb7d6c805c82bf92533d6e28db5df4b96f0553837cc02e	2f008b223d59d1bd1c4223c18f623c24	json	1	ok	__type__,content
assets/res/import/18/1823d4e7-580c-450d-babc-b02d3f2fe73d.json	178	147	3325997170	9272db225950ef5b9c330af1c38e85d0b671ad2af9a87bc8a68c17e05b971282	b123e4ed32ffbe07064466bb5a8d2327	json	1	ok	__type__,content
assets/res/import/18/185f25c6-d539-4ea7-8091-a98c97bd3681.json	63	56	1371488825	be8ff221f8b838f9a7faec9c1249b8bfc8c94f8743e6218107c63e355b3dbd85	2f4592b3659c0e169ff817de62259291	json	1	ok	__type__,_name,_native
assets/res/import/18/189414e7-3003-4422-9907-d32f0919b8b9.json	69	58	4036315769	2cfa940932b2c0a25916bdb6b9bd8b8ffa50ed3f8d1bd9b99376779a9d4d25ad	473a4b5edc3e0be7e3d2bb1522f9249a	json	1	ok	__type__,content
assets/res/import/18/18a2b13e-6efe-4331-9180-03c912d528a5.json	63	56	1371488825	be8ff221f8b838f9a7faec9c1249b8bfc8c94f8743e6218107c63e355b3dbd85	2f4592b3659c0e169ff817de62259291	json	1	ok	__type__,_name,_native
assets/res/import/18/18b4d5c4-d323-457a-baca-8b38987fdf87.json	178	151	1679652804	74549897c19428af82fca4afafbb9b937e2fd6ae89a737da03672a0449d6992b	1f14ac2a6e6cea96e4177da1864f115e	json	1	ok	__type__,content
assets/res/import/18/18daf82f-a3a4-4706-8ff2-1c0bbffc9379.json	179	142	3500565052	8a75e1b4898c3c369c570a500e85f66be39d1836bb06395857e36882b1ecbbb3	9fb27046317c12082f392d38cc5b7858	json	1	ok	__type__,content
assets/res/import/18/18e06777-e500-425c-bd73-efbf4644209d.json	63	56	1371488825	be8ff221f8b838f9a7faec9c1249b8bfc8c94f8743e6218107c63e355b3dbd85	2f4592b3659c0e169ff817de62259291	json	1	ok	__type__,_name,_native
assets/res/import/18/18f892239.json	69	57	4049018958	9468e46d436041709e19184354e15c2e943a82fa2567db84c22f8349dd40a4b1	7d52c765f798faeb00f7860019ec1fa4	json	1	ok	__type__,content
assets/res/import/19/1915fa21-f479-4851-aa25-47a89edce5fb.json	15347	1782	2440844788	0d24da55d4fdbe0c1ec4e3a16d94dfa836e435ec2237d08bbe8138cdecd4329c	b8e68d9a2fce1fbcf6e2db5808e3cd93	json	1	ok	list
assets/res/import/19/19767f34-e96e-4fd0-bdac-7914f3d0c9cf.json	63	56	1371488825	be8ff221f8b838f9a7faec9c1249b8bfc8c94f8743e6218107c63e355b3dbd85	2f4592b3659c0e169ff817de62259291	json	1	ok	__type__,_name,_native
assets/res/import/19/19966b43-7e59-4c0c-be37-2c08a4cf6ff9.json	182	150	2903519217	8506feb899f0008d87d1913efdc154097b854558400f545a28b9a18d07796064	e65f43fde5b2dad1b60685985459e394	json	1	ok	__type__,content
assets/res/import/19/19a1749a-7176-467b-874a-230db051ef5f.json	11073	1728	2557165414	da28549554e0ab0b242d431d9df2f93bc87a9c0393874722b079677ea1623f9c	07b6b64ae46cf379249055b711c0e052	json	1	ok	__type__,_name,_skeletonJson,_atlasText,textures,textureNames
assets/res/import/19/19d2f0815.json	69	57	4049018958	9468e46d436041709e19184354e15c2e943a82fa2567db84c22f8349dd40a4b1	7d52c765f798faeb00f7860019ec1fa4	json	1	ok	__type__,content
assets/res/import/19/19dd2500-ad46-4789-b97a-8203d80a7d06.json	18137	2542	1239880627	79dd9376509cc90c92a77fe8220a94ace7da23b76451e6226c027d584a835e9f	bf5a30859bcbddd0eeb5af36b87b76c3	json	1	ok	list
assets/res/import/1a/1a261599-d513-4043-81dd-435d77e358c1.json	63	56	1371488825	be8ff221f8b838f9a7faec9c1249b8bfc8c94f8743e6218107c63e355b3dbd85	2f4592b3659c0e169ff817de62259291	json	1	ok	__type__,_name,_native
assets/res/import/1a/1a562c1b-875f-4d87-b06f-a435a6c4a524.json	178	148	1484339936	2752a13c5fd6beadea4f348214303fe85c784f1d74946cf4f1d41ea61ba05046	c971e7bb7efdce0870d520cbcf24f62c	json	1	ok	__type__,content
assets/res/import/1a/1a7e2db7-d298-4ddf-ac69-76acb51c554e.json	181	147	3046783150	4e1475a58089dd062a8fad7b7c2ea39c4f5578e48653b71190fc972bfee3f42d	a48fe3c4c514feabbacb3e5f9605dda5	json	1	ok	__type__,content
assets/res/import/1a/1a9bb0b01.json	69	57	4049018958	9468e46d436041709e19184354e15c2e943a82fa2567db84c22f8349dd40a4b1	7d52c765f798faeb00f7860019ec1fa4	json	1	ok	__type__,content
assets/res/import/1a/1ab4ac4a-6afb-4efd-ba59-49b354ca9844.json	187	155	127815243	714a4aa36d43825da964d887e1df438de536f8f019faa2326abba6f60b34e18a	693f827f373d5a1b72184d4256471981	json	1	ok	__type__,content
assets/res/import/1a/1ad1a0c0f.json	69	57	4049018958	9468e46d436041709e19184354e15c2e943a82fa2567db84c22f8349dd40a4b1	7d52c765f798faeb00f7860019ec1fa4	json	1	ok	__type__,content
assets/res/import/1a/1ae9c855-ebcc-425c-8a0e-682e5d4f9d0e.json	63	56	1371488825	be8ff221f8b838f9a7faec9c1249b8bfc8c94f8743e6218107c63e355b3dbd85	2f4592b3659c0e169ff817de62259291	json	1	ok	__type__,_name,_native
assets/res/import/1b/1b337676-8bdc-4d51-9504-b1a2cd3b73ca.json	63	56	1371488825	be8ff221f8b838f9a7faec9c1249b8bfc8c94f8743e6218107c63e355b3dbd85	2f4592b3659c0e169ff817de62259291	json	1	ok	__type__,_name,_native
assets/res/import/1b/1b49c6d4-e09f-43f8-858f-2ea6b30c34b0.json	197	158	818588380	589de99ca6f71b2152d402532d1424c4f7bea396f2cf0776ac6a767140af2618	a1500e55ae6bf95cbcff93eeb20e42e6	json	1	ok	__type__,content
assets/res/import/1b/1bdae250-ab4b-40f2-a0a7-4c36b2748655.json	719	390	3841860797	102e0a963a2c2b61c775b1673bf76b6c6383185c72d5456dcc752113fb5f5ec8	4a4f31d78bdc04be2a9a461a2a5e172e	json	1	ok	list
assets/res/import/1b/1bea9fc7-3f7d-44ec-b81c-089cf1e4d1de.json	187	154	3939554550	bd25c82386aa73c9c686b03ce99d1c1ec1c259afb175c27d600d7e367d98d535	0b512396b50d077c982c5b0d62e66496	json	1	ok	__type__,content
assets/res/import/1c/1c097dfc-b7cc-4b18-9341-a3a49eb0d516.json	187	154	2669650464	6dd8afab947449e676a9ad20870727487e4430670d752e16e619191d421d48cf	4e14f307e342b6f683bb5238971224f6	json	1	ok	__type__,content
assets/res/import/1c/1c741414-1e14-476b-93a5-e3289dde93c9.json	191	156	1425938694	67d55496457d6209229926401453705eda0716630be7a754714f7b4c57c2c50a	ff2c31dc7ff605a44c127c2a3a1aadee	json	1	ok	__type__,content
assets/res/import/1c/1cec6345-6052-4127-9ce5-0a2b4b4bbfc2.json	182	148	3933317680	79ff7c2ad2ff8967c9bc60d3ab3b1b401823f1c5fc9d69aed25ef9b8327f873e	b90fc744daa63a3f8fb58106c6d3307e	json	1	ok	__type__,content
assets/res/import/1c/1cf0e127-6fd0-414c-8c39-96464b94fdc1.json	69	58	4036315769	2cfa940932b2c0a25916bdb6b9bd8b8ffa50ed3f8d1bd9b99376779a9d4d25ad	473a4b5edc3e0be7e3d2bb1522f9249a	json	1	ok	__type__,content
assets/res/import/1c/1cff9a36-9b6d-4b17-923f-cf93ab09921f.json	180	149	2906817946	cfaedbf2731fefaa39b3b13dbf74825b1eb2aa44488bbc09b4a15a93981d9220	572311bc6f956dc92c5de4e99b20673a	json	1	ok	__type__,content
assets/res/import/1d/1d266d95-92e5-4024-a66e-48bf69db88a4.json	183	147	1708390942	9d3483eada3480871c438c4d4582478eba512a8fce5147e82c4c3e9c86e3d7a6	0b7451c432e9757276350cbbd0bdcbb6	json	1	ok	__type__,content
assets/res/import/1d/1d389160-e52e-43be-a0e0-80139cd5bece.json	177	130	4160503364	6887df33898710a243c592afc09ca6aa8892bbfb74f144c85b2b5bc1577f2403	8ecceda682eb2cecebb1b463c09148c3	json	1	ok	__type__,_name,_duration,speed,wrapMode,curveData
assets/res/import/1d/1d468537-28e1-46b9-a0bd-cf32bf639a1d.json	190	154	704612221	5afe85768555dc9891b1a9967524ff93aa6ae8667d529314b64d80d2d618b079	4e1afd210b055b0d3920b963dbca1626	json	1	ok	__type__,content
assets/res/import/1d/1d93950c-a8f7-4eea-9b54-bc8a96be2352.json	193	159	3497033149	16c382b3d5b862b00a34b71f5afb9ee88fe602e4a1e22f945e73dd1cb8380cfa	3346f8a95bc93b24d94c8de483707afa	json	1	ok	__type__,content
assets/res/import/1d/1dcd410b-1391-4723-8919-57582b187d8a.json	176	146	368444042	42b8e4d0d9c7caccb10dd1cade2ddb24b7f5d56fecc0511f37c5c1a5086e7fb0	0b0f000ac71d21506aaf4c5f9f2c8841	json	1	ok	__type__,content
assets/res/import/1e/1e0c57db2.json	69	57	4049018958	9468e46d436041709e19184354e15c2e943a82fa2567db84c22f8349dd40a4b1	7d52c765f798faeb00f7860019ec1fa4	json	1	ok	__type__,content
assets/res/import/1e/1e22ab07-959e-4ed8-999d-5279afdd37a7.json	69	58	4036315769	2cfa940932b2c0a25916bdb6b9bd8b8ffa50ed3f8d1bd9b99376779a9d4d25ad	473a4b5edc3e0be7e3d2bb1522f9249a	json	1	ok	__type__,content
assets/res/import/1e/1e57c38e-6763-4d3a-bdcf-a7fb9a507d52.json	190	156	2791239563	69e3d0b2139feb15c8a6a202bd4445383fe1f8eba64a16fc38f4733db50e4cb7	bd03e4cde76ce89a4bf10151633259b5	json	1	ok	__type__,content
assets/res/import/1e/1e62317e-db44-428a-a50d-36d3b9b52d2f.json	177	145	749661332	75da406d08f4589f38259bbb5470680982b2fd0c06c0d7e29ba173c95f08485b	194caad62b2f6e1d74df5ed609330f12	json	1	ok	__type__,content
assets/res/import/1e/1e65dded-714b-413b-ae8f-df0ee0f91af5.json	167	136	3594100461	a100ebff223318fad15150c2f079693b4df64459aa672d7cb05c3148d049f967	7e3f5b33cbf9e1876687f7280aba5056	json	1	ok	__type__,content
assets/res/import/1e/1e708d56-f55a-4471-814f-9c63ad0b693a.json	188	155	3962211472	77dfa957ce5bb45e5f3ce9225eeb681719103a144c9c1308e5f9545ef8033be8	6c890e416f272df6df7d19a389b266cd	json	1	ok	__type__,content
assets/res/import/1e/1e96b3d9-d626-4a2b-bd37-2aa0a266746f.json	63	56	1371488825	be8ff221f8b838f9a7faec9c1249b8bfc8c94f8743e6218107c63e355b3dbd85	2f4592b3659c0e169ff817de62259291	json	1	ok	__type__,_name,_native
assets/res/import/1f/1f15a05da.json	69	57	4049018958	9468e46d436041709e19184354e15c2e943a82fa2567db84c22f8349dd40a4b1	7d52c765f798faeb00f7860019ec1fa4	json	1	ok	__type__,content
assets/res/import/1f/1f23fbe6-ae34-4840-80a0-1aa78ea396dc.json	63	56	1371488825	be8ff221f8b838f9a7faec9c1249b8bfc8c94f8743e6218107c63e355b3dbd85	2f4592b3659c0e169ff817de62259291	json	1	ok	__type__,_name,_native
assets/res/import/1f/1f2876fc-526d-4e8e-b163-2ff9bc23fd5e.json	31499	3484	564700810	a71cbf6b6ca49a5c5fb8305caf175726c194170701249fb11e73bbb1273f232f	6af9350f828623c1a4fbed1012670ac1	json	1	ok	__type__,_name,_skeletonJson,_atlasText,textures,textureNames
assets/res/import/1f/1f2eadac-f0af-4446-a7da-e184d5028406.json	176	145	2270528402	f939a2d6d8a84993c808fdb9b23678d8fabbdb87834801d9e619c4ab4edaf102	4417a669626ccd5f94b880d7bf0141ea	json	1	ok	__type__,content
assets/res/import/1f/1f6d64e2-aaf5-4327-bbc8-4179f1b6457e.json	63	56	1371488825	be8ff221f8b838f9a7faec9c1249b8bfc8c94f8743e6218107c63e355b3dbd85	2f4592b3659c0e169ff817de62259291	json	1	ok	__type__,_name,_native
assets/res/import/1f/1f8cfa64-2044-4b5b-9103-a86c03495abe.json	37418	4744	3355939164	674551a3795f3e13160d36281f4ace6e2daf1cbeb7ea39c040e58083f4d95fbb	da8b48af3b38952e7d21046417d5fb63	json	1	ok	list
assets/res/import/1f/1f91e621-df40-426f-b29c-2ea70e1a7769.json	176	140	4050186886	8529a2e589b3dfa95c953a1999594ba60bb69fa09b08163addf2ec6ab11b3200	3d97ee6c51bae6ec7f900f9c24191eb1	json	1	ok	__type__,content
assets/res/import/1f/1faf72a9-21e9-42c7-8837-a91d5e3d81c2.json	179	152	1025749980	40703fce92a6b1dde6e0a6ae8d39935471bac1b94a881617498e74e65df49ba6	afd9b41f91f077df8987782f10ceb347	json	1	ok	__type__,content
assets/res/import/1f/1fee897f-1150-4640-a719-7bea7a92a14c.json	33542	4448	3302390990	c0d5af65f4c74b135baf7e7281eee28c30596ac848981b962af3a3d354f535ab	e7faa826e846cc4e79313cceb443919b	json	1	ok	list
assets/res/import/20/2011bf75-a9b6-4e31-8270-3eb8b58fc3fd.json	194	157	1779388963	16f0b86f5dbacc891dd1b3798e937c8733b0d63dce67ef317533902ac1f1d847	8457d2841d8c2463c14fd096b8b8e38b	json	1	ok	__type__,content
assets/res/import/20/20684ae9-ba42-4439-8f79-ee4109be1257.json	173	141	1187193977	ca4439e3feb996423892870cf05219b5fcb373703d7e312c3551ee96f0d5e88b	8e05e8928a340245f7fd61153667e16a	json	1	ok	__type__,content
assets/res/import/20/206b8163-d2b9-4ce7-a864-e9ac16ed88d6.json	68	62	1642354519	785f7ed964dcf7bc494083979224f3ccfe6581de25c6a5d8bef53579c95c1c66	67a90a889131478d906b3abf2e8c06ac	json	1	ok	__type__,_name,_native
assets/res/import/20/208dc946-f097-4d56-819a-1247a8fb8b92.json	9284	1336	3428653763	a998c62e78cbefea418eec18e4459046a531b16ae6d5bb91b6931cb9cf772a95	83e54a2eceeed7636c9427d8816c88ba	json	1	ok	__type__,_name,_skeletonJson,_atlasText,textures,textureNames
assets/res/import/20/208dcbdf-0766-4616-b010-df4a670fd217.json	52953	6130	2858643236	8afda7acccf953824ed3e1b247c3fbf2d3132b208f5aadbbaaf11f4d8648923b	eda0f7d798773c4bd373460c03fe5ad2	json	1	ok	list
assets/res/import/20/20c3aebf-8b78-42b2-a0cb-18e36a831624.json	437	285	1099069946	1b23f96167c51b7b6f4fc236adad1f3f264d04b08db23432b9a2694d4d2cf3c9	0a3a1e11bcc7ec7588b5775737c94209	json	1	ok	__type__,_name,_spriteFrames
assets/res/import/21/2127ad33-c925-4adb-9cec-50ce42e1d54a.json	69	58	4036315769	2cfa940932b2c0a25916bdb6b9bd8b8ffa50ed3f8d1bd9b99376779a9d4d25ad	473a4b5edc3e0be7e3d2bb1522f9249a	json	1	ok	__type__,content
assets/res/import/21/2151eca4-6dfc-45b6-80e0-028ea660ff93.json	69	58	4036315769	2cfa940932b2c0a25916bdb6b9bd8b8ffa50ed3f8d1bd9b99376779a9d4d25ad	473a4b5edc3e0be7e3d2bb1522f9249a	json	1	ok	__type__,content
assets/res/import/21/216bb05d-c3ab-433e-b979-1250aa9f9b68.json	62	56	36523025	1a465857ec94f48f664ee436e4cc055634168afba361a4b748a19a78e25bfe25	f39210ea759ab6b1c56a0805b84bed2e	json	1	ok	__type__,_name,_native
assets/res/import/21/21aa541c-b806-4cd1-a3d6-ce9eb6770d38.json	69	58	4036315769	2cfa940932b2c0a25916bdb6b9bd8b8ffa50ed3f8d1bd9b99376779a9d4d25ad	473a4b5edc3e0be7e3d2bb1522f9249a	json	1	ok	__type__,content
assets/res/import/21/21bf487b-e31f-4f4f-8585-0c146f16df73.json	177	144	1157882893	77fda6ced9574858243d1bbf9d8337e78c97d3c83596b122bbd5e1a17faded8a	d5936bbb5aa37d4791d59e0eb41ce3ee	json	1	ok	__type__,content
assets/res/import/21/21e86993-22df-4cfc-898a-b9facd69bcdf.json	69	58	4036315769	2cfa940932b2c0a25916bdb6b9bd8b8ffa50ed3f8d1bd9b99376779a9d4d25ad	473a4b5edc3e0be7e3d2bb1522f9249a	json	1	ok	__type__,content
assets/res/import/21/21eeb02a-c428-4c1d-ac6e-3e0bee2b823b.json	63	56	1371488825	be8ff221f8b838f9a7faec9c1249b8bfc8c94f8743e6218107c63e355b3dbd85	2f4592b3659c0e169ff817de62259291	json	1	ok	__type__,_name,_native
assets/res/import/22/22169d7d-24d7-4620-9e62-8e842f755377.json	63	56	1371488825	be8ff221f8b838f9a7faec9c1249b8bfc8c94f8743e6218107c63e355b3dbd85	2f4592b3659c0e169ff817de62259291	json	1	ok	__type__,_name,_native
assets/res/import/22/223a8abd-1b17-48c8-91bd-45d61b4e084a.json	167	135	1142305789	c2bc1adc48d22be5c51d19faff6cc5b18e5c2fa0b86be3e6c934d68e455206e4	39449d6ada50681bd15aa033915aeb5c	json	1	ok	__type__,content
assets/res/import/22/224621ec-5168-4554-8a89-de84184378e3.json	193	157	464265854	3b0dcd02873baff3c219650984e22b847710ec8db46c247c70e02cefb1b2f0ef	0f1680e67741fc28c1148625e3ad5484	json	1	ok	__type__,content
assets/res/import/22/2278ca94-a9c4-403d-a63e-f3b28d87104b.json	179	149	177205418	24284976319075640f5840ddff87b8972d93b39c59bef5c8216a330afa58a361	33a7a78674c82b246582d9075934db0e	json	1	ok	__type__,content
assets/res/import/22/22c20c95-d47e-45e6-8511-5e377c60b723.json	124896	11104	3633639567	4ddfbdc37448a158ba93c0cac334fcd5514eccf4ca50ab252f46010c989440ee	c900db76478e3c8436a67b5ec43bae59	json	1	ok	list
assets/res/import/22/22d7d5b3-90c2-4612-a1d8-96baa04a4c62.json	183	144	2572204737	72f4f8c79495a202140d9b476597b5ec6a50d46f909906271a3d7744cbf23dbd	77c618bbd4cbdc7c197d12d97f5c2ddd	json	1	ok	__type__,content
assets/res/import/23/23264684-2ddc-49d7-856b-5bcbd3b75ad3.json	191	157	1505020231	68c28d10684c77b5f07cf9f58a98a39a66fb00dbb4564857785e7d44031f4c22	58e8c519eaaef791c3a0133b1556557b	json	1	ok	__type__,content
assets/res/import/23/232ac8aa-b5f1-450f-9b2a-a638370d4aaa.json	169	137	153290622	3835ff4e399dd764f27e11d4d1c0a7bbce8aa2c8af09d3827c54822c34ddb244	fc07089721f4a13c8cdabefbfd7db4dd	json	1	ok	__type__,content
assets/res/import/23/2351dedb-5764-4862-bcaf-0bef5bf9ff48.json	63	56	1371488825	be8ff221f8b838f9a7faec9c1249b8bfc8c94f8743e6218107c63e355b3dbd85	2f4592b3659c0e169ff817de62259291	json	1	ok	__type__,_name,_native
assets/res/import/23/23665fdf-4b1d-4e61-8add-0c2936a491a7.json	175	142	2378416805	ab3eae805a03256aa02addbf513524fd3a10b1a44234b17d40ba3e85f675867e	dbe96aa4394b5d3f3738956139445c41	json	1	ok	__type__,content
assets/res/import/23/237968af-6e9f-417f-b8ac-9824a26b1e80.json	69	58	4036315769	2cfa940932b2c0a25916bdb6b9bd8b8ffa50ed3f8d1bd9b99376779a9d4d25ad	473a4b5edc3e0be7e3d2bb1522f9249a	json	1	ok	__type__,content
assets/res/import/23/23b841b9-bb02-4bc1-aa6e-e78816ca7b12.json	196	158	2230766730	a9d0e78dc0ca8c056afd7257b5f61ed4ae9a20e5f520dd233699d20f5120f3ef	3799b5a9147f65e1f1c32f2fe85d7420	json	1	ok	__type__,content
assets/res/import/23/23cf2489-b127-4662-b2a1-851b8f506918.json	38557	4982	3043081523	127f3663678fa74e8ff48a542636a3997415d8ed6640f940972979acf05471c9	76112288f3ba2940bfd9d0c8a31e21a6	json	1	ok	list
assets/res/import/24/2400bcae-2aa3-4a20-ad56-8caf81562c65.json	872	492	245182147	88bb3bca827e8a28406f66c83a497070258373485e5912e1df8b7562b75bbc26	2ad3ab919bbb88c2c968edc4d4d11c6a	json	1	ok	__type__,_name,_spriteFrames
assets/res/import/24/2404dc24-6a00-478c-a59a-f826d8d2a7ea.json	60	54	2369069355	5ba4c9b5f471576405fba668db896518d3262da97df7216071fe77154d8e6554	9cca232a5d6234d829433a8ba2346c01	json	1	ok	__type__,_name,_native
assets/res/import/24/246628f4-2416-4200-a1bd-43cf704821fc.json	69	58	4036315769	2cfa940932b2c0a25916bdb6b9bd8b8ffa50ed3f8d1bd9b99376779a9d4d25ad	473a4b5edc3e0be7e3d2bb1522f9249a	json	1	ok	__type__,content
assets/res/import/24/24783305-0d5e-43d6-a3ca-58e4dced91ca.json	63	56	1371488825	be8ff221f8b838f9a7faec9c1249b8bfc8c94f8743e6218107c63e355b3dbd85	2f4592b3659c0e169ff817de62259291	json	1	ok	__type__,_name,_native
assets/res/import/24/249095fc-bcf5-4e22-b063-7df93f5af20c.json	185	154	3898126578	a510704a8b5251a25b705791935dd5ce4d4f2e65f39884711a8e74540cd8402a	6e0db65147df84294ac39807f58476eb	json	1	ok	__type__,content
assets/res/import/24/24bd6a87-ac8b-4866-9599-61a62d8bef03.json	3277	1105	1764969345	8940b293dbbffbdfc44af6288d6960ff77960f4614d3b848bb36485f710c279c	fedbba27c986246c07f01a2b7174476f	json	1	ok	__type__,_name,_skeletonJson,_atlasText,textures,textureNames
assets/res/import/24/24bf34b7-116f-43fb-9972-a56d131c595f.json	63	56	1371488825	be8ff221f8b838f9a7faec9c1249b8bfc8c94f8743e6218107c63e355b3dbd85	2f4592b3659c0e169ff817de62259291	json	1	ok	__type__,_name,_native
assets/res/import/24/24dfa93c-49a2-405c-8fb8-d8edd3978603.json	192	157	3949978263	10fc857f29e506ad657f55654de0d8fb8d941f94c5b6ea18e83718260c225c27	998fe4f76371985ce1e13b3a870d2b9e	json	1	ok	__type__,content
assets/res/import/25/2545dc7c-d34d-480f-b8b8-8919735a9279.json	78209	23057	2742217344	2d608f980141af0a399adaab15b634cb0ec966fe7d9528ffdcd6815d2172a2ae	d352bc451f1e09a6ddcbd9e0f5310082	json	1	ok	__type__,_name,json
assets/res/import/25/255ed77e-7022-4e77-9506-37e6847fdc28.json	63	56	1371488825	be8ff221f8b838f9a7faec9c1249b8bfc8c94f8743e6218107c63e355b3dbd85	2f4592b3659c0e169ff817de62259291	json	1	ok	__type__,_name,_native
assets/res/import/25/25677431-1bde-41ba-bd2e-793aa37c1059.json	178	143	670654555	857b448cb4236b5f7029cee2db51bc14a193f6c63dac273c5459930d390462fa	5d90d89d822c3f7e55c50eeabe6ce10b	json	1	ok	__type__,content
assets/res/import/25/2585352b-b1a7-4022-8976-fea744af42f8.json	63	56	1371488825	be8ff221f8b838f9a7faec9c1249b8bfc8c94f8743e6218107c63e355b3dbd85	2f4592b3659c0e169ff817de62259291	json	1	ok	__type__,_name,_native
assets/res/import/25/258fe63e-2669-46b3-8475-4d0295cb3f4a.json	547	324	1487093368	fab3d612b8be86e383bf9676f2afff37a7c637557e2be2a724d813c156c3210e	6ffedf8ac72d2688b31419c279f4e047	json	1	ok	__type__,_name,_spriteFrames
assets/res/import/25/25a22b8f-c218-4d94-bfe8-7b5e86de0a0b.json	171	137	1158408541	9f8ea6f1ca009eaecc24529dbd6362226f84047c97a95e4572840574f2a2620f	a560d4bab5de8548c4632629c5a61e23	json	1	ok	__type__,content
assets/res/import/25/25ac0955-d7f4-4027-9a64-fd92445719f2.json	179	150	1191253081	a54e035a08f9c73fcf8cb8731c3858dbfc556d6c900f318247c686afe1759f6d	4fada737060cda91604903e63d44e651	json	1	ok	__type__,content
assets/res/import/25/25c4b884-9ff8-42e6-8070-3cff4c94aaa0.json	260	186	2512605058	b04aa0acef7308e69bebcee556b0b65b43b2dd6bce4410e37683cc9893c96dcd	5b0862b723e6070e8ac419ede5d78cfc	json	1	ok	__type__,_name,_spriteFrames
assets/res/import/25/25e8f150-e8e4-4558-bb64-13c1b4453ad8.json	182	150	62262168	c7a80e84ac5777105aecdebebab7a964231057d67a596062cf99e1fe526cbf33	cc857cd30c00212f09bcbbdbaa41d88c	json	1	ok	__type__,content
assets/res/import/26/2606a540-62c0-44c8-9a9c-d5c9ea48d44e.json	63	56	1371488825	be8ff221f8b838f9a7faec9c1249b8bfc8c94f8743e6218107c63e355b3dbd85	2f4592b3659c0e169ff817de62259291	json	1	ok	__type__,_name,_native
assets/res/import/26/260b1674-e8c1-4d74-b79b-c6278ba706c0.json	149785	34808	78908114	5640f1d568c92e1f6147cc20e2796ac06c2362e73064faa4a84c96f516880f76	800272e7ecf9f0284af1c17cb360b67b	json	1	ok	__type__,_name,json
assets/res/import/26/2611b16c-a21f-4755-9298-2dd68b3d0f68.json	183	151	1084614911	719bf8724c250c698aa0d195eb5715aeb275b8e37948684ace7d17a292d3b71a	7e6107378c53c88706e8fdf0e293add4	json	1	ok	__type__,content
assets/res/import/26/267fb4f9-02bc-41b2-9767-aafbc8de1d9a.json	69	58	4036315769	2cfa940932b2c0a25916bdb6b9bd8b8ffa50ed3f8d1bd9b99376779a9d4d25ad	473a4b5edc3e0be7e3d2bb1522f9249a	json	1	ok	__type__,content
assets/res/import/26/268364b7-32e3-490c-b228-2bba506286d0.json	170	135	896486331	0a8477e4df36fe98e5812fce486124a7d858f9bacb7f4b4cec7674ff7561bbfe	d01dbd9cd94e5249aaee6d6fb769e15f	json	1	ok	__type__,content
assets/res/import/26/2687d2c1-ef2f-4e7f-8fe3-5a700c93df87.json	59	53	390992982	53467268d49281e50ef9ce04a87601f1cbad75fd72a2df01480c77957db03ab5	5813a8ed2f8b6ca904683fabf9901bf8	json	1	ok	__type__,_name,_native
assets/res/import/26/26cf1597-feae-42e9-b915-530267caa257.json	178	149	1633850251	fee83985b9d97f7f151ae58d9f06046559ed278f387c569539c4f4c12e128c9f	beb8f866f813d07da18ba1638973da29	json	1	ok	__type__,content
assets/res/import/26/26dc681e-3383-469a-a188-ddb6e09a0626.json	178	146	1094291017	4a4fbb5e0219844c45aa6a24bc29d9890bf2bf9ebd53769feb351020618b5ad6	f99c4e7b84956cc4d671397ee1e1258b	json	1	ok	__type__,content
assets/res/import/26/26f6f154-1edf-4628-a8b7-a9a3d8d027cb.json	174	144	675100553	c799537f63d54344c55be11d0e71abdd8082aa76ed6dcac018e86b6407e11e95	afad04148da3cd71fb208ad88310dfc8	json	1	ok	__type__,content
assets/res/import/27/271b9393-748e-446a-81c8-d1029b2b001c.json	321	197	1312015562	2ea3fc871021b74f9e83c368b75e9cbc8a9eac2e7c2075427ccf0ed359800e93	a3609d21b983d97e6edbff4643e83562	json	1	ok	__type__,_name,_spriteFrames
assets/res/import/27/2751922d-df63-4a04-884a-93a84b7ae882.json	69	58	4036315769	2cfa940932b2c0a25916bdb6b9bd8b8ffa50ed3f8d1bd9b99376779a9d4d25ad	473a4b5edc3e0be7e3d2bb1522f9249a	json	1	ok	__type__,content
assets/res/import/27/27756295-a61c-40c8-b8f5-a242097dfaf4.json	177	143	2478501709	4fea974ed107ccdb4fe743f3536762e5fc1a6c358c5c8f3532431ac3ad3121fa	640b25ed8e55de610947fb7a75231a85	json	1	ok	__type__,content
assets/res/import/27/27b2bb07-4b57-4638-a350-80fcf97f6b99.json	179	148	575035125	ceff3a88c0507355a06121d680446a02e1cdf2a4704cac0a0f95169a76450bcd	25f8f79fb2af9994e9976b8eddc3a99b	json	1	ok	__type__,content
assets/res/import/27/27b6aa40-56c2-43db-a02e-d57308d43fcf.json	180	142	3957967656	c0cedac879d4a425ced5f49a3d45f31dd669b3c11963116c08e496aaf867370c	810e2a8a5b37afff47bbb2ffd824494f	json	1	ok	__type__,content
assets/res/import/27/27dbfbdc-c8a6-44b9-b5cc-5bacea7e305f.json	179	148	284257116	2f7881377e844f9a8734c5c49912c85aa46c87c2c2e8f6fd02336b4719d10f7a	fde83612a9aee927a01c964717b45f41	json	1	ok	__type__,content
assets/res/import/27/27dcbbe6-7a39-4618-8df6-352cf1dd269b.json	179	149	2414393884	8a1dc1523efdeca0645aa319a7eda8a0487df8aeb2beac7d68c6f860145c7b78	0d2873531a57c47102a8fedeff3b2095	json	1	ok	__type__,content
assets/res/import/27/27e85113-67a3-4f87-bd51-67da3f61135e.json	178	147	1959146877	5d31cc896693a0a91152023a741ac28a54a15740592e346eaa0221df4625fb70	1ad92a015bbe8658f7271f1f5ded3ec1	json	1	ok	__type__,content
assets/res/import/28/281db701-ddcd-4ea7-8278-8f0e5086010f.json	60	54	1913142813	86c53a10d25393601aa7af7c25342b53f04e580ddb22231c337774c228e1054f	9b8efcc878572f978cdf97e1bac39652	json	1	ok	__type__,_name,_native
assets/res/import/28/284c14ba-b668-4abe-9cde-64a717e46144.json	69	58	4036315769	2cfa940932b2c0a25916bdb6b9bd8b8ffa50ed3f8d1bd9b99376779a9d4d25ad	473a4b5edc3e0be7e3d2bb1522f9249a	json	1	ok	__type__,content
assets/res/import/28/2874f8dd-416c-4440-81b7-555975426e93.json	4058	990	2067228972	a57879ed2a8a11ed2c5892c872306322a926742b55c096b65fbb5d445ee34747	cb6cae98fbf2f34bef47bcddd9489384	json	1	ok	__type__,_name,techniques,shaders
assets/res/import/29/29158224-f8dd-4661-a796-1ffab537140e.json	189	150	2257104136	49e76ef5efff2097edc44dee722f90c15a364f2baabb0fbd046e4d163b272094	9439272d133c90cacdb640cbc80a9ab0	json	1	ok	__type__,content
assets/res/import/29/2922c908-df92-4c6b-92f9-2b98c4abb307.json	63	56	1371488825	be8ff221f8b838f9a7faec9c1249b8bfc8c94f8743e6218107c63e355b3dbd85	2f4592b3659c0e169ff817de62259291	json	1	ok	__type__,_name,_native
assets/res/import/29/296027bd-68f7-4094-bc03-f12205a438c0.json	182	150	1189703630	c994114e6f805434f41c334130a7e8ebc8a09d6889d163924176df63b1e14dae	cb10ababe0ba65dc3fa18617f986f3ae	json	1	ok	__type__,content
assets/res/import/29/297a79ee-c658-4437-aec6-2e7f7e4da7cf.json	63	56	1371488825	be8ff221f8b838f9a7faec9c1249b8bfc8c94f8743e6218107c63e355b3dbd85	2f4592b3659c0e169ff817de62259291	json	1	ok	__type__,_name,_native
assets/res/import/29/29888b66-9c25-478d-be92-32bc0c10be35.json	178	142	1902540986	e0257ae50415182d5b82815a614bdc49404c1c25481941ef28ace31c9fdc0818	69f98b497286c03ee405ce4611f90c5a	json	1	ok	__type__,content
assets/res/import/29/29935a48-36a3-4457-917f-d65cf609058e.json	195	159	2976856590	41a350a69370fd49cb8b21cf8909cbc8dc66e3952db3973cb0289d280a0b3b99	1c9fbcefe31c3b9fb0620a07ebc2a023	json	1	ok	__type__,content
assets/res/import/29/29de62c1-b561-4fdf-ac9a-d5a4d1a6a002.json	63	56	1371488825	be8ff221f8b838f9a7faec9c1249b8bfc8c94f8743e6218107c63e355b3dbd85	2f4592b3659c0e169ff817de62259291	json	1	ok	__type__,_name,_native
assets/res/import/2a/2a065819-af48-4a18-83f1-2a649a39943c.json	1745	927	3689426764	f86ffdc4f8de741eb27fb103604abfc44033f16f7fc48b3f73f966dbf839367a	fd8ca309877ee2b60587910dd351f580	json	1	ok	__type__,_name,_spriteFrames
assets/res/import/2a/2a296057-247c-4a1c-bbeb-0548b6c98650.json	232	182	615964670	5e0e2bd6bbacdeb5fd7a302e89a5b794c7c1d1d0550fbefc833020663dd835d0	884e90b20ccc9c187b40e35ba77b08a4	json	1	ok	__type__,_name,_effectAsset,_techniqueData
assets/res/import/2a/2a3b1369-f6bc-4e56-abb0-ae1444aba598.json	181	147	3288670509	09fc352b29b0a9cfbde7a2e9237e656a25bd0a0aab45c1cf8653cf66a6423b47	2e5c9fe5b915ad5337343f398a1d2233	json	1	ok	__type__,content
assets/res/import/2a/2a3d3668-f6a5-44e7-87ee-bb9cc4d9f89f.json	67	60	3478065210	191236ba3d262041bc59ec7e0557b2512fa902acd54d7c4ec0cc708ac55f004d	a7a8a487a192668567add662d2f55722	json	1	ok	__type__,_name,_native
assets/res/import/2a/2a550574-1ef1-4136-9a80-8695e2a109f0.json	184	150	665920837	b6220e879d20c3f3851aa5909c6e84216cf14ef1e503dd3b9f0fd15be15fafe3	d7c9c0d44bae8fb4072c51f9dcf41607	json	1	ok	__type__,content
assets/res/import/2a/2a55769b-b5a6-4991-ae61-14ea0f9ca59f.json	180	149	16516156	9a9530036c2eec4c72815b86514f19aaf708a061d8e277b6200a5ad89d96ab14	a0c6aa0eb9ca2baa59f7690f9d006cb5	json	1	ok	__type__,content
assets/res/import/2a/2a7c0036-e0b3-4fe1-8998-89a54b8a2bec.json	19587	1752	3532334023	99a6067d402bc9743d0617e691789a86d7dbaf3d724d3aeb2aa08c38339ca41c	efbce43d5a6f11fdb755478d54a5f802	json	1	ok	__type__,_name,techniques,shaders
assets/res/import/2a/2a939bfe-d905-4443-a3ef-166aabd8da4d.json	69	58	4036315769	2cfa940932b2c0a25916bdb6b9bd8b8ffa50ed3f8d1bd9b99376779a9d4d25ad	473a4b5edc3e0be7e3d2bb1522f9249a	json	1	ok	__type__,content
assets/res/import/2a/2a98c32b-e3e5-4d9f-8105-206e81029e4e.json	63	56	1371488825	be8ff221f8b838f9a7faec9c1249b8bfc8c94f8743e6218107c63e355b3dbd85	2f4592b3659c0e169ff817de62259291	json	1	ok	__type__,_name,_native
assets/res/import/2a/2abb9e6c-aac2-422c-9b85-874a555c6f55.json	193	158	1039760424	bca5864c988f9e447f7a6644d4593905e1ba44ccc14190e57a4fcc20537e4ae2	4cad43f007cc0a151d058940713baf95	json	1	ok	__type__,content
assets/res/import/2a/2abf6818-9331-4a5e-b50e-d9b43167bf47.json	62	56	746423697	c3e8adc16f7e5da86b41b348d6dc68f34fc8f0c8992f9f24c38b601fc4927b2e	19dd422e3266f5f9dc00bc0bb6443aae	json	1	ok	__type__,_name,_native
assets/res/import/2a/2ac81cf3-af8d-49a0-acde-f789af716d62.json	63	56	1371488825	be8ff221f8b838f9a7faec9c1249b8bfc8c94f8743e6218107c63e355b3dbd85	2f4592b3659c0e169ff817de62259291	json	1	ok	__type__,_name,_native
assets/res/import/2a/2aed8b95-24ef-43c0-9aa4-9976fd9d1adb.json	300	207	150185179	3615c9970cdd965f1e8485c0d301b792ffead485bec70e51e17e92de1a6bc5f9	e63a489a7847440b1f1a11ca2bd3dc96	json	1	ok	__type__,_spriteFrames
assets/res/import/2a/2aef23db-15ee-497f-9349-c4c9dbc386f6.json	63	56	1371488825	be8ff221f8b838f9a7faec9c1249b8bfc8c94f8743e6218107c63e355b3dbd85	2f4592b3659c0e169ff817de62259291	json	1	ok	__type__,_name,_native
assets/res/import/2b/2b0e4354-0f81-436f-acff-ff6979858c6d.json	69	58	4036315769	2cfa940932b2c0a25916bdb6b9bd8b8ffa50ed3f8d1bd9b99376779a9d4d25ad	473a4b5edc3e0be7e3d2bb1522f9249a	json	1	ok	__type__,content
assets/res/import/2b/2b268878-bd25-4944-969b-3ee39e736a82.json	178	147	2527210231	9c811a2881bdcba358b98aab2b523d90eaae3fc6150b73009061a6c06f0b7b49	f8842731817f039bb09e9b6e10c85698	json	1	ok	__type__,content
assets/res/import/2b/2b5b3c2c-2618-4b96-8fc8-d6c932c22ba0.json	183	146	2031622924	c892e49c1d432e4241dd4a522ff352f9a0a7aa9e2734d16cc58fe899ca097b92	f1e7cf6deb395cb8938215ff39a97215	json	1	ok	__type__,content
assets/res/import/2b/2b5d238d-8236-4293-9427-9e0448becf6a.json	5312	1191	67244801	81fd9dbd0aa6fb9bdc3ec96e1d56b90ed206bc02ad649ac6cf35fc0bc72c8326	1c2d14a41debdd573684f098d702ceaf	json	1	ok	list
assets/res/import/2b/2b608d1a-00c1-477a-83e2-1581d4e50059.json	11359	1588	260450242	41ac80a28a33fcbc18485d58fda5f13f5ee6b0f54037ec4f651415ee85ef96b6	ee867a7b226334913b675fc5d2f9bef0	json	1	ok	list
assets/res/import/2b/2b81c2f5-fe2f-440b-a486-cc3ac2365c09.json	174	138	2621806529	64f64da5562575dbd6a6e709dbe4b879db5bc2992d114c3c57d57b3b0d5c786d	dc6c07e1323bcb82292fedbdc0b78b88	json	1	ok	__type__,content
assets/res/import/2b/2bab6332-5b1d-4577-af97-e7bd26f2c297.json	63	56	1371488825	be8ff221f8b838f9a7faec9c1249b8bfc8c94f8743e6218107c63e355b3dbd85	2f4592b3659c0e169ff817de62259291	json	1	ok	__type__,_name,_native
assets/res/import/2b/2be24ebf-8391-463b-b5e9-d52f05d6b577.json	69	58	4036315769	2cfa940932b2c0a25916bdb6b9bd8b8ffa50ed3f8d1bd9b99376779a9d4d25ad	473a4b5edc3e0be7e3d2bb1522f9249a	json	1	ok	__type__,content
assets/res/import/2c/2c09a607-d7d2-4e21-b982-ecc95f6a1b59.json	182	151	1371315024	b6fd3d97c07d3eb55baa980e1aeb0d4005cd0d1f733b8f3e834a6d602b6ebe13	68cc3ddef534a9134ab3a5ed1be1b1fc	json	1	ok	__type__,content
assets/res/import/2c/2c971b11-d892-4ff3-8889-594cf20d71a0.json	175	144	1153963999	03ae012efb73417ca30c1ffae93938b209b6ef3267757302cd245531003bbb58	51e940f4637b78947c006192d70bdf7b	json	1	ok	__type__,content
assets/res/import/2c/2c9c7d50-cce0-4ed4-b86d-59ebadc01a18.json	69	58	4036315769	2cfa940932b2c0a25916bdb6b9bd8b8ffa50ed3f8d1bd9b99376779a9d4d25ad	473a4b5edc3e0be7e3d2bb1522f9249a	json	1	ok	__type__,content
assets/res/import/2c/2cd315e4-ec84-471c-96f5-b4b9aa100a0d.json	63	56	1371488825	be8ff221f8b838f9a7faec9c1249b8bfc8c94f8743e6218107c63e355b3dbd85	2f4592b3659c0e169ff817de62259291	json	1	ok	__type__,_name,_native
assets/res/import/2c/2cd98ec7-ce0f-4371-afe9-c8ce56ee0880.json	32443	4341	565219054	d3938c7bc7530c0741a273c462d49e927add09c0d96cff1afdfb6a9b25057925	f1ec168b065bfe63b9328473dcfc9815	json	1	ok	list
assets/res/import/2d/2d0dcb6d-5895-4a2f-9324-bf7bfa9655ee.json	1420	501	3315952042	46eaafd161a906991cf1fc0415ccd3dab213b9b230bd795e7215104df0f36e12	77e89795e5be3346cb587156b79d57e3	json	1	ok	list
assets/res/import/2d/2d0ef9d2-19b8-4c62-a4a2-2bbbd15dc2c4.json	63	57	4189398313	6cfed093b338e9b9f983c437ceff6fcbb61655de9eeb6438855015d16d13bb5d	1ea4b3c2c8fcfba57c456f3402b28df1	json	1	ok	__type__,_name,_native
assets/res/import/2d/2d40ce25-d631-43f9-a216-78c6e0d019fb.json	51212	5299	31255938	820f91466de45143c60aa7ec94f66f6a1f88bf392c26c49932a1d113c77897a6	1298d3875c68e1ac26861d69c8450ac9	json	1	ok	list
assets/res/import/2d/2d419c80-9805-4c0a-a74e-351a18297614.json	174	147	2037765543	82d633eddf5e87a44e00a6511f87a4add488dc1785e49470c436cf63336a86e2	972ab2717a83089d4821e8ae5af7888b	json	1	ok	__type__,content
assets/res/import/2d/2d4ed5f6-12e5-495f-ba0a-30270dd11af3.json	193	157	2131970624	4c47b325dee9790d425ea9e5490a7ae9453ca14050a5b336cb7775d02a19d43b	0ed0cc8a8d68b271773d4619eccda3d8	json	1	ok	__type__,content
assets/res/import/2d/2dee90a9-0ec5-4524-9643-530b2cf252d9.json	63	56	1371488825	be8ff221f8b838f9a7faec9c1249b8bfc8c94f8743e6218107c63e355b3dbd85	2f4592b3659c0e169ff817de62259291	json	1	ok	__type__,_name,_native
assets/res/import/2e/2e10ad70-b6f3-4c84-ac72-b982a5e8a2fa.json	180	145	1495444017	0519311baa8aa4ea71826acdea6094c85c8fdea6b035392a7ed0d7f90acdc884	d0d70dd5fad1df0d2cf7e7ddb50dfbfe	json	1	ok	__type__,content
assets/res/import/2e/2e11e3d6-49bc-467d-b64c-d58a8f6a905b.json	63	56	1371488825	be8ff221f8b838f9a7faec9c1249b8bfc8c94f8743e6218107c63e355b3dbd85	2f4592b3659c0e169ff817de62259291	json	1	ok	__type__,_name,_native
assets/res/import/2e/2e8c4a71-9d35-4f6b-b812-0a7c3e5d9f28.json	63	56	1371488825	be8ff221f8b838f9a7faec9c1249b8bfc8c94f8743e6218107c63e355b3dbd85	2f4592b3659c0e169ff817de62259291	json	1	ok	__type__,_name,_native
assets/res/import/2e/2e9b5543-65ec-41d4-b596-513d2a48e547.json	183	150	132815120	b0e437449e4c0781de10a1ea1f77b183d7b343c1e0648709ab957ba5fbc81d0e	9253e3d9098f48cf4ac069deb72ae913	json	1	ok	__type__,content
assets/res/import/2e/2ef76439-d492-43a0-b430-c245cae9efaf.json	60	54	580676833	edeac4b692dd0796db541f1ffb2a18f960f820d1b501e4e9d621abdce4a1da04	5fc4340b78d45ab1d175f1384ddce18b	json	1	ok	__type__,_name,_native
assets/res/import/2e/2ef86dcb-381c-4491-85d6-a9e86ebe43ca.json	172	143	4291040920	1a6da23973273f3d109a813ac555b5c3e7198b8356bc9d29b51b7a89198b2f4f	5e477799656da0ae4474abb6b623dc28	json	1	ok	__type__,content
assets/res/import/2f/2f007215-1c30-4934-8368-9a4cb6f61b19.json	174	146	2652177402	dacfbc644e9168618e45a2964486d56cee6232f5311e6f2de5ed5de27e15d76a	531c194b3d2eb2e2545fc240dbfb3419	json	1	ok	__type__,content
assets/res/import/2f/2f0e1f9e-6e66-4d16-9277-2672ab5717f9.json	187	152	224802587	fe391a6954e171df6eaa3de58e09e40e52d51f29d94b4545db8ee2c11c1464f7	bb0bd11286c8d309cde0ca1be1c8951f	json	1	ok	__type__,content
assets/res/import/2f/2f2a2c68-d6db-4f39-b4e5-d78aaaf571df.json	758	420	1499406660	e431f724cd4d8cc3d96666d4dd73ec452ef24204504b6a7a5b8784f9e0310486	ec89b7d0922e19831ddb1be7a016b1f5	json	1	ok	list
assets/res/import/2f/2f4c634e-d7d4-4fc9-991a-a0405ea28784.json	180	144	475509132	dbe62e944b0381f59a2e80df5967599891c0aa179c1d741b9aa56ad058773430	1638f425e432c641f5b369631fbd8a6c	json	1	ok	__type__,content
assets/res/import/2f/2f67f1ca-e1f1-4e66-b339-6e3a6d03b140.json	181	150	2435950265	0212cdecdfb61b8c1154396aaba51321e8b3a38c759f060821236706ccda716d	34ee62732873627ad448db018af611ab	json	1	ok	__type__,content
assets/res/import/2f/2f95ab48-c8b9-46b0-9040-27ae0d1d25a1.json	182	147	3236433877	e59c9471c8efc3297e6aed95e214dfde0f5a5776cc772ddc71ae287e05a10229	2807d37a61cfdd00576f86e00d9ba626	json	1	ok	__type__,content
assets/res/import/2f/2fecb5f4-0319-4728-8bb8-0aeab5e15aa6.json	187	154	2971453274	d4cd25ae637c24154b91cba1c86b3e18364102da34408cad60c834ab2394c901	4c77da998f736c9d4613b0fb3d3edf9e	json	1	ok	__type__,content
assets/res/import/2f/2ff38c47-cba7-4e05-8aa9-e744e167a2ab.json	183	150	3180103511	c83c6615ec77928a9ff8bc8c9bbb2464b6ee9781f9da5a85c8f3b3fecd37f733	bb6cc61aecb06481bfde498d71a7e55b	json	1	ok	__type__,content
assets/res/import/30/300206de-b6e1-4b8c-a575-5bd9a4aa9834.json	1155	517	1437342920	cb5a0fb28e3652667ebbee587e10804d7e3593bf8b37339a55812885cc094e96	dfaff021574449c6a776cb2346c7b277	json	1	ok	list
assets/res/import/30/30216414-8049-4381-bf7c-2f0ff525b3f8.json	15325	2502	4162549010	f33bb6f326af4036a6561e82a5345ae8d7690fb939494d8e4f3a6d9f61c25728	e6a27eb0e865430e5dd96571e0182f7f	json	1	ok	list
assets/res/import/30/30354e79-aecc-44b8-a1f1-ea362ba57753.json	63	56	1371488825	be8ff221f8b838f9a7faec9c1249b8bfc8c94f8743e6218107c63e355b3dbd85	2f4592b3659c0e169ff817de62259291	json	1	ok	__type__,_name,_native
assets/res/import/30/30636e4e-7878-4a26-bebd-61ae48d1aeda.json	6006	773	3705456168	6ce8f2d03e36b42def2fcf8ae709bb3f88e5fe758c61e42ab478a48ca4172dcf	50edd397f088960d424cb5f41d1819f2	json	1	ok	__type__,_name,spriteFrame,fontSize,_fntConfig
assets/res/import/30/3068275e-bf04-448d-93bc-09706142ee5c.json	69	58	4036315769	2cfa940932b2c0a25916bdb6b9bd8b8ffa50ed3f8d1bd9b99376779a9d4d25ad	473a4b5edc3e0be7e3d2bb1522f9249a	json	1	ok	__type__,content
assets/res/import/30/30b81529-2afe-49dc-804c-7ffd0dea6a52.json	184	150	3981731312	0340c3087faa56a292b533c98e9329447df24e5dedd944c00903420d24463a5f	0c9eab3aac2471bbdbc86d096eeec92b	json	1	ok	__type__,content
assets/res/import/30/30c2f456-e00d-49f4-aa38-57c1f1695f0f.json	182	148	315418869	0e7d0de2fd5802df0d45732cb358b9c4e618611e2f6938044657150d3e20a3e4	b1f517cbf032a4125e56914b59988c39	json	1	ok	__type__,content
assets/res/import/30/30da127f-6ffb-4fd9-b9a7-8b80ae48d18f.json	1899	383	1340440922	f37506a5380c21b5225ecef9c6caddcf7cfd0b4dfa5d4f73792a10ecb9e8ceef	2386fde497be7ed6ae690d83fbf497e3	json	1	ok	__type__,_name,spriteFrame,fontSize,_fntConfig
assets/res/import/31/3104ccc0-453f-420c-bf3f-7a6f8558b6d0.json	196	161	3310427327	6709652a5993f61b8887a56c966e3c33b0d3e4a4a159adc7f6e233c14f97e669	563b53987e97b54cf68b628c9b0db204	json	1	ok	__type__,content
assets/res/import/31/3130c0b5-7fbd-4afb-bd0e-fe4f89aeafde.json	24126	3115	403133978	3c00f48f89b90bfecb502a6318b8f25427266d25c0b845dbdd6a0a88f739a586	393201d7f3c5470f3be9b7141f337863	json	1	ok	__type__,_name,_skeletonJson,_atlasText,textures,textureNames
assets/res/import/31/31d8962d-babb-4ec7-be19-8e9f54a4ea99.json	184	149	4293158798	80eab65d6e6f000a9626f9e035ecbef2b98e49ed50a3ac204a5968be5d1cb3e6	6a80979a912b9730e24b3f0ec89ad90f	json	1	ok	__type__,content
assets/res/import/31/31e997d3-6aea-493c-842f-61e5696bf8aa.json	172	139	4118098471	a14751ad5fe55eeb80c85ec947a48a5861b0a6605f1655974d1c38c94ab8262a	b7a4c855b03996ecb7ea7685d0a49797	json	1	ok	__type__,content
assets/res/import/31/31fbbc73-41ef-4b76-93d2-78afc344c3ba.json	709	386	1179966141	5e90b8ea4f24e5c1bdf79abbe70336d1be09d376a34de0db2798a3f47fbd3cf0	9627f23d08ccd7bce60ff73a9e5287ab	json	1	ok	list
assets/res/import/32/3252611c-a944-42cf-a806-06534c716976.json	973	495	2214940124	d7a998f45fdfa44d9156dc1fc349f00e08aa2cff486ea07c867efa78e589964f	a4b8497f9bd7ce99efbb8bb402604320	json	1	ok	list
assets/res/import/32/325b4ae4-f758-4303-9598-4cb43f4c59e8.json	63	56	1371488825	be8ff221f8b838f9a7faec9c1249b8bfc8c94f8743e6218107c63e355b3dbd85	2f4592b3659c0e169ff817de62259291	json	1	ok	__type__,_name,_native
assets/res/import/32/325dc43c-6b0a-4d67-99c5-707b54bf9dc1.json	189	154	2591117691	261fb174a1bc00c52f454877449d802fe4521c015c4f966e248ad8eeab48587f	2e66a729346c2a5273d065703a24dd11	json	1	ok	__type__,content
assets/res/import/32/326b3295-a9f2-4eb7-b819-e1899d7ef0c6.json	1810	712	3165082796	9ce53a168a1004e75457733c9903c7a6ff6cc50d38c04bca38a45149a3de81a1	c919493ccb767a001de541e3d83959d8	json	1	ok	list
assets/res/import/32/326d39e5-9758-42f6-b67b-66201d9d845b.json	179	148	1796876730	09cd4ae597ee40644b84ca31f3d157c9542aabaa4ee74878de854c4a12cd2de9	22cfa6354fcfe54dc1c751094c66f68d	json	1	ok	__type__,content
assets/res/import/32/32cb0b01-6627-449e-a7d9-00c32010f688.json	194	158	1180121556	c845fce8813be42437456dd0dd8be3c1bdfa0fe0ab349ea3c168b8a3da445afc	e124f92852c20b9e25f7e07e9a86cb04	json	1	ok	__type__,content
assets/res/import/32/32cc7a7d-8b20-46a6-8f35-5d1a3837aa49.json	179	147	3618159713	0bfdd78b025fd8d6b36ef6ae55c50f6aa7087132b42db0f1762677252878c2a6	a9f26cf55329a5ef464b87791eb83863	json	1	ok	__type__,content
assets/res/import/32/32dfa937-5d90-42df-9571-2a965af3ced6.json	177	150	3723271508	0927c32dc0933d14365afd89c8870f3e38a74275fed5980e9dbd81c2bbf4bf5f	9b8aee26bea4bb5483437e50820d591b	json	1	ok	__type__,content
assets/res/import/32/32ed82fa-4189-4cc4-8cb9-4b1704140fc1.json	178	146	3223906359	56642dee1a71a9307b2a5f7e6ad9cac0da78bd3ef7b0a4d93595551088296847	ce11730a359cd5f25ec20446ab410327	json	1	ok	__type__,content
assets/res/import/32/32f52bee-2df9-49f7-b775-8c7fed59030c.json	63	56	1371488825	be8ff221f8b838f9a7faec9c1249b8bfc8c94f8743e6218107c63e355b3dbd85	2f4592b3659c0e169ff817de62259291	json	1	ok	__type__,_name,_native
assets/res/import/33/3328a60f-2e88-4bd6-a4d5-869d637c049e.json	181	149	1106890631	ec5fd1a0f0893384812a213fb0ea711eba631f3f96acf41fdc1e8d6c8267fb1c	0d5ecf44d1494f6e7562992388d56708	json	1	ok	__type__,content
assets/res/import/33/33376892-0f1a-4868-a48d-8e7d92dfe6a9.json	187	151	3468428340	121d0f102c97e7ffa882891dc1410d97561ab214c384ef4ef353621909c7d8d3	7d57b29e953ab17f36419af43f42e6be	json	1	ok	__type__,content
assets/res/import/33/335ceb43-410d-405d-aae0-f935ed71b807.json	3208	914	1794932829	3a977cc4ec9e0bfa1a62b931b0acfbf04543a74a5c5331cbee5c3caa507f731d	32ac8732928437ea089c0a43ab39e2f8	json	1	ok	list
assets/res/import/33/33758ded-5790-4cb3-9728-9183a4d0b745.json	176	146	1746351866	f6decf374f0ff4b9960d55e17a0f36ac6d23f23264cdd14071b7591e1b755634	41b03f8bd04148771260f7ca72c39ce3	json	1	ok	__type__,content
assets/res/import/33/33d3e6a3-3235-41a9-b974-7a7e7bb0fbaa.json	48135	5550	3768946241	383e996e7509cdd33bf24aacd40d0b7597dc9e0657701ec11515e1aa05da58b1	34a96d1a7fe89c2d625dcd170bc87dea	json	1	ok	list
assets/res/import/34/34499a9b-fc7c-4b20-b9bb-c3ae0c140b3c.json	63	56	1371488825	be8ff221f8b838f9a7faec9c1249b8bfc8c94f8743e6218107c63e355b3dbd85	2f4592b3659c0e169ff817de62259291	json	1	ok	__type__,_name,_native
assets/res/import/34/34bc17fe-9842-4c45-a671-8ea7dba2e6f2.json	63	56	1371488825	be8ff221f8b838f9a7faec9c1249b8bfc8c94f8743e6218107c63e355b3dbd85	2f4592b3659c0e169ff817de62259291	json	1	ok	__type__,_name,_native
assets/res/import/34/34fd2ffe-aa83-43e9-98d9-a345b6f1e72b.json	77	56	1938402196	6f7551df15bdb88890315b1f1e1c85e63afa3aa8c02b2ed60833acfc6f7bda4f	d9afe55468723f016572f2ec1ec61f33	json	1	ok	__type__,_name,_native
assets/res/import/35/352fafd5-f901-41a9-a478-9e4edd919886.json	63	56	1371488825	be8ff221f8b838f9a7faec9c1249b8bfc8c94f8743e6218107c63e355b3dbd85	2f4592b3659c0e169ff817de62259291	json	1	ok	__type__,_name,_native
assets/res/import/35/354ae739-3313-46cc-a06b-62de79837821.json	63	56	1371488825	be8ff221f8b838f9a7faec9c1249b8bfc8c94f8743e6218107c63e355b3dbd85	2f4592b3659c0e169ff817de62259291	json	1	ok	__type__,_name,_native
assets/res/import/35/354b9f46-9621-44e8-bc09-9fd6fdc3b151.json	63	56	1371488825	be8ff221f8b838f9a7faec9c1249b8bfc8c94f8743e6218107c63e355b3dbd85	2f4592b3659c0e169ff817de62259291	json	1	ok	__type__,_name,_native
assets/res/import/35/355a928e-261b-454c-9697-4dbcbac0deea.json	69	58	4036315769	2cfa940932b2c0a25916bdb6b9bd8b8ffa50ed3f8d1bd9b99376779a9d4d25ad	473a4b5edc3e0be7e3d2bb1522f9249a	json	1	ok	__type__,content
assets/res/import/35/35671ba1-79e7-4b32-bd70-c3f6b583e142.json	178	143	1872665732	da1b6335fc3e6b043f1e1b661a9253213c5b683b16ca7c8becb4227c99cc8755	105826407c26ddb2666d7a886ca4ab10	json	1	ok	__type__,content
assets/res/import/35/358845e0-46a1-43ac-a6cc-0b0fa9968091.json	179	145	1977480447	4be7da62cc245e48f106c987dd3922aa22a8531d0685d6ba03d936bbc2c08f90	43f2a5435ea78b8a675737686870f658	json	1	ok	__type__,content
assets/res/import/35/35a49d25-418f-43df-bd3d-467e44592df0.json	179	142	1721812954	f97dd38dac70dfe62eb77b7999fd16ca552a92e88d7a4b4cd6a23008e8f70325	ac47176dd70204739520ae32bc82d158	json	1	ok	__type__,content
assets/res/import/35/35b0a1ff-8b82-4ecc-9b90-bc6261be02d9.json	180	150	52317884	5016d583c3c3cbfb21061f36794d9759b7b7530647d67a5fec95d9b2b4af63bd	ff9aad603a65a1f1f16a6b07eb0232e3	json	1	ok	__type__,content
assets/res/import/35/35c7060a-444c-434b-ae47-f2cb4a3d104f.json	175	148	3695226094	62cd07fef9e99a4cd26c5a821824be948e312652657f3c2e8d315298105e7897	c960faed6a5d963a46c8235f19e1632f	json	1	ok	__type__,content
assets/res/import/35/35e3b7b2-0305-4221-b852-ee21b095e78a.json	181	150	3831150689	4833ef5370030a48131b0342032380908cb3ae90606fac5938c6d0a5c17a43c5	29091296a515af4973acf64d82e77aa8	json	1	ok	__type__,content
assets/res/import/36/3618b04e-9cb7-45c6-86ec-4d07577110eb.json	1481	730	3214816211	ce9f646086edc15bc8ae0fd1a2fadf5246003cdc1fc6c71a62e625e141e6e12f	236f0eb44c71ccad9e39ef445fd32dc4	json	1	ok	__type__,_name,_spriteFrames
assets/res/import/36/364d129e-f532-41b0-95bc-565aefe689d9.json	69	58	4036315769	2cfa940932b2c0a25916bdb6b9bd8b8ffa50ed3f8d1bd9b99376779a9d4d25ad	473a4b5edc3e0be7e3d2bb1522f9249a	json	1	ok	__type__,content
assets/res/import/36/3660766d-eda0-4e2b-b1a0-f60023f23c16.json	197	161	821773341	c5e6a9bbbe4f66f024c6b41d9b31fcfa78319ba7c5f6f93ae7180175d52ca2aa	e8d3906f47c036326955d6c6da71f236	json	1	ok	__type__,content
assets/res/import/36/3682afdf-03f9-4b98-8372-0415953804d4.json	1161	452	2435462442	9605257d38318b63ec65a1b621ef1e201719f21f8a9739e5e9bae7ea8f0527e3	b18eba276a00fe4851c5f816dcc4bbaf	json	1	ok	list
assets/res/import/36/3699e532-bf3b-4fad-b291-4a073081c70e.json	167	140	3445140414	be9bd3de2255a96bd309c4922c24ebdce7e1e2398fa678dba9580c1fdb7de653	5a7d11a3f289fe9ead4427af86f2178f	json	1	ok	__type__,content
assets/res/import/36/36f47b6e-ffa7-47c3-ae02-3df44eaceac1.json	69	62	2107650701	711608b02dae48314210a6d3181cbc673086f67c9ceed6d7aff4a8437c8a6291	4e9f62c178cd1c395c07789a11911514	json	1	ok	__type__,_name,_native
assets/res/import/37/37044175-e779-40dc-b36d-e548b0425c74.json	60	54	3100002449	65b4227b2f757614a5465d92229848aedbb1af3ed3b7f94e5b9c81cd83865c05	0ff8e1056de4a7837cb28d0f0e9b3c0c	json	1	ok	__type__,_name,_native
assets/res/import/37/37181336-4c88-4826-84bd-3a8470299c11.json	181	148	2125656283	6d119b090da5b5351d94a94b9bf33c7df758c09e615ed2e6584a5484f93f15b6	4b2a89755a3f3137e8c5ccee74d73c24	json	1	ok	__type__,content
assets/res/import/37/37205ed4-9225-49d2-832e-d83694001785.json	179	152	1915887044	fd629ba82da8ff1e9da485bffb256939b5026cccde891742d96dbbed1de75a10	1acf7c8a98e32e23cd2d396b963ade24	json	1	ok	__type__,content
assets/res/import/37/37299537-b3ee-4a7f-8c9f-c9fa194b7bab.json	175	145	272797165	487e80d6bd6548aee8dc153e8b91db620766864ba761dbe492549f62e9a34e4e	b24422f1ddb71ed46d80c89da9cc264f	json	1	ok	__type__,content
assets/res/import/37/372b4118-d4dd-41f1-aeae-993276026cd6.json	194	159	1747004374	5828394027673901711dbcd9cf6ddfb8bcfcdac9555bf8164f84442f1bbc7a6e	0aa1189f4d53f44f3e9fcd9677cc1c17	json	1	ok	__type__,content
assets/res/import/37/374a5084-b929-434e-aa93-c513adced986.json	22282	3141	90897535	591cb2126f8e471913d139d5fcc19f3eb2d607c0bfd6ca7265ab37281c2286ee	2919101fb209cc45d1cf694ec0461af5	json	1	ok	list
assets/res/import/37/374a7609-831a-468c-a7ce-0c00960bb7a0.json	63	56	1371488825	be8ff221f8b838f9a7faec9c1249b8bfc8c94f8743e6218107c63e355b3dbd85	2f4592b3659c0e169ff817de62259291	json	1	ok	__type__,_name,_native
assets/res/import/37/37a3c60a-5f5d-41ce-ba96-513d3cc03589.json	12136	1911	934224127	4fdce2804192a70ab153a29da64191f31c4ab9b4d84e5a9506f9bc8a166c3785	37b01058b6640ef2753b96846c48df1b	json	1	ok	__type__,_name,_skeletonJson,_atlasText,textures,textureNames
assets/res/import/37/37dd65a4-42ea-4364-99a7-bbb7b98215e4.json	175	143	1685269787	5a9edd6a11e8d8d07122d73192f59ebe27aad3e053679a7c4bda66d18c3f6716	31f03d15cda376b4b1ca53d63b74848d	json	1	ok	__type__,content
assets/res/import/37/37e5bdf4-baf4-4706-b82d-a557d3367966.json	182	150	3210574302	b6c55e88232e380cd01c2269c7678538e0735aed0a730e8c8177ae7cf6fc046e	7363b9b469b7b7f9c98d1f0fe5d6a234	json	1	ok	__type__,content
assets/res/import/38/3812ce0a-70d4-488e-ad6f-523428a1b36d.json	395	262	2580536853	bfda7122e7960ddadee39d6c3ca4c0b6f66250cd98245221d15d32c804f9bb96	81d68c412b978f8b5a40e3e9f3c37e41	json	1	ok	__type__,_name,_spriteFrames
assets/res/import/38/387f172f-dda1-44c5-ae2b-0d6f7f6cff36.json	63	56	1371488825	be8ff221f8b838f9a7faec9c1249b8bfc8c94f8743e6218107c63e355b3dbd85	2f4592b3659c0e169ff817de62259291	json	1	ok	__type__,_name,_native
assets/res/import/39/39112422-c695-4a7a-ad97-172e97256fd1.json	198	162	3568197361	eb8cce5c3ccf1a9c4feef234ba46e793fb7f030e8fd8858c597af3d8ea5f66bc	96e1c109aab69aef140c8740a8e3e330	json	1	ok	__type__,content
assets/res/import/39/392fe088-2123-41a5-b488-f0c6b1c0bbff.json	177	150	3430519259	f2e98ec6d165200273ef9e93cfb2b38297384e8c3c116ee51872fd5043c29917	468a70bfdbb578caca4b538574439eee	json	1	ok	__type__,content
assets/res/import/39/394eb57f-90dd-4adc-9831-fb773e88d040.json	69	58	4036315769	2cfa940932b2c0a25916bdb6b9bd8b8ffa50ed3f8d1bd9b99376779a9d4d25ad	473a4b5edc3e0be7e3d2bb1522f9249a	json	1	ok	__type__,content
assets/res/import/39/3972b123-461e-4070-85b5-260d234e1ce3.json	69	58	4036315769	2cfa940932b2c0a25916bdb6b9bd8b8ffa50ed3f8d1bd9b99376779a9d4d25ad	473a4b5edc3e0be7e3d2bb1522f9249a	json	1	ok	__type__,content
assets/res/import/39/3977473b-9253-4603-a42d-a3200472eb3c.json	69	58	4036315769	2cfa940932b2c0a25916bdb6b9bd8b8ffa50ed3f8d1bd9b99376779a9d4d25ad	473a4b5edc3e0be7e3d2bb1522f9249a	json	1	ok	__type__,content
assets/res/import/39/399aef27-0301-4536-8086-c0c4c42377fd.json	69	58	4036315769	2cfa940932b2c0a25916bdb6b9bd8b8ffa50ed3f8d1bd9b99376779a9d4d25ad	473a4b5edc3e0be7e3d2bb1522f9249a	json	1	ok	__type__,content
assets/res/import/39/399fed0c-55a1-43fb-bafe-26473b27be15.json	34731	7120	988741970	d2ddef1829131a8c37d8f0462494de49cae11aac55cdde85aa2a3404f13622fe	0bea67f3b75d30ec543b157d55e95c83	json	1	ok	__type__,_name,_skeletonJson,_atlasText,textures,textureNames
assets/res/import/39/39b4a4b5-6361-4155-a75c-f2831ec638a1.json	182	151	600483206	eb0abd6d234bc864ad4772a687ce0062999ce20adb73225629c063433c7b27bb	d488a8cb1001251f4932aa9458ffac08	json	1	ok	__type__,content
assets/res/import/39/39b54b6d-c6fb-4414-8ba4-c217d456f55c.json	182	150	773725865	305b90dbdabb3be98f5d15cad9580a1f8f7fabb44dd3892a3feb08e1acde03af	2c81a0c7ddd03fbff1990319cd800361	json	1	ok	__type__,content
assets/res/import/39/39bd85d5-1cfc-4748-b774-30cba0f40905.json	180	149	2764241999	03615f48888d8d0a4f7ffed92c92ccf387ef10f2d3f6d9b4dbfb659234a95c14	acdf338fdae10a6b39d71ac02be116ff	json	1	ok	__type__,content
assets/res/import/39/39d5e8c1-5bcc-4b24-acb0-65ab41ff575d.json	48344	5598	3906451354	bedb6369e6e93e388448da1205fafd7bd554be7bf97c317f5eafffd7738f4b49	816277b304daad83688043eb627008c6	json	1	ok	list
assets/res/import/39/39fdb771-6f59-4ad0-a804-53a86ca3a6f6.json	175	143	2291821911	1f3c9bf18effa0971b31c88570e53102f5c1ce7eaff14b366bea17b01b277df0	ffe53a52ff395f8d7381b9d958024b46	json	1	ok	__type__,content
assets/res/import/3a/3a300bb4-3d87-4aa6-b012-ad5f9bbe868e.json	59	53	4127896261	65c5bc964f1636b1d4a78b1be01997e7117833ed7eaba09f91fb1e0a58125249	83e2b0c79ee5bbc9cae532b6550b3547	json	1	ok	__type__,_name,_native
assets/res/import/3a/3a32e7ac-dcf8-49b9-88b3-6a5e30f46423.json	178	142	3036078310	24970f5a6c40fc654e8c61489d7ee63c82c9c0f2426f989199185f5561abbb8f	410a8cd62afe2a37206071b7ab814d5f	json	1	ok	__type__,content
assets/res/import/3a/3a6cfb25-c431-4949-85e7-f67e51bb0fe5.json	179	143	2140538193	1cd2f2cc5024ebdb762a3e6ff5d0b976c50015f7df1e04ad3ebb9a29d8ccf3fa	118286f90e5fa2a92c49619752c55a53	json	1	ok	__type__,content
assets/res/import/3a/3a7bb79f-32fd-422e-ada2-96f518fed422.json	132	122	3303046860	0548981d651b37ba79ba85c27cb7c199a10ee4440f2a73649d141732aa14c400	238b98c5dbfd374101682fb8ec9ecdf3	json	1	ok	__type__,_name,_effectAsset,_techniqueData
assets/res/import/3a/3a7f8cda-5288-49e2-8e34-6ca7232d8ef4.json	63	56	1371488825	be8ff221f8b838f9a7faec9c1249b8bfc8c94f8743e6218107c63e355b3dbd85	2f4592b3659c0e169ff817de62259291	json	1	ok	__type__,_name,_native
assets/res/import/3a/3ac1a1c7-d2a0-44bd-af5f-3d4f652bf1ff.json	193	155	3687076497	6907a32fa6c4665746fbd4467f11a66d2392d5d83b271a18ed942200a837f204	e90dd2e64a75841ca7b2363fbde2ba4f	json	1	ok	__type__,content
assets/res/import/3a/3af95820-5b4e-441a-948a-2e249ab24521.json	63	56	1371488825	be8ff221f8b838f9a7faec9c1249b8bfc8c94f8743e6218107c63e355b3dbd85	2f4592b3659c0e169ff817de62259291	json	1	ok	__type__,_name,_native
assets/res/import/3a/3afb8619-b704-4868-86cd-eac18f7224f3.json	2645	1351	809201541	9919373bdb3588a36f18c4d20749602234afda536eafe0565822515456a8a4bc	c3c28d04c6ef0de0f690744d083c7cd2	json	1	ok	__type__,_name,_spriteFrames
assets/res/import/3b/3b486789-c68b-44fe-952a-42d1d5e71db0.json	177	140	3361655647	0c1b762975e4cf73f6ba947283e40a6b65bf23a44e38ef67bad0039c37e2928e	f1e348c59537b3f024df220a9d2a3336	json	1	ok	__type__,content
assets/res/import/3b/3b6e6deb-e57f-4c86-b522-ec7423a2dcfd.json	63	56	1371488825	be8ff221f8b838f9a7faec9c1249b8bfc8c94f8743e6218107c63e355b3dbd85	2f4592b3659c0e169ff817de62259291	json	1	ok	__type__,_name,_native
assets/res/import/3b/3bb50325-5028-4068-8498-3fef9cd09b4d.json	300	207	1008366023	6bfa481960963d716dd2eec8a25775bb291111935b66a1a4f3ae26303373e0d6	cdabb8ab7ecc4f86499248d9af1c4cf9	json	1	ok	__type__,_spriteFrames
assets/res/import/3b/3bbdb0f6-c5f6-45de-9f33-8b5cbafb4d6d.json	659	258	2722469961	05c007e7cf5d1663d6d69a299262689b0773d0c78fad89daddeaaab4edb41d06	2e98f71654fc914cb94e44ba1bc6cb08	json	1	ok	__type__,_native,_vertexBundles,_primitives,_minPos,_maxPos
assets/res/import/3b/3bd25181-77d2-41c2-8b2c-3e87cdfdbc1b.json	196	160	3644299728	7d7b2ffe3cc4a97fa2209cc25c96b4e0cd066f6955c8f63a0e814a4dec4fc809	d7b465f6c843dd0c017596bb4df847e1	json	1	ok	__type__,content
assets/res/import/3b/3bdd6854-0146-4c88-bd28-ad94c5997422.json	69	58	4036315769	2cfa940932b2c0a25916bdb6b9bd8b8ffa50ed3f8d1bd9b99376779a9d4d25ad	473a4b5edc3e0be7e3d2bb1522f9249a	json	1	ok	__type__,content
assets/res/import/3b/3be7f58c-02ac-4d63-89bd-6000a87648c0.json	179	150	3667371789	267fc446526d839bf4e9cc983a94e43fb9e07f1220642fdfe9c982a4eddda8bb	a3d6169022d7aa8d67455b1b7b8335e6	json	1	ok	__type__,content
assets/res/import/3c/3c191adc-76ae-4e92-9078-20b9081cff3f.json	175	148	2538909319	0670f629553bfd8e60a1878853c7041dd164a41b6b31efe36aebf72c8f384499	ab44d2b25b931b2edf33fa4482c1c402	json	1	ok	__type__,content
assets/res/import/3c/3c1f183c-91dd-47ff-941e-577c10adb4a7.json	196	159	3260909662	d8cfdb872f4a7cd54401bf637dc892403b0f4ed2b2f5968dac4e32afc115089c	2fe41efec23611749b074a7a7b564ff5	json	1	ok	__type__,content
assets/res/import/3c/3c37cefd-458e-47d8-8f83-4382633822d7.json	42031	5589	1569952189	c52aa05e28bb948b6ef90fe96b6bb93dbbe4f57b3bc5f4cd5905b383d0427b3a	b82b6bde65d5be998745723752ec1a16	json	1	ok	list
assets/res/import/3c/3c427419-2169-4893-9495-b7d28bb5a24b.json	180	148	126183321	88a907cf873de9b7dbf9310058def58a6147e08c1103ae78f6cf817c3dc84564	d17e862af652ee44aab0f78dbf0ae782	json	1	ok	__type__,content
assets/res/import/3c/3c437837-ff11-4ade-ba1f-f4f11cdac7d5.json	63	56	1371488825	be8ff221f8b838f9a7faec9c1249b8bfc8c94f8743e6218107c63e355b3dbd85	2f4592b3659c0e169ff817de62259291	json	1	ok	__type__,_name,_native
assets/res/import/3c/3c875950-8ea0-4cb6-a6f9-929afbf2cd1f.json	181	148	1149271633	6186767cdaa353682ec4a71469abd596221f65abb9d3c666856f93dfe7e03d4e	588848509d7e05c1d8abf63e962416bc	json	1	ok	__type__,content
assets/res/import/3c/3cdeb669-744c-4d1c-9054-b291b9ef5452.json	58	52	274043689	345a353101b92cc03e0f97761c4c664255bfeab8e9da8fca1d0cb38e89488a7a	bac6e7d4ff9d34237bfac253a83b5a17	json	1	ok	__type__,_name,_native
assets/res/import/3d/3d167ddd-08d4-4f72-999d-6d56ff809c6c.json	60	54	1819379640	fd89e50a991035f4c2787490dc670aaec33176866ef9807dbf2ec468a762f8a2	8635f291607640bc48c6a48807d8c480	json	1	ok	__type__,_name,_native
assets/res/import/3d/3d2bee9e-056b-4382-931f-c1c1591aea99.json	63	56	1371488825	be8ff221f8b838f9a7faec9c1249b8bfc8c94f8743e6218107c63e355b3dbd85	2f4592b3659c0e169ff817de62259291	json	1	ok	__type__,_name,_native
assets/res/import/3d/3d2c2d84-a6b8-400c-be4c-b9b06237d0a6.json	1027	547	1165986942	4d84ee381ecede639b6d0ff70ae3d73a30bf178afe866c86789b5089f2516654	a1a69d1107f2860c5d7d3f4613a49ab3	json	1	ok	__type__,_name,_skeletonJson,_atlasText,textures,textureNames
assets/res/import/3d/3d2d8dc5-a74e-4d84-b17b-c43784f549c5.json	193	156	2713657417	a847eec7f78ab914dc351af1dffcf661951fd9f7295bf74b5e02f2d208ca776d	6c8719f5bfc9a55a566172132316fe7a	json	1	ok	__type__,content
assets/res/import/3d/3d30a6a6-cece-4ccc-bdd1-27a3d668f208.json	169	136	2808523451	34b14d12ca73fb5e2f92b48d3ec0db28b6a0b05860fa6b573188fc9aad1fbb48	7820ab5ae8972f4d19bceae14459c783	json	1	ok	__type__,content
assets/res/import/3d/3d336aa4-910c-45be-9cfa-0a3956f9ba26.json	59	53	1711336303	ec3513f783353e99d526c9c76a689dfb100309ff0cb20de4c09a4c47f35cd606	3ac66659bafb9434bd6987ec332b47b7	json	1	ok	__type__,_name,_native
assets/res/import/3d/3da53d67-9ec2-4529-9c5e-9aa120fe229e.json	179	145	2370771690	6bb6dfe05c3ba4d82f31cfc492ea21a31d6f75eb51c1eb700f3d5be21a994f4a	e9a0eacdfc3790a4b46c916f0a8cd988	json	1	ok	__type__,content
assets/res/import/3d/3db8967a-c614-49d7-9621-637e22f53981.json	63	56	1371488825	be8ff221f8b838f9a7faec9c1249b8bfc8c94f8743e6218107c63e355b3dbd85	2f4592b3659c0e169ff817de62259291	json	1	ok	__type__,_name,_native
assets/res/import/3d/3de20e1a-0f5b-4526-9288-363be20f084c.json	197	162	616242859	109eec98f3030d80c66f5b92e1949a349b0c4b1bdace20aa7fc05063b1332c56	2f3265a7c4a87afb3643832147828e5e	json	1	ok	__type__,content
assets/res/import/3d/3dee3ace-ef96-46ba-886b-1e1ad5336583.json	12084	2045	1650834529	891184afaf1a286311c83d18aac52ed30386571445e2ab9b7c3f3b19783d2e5b	646e0683e9aa063d2c6cafe78d5a719b	json	1	ok	list
assets/res/import/3d/3df22f00-2e7d-4ec8-8846-d99d5d8c6f38.json	178	144	1242185567	ff6a46f955b2f5795089d960233525a08641930259a97bd46d27a60619e7d88c	1a733108736c104d4dd965b65c9f2ee1	json	1	ok	__type__,content
assets/res/import/3e/3e1520a1-4951-4e14-8944-8b6bba64e41b.json	186	147	2972108771	242635a1d5f99483628a359d3ec9701cc276d62812fca230c9f374c339cc8804	3826bc5e2bd6218e851876eb26e05019	json	1	ok	__type__,content
assets/res/import/3e/3e3134b9-ec78-452d-aa45-6568bb02204f.json	175	146	2816502524	15ba87da51407bb1d28b826f0c5b0a8fe381c996a79405c2e23c38ebdc9f7839	25d999d2d51f4a8f6d08a657b886d735	json	1	ok	__type__,content
assets/res/import/3e/3e6fa6cb-7f06-49c9-a264-ebc97f25d72d.json	179	146	1092031036	eda5ee69e18bf3dce5688a073e8421993f79cc5f820349c3645aae30392c91e6	7d4dd2e3bcf692f1a763edc9fd79f984	json	1	ok	__type__,content
assets/res/import/3e/3e8f2922-b590-467f-a0a3-662a018c4006.json	84	78	2494982247	300b5598ce6e9d7242b8cabc2bc2f74b942ba7ed3965fcd209548a3aaf4fb728	7f7a5efa4d5e8f37f5c059cf8fbbf4f1	json	1	ok	__type__,_name,_native
assets/res/import/3f/3f0ce951-d558-4bf5-80bc-0a4fedd39589.json	177	147	1322702292	0f5fe693b1b4dffc199d6fc616e4476dcb9aac41b07579170c2bc0bbb386f743	96e357e5ad7b8cec70588715b4a796f5	json	1	ok	__type__,content
assets/res/import/3f/3f125ca7-59d9-41ab-97ca-af80889eed65.json	177	146	1022775149	f0bad76682359acaedd03f8e3057781e024ff5fffcf801755d77de48bde9187c	1782cf05ba0d6dc93d9e54cb360002ed	json	1	ok	__type__,content
assets/res/import/3f/3f183c96-a1c7-4da6-9fa0-ae8a4b0ee343.json	69	58	4036315769	2cfa940932b2c0a25916bdb6b9bd8b8ffa50ed3f8d1bd9b99376779a9d4d25ad	473a4b5edc3e0be7e3d2bb1522f9249a	json	1	ok	__type__,content
assets/res/import/3f/3f3106c0-c034-4833-8ca5-a33000c40c16.json	69	58	4036315769	2cfa940932b2c0a25916bdb6b9bd8b8ffa50ed3f8d1bd9b99376779a9d4d25ad	473a4b5edc3e0be7e3d2bb1522f9249a	json	1	ok	__type__,content
assets/res/import/3f/3f3cdcaf-af9d-4c6b-9064-d1c03d521300.json	178	149	3098134678	1f4213430a18bbbde9b4d26e20d546b03d192e7f2870f8d1bac66c6f29f60274	872a9b7b7edfee442ac756385080583e	json	1	ok	__type__,content
assets/res/import/3f/3f9ae4f6-597b-457f-bb87-e50aeddf7c08.json	183	149	1829522809	7fef52f8ee05adb01a7d8fceb70cd5f75fc45b416abb0ec5849bb5816cd7c5f0	d10bd0e4d6a28e62d15cf683786ea7d0	json	1	ok	__type__,content
assets/res/import/3f/3fc1547a-8e6a-43ca-bcbf-33b6bf4cc0f7.json	170	137	2626321524	15cff3e749104d2839709f79946377af09bffa1413c925a3e8639993caec9676	f1f0c26c36753bdfde0479a9f0aafe60	json	1	ok	__type__,content
assets/res/import/3f/3ff03a29-5cd1-49f0-aaf1-babbb3893928.json	69	58	4036315769	2cfa940932b2c0a25916bdb6b9bd8b8ffa50ed3f8d1bd9b99376779a9d4d25ad	473a4b5edc3e0be7e3d2bb1522f9249a	json	1	ok	__type__,content
assets/res/import/3f/3ffbbced-53d3-48b7-9151-890d6fe4c4bf.json	186	148	2495366970	acc8a9fe9ad6f1a9539caba153e8871714a96b660978f161aeb755e242409ac8	cb3076b1d2cd21525e23664c494053c4	json	1	ok	__type__,content
assets/res/import/40/40508556-097e-48b9-9dce-440e0da57de4.json	313	214	234706783	c0c40904f55ef8936577d04dc29e24493beddf8d90d575fcab2731f860df7b7b	8f456e25ae1af89ce11692f460d56dc6	json	1	ok	__type__,_name,_spriteFrames
assets/res/import/40/405146ae-e5fe-4e06-8ee7-dd2d1e9ea3ba.json	59	53	1019528265	9a35738d399d54e79407037e69417274dd953aabe2ee2b2553e7f04fab640b1c	eb32b9dfb0780a8601347002eccd9294	json	1	ok	__type__,_name,_native
assets/res/import/40/40802965-9576-4167-be6d-58c932d24aab.json	69	62	1505570773	a929ab88cee8753994633eac1b25104359e7aac9a730fe3a196c5d66130c0453	e8bee26ee5c5c4cccd97e1caf21184b7	json	1	ok	__type__,_name,_native
assets/res/import/40/40cfde1b-9ec9-4a45-a7bb-d07b969b2ed7.json	176	142	3111561497	ace5c001c70f2313e340e08bf79db4a4ca054c907b0b46f0bb8bde87e9dba8eb	2e71a1392a0fe5a40d120ad1cac1223d	json	1	ok	__type__,content
assets/res/import/41/41204fcd-4c6d-4360-bb3b-680ef82eb190.json	63	56	1371488825	be8ff221f8b838f9a7faec9c1249b8bfc8c94f8743e6218107c63e355b3dbd85	2f4592b3659c0e169ff817de62259291	json	1	ok	__type__,_name,_native
assets/res/import/41/41473156-ec9d-4f85-8f2a-12f7e70d6455.json	185	153	795043862	7ceb2b8a99dbb92be72884663309c6fe5266657710a385d6eef40d4bfda3a346	e1eec5f000ce30e09406b6fb296200b2	json	1	ok	__type__,content
assets/res/import/41/4172fdca-d7ce-4200-a6e7-0acbea4c170b.json	190	158	3648112273	ea4a49faf51fc5f240848a339179a2ecb20171c612652ae43005771a3a5bd90b	43fc02ba6bd9796bcb6c26b2fe11c772	json	1	ok	__type__,content
assets/res/import/41/4179672d-29cb-4f24-b978-d599cc459548.json	2247	770	1096774327	cd274cdc2b6172dd875f615d641ecab4deb723c813e5fa7745591f6a34fcb03a	cf9bd49cef00389a3bfdc73c654e9319	json	1	ok	list
assets/res/import/41/41ace276-8da3-4782-99f2-d6869dacbac7.json	63	56	1371488825	be8ff221f8b838f9a7faec9c1249b8bfc8c94f8743e6218107c63e355b3dbd85	2f4592b3659c0e169ff817de62259291	json	1	ok	__type__,_name,_native
assets/res/import/42/425ba3ac-1e96-49d8-907e-82b23b061459.json	69	63	3041657829	5a11c428e400ea11eb3ed73b26984cf92b83ca46a54707d1d6d9a8402d012141	8e80ec22b5411850c135df850740ae1f	json	1	ok	__type__,_name,_native
assets/res/import/42/425e6a31-dbd4-4b28-887d-ef55bdd5c2b8.json	180116	17962	2607914533	cdcbbfa749135b795d96a4d27f69374aebd802a47064437a072e45ad33e52aa1	73e25b71696ba3d4658e63a86c223c65	json	1	ok	__type__,_name,_skeletonJson,_atlasText,textures,textureNames
assets/res/import/42/42972b68-d128-4e1e-8744-9075a22e689f.json	60	54	3718345687	916e4942d9b27ea575f178c549d63fff0259003041de250de365aa6980ed5bd5	5976cd973d8e88cf89bf80d38b567062	json	1	ok	__type__,_name,_native
assets/res/import/42/42997e88-71df-4997-9e18-1aa9766fd46f.json	63	56	1371488825	be8ff221f8b838f9a7faec9c1249b8bfc8c94f8743e6218107c63e355b3dbd85	2f4592b3659c0e169ff817de62259291	json	1	ok	__type__,_name,_native
assets/res/import/42/42e2a22d-3395-46f7-8591-d701fc24bc6b.json	185	153	1300894992	2256079aa91a7bb629a92bb7f8e0e4dd2584345b5efa54834393a8e44ac5fd97	18ad190cc02b25092c77a54325a54ce2	json	1	ok	__type__,content
assets/res/import/43/43271906-110b-4d8f-8351-e6eaa5bccb21.json	6900	1475	164468034	3b09cf81cb2592642ef3cb713e2b899064cc78d247d99e4ed5f8c24672d35d80	71771ad0ba946123621df8b320fcd346	json	1	ok	list
assets/res/import/43/432fa09c-cf03-4cff-a186-982604408a07.json	480	289	2489492166	c8ea199472133aed56c7eb882d81ca8365ee758a6ff30986de4b9dd1fdefe927	9116f774e1fb92812e6d2a9ab281481a	json	1	ok	__type__,_name,_effectAsset,_techniqueData
assets/res/import/43/4340e46d-be15-403a-a013-1335ae853885.json	175	140	3232862179	1003ea5aed93e12f5bb0f0818c0d79a7b32c080ce3655a2dc3cc1ec1c233b648	7967bc40c1760977da73c19f34194a66	json	1	ok	__type__,content
assets/res/import/43/4388fd07-2957-4ede-b850-5c5baf4c8958.json	70481	6521	2686689771	6773a08f863e99b7124b507084b55c1a5ee07f3477d921f170a95fc0865ee975	0e8591962c97f238872b11f1a833a096	json	1	ok	list
assets/res/import/43/43a299bf-7883-4455-9222-da7080819d45.json	756	384	2341582010	7fc421252a229d0d29357dc194746558d7357f9639215f2b4debf9fca6127d4d	8271728a18fd9e4408557e333f8cd69f	json	1	ok	list
assets/res/import/43/43c7dae8-1bbd-4556-af17-b75e9607f68c.json	176	142	1462898634	e2235e8cad0dfff5e42712a94e9e7e5b829ef11c0ed6eeefe0257d5dea085371	9557d4a7f7187830fc50eb4725eb0b4d	json	1	ok	__type__,content
assets/res/import/43/43cacac5-9751-4f81-adf6-ab7de18a4751.json	69	58	4036315769	2cfa940932b2c0a25916bdb6b9bd8b8ffa50ed3f8d1bd9b99376779a9d4d25ad	473a4b5edc3e0be7e3d2bb1522f9249a	json	1	ok	__type__,content
assets/res/import/43/43fc4751-334f-48b7-8d93-5ad83610ef36.json	180	151	79519609	c53f6b50b4ce82717cb399804c4a5dec3917a8b962749154224d5a1d407bad6a	608f2996b558b74c65c9ebc1f2e4d42d	json	1	ok	__type__,content
assets/res/import/43/43fd5620-aa5d-4e70-b785-287b539570ea.json	69	58	4036315769	2cfa940932b2c0a25916bdb6b9bd8b8ffa50ed3f8d1bd9b99376779a9d4d25ad	473a4b5edc3e0be7e3d2bb1522f9249a	json	1	ok	__type__,content
assets/res/import/44/44149801-fb58-4763-88a7-d8b758483926.json	191	158	3330263744	5c74fd9617a42a96ae57beecc44f6d93b67d08ec5fffd06a1ad74d7a3064092c	339365ec18685652c1ab8b1ef9a60d17	json	1	ok	__type__,content
assets/res/import/44/444a7f7e-7935-461b-9e05-7c128f2409ee.json	194	158	1712706718	0cdc653563fc0d6230b115e4bb023a7ae16bc473e462a2f4c90bfe011f95915e	fbb6d11ec80e059eec65c77b1eacda31	json	1	ok	__type__,content
assets/res/import/44/447f2c63-3a4b-428f-8f80-9248cb3e1474.json	175	140	2469592562	96383fe6a68020298206d14051a1ef030370b1e665eb8949e19df45c3938f950	7fe9695a091935a44d2990b2b7fd9a0a	json	1	ok	__type__,content
assets/res/import/44/44b90a42-715a-4bb0-9833-edfae698fde1.json	63	56	1371488825	be8ff221f8b838f9a7faec9c1249b8bfc8c94f8743e6218107c63e355b3dbd85	2f4592b3659c0e169ff817de62259291	json	1	ok	__type__,_name,_native
assets/res/import/44/44c325d8-e6cd-4a91-a0c3-388ee5e39839.json	181	151	155536801	51827920447e8479df6754a002ae96280f8c1bb71e7d955817554802e40ca9df	3d4442ca569ddd909da40f058062ee1a	json	1	ok	__type__,content
assets/res/import/44/44c6e595-87de-4ee2-84c6-fa8afcde3811.json	68	61	470590874	d75861a31e10224eacdb5fcc620df8fb495386600b6d8d620cc727b60886f83f	8d122265216eeda252180fdff86d7e89	json	1	ok	__type__,_name,_native
assets/res/import/44/44d32f87-df40-49ab-8774-0a1a3de21e52.json	37366	5079	4065418435	f7ed28891597b7b5fdcba4fcea7bb7ee265f36fe6ee3ce0735a41d3ce0d56f74	dfa90e30efb86640ee7f4f135409aed3	json	1	ok	list
assets/res/import/44/44d6993c-e856-4e9b-b990-b9fca0743831.json	181	146	3185744963	0a5a79501078fda5a3e1e832f89b8ff9857f1f8f706748faf6e0203998f1a349	91c4fc5aff8b93fa63024c4a847fe8a8	json	1	ok	__type__,content
assets/res/import/44/44eacd3d-4eb6-480f-b9d7-6d4faaaf9281.json	185	152	2825119254	c2b1a34612bcc1d1f94f57b822030fafc3c3b4afdd776a41cfff7b1ac29eba4a	78a1464a2f659557e3321ef4515d4db5	json	1	ok	__type__,content
assets/res/import/45/45065e04-fa0c-4419-9f85-22da7e661844.json	71	65	1563503539	19f2e909fd4a9fd609a5c2b791fea955e15e593c2d3fa794e5b04e1514e93968	3cad8ac3ff853ad2ef9ef153b30e7f47	json	1	ok	__type__,_name,_native
assets/res/import/45/454aa925-9171-4ef5-8f20-5f84473f8b2f.json	194	159	3798150729	bb221bde13b795e0873fa698745ae8766e9b2efed03d45dd2030846539abdb81	8b9d6a341cfa27a8d509ab2d9a95feb5	json	1	ok	__type__,content
assets/res/import/45/457bfd59-8c19-4479-b1f6-a4eea26e2c3e.json	189	153	2868585350	74a00c066412ffad257457a245ec618e9afe52c5f28bebce4fe1c35a167d0477	59d2cee32cf4ff9375eeb898c0e494e0	json	1	ok	__type__,content
assets/res/import/45/45a40421-dacb-4af7-a183-87b7d4bf3fc7.json	178	147	2775175730	6b503a871cf4d0121a050a45572d1ad553d85d5c5850039872fe8bcd6886f285	23c17d13448bf74477cfca2d347dd285	json	1	ok	__type__,content
assets/res/import/45/45d692ee-0055-4c49-9dee-3fcc0093f921.json	63	56	1371488825	be8ff221f8b838f9a7faec9c1249b8bfc8c94f8743e6218107c63e355b3dbd85	2f4592b3659c0e169ff817de62259291	json	1	ok	__type__,_name,_native
assets/res/import/46/466d4f9b-e5f4-4ea8-85d5-3c6e9a65658a.json	193	155	2074334876	156573d8a04440a2296d62d0b12e9c4ca8404ff24048b4d34503b571ab1334db	63eadaff286aee9996efc46c0108f4fe	json	1	ok	__type__,_name,_effectAsset,_techniqueData
assets/res/import/46/468352f5-0049-4e59-a80e-52492838485e.json	69	58	4036315769	2cfa940932b2c0a25916bdb6b9bd8b8ffa50ed3f8d1bd9b99376779a9d4d25ad	473a4b5edc3e0be7e3d2bb1522f9249a	json	1	ok	__type__,content
assets/res/import/46/46f5d64c-bd40-431c-9d0d-f14ad2058dda.json	63	56	1371488825	be8ff221f8b838f9a7faec9c1249b8bfc8c94f8743e6218107c63e355b3dbd85	2f4592b3659c0e169ff817de62259291	json	1	ok	__type__,_name,_native
assets/res/import/47/472019d8-81d8-431a-9657-2fde9ce65d88.json	69	58	4036315769	2cfa940932b2c0a25916bdb6b9bd8b8ffa50ed3f8d1bd9b99376779a9d4d25ad	473a4b5edc3e0be7e3d2bb1522f9249a	json	1	ok	__type__,content
assets/res/import/47/472c5537-46c3-44c7-baec-554adda449b9.json	180	144	1469789998	69d148b47ce70806da29b76939769f61f58c6fe369368ba934cc86180d9aeb5b	fc53f4bbddbcdfbed55d125fdaa3b9d1	json	1	ok	__type__,content
assets/res/import/47/472df5d3-35e7-4184-9e6c-7f41bee65ee3.json	169	135	1992325702	50dcca9074934e6ebbe46a2c802c240fce63bb9ea8a559d4e979ddcb069866c9	1217ac369a312bbb95e5ef2b6c8c791c	json	1	ok	__type__,content
assets/res/import/47/47833506-3c8d-4b18-9741-a719e88a9bf1.json	287879	25658	3836478337	0c15c12f3af7bdf50a97a92b32f5f7544ac37daeffd86680969dc8a2f827ae74	96947b842af62f944f7eaee76bbf8fbe	json	1	ok	list
assets/res/import/47/47927fd9-50a5-4740-8ee5-691d7227d68e.json	192	157	1451775207	0a255874d6929b7f71e2363020887938792d7379ee321d2cf535a46bf5af4205	6cba7a32badfc238565affaf96d13f90	json	1	ok	__type__,content
assets/res/import/47/47abb295-237b-4651-9631-1bb8fbf03fd1.json	23934	3293	1340535641	1a6377564f860d8e5ef303385372faff4ca58c470a031f43556609503d78d5ba	1446d31d3a3e38a4a7de787571d83ca8	json	1	ok	__type__,_name,_skeletonJson,_atlasText,textures,textureNames
assets/res/import/47/47b85904-4be7-4d81-9835-49beccaf38ef.json	24481	4743	803656320	fe79c1b52e0b00908f230367d43fec87581540b78d6eef252f6ce4d35756ab9a	1c5c3e54c3b855d6932024c3a8fd2c88	json	1	ok	__type__,_name,_skeletonJson,_atlasText,textures,textureNames
assets/res/import/47/47ba87e6-80ef-4e98-919c-5047aa13e9d2.json	6141	1045	1482950641	c572c40035a443f6caeb832217eec8fb1c379e804b347a763343d24450480aa2	33e411471e159de59d093564c2944464	json	1	ok	list
assets/res/import/47/47ec104d-ff71-4d24-a420-f1e66dfeb581.json	178	145	1930571834	0a7919eb72d66b540cd5ff1cddadbf1d5caca0531e9feba27c06adeff93ebbea	9d2c9e4544cbcc329a59b664b47a9a85	json	1	ok	__type__,content
assets/res/import/48/48320071-b8fe-426a-857a-f1b806d3174d.json	174	139	774042197	2177a878740e76cd489e5ba6e900e47eebe15011d36a94c27c5bb031bf53f1e4	77787af7ed2c563bf58064b2cda2fde3	json	1	ok	__type__,content
assets/res/import/48/486f3f93-84dc-4059-a49b-4d7dd3d36fd0.json	103068	10002	3665088840	c3e257e0326124ecdf76d7b9b932b0b856462acc2a7055a57e28d54eae792d2d	241b260416f01a69896e64dfd1f7c164	json	1	ok	list
assets/res/import/48/48b7b2a6-d8b6-4c6a-a951-fce5cbefe260.json	183	144	2078466564	096b7cd5250ea8632156ede8047f510263c3c43bfd01ff4c3e043755c552c267	bdddd673c8f498fdf4fa0b6ac84f9f02	json	1	ok	__type__,content
assets/res/import/48/48c29a9a-1668-4848-a262-419643ab9504.json	69	58	4036315769	2cfa940932b2c0a25916bdb6b9bd8b8ffa50ed3f8d1bd9b99376779a9d4d25ad	473a4b5edc3e0be7e3d2bb1522f9249a	json	1	ok	__type__,content
assets/res/import/48/48fbb45e-4c3d-48fa-9f58-036ebeb28531.json	187	155	124765598	d2e63c3b32ff9d0d64608edf6f99d8da81cb294cf1f2b6908711ee2bc825f432	dc94e1e38e24b019e8e01a1eeaab6fab	json	1	ok	__type__,content
assets/res/import/49/4920d172-2cbb-4013-8722-11456c209f11.json	69	58	4036315769	2cfa940932b2c0a25916bdb6b9bd8b8ffa50ed3f8d1bd9b99376779a9d4d25ad	473a4b5edc3e0be7e3d2bb1522f9249a	json	1	ok	__type__,content
assets/res/import/49/4938c469-f59b-484b-8a01-cc4da60c3658.json	63	57	1870639417	74cd2b8927cc79499a9aad461ae8aead155636e22d040b9563cc42422353b710	23fd8a085004b902bc919c280cd4ba70	json	1	ok	__type__,_name,_native
assets/res/import/49/4951d355-5d27-4517-a223-25d7dc362a65.json	583	343	3054930908	27a8ed229c3f112fc682bdef596e414dcc1068d956feed7545d5459292572391	f2e1dcca9f8d1d3c57d416540cc7600d	json	1	ok	__type__,_spriteFrames
assets/res/import/49/49583df7-8df6-4f77-a30d-9482b3f6a011.json	182	144	2812206509	f7f60fd8fa64d422e09675d29e45f4b2383295b2317efbbc4f750a2cd93f6077	c5e4e8f40a6d14cfd6e1a8cd4ad4e8b6	json	1	ok	__type__,content
assets/res/import/49/4979facc-983c-417e-8e90-e52f42424c6d.json	69	58	4036315769	2cfa940932b2c0a25916bdb6b9bd8b8ffa50ed3f8d1bd9b99376779a9d4d25ad	473a4b5edc3e0be7e3d2bb1522f9249a	json	1	ok	__type__,content
assets/res/import/49/49b59613-69af-4034-b44c-90f9cf7c91ba.json	69	58	4036315769	2cfa940932b2c0a25916bdb6b9bd8b8ffa50ed3f8d1bd9b99376779a9d4d25ad	473a4b5edc3e0be7e3d2bb1522f9249a	json	1	ok	__type__,content
assets/res/import/49/49c66c7f-9ad5-45ac-a97f-5a0603e87380.json	69	58	4036315769	2cfa940932b2c0a25916bdb6b9bd8b8ffa50ed3f8d1bd9b99376779a9d4d25ad	473a4b5edc3e0be7e3d2bb1522f9249a	json	1	ok	__type__,content
assets/res/import/49/49f2fb2e-b13c-4282-b84e-2c544dc9c1fd.json	183	149	2633794796	a3320c32a082caaf5d3ba92ae4a9e031dfe9d41f8284eada75b4ea8e9c4d302f	8588097fe128573d29ea352e3ab4fb25	json	1	ok	__type__,content
assets/res/import/4a/4a00d1a7-6e14-425d-a6ca-ef6183feb624.json	34266	3936	857527611	a872b287e15a98612c656f2e90fed8edcd43140bdc1b9035fd8670dff8af8743	001b76939f43ab669290841766c69e99	json	1	ok	list
assets/res/import/4a/4a04103f-6c93-4906-be61-1a9c314730ce.json	177	146	2276300907	7b404f9d79effe4ace2ea28925c9e217e2d8c190c512ddb26620b03c3a673e49	2a07da7978a85c2a2073bca58afd2d32	json	1	ok	__type__,content
assets/res/import/4a/4a20ef50-8466-45f9-8319-5cd082cb25ff.json	363	242	1111497906	d7edae30e0270fdb5ea7c820d2e25247233d67cda2d799dc974d0b0f78d14c05	a51538e030a43583cbace7088cd52c03	json	1	ok	__type__,_name,_spriteFrames
assets/res/import/4a/4a38a519-c170-4dd1-9bc1-41f80826a8c2.json	69	58	4036315769	2cfa940932b2c0a25916bdb6b9bd8b8ffa50ed3f8d1bd9b99376779a9d4d25ad	473a4b5edc3e0be7e3d2bb1522f9249a	json	1	ok	__type__,content
assets/res/import/4a/4a748328-38cf-4ff7-a5ef-ccf6d6b3f31b.json	181	150	894941814	9f373387c360458ae7c888fbd19dae1b0cfbaa15563b43fd3259a5c3ab22aa92	56969e2b3e65f05d29ed56ae33a78693	json	1	ok	__type__,content
assets/res/import/4a/4a815b49-87ac-4301-9615-1df216912804.json	194	156	3423187878	5b62fbfb9fd24824f4effc07b999c112cfb1a2ce83007d8e15108a52b22fe165	9f1e900f34ddc10dd806a3c96928639b	json	1	ok	__type__,content
assets/res/import/4a/4a92f282-7c7c-4d96-a561-55330ad46554.json	69	58	4036315769	2cfa940932b2c0a25916bdb6b9bd8b8ffa50ed3f8d1bd9b99376779a9d4d25ad	473a4b5edc3e0be7e3d2bb1522f9249a	json	1	ok	__type__,content
assets/res/import/4a/4ac35038-edd2-403c-99ec-f8b36ad5c8c3.json	179	148	1470479341	00d212f63649e52527ad2f89ab068673dd81f4f5102e03570e697228c4be68a5	18c79c10c276f214fbc72f940610c0b0	json	1	ok	__type__,content
assets/res/import/4a/4ac65d5e-58c7-4d4e-8761-8cb1caeef7b0.json	69	58	4036315769	2cfa940932b2c0a25916bdb6b9bd8b8ffa50ed3f8d1bd9b99376779a9d4d25ad	473a4b5edc3e0be7e3d2bb1522f9249a	json	1	ok	__type__,content
assets/res/import/4a/4af5faac-a043-49f7-975a-8a7accf70cb9.json	191	156	492180860	46a4536bc83449e5fdb79559292cebd7958c1509c0c612f7e5d31c63f503758f	e159486deddc29fd6672e7b85f5285f5	json	1	ok	__type__,content
assets/res/import/4b/4b07146a-40f1-4f5d-9680-c95df995167a.json	2653	864	2015883920	ec13de2221c7ae08955253e79603b5e9fd644d80efafa43d8f46d5ffe2b2cc8f	1cc1cba862f689f4e484065ad90530de	json	1	ok	list
assets/res/import/4b/4b2abc77-ff3c-4f1c-a0b1-86085ee19729.json	173	143	2055624701	649f2e0175f6255e90238714b1176a8938a14f2110900651ea7e4d6a94e6a4c4	d96fc3c6e76e2fd2be2e8867efccea5f	json	1	ok	__type__,content
assets/res/import/4b/4b59bd8e-165a-41bb-9863-aa12f69a36cc.json	178	150	2532824915	133d1e650eea3be9a2626558044933306d27aa06d1a4aeec5cd8dee54b1229f1	656e500daa7c3dd927b9829c516b3be1	json	1	ok	__type__,content
assets/res/import/4b/4b8a7547-042e-4881-bd0b-7a2f412c8eca.json	63	56	1371488825	be8ff221f8b838f9a7faec9c1249b8bfc8c94f8743e6218107c63e355b3dbd85	2f4592b3659c0e169ff817de62259291	json	1	ok	__type__,_name,_native
assets/res/import/4b/4bab67cb-18e6-4099-b840-355f0473f890.json	69	58	4036315769	2cfa940932b2c0a25916bdb6b9bd8b8ffa50ed3f8d1bd9b99376779a9d4d25ad	473a4b5edc3e0be7e3d2bb1522f9249a	json	1	ok	__type__,content
assets/res/import/4b/4bc7ebfc-8fb8-454b-ac46-4b83c3283341.json	190	154	3153672548	1550c5fdbfed272032626866bcd7c2d327131070e43a731406c5b9b757ab2fc0	f9860d5ebe60e82e1203d2066976517e	json	1	ok	__type__,content
assets/res/import/4b/4bdf5f6c-7109-4ea1-a56f-4658f9ecb2c0.json	968	456	2612343434	b0d2c4f4d6c70ec82242028c281643b8640a67e3a172aec579258f862b0f983a	d7b23525fc619e5c4db04e76934a9b7d	json	1	ok	__type__,_name,_skeletonJson,_atlasText,textures,textureNames
assets/res/import/4c/4c144aae-6777-45f0-b82f-9a7fc37eea20.json	3568	942	1977178939	6da74c1403ed0fab74f9f40758718256161721a85cff5cc0275f2ff531f29c46	7b08a55389acd91ceacccea8204bad61	json	1	ok	list
assets/res/import/4c/4c3e276c-3aff-4d8c-b1d1-2204b416b435.json	179	147	133768143	409b547d3da8cdec232e37bdb987d6e88f35d9266cd6e1decba5a020f9f3aee3	86ee519ab81debb09f736af5560d7a30	json	1	ok	__type__,content
assets/res/import/4c/4c7d1aa3-bc4f-43cb-9629-effcf565c4eb.json	69	58	4036315769	2cfa940932b2c0a25916bdb6b9bd8b8ffa50ed3f8d1bd9b99376779a9d4d25ad	473a4b5edc3e0be7e3d2bb1522f9249a	json	1	ok	__type__,content
assets/res/import/4c/4cb0fe7d-5e09-401b-b03d-84fc055cd10a.json	196	159	61544227	9f558ddf2e0de4b7fe5b90ec796c952b8d627ab9209f89ee540746ac7d121c88	07fe47f0c51ae225ee6d73ec2627ee11	json	1	ok	__type__,content
assets/res/import/4c/4cd8d927-6a13-4f72-84d5-af82dbcbcae7.json	63	56	1371488825	be8ff221f8b838f9a7faec9c1249b8bfc8c94f8743e6218107c63e355b3dbd85	2f4592b3659c0e169ff817de62259291	json	1	ok	__type__,_name,_native
assets/res/import/4c/4ce685e3-cd73-4e2c-90fd-f2997f89cd99.json	189	155	3338571387	0957559d997a1101e302a73d97ee58edbcb39ce31227049576e4f072a8e92e89	d8a18ccfcac21efa53638ebff4baf536	json	1	ok	__type__,content
assets/res/import/4c/4cf9832c-4951-4fac-b8f4-58efe15a4991.json	181	145	3765913652	b45b3367530027f13f8a7da97a9c34d687866700b3cd8f9a1ba0d96d5ecc2217	518256b636c0f46df039ae7198833cfc	json	1	ok	__type__,content
assets/res/import/4c/4cfc0f13-32d9-4248-850b-6f9bf513913b.json	179	143	585498378	0709f553229a460b12a1dd6bf96990aa562d5b59f9eb0110a09906f723e9f3b9	24a1aef8d135db2926f1527c39452507	json	1	ok	__type__,content
assets/res/import/4d/4d21d1ef-3bfd-4fc8-b8d2-725b0854b330.json	192	154	3915828875	262f91e9620e2a8933febd127b136c2806e2adde0f50dcf25d6ab589de3a7407	f931eb1a7d23cc82e622f7b2c0659599	json	1	ok	__type__,content
assets/res/import/4d/4d587df9-a3a7-4636-8831-76c0359fdf93.json	191	157	1455180187	23ef4aa8b35cbfdbb04beeaabf65eef620f321cb681ad6b8c18954d519707b79	34064a515672e6c99beef4eca351c04a	json	1	ok	__type__,content
assets/res/import/4d/4d78c994-b8c3-4562-af5a-ce23cc6352eb.json	6408	1566	437981788	feee702a2ed988064605779d5c611f8db03296afb4bf93fbc0d3413f12ecef68	75ed3232ca48873405a4602592b5528c	json	1	ok	list
assets/res/import/4d/4d8ec7b2-2bb0-4726-ab06-0cc4254086ec.json	177	139	647495135	26c55dfc651d6cca437e423631f33d956e60a2efec4feefa802b8e279e974ac4	3e0bc276748eb0e02a14da1624f11c1d	json	1	ok	__type__,content
assets/res/import/4d/4dc65880-70a8-4296-95d3-834902d89289.json	176	145	3885204318	53ae77a01e81541fb3ffa50a5c65187c86b7fad353b80442ca2caa855c3c6a4d	a63a21616c25014b38df3265318d59fa	json	1	ok	__type__,content
assets/res/import/4d/4df74926-d18f-42b0-bfb0-55d390611297.json	193	155	340055875	da9f6e36d8469983965b44dc8ab4521e5bcbf07c866c5fc9df7e630180a79b72	ac2a22299cc74edaf7cf3f597a6af015	json	1	ok	__type__,content
assets/res/import/4e/4e1c516f-4b51-4ff9-b19c-3535ad566ce8.json	69	58	4036315769	2cfa940932b2c0a25916bdb6b9bd8b8ffa50ed3f8d1bd9b99376779a9d4d25ad	473a4b5edc3e0be7e3d2bb1522f9249a	json	1	ok	__type__,content
assets/res/import/4e/4e439942-4fc8-403b-a395-c6815c2fc771.json	51800	6071	987928342	c53435f44bfbb441c5721461c94a50cceb2d9a12c4c47c00bd40d2b4b6692202	6cde1e36b2b574dc6726f2a7e9f99c2f	json	1	ok	list
assets/res/import/4e/4e593b44-26d8-4bb2-af1d-e59006a11135.json	69	58	4036315769	2cfa940932b2c0a25916bdb6b9bd8b8ffa50ed3f8d1bd9b99376779a9d4d25ad	473a4b5edc3e0be7e3d2bb1522f9249a	json	1	ok	__type__,content
assets/res/import/4e/4e812769-4aa6-4b21-b8d8-9392768dff9e.json	198	160	1917429218	afd7874a57694ba07a6034379926327dfbf977a962972480db0df640ee8e071b	c4c153d1e57ac9d26efc9d142c0df71e	json	1	ok	__type__,content
assets/res/import/4e/4e953485-1ec5-49b5-b457-6ba4edee19dd.json	63	56	1371488825	be8ff221f8b838f9a7faec9c1249b8bfc8c94f8743e6218107c63e355b3dbd85	2f4592b3659c0e169ff817de62259291	json	1	ok	__type__,_name,_native
assets/res/import/4e/4ea694b4-4c66-4433-8066-d1f26ce7ea14.json	10367	1750	648073288	60d5dabe31b2798a9b2f01040fdf5a509bea6f9e0bd86ddf8b092dd3e0d1c14d	4059f6dc386febe248258dfd5a9568a4	json	1	ok	list
assets/res/import/4e/4ebf3595-889a-4765-b85b-fdfbd8dc8806.json	58	52	855142724	e43633576edc1d246d10d3766059409516c768634f5b285fa4d0ce197abea07b	44c8e66abdf082ec44909e6d1173c8a3	json	1	ok	__type__,_name,_native
assets/res/import/4e/4ec3f81b-cc86-481c-8135-9d6a7bd12829.json	212	169	3296005276	e358c71c171d837af4609147638e3a96ad586e30b78451dd10d4546ae9fccfd1	224ab37e988633a7169e7fb55beed23b	json	1	ok	__type__,content
assets/res/import/4e/4ec57edc-3e71-4d3c-a6b4-b2bbba421861.json	1762	352	1854768132	b67ad80037591fb0c36048f5d58e6bbe5fc35f1107950811777fd320715f40de	ae56dbb8468e1ff06cebb71c3db0a058	json	1	ok	__type__,_name,spriteFrame,fontSize,_fntConfig
assets/res/import/4e/4ecf22b5-9dad-4813-a60c-80249ac98df7.json	176	142	3323543024	11894af8263a6dd62d0905cfb3c82df5ee8de538cd2bb26cacdfa6b1ee4a9e4a	0ddba5ff4d5fe780d3d67fc3992b2dd9	json	1	ok	__type__,content
assets/res/import/4e/4eda5d65-9f51-48aa-8eb2-8be29ed72fa0.json	169	137	3733734213	ba506be1b6b217bfd02a383871b73099bc74df980e083f29e323467d9ee7b112	5180734fc91ee3d02c66866c8c554f58	json	1	ok	__type__,content
assets/res/import/4f/4f3fe15b-cad6-4811-ae5b-9196a31b6473.json	181	147	2005564069	dbc1bc34bc418bd6ad420378ab4e63e1bd38c5abb6a2357b8f98fba2124c1923	309cc8bd6811b3c4da5922c905596d0f	json	1	ok	__type__,content
assets/res/import/4f/4f52bf0b-b341-4d2b-81dd-60ddea8e90ed.json	181	147	4170187305	2b821ababf8149013583a69ccb2ff3caf9f16656994039334ed8777475f4bd88	66b9cdb97e5eba7f9e60cfcfb976536c	json	1	ok	__type__,content
assets/res/import/4f/4f856bb2-60e9-4f66-bfee-f8bfcbfec0e4.json	187	154	3253128472	21293841ed247ba29eec427ac5c8ada39f4d59808cfe2e35c3d45bed00331d67	a92833fe5e2fce15e7c864ae268b1d51	json	1	ok	__type__,content
assets/res/import/4f/4f85b74d-fef5-4b10-916b-0f080051b1da.json	183	146	3277640784	3d260eccca0bc17d3ae1573b1461aa432a7bd9cd1ec4b121496575205c46a29c	050a0dc22b93da43de34728508802f27	json	1	ok	__type__,content
assets/res/import/4f/4f885b58-2918-43a6-b07a-68a37aecd53e.json	182	151	1647980648	b2594692aac3dbf72c40e1d3ca2d94167c487d7f68de01bfd9ba032ae9e39238	77c607a41399739c0171b27d9011cd41	json	1	ok	__type__,content
assets/res/import/4f/4fb6ff43-b90d-4c62-a5f5-2eda575c633e.json	194	159	2982416568	a4f95aca2487e6c817dfd6a4ff75143d1447b5fec04646fd6c230e2a3956e2c1	e5801a3abe0ca22cc324773117dab576	json	1	ok	__type__,content
assets/res/import/4f/4fdfa287-884a-4492-84b1-3920975b378c.json	185	145	2966181909	255826f29fa2f9e3b25ea3db50564bc4f544fa9db4b08088436d99feced9e284	47495c344916594aec3e383a9f40eaad	json	1	ok	__type__,content
assets/res/import/50/500e3a61-3b16-4acf-b463-8cc949689ed8.json	8051	1545	2756999754	eb71c6101e307b88c57ae3ab4dd2a24a62aa0cce1a962e959faab075f2cfb5e5	d4970d85233c4bfad414076c27b1ab01	json	1	ok	list
assets/res/import/50/502fcf61-e223-4113-b06a-490aa058b58e.json	63	56	1371488825	be8ff221f8b838f9a7faec9c1249b8bfc8c94f8743e6218107c63e355b3dbd85	2f4592b3659c0e169ff817de62259291	json	1	ok	__type__,_name,_native
assets/res/import/50/50486608-f15e-44d3-92cb-7ac4a4c376a3.json	63	56	1371488825	be8ff221f8b838f9a7faec9c1249b8bfc8c94f8743e6218107c63e355b3dbd85	2f4592b3659c0e169ff817de62259291	json	1	ok	__type__,_name,_native
assets/res/import/50/507b95e0-cbc2-4e63-8a53-9e19cebd164c.json	186	156	1868441091	5a68d52441ce1cd33734023b51bc5ad8ef07921671807a11b9d875611290b460	c83e501503b3212e56fde19f08f51420	json	1	ok	__type__,content
assets/res/import/50/5091b17e-c16e-4ee4-b07f-41a85c97e320.json	182	145	2996757959	4f1ccd513ee3f1d67c646460615c60558934b854d4e27c54deae96a5afc386bf	f6a8eb4d260d737e57f73e44f8be73de	json	1	ok	__type__,content
assets/res/import/50/50d1eaf4-0205-427c-8fb5-67f20c677fac.json	21860	3511	1291281097	b72f8b2f7ce96c01dc39f5e04455ee6685ed1f29d556ed21eec223e8e8bd705c	a8cb28e2009781810277b025d2ef14c8	json	1	ok	list
assets/res/import/50/50de9776-ed22-4044-87ee-dd33670609b9.json	59	53	1503919887	8c38f646c554ab37aeade5c4b07fbaac34d86b2a811ac3e8fd5703a4dfa683a5	099fb0542053e0bdf14aee8c871bae43	json	1	ok	__type__,_name,_native
assets/res/import/50/50fcfc5e-fa04-43f6-a530-518d7f06aa8a.json	69	58	4036315769	2cfa940932b2c0a25916bdb6b9bd8b8ffa50ed3f8d1bd9b99376779a9d4d25ad	473a4b5edc3e0be7e3d2bb1522f9249a	json	1	ok	__type__,content
assets/res/import/51/511ae428-52cd-4111-b42e-c35196835c1e.json	63	56	1371488825	be8ff221f8b838f9a7faec9c1249b8bfc8c94f8743e6218107c63e355b3dbd85	2f4592b3659c0e169ff817de62259291	json	1	ok	__type__,_name,_native
assets/res/import/51/51555e20-9f10-4ba6-848f-140f5df87c3b.json	63592	7985	3463963423	31d7a13fb9088a3ed1fde8b582a455789132e60cb9a840ed17b21fbedd865b08	b5e27f2fd123ee8da8d5107f8faac0b6	json	1	ok	list
assets/res/import/51/517a9f1c-fdca-4578-a80f-6913d87c196d.json	173	143	1260954058	fcfa4f3275fe9d7077df0b554f5fc937daf79005a93e0c81aefe67817ec774bd	dfa6f659810aa0430e83bf865af0cb40	json	1	ok	__type__,content
assets/res/import/51/519c422e-6ca2-422b-9482-4847e9b42983.json	63	56	1371488825	be8ff221f8b838f9a7faec9c1249b8bfc8c94f8743e6218107c63e355b3dbd85	2f4592b3659c0e169ff817de62259291	json	1	ok	__type__,_name,_native
assets/res/import/51/51a30f70-992b-40f0-8628-3a65bd838ee4.json	70810	8834	2572684364	3951c35381fbd9fe57a14842560f4d21f0fa806d5de8fe341807dc993ffd693f	26ce8b1aa89beabe513b437f4626ab4d	json	1	ok	list
assets/res/import/51/51be5191-1401-482b-a978-9ab443ea298e.json	9650	1085	3751749112	323ae468e5fd8a10c966b5af53af202971eac3db1a20d697dbcd3aedd540c391	f268694c1092b9bed17c8f6714f3466c	json	1	ok	__type__,_name,_skeletonJson,_atlasText,textures,textureNames
assets/res/import/52/5212d6d7-5d01-462a-b7dc-b304e2da0c22.json	63	56	1371488825	be8ff221f8b838f9a7faec9c1249b8bfc8c94f8743e6218107c63e355b3dbd85	2f4592b3659c0e169ff817de62259291	json	1	ok	__type__,_name,_native
assets/res/import/52/52293e15-fe4b-48af-8bba-f406595893cb.json	10803	1834	3321268331	33e6e57ce4650128d2e7d54d511ca6005f2141215899dba8f8d0f782cc06d3cf	a8ebad34b469afca428658951e85da1c	json	1	ok	list
assets/res/import/52/528f0212-c161-4522-8e4b-1236e387449b.json	190	154	2640187262	da8091c47978d4d9230a35ffe19b258ac02fe494a9574886fbc32a5dd22c7c23	0167f2b903bb4bad0b337fa4c544927e	json	1	ok	__type__,content
assets/res/import/52/52926d30-1f21-4ebb-acfa-77c90b9d93e8.json	5224	978	1992211841	33bfcfb6200f61dd6a4ef2d83e901a2dbdaa735a89733461bd0690591f2af787	a297283a503e810929ef76c07d224430	json	1	ok	list
assets/res/import/53/5327f946-61e7-40e6-b865-afc937a800e6.json	2427	692	2676973895	56fbcee9282066e59846520ca6206a8652c56e7f7232972a3c638fe8a74c2677	0135fce584600fd5f490f10a1b801142	json	1	ok	list
assets/res/import/53/53790e91-a357-4e92-bb9d-4aadfb060bf1.json	195	159	944608428	5689d82930c9f35e567a537b3a9dca2571c2d3426c979203fd4fb5fa7a74cf53	78ec2f5b465b84f18a101955ee64d97e	json	1	ok	__type__,content
assets/res/import/53/53eb90e8-f500-4731-8f9c-088ee022db9e.json	69	58	4036315769	2cfa940932b2c0a25916bdb6b9bd8b8ffa50ed3f8d1bd9b99376779a9d4d25ad	473a4b5edc3e0be7e3d2bb1522f9249a	json	1	ok	__type__,content
assets/res/import/54/5413147c-6a9e-443e-bd5a-848ba5d08ee8.json	169	138	11629156	02ebb84d13856b2dd61937d6ed53610a94f0692e01580fe3d87605c281e49532	67204fa5959b52351d066a7382c046d2	json	1	ok	__type__,content
assets/res/import/54/5426e444-3009-44e8-9a72-e2cffd551d17.json	586	322	562748324	b88184e906e9eb5f1d9c2c4691efc7b19dc5f3833e64be005b8912095e931643	6fb8d96fabe8d6855750cc8c2642ce16	json	1	ok	list
assets/res/import/54/5445c3be-37f7-40de-b29d-6fba2222e3e2.json	1335	305	1277018746	f9a609c7f54c494b025446c0f14fc41bcfabede9a93e75989d049786be340646	65f465c6c2e7441d072df7bf7307985d	json	1	ok	__type__,_name,spriteFrame,fontSize,_fntConfig
assets/res/import/54/5464965c-60aa-480d-8ff3-e8e97fbe405e.json	69	58	4036315769	2cfa940932b2c0a25916bdb6b9bd8b8ffa50ed3f8d1bd9b99376779a9d4d25ad	473a4b5edc3e0be7e3d2bb1522f9249a	json	1	ok	__type__,content
assets/res/import/54/549eda0b-9d18-466f-a727-8d5f8223828f.json	481	291	815859688	858464efa0904b400a61e105d3519ff7c945c103eb4545bdf3e4d04da2c6c54a	647e3e44e8beddc51ddaa76d4260576e	json	1	ok	__type__,_spriteFrames
assets/res/import/54/54e8a3bf-4941-4a10-95e8-425c71a5aa54.json	63	56	1371488825	be8ff221f8b838f9a7faec9c1249b8bfc8c94f8743e6218107c63e355b3dbd85	2f4592b3659c0e169ff817de62259291	json	1	ok	__type__,_name,_native
assets/res/import/54/54f08550-e62f-40d2-9fca-d139e100fb18.json	205	165	2784678679	6a2d2bb0017291a008469db81b9548e8f1ff52b0a34c4915ee17f4f4f1235de1	0bb6207991ec276cde7252ed9eb5ba13	json	1	ok	__type__,content
assets/res/import/55/55084c9a-a185-4537-a944-d49b47006b59.json	183	151	498922390	760556aef1f146524ae5abed2e2d89cb27b9407bd8f870d464ae9d3e178ea84f	56fec0e94399168703ab181a33bccb3f	json	1	ok	__type__,content
assets/res/import/55/553d50eb-1fb4-4ad7-a0ec-a6de68c82039.json	171	140	2398853356	a76e78b0b01f87f3cf96543ae8cee2f73f10371adcd63e2be39f84fc144257f4	4e5ca0a11fb61a95d50a5b6393365675	json	1	ok	__type__,content
assets/res/import/55/554f9a8f-4163-4630-8c73-0c9b8fe80a66.json	179	145	3138796517	722ece0d699a1b1cfdbf234323e0880c2660b71ab10f3d4f45e575d5b2840767	689fc4f03078c8a65fb74dcaab851525	json	1	ok	__type__,content
assets/res/import/55/5570e10e-1b79-4270-864b-68f347eda729.json	178	145	4037181948	99f5320a6ed383886aedf473be1ff4d97faa25a8fd71791d636c0b930e408ba4	f4e84837e0e86786f721db701319ec8c	json	1	ok	__type__,content
assets/res/import/55/55b17491-35f6-4252-926f-1adc34c8bad2.json	195	159	1054004601	16f009f0a94717b5a737a3bce7111fd3940ffb40b65e2c96f76b0fbec4aece96	56d9a55e03c255ed797ceb2151331fad	json	1	ok	__type__,content
assets/res/import/55/55b7baee-fba7-4104-b330-d7d5483cd18e.json	178	145	1852629948	380738ce82e23655ed678c1447fd8c0ca701ca987b2833bbcd86bd812e253f9e	4fbac5f7780df088ccbf91d512467c3e	json	1	ok	__type__,content
assets/res/import/55/55d33485-4167-4697-9d69-b7ba10bba40d.json	170	138	1556472124	483aac22e82bc0bbd9ec3054460bc6555056d8c347ca9d676b95c6a8e7dca757	bcf9acdf26c5f52b35eac3515323d7ff	json	1	ok	__type__,content
assets/res/import/55/55e1968d-5cbe-4a29-94b5-cc15ced3937a.json	192	157	1053296616	7f6436c2db18ee6c6122a0ccb7ef4e24e3184b4b839337e0ffdf14be3fe22386	dfa54289e6c9dd9cff2c814a67329776	json	1	ok	__type__,content
assets/res/import/55/55fe8c77-d469-4f61-a535-93986f10f601.json	198	164	3721576338	325ba9f280ba009e93b3a57bfa6c35ed1e02f099d2afb339278bbb3ca193c81d	e6583c7c1cd56be43a29a666af9d5c63	json	1	ok	__type__,content
assets/res/import/56/566ac4bc-5acf-40ff-a9f9-1bde9dd4a553.json	187	153	858885343	a888537202db182639ef127432f695700647772712f8a479dfa9f5c145cf7b2e	097a74cb617fbef527536b3ef58ece6e	json	1	ok	__type__,content
assets/res/import/56/567dcd80-8bf4-4535-8a5a-313f1caf078a.json	69	58	4036315769	2cfa940932b2c0a25916bdb6b9bd8b8ffa50ed3f8d1bd9b99376779a9d4d25ad	473a4b5edc3e0be7e3d2bb1522f9249a	json	1	ok	__type__,content
assets/res/import/56/56917ea7-50c6-423f-a55b-fb41d5398530.json	183	152	3505305053	3e890e1b4cb444ebc032079f5958262da5e2ae60373da621471544d5f504f751	731f7a2e7265bc7f06cb46553c12180e	json	1	ok	__type__,content
assets/res/import/56/56a27f4e-52e0-429b-a6ef-8d02b51842b1.json	184	148	86059553	33308abe7226ca76e50b18c0280d65d5faba6c218e51597c3fee23146aaaabda	cb93e3feff75541ea7c8a7bc9fe9a300	json	1	ok	__type__,content
assets/res/import/57/57454a56-f290-4f5f-a1cf-325935bd9e3f.json	63	56	1371488825	be8ff221f8b838f9a7faec9c1249b8bfc8c94f8743e6218107c63e355b3dbd85	2f4592b3659c0e169ff817de62259291	json	1	ok	__type__,_name,_native
assets/res/import/57/574d8e0d-b239-4a96-8e79-d8ded4b20bc4.json	191	154	3197453136	5dc742a25d212b049cd1d446a5295866898a95af6abdef08a2b9e869e9e958c9	5ff77c931eb1231d988c56a69f0915fd	json	1	ok	__type__,content
assets/res/import/57/57563cda-780a-4acf-aa83-1f4fd9c30a96.json	69	58	4036315769	2cfa940932b2c0a25916bdb6b9bd8b8ffa50ed3f8d1bd9b99376779a9d4d25ad	473a4b5edc3e0be7e3d2bb1522f9249a	json	1	ok	__type__,content
assets/res/import/57/57666c1d-bcc9-465e-bd90-129bcccd42ba.json	182	151	4112816142	318e2249b7d80c95532fa35aad5d8e84130b026ab45d4d194419e90bfd3f6779	cc6c16d537cde49e906d54fa25266b36	json	1	ok	__type__,content
assets/res/import/57/579b1d97-849f-41c1-97f5-5984ead2a6ca.json	170	132	2222154574	d3491b4806052569be6af1ee7917f8c203db483fb8839d6d6c6af3baae539190	77963ec5a6a2704baa0cb99b9c60fdf5	json	1	ok	__type__,content
assets/res/import/57/57a25e79-72ea-46df-b870-a8c834fb7c7d.json	63	56	1371488825	be8ff221f8b838f9a7faec9c1249b8bfc8c94f8743e6218107c63e355b3dbd85	2f4592b3659c0e169ff817de62259291	json	1	ok	__type__,_name,_native
assets/res/import/57/57c0fb2c-54ee-455c-b6c0-ea26fb056578.json	69	58	4036315769	2cfa940932b2c0a25916bdb6b9bd8b8ffa50ed3f8d1bd9b99376779a9d4d25ad	473a4b5edc3e0be7e3d2bb1522f9249a	json	1	ok	__type__,content
assets/res/import/57/57d19116-29d3-4476-b746-5d5ad43a216c.json	182	150	1139492085	babe3741d3369b5c192b8d51d5e17e2f3de7b27808a9d5926bf867f680389c9e	0ff327ec065b635aed82829c20d670a8	json	1	ok	__type__,content
assets/res/import/57/57fce1a7-2151-4ec5-ae9e-c7a5c1168100.json	69	58	4036315769	2cfa940932b2c0a25916bdb6b9bd8b8ffa50ed3f8d1bd9b99376779a9d4d25ad	473a4b5edc3e0be7e3d2bb1522f9249a	json	1	ok	__type__,content
assets/res/import/58/580ed5da-d1f0-4e38-be9c-27786939c46a.json	63	56	1371488825	be8ff221f8b838f9a7faec9c1249b8bfc8c94f8743e6218107c63e355b3dbd85	2f4592b3659c0e169ff817de62259291	json	1	ok	__type__,_name,_native
assets/res/import/58/58137d44-4364-499c-a088-9f31df93ad4f.json	186	154	394888865	98c450d9ecc32ba3eea1f50ac9d720288bddf790380b8a352d1bbbcb31a88530	fa005faccb19e8134ad2b9cffc0ba722	json	1	ok	__type__,content
assets/res/import/58/5814bc6c-30c2-4700-b38d-47c67eb68005.json	173	140	3747201668	bc9a401a2ed8f02137b022b3e29457b318ee12c246dd4fcaa38fd96fc323d13a	aeae50a4c575cb35d238dc8c8fb98210	json	1	ok	__type__,content
assets/res/import/58/58c8d359-c132-41bc-8123-3121448277aa.json	69	62	2445876558	85686a4dae1cc497adf89b0abed8238ae084c11c19920d68341ddabcbcd96f4c	27497e92ba9ba9a45c8671d613e08809	json	1	ok	__type__,_name,_native
assets/res/import/59/591b8c2f-927b-4f3f-ade7-5e592c737fa7.json	2275	697	3237867962	119c051e53e4d3ca8635f4661eacccacd61d42e5b0306dea5c8f43b4d7a641a1	d5f165dd6edaf276174705ff790c88cf	json	1	ok	__type__,_name,_skeletonJson,_atlasText,textures,textureNames
assets/res/import/59/592ef295-f7cd-4b1e-9933-ed3b52f24f69.json	185	151	2471198768	c6cded18ce8e134cd528409e4e20d5f5a6d9ab281c14256e6b350c2ec819276f	7608ee4d92aa21a142acb824dc8c0c98	json	1	ok	__type__,content
assets/res/import/59/59ad4502-480c-4182-884f-0132ac2df366.json	181	151	90675922	a27d7a921fd66f3b5e7a6af7302b770c69c89248f727f3ea35336c301169e86c	41f69d8f21a9cc456561cda63859b48f	json	1	ok	__type__,content
assets/res/import/59/59bcda78-891b-45ec-80a9-4d7869ee3b79.json	23302	3520	3268686417	fc46191caa3622a25d86c46cc37e06f411cbcc67b77f4c566e321b4e181cecd5	b2b6b73d647eea13d0803b08e40f6fe1	json	1	ok	list
assets/res/import/59/59da073f-8325-4281-b96a-467ecf7842a5.json	167	133	851967044	883948d89c07cfce1f767dbe6eae6fe1bb0535464102eacc2a218e22ca88772a	b67a1cb0dfd7f3b652afa058a543194a	json	1	ok	__type__,content
assets/res/import/59/59e5e8e4-4259-4580-99d7-1dca9a4baa0a.json	180	148	1468125491	cfb7c280d1068116ad2052f7a76f8df35d17541a83c80cb512ea96a586c63855	71c610b0e0456197fd4073ea0201aed9	json	1	ok	__type__,content
assets/res/import/5a/5a26085e-62a9-4f33-8bdf-413ca1bb4e14.json	63	56	1371488825	be8ff221f8b838f9a7faec9c1249b8bfc8c94f8743e6218107c63e355b3dbd85	2f4592b3659c0e169ff817de62259291	json	1	ok	__type__,_name,_native
assets/res/import/5a/5a32396b-fd0e-421d-8949-87d2fcaa0bf8.json	186	147	190392672	30ee5745ddd8ca569b93bf86d925149563106a35496d7f303177e2625fb284ab	c8a471f5e25c507cda90235ceade159e	json	1	ok	__type__,content
assets/res/import/5a/5a5fda75-a532-40c4-9ffc-2f7d26596c84.json	63	56	1371488825	be8ff221f8b838f9a7faec9c1249b8bfc8c94f8743e6218107c63e355b3dbd85	2f4592b3659c0e169ff817de62259291	json	1	ok	__type__,_name,_native
assets/res/import/5a/5a90d4ff-b726-4d02-938a-a9c6d391fb39.json	1668	354	1359445286	77ff36ca51d65eb6339faed9d6e17c8d3bac50b2d075fdded3e56f8aeb98633c	cf52253616873baf514132bf0bdbdca0	json	1	ok	__type__,_name,spriteFrame,fontSize,_fntConfig
assets/res/import/5b/5b028f3e-f925-4650-9936-1e89cf7dd6a2.json	161	132	379267963	8b251ec7e3801141d41645557d338e35dfb32319df598c0891889192f18fce48	4772d1bfd40e0650e9212aada6f20b97	json	1	ok	__type__,content
assets/res/import/5b/5b2c6d7e-eed9-44f0-9d90-fac4eb445101.json	60	54	3897694829	649e85ada5b96e021ec9c316e63f42ab1315e80ad632564c7890ea2b2c0d9687	a157bf6300312fd165aed9b3e7fadbdc	json	1	ok	__type__,_name,_native
assets/res/import/5b/5b6f51bd-6a55-426a-9c4f-1e589b20e210.json	193	157	215468728	7a751df6564581feea79fbcfb893d26027dace5489c87e68e8f932402efbd076	e2ffa8fbfb28487aa0b14a2bee094c08	json	1	ok	__type__,content
assets/res/import/5b/5b7a8ec5-711a-4d40-8180-2e2f12ea58fd.json	179	145	3632702312	a01fa4d73037ad2c5ed9816457a9b723532f44d5dd31fb8eaa1fa2c044fe92ef	cc818070b30beb8964c1a3e9a9a9cafb	json	1	ok	__type__,content
assets/res/import/5b/5ba67114-af07-4c3d-82f8-1fcfafdb1aa4.json	59	53	1300904816	d28486a443e6626b67c6274894a9549c51cb98cd6f27a8ab96ad1aad8a217c0d	508f699d1ced77511f3a489a92d05e98	json	1	ok	__type__,_name,_native
assets/res/import/5b/5bb279fe-c5d7-41f8-a1e3-08dc3185ab16.json	69	62	4021116125	75f3de8b0239ec26b61f76151da7693001bc7d1393aec4065a3f1f5968dba412	314c3a0a465bd88a04c46fdb595fb31f	json	1	ok	__type__,_name,_native
assets/res/import/5b/5be3ce06-5f6e-4046-9b54-6ae2748653f2.json	189	156	598986506	bdba3e4de0a32546ff961fcf0fdbc334ff1c92305fc2b05b3bba0b6a1313cea5	1298062e9ad36ae9003496444564d5c9	json	1	ok	__type__,content
assets/res/import/5c/5c1d0ce8-d60e-4a18-bab6-f931c24414ee.json	184	152	525569190	0ce0f9d8ae051603498e2a617d583c1399a99d730657c7f12eca9e660f8b2c29	8589e9a38ed6eb4c172dc8ad243d7ab0	json	1	ok	__type__,content
assets/res/import/5c/5c2b8b6e-b5be-4d8b-9e21-5f3441f33496.json	173	141	576884197	a5aae65d9c346329abd5ba744380ddfe94e094ef0fbc8eda7568294d4d223665	9ca467696779566a6340db1f407cd313	json	1	ok	__type__,content
assets/res/import/5c/5c3bb932-6c3c-468f-88a9-c8c61d458641.json	193	154	4101561033	2c8090cd4c3da7e8b08f8f60b6b1510f9ff13bb4714b7d6050a22b69b5a2253e	95d31bb94f2be8567a8f5a1490626ba9	json	1	ok	__type__,content
assets/res/import/5c/5c7fa4ee-3373-4f65-99af-b1ff82aae31e.json	69	58	4036315769	2cfa940932b2c0a25916bdb6b9bd8b8ffa50ed3f8d1bd9b99376779a9d4d25ad	473a4b5edc3e0be7e3d2bb1522f9249a	json	1	ok	__type__,content
assets/res/import/5c/5c951800-3877-4df8-96d1-e1ec7db9f46d.json	148	125	3699684198	5eeb47e274253f8edfc47cdfea6c8c38a8935b83ba4fbf07a040930d1ddffb50	48efce19f837770ebd2ca4259733e787	json	1	ok	__type__,_name,_effectAsset,_techniqueData
assets/res/import/5c/5c9e8c5b-1154-4988-bb1d-7185035290c4.json	174	146	284353180	edadb6c471490df7b8e5761116682ce8ef094b68a3e95f5bd82503c43fbb6d71	cf7b0c5fefe45a847ff1076b1902b10c	json	1	ok	__type__,content
assets/res/import/5c/5cc0357c-5c54-4861-97d7-d93620f20db7.json	178	149	1522550352	e060edbfd5ff15c8a6ae3b2ca538d05e68d23d73f6f68bf08fdb0ed4dc006d91	27b919bd5b81d0206eef9741ca86ae3d	json	1	ok	__type__,content
assets/res/import/5c/5ccb5faf-0f18-4de6-bab3-50f2896c385d.json	181	149	1157650294	366dfd423fd56715807b6088ab2851ff80102336b67cbb93b8901158a33078da	193cc3c6c6ba8f1a60605252b76ac701	json	1	ok	__type__,content
assets/res/import/5c/5ccca336-2121-4b3e-bee8-324d87a6f091.json	69	58	4036315769	2cfa940932b2c0a25916bdb6b9bd8b8ffa50ed3f8d1bd9b99376779a9d4d25ad	473a4b5edc3e0be7e3d2bb1522f9249a	json	1	ok	__type__,content
assets/res/import/5c/5ce7825b-16d3-4d16-b7b8-f53344b64e04.json	63	57	364036587	2f51fca390a6a2ad8c0f9cd60244e179de2a0b614cbf390ebebd3705173c4d36	4e653c2b49cbe1df31aae1fe0e973401	json	1	ok	__type__,_name,_native
assets/res/import/5d/5d3258de-0e1f-46a1-82b7-b01753e0403c.json	195	160	4044188485	1e6c0911d4391107e29004f5fc76c860dc17391c7b59095a46a5da6674932b12	08523621d25929f79caa43a7c407a150	json	1	ok	__type__,content
assets/res/import/5d/5d4b0c7f-8d6e-412e-849d-2336be3425ff.json	177	142	1046669359	a5aea8167ecd92ac05ca505f55c484d9ea5b816ded86472f9048f3397d6a6295	f06ddae8efda3871b7a6bd28fae5f78b	json	1	ok	__type__,content
assets/res/import/5d/5d5de766-104a-4607-8e7d-25229adc6117.json	167	139	880886080	b5f3a4cb22c9d5802b6614235cd8cf3035853f1154417684a2ef0613a0011648	b85ab7148500fac909c30debb7aa40b3	json	1	ok	__type__,content
assets/res/import/5d/5d76c37e-28e8-4f6f-98d1-7ca19a420a8e.json	180	142	2671647301	eee780f7967e0364b3e11846c342e1572376643ed53f125e7a6ce0b2f60b355c	5030164bc49c699877793abf62896295	json	1	ok	__type__,content
assets/res/import/5d/5d9b8e0c-3c7d-4904-9c99-3cc37f4ec99e.json	481	292	793686425	7e2b8c2f9357ad545e342012b6cb91f7a24bedb219997bf6687f5b3b46eb68fa	afd7f42582a08105f4186b27f0f462d2	json	1	ok	__type__,_spriteFrames
assets/res/import/5d/5d9c627f-a041-4179-9897-f1e5df8b1820.json	182	153	1234708789	4c240748300dbeb64b09387a118c889e28a594e9c891e5c307453b0743c3026c	aea6b909e6f168de361ab2882a9d0466	json	1	ok	__type__,content
assets/res/import/5d/5dab0d81-a48e-47f0-8f2f-7d396ab2554e.json	193	158	1321529088	3c77ff2ee527e3752bfda210e833f2b740dc97fd7b34a73363426fc397df9049	45a115f384a382de6cf48e010c802ed2	json	1	ok	__type__,content
assets/res/import/5d/5dd1ecd7-648a-44fa-a1ef-d794a868e652.json	191	160	1579941640	a111ddd31223b8cc8671bbafb875db9b56383b9c05ef730ca8ed29a9500bb24d	4856b0d4a7ed66de27e6cbeb46d6479e	json	1	ok	__type__,content
assets/res/import/5e/5e110549-e287-4182-bcdc-804898bd2f99.json	69	58	4036315769	2cfa940932b2c0a25916bdb6b9bd8b8ffa50ed3f8d1bd9b99376779a9d4d25ad	473a4b5edc3e0be7e3d2bb1522f9249a	json	1	ok	__type__,content
assets/res/import/5e/5e1544ca-693a-4dea-881b-a8d2efe24ff6.json	10252	1899	1691488007	978339a847306d94b9ff24ddd6fe5d8b76e57488194667109ba801c592c53810	cf26c65fe4ab811e1258bfa9469b28f6	json	1	ok	__type__,_name,_skeletonJson,_atlasText,textures,textureNames
assets/res/import/5e/5e3307e2-511c-4d1a-906c-b6faf1170498.json	63	56	1371488825	be8ff221f8b838f9a7faec9c1249b8bfc8c94f8743e6218107c63e355b3dbd85	2f4592b3659c0e169ff817de62259291	json	1	ok	__type__,_name,_native
assets/res/import/5e/5e52572c-ecca-4abc-ab54-12d82c00df7f.json	164	133	3905670087	8d93909dfba36e15413e9e77ff7193b573793797c0950467204df3d7896080a7	2c94e9e414e2881bcd66cc527d2a0b1f	json	1	ok	__type__,content
assets/res/import/5e/5e7a85c2-b414-485d-8af9-a4c405a3aa27.json	975	350	1956888947	fb7870770bea79f01df6c8a55843b7d798822669be42064f2bc2f7adb4aa6a38	ebd1696b8d8acb6dc6e94821a6bcb025	json	1	ok	list
assets/res/import/5e/5e7f8d01-3092-4e19-b3f3-cd7ae8030b65.json	3058	888	3672305741	a815ecece115bedc507b9b16980f233316ba75188e41dbcb6809cdf7b94af157	ea52613af6c210b30859a92b936026ef	json	1	ok	list
assets/res/import/5e/5ea744c5-ebb8-41cb-a716-06ec24cc72db.json	176	146	3883814811	860954527bda00312101d477bfe1601c5f7ba0580a02230aeb74bd39e946c885	54c540f656c76d996533c7abf76cd5fa	json	1	ok	__type__,content
assets/res/import/5e/5eb2e997-11d0-4016-a2f7-40b4d29d3a41.json	63	56	1371488825	be8ff221f8b838f9a7faec9c1249b8bfc8c94f8743e6218107c63e355b3dbd85	2f4592b3659c0e169ff817de62259291	json	1	ok	__type__,_name,_native
assets/res/import/5e/5eec1634-3ec5-407f-8778-7c13718af531.json	67580	8126	3152102151	241fdf0695dc22a35cfe5ffb476319e6b11eae7e0a1d43cc44a5534aad391663	525af210949afe41e34f465249091dc2	json	1	ok	list
assets/res/import/5f/5f5a4b36-04e0-4829-b179-7af0ae8ff87a.json	177	139	1715583915	83eb7332d0c650cbb3e0379c1b5bfd561f99f1b6d6731392e735ae0c007cc595	8fec629a756f9754caa0baac3e708a42	json	1	ok	__type__,content
assets/res/import/5f/5fb09408-952a-4d2c-98f2-c0b3328e55d5.json	178	148	2270909754	8c9dc47d2f5313214e214aa26edec390ec388c40a29ccadeeea6d413ef9189ab	d7e29b39d00b8df036cdaf90ed52856f	json	1	ok	__type__,content
assets/res/import/5f/5fe5dcaa-b513-4dc5-a166-573627b3a159.json	196	159	1386442846	d0144ab3bac48c95ddf9bcb41c1fd41a7b3bd2a79003df178b36f181ab1b09cb	8766fecfd368e8bbd80a677b18d28387	json	1	ok	__type__,content
assets/res/import/5f/5ff9e59c-80ca-417e-9a8e-4d34582a6c88.json	183	143	4121592780	75e508c451b34cb3b47f99e63a94f302f97b8f364de43ca604c79db3ab2bf18c	ed4c308e161effbebab547046ecff274	json	1	ok	__type__,content
assets/res/import/60/600301aa-3357-4a10-b086-84f011fa32ba.json	69	60	1461726202	53100dfe6627ed6afabdede601591c629e6521a3eecf0d0ca85313cc66d8396b	ab60309f63b13fa220c5bb7f22168173	json	1	ok	__type__,content
assets/res/import/60/6089e8ff-9a1d-4f9d-bade-d737baa01a64.json	177	147	1981277566	d27b41553d85b9dceea4b26767c201f5a371e070cd99cc39e77ab4141006457a	2666a86167b0d4e47ab01b7b339b416f	json	1	ok	__type__,content
assets/res/import/61/61090960-122b-4773-9b4b-401ea4fb523b.json	179	153	852654772	594ae4a49d4825d5295f4d6dc3d48b3a4b9f5ed99f680c764224a98ebf6603c8	8bbe493af33232793d6fc9d941532193	json	1	ok	__type__,content
assets/res/import/61/61334a3d-88e8-4dd3-900c-2843d4cd7871.json	63	56	1371488825	be8ff221f8b838f9a7faec9c1249b8bfc8c94f8743e6218107c63e355b3dbd85	2f4592b3659c0e169ff817de62259291	json	1	ok	__type__,_name,_native
assets/res/import/61/617323dd-11f4-4dd3-8eec-0caf6b3b45b9.json	69	58	4036315769	2cfa940932b2c0a25916bdb6b9bd8b8ffa50ed3f8d1bd9b99376779a9d4d25ad	473a4b5edc3e0be7e3d2bb1522f9249a	json	1	ok	__type__,content
assets/res/import/61/61e61a98-1daf-4b58-a059-28c19495f119.json	185	150	1131528282	8d83db0a3fb0e2e3766390cb8aa7d69d19a10380fa6b6287aa32a4df2122e0c5	f74651a1fed249418fe51fec3a433106	json	1	ok	__type__,content
assets/res/import/62/62689c19-ccfa-4711-90f3-29456bad4c04.json	1627	637	2776170753	b386140bd5e0b9cd3fae4454e234908b1bdfb26089da5b0ab8cc0f4bb9c82240	07011e1c5553f8900235cf81d06251d5	json	1	ok	__type__,_name,_skeletonJson,_atlasText,textures,textureNames
assets/res/import/62/626eb18e-c6a5-48ac-a682-e629bc6537bb.json	69	58	4036315769	2cfa940932b2c0a25916bdb6b9bd8b8ffa50ed3f8d1bd9b99376779a9d4d25ad	473a4b5edc3e0be7e3d2bb1522f9249a	json	1	ok	__type__,content
assets/res/import/62/627a529c-5954-4a93-bd0c-286832080ab9.json	179	151	2029579097	d82684973c2af04679b6e32206a9957ac846f08148afa1eb72a405828351f8c7	5ed849f43662de2bcee69bf1af6b4e49	json	1	ok	__type__,content
assets/res/import/62/628d58ad-1770-47c8-b23e-555e1a850e14.json	63	56	1371488825	be8ff221f8b838f9a7faec9c1249b8bfc8c94f8743e6218107c63e355b3dbd85	2f4592b3659c0e169ff817de62259291	json	1	ok	__type__,_name,_native
assets/res/import/62/62c3c14b-751f-48ed-aa71-3ce1c9c743a3.json	1339	719	2585106705	71bee377500e803ea3fa45be63c5f7355f018a8b5856d15733dee6ba5056a364	df8ac17f7dc3a336e7c4ff48525d89d9	json	1	ok	__type__,_name,_spriteFrames
assets/res/import/62/62d471a5-1320-4a57-806a-d0237e7f84d6.json	69	58	4036315769	2cfa940932b2c0a25916bdb6b9bd8b8ffa50ed3f8d1bd9b99376779a9d4d25ad	473a4b5edc3e0be7e3d2bb1522f9249a	json	1	ok	__type__,content
assets/res/import/62/62ee5be5-2415-4cd2-819a-fc49a198a7f6.json	165	133	2731352092	7dcbc41fca2fe61e424a07152187020b9c78d89e28ce9e01b477ac1348cf9e13	9c4c93f2e8990e3ae1ba04671c486e6e	json	1	ok	__type__,content
assets/res/import/63/632a58d1-7a8c-4a00-9977-e19dd00dcac3.json	132254	10751	668335785	f6a5054f32572ef55f67cd1c9746209b84fa86d9d73725857772f449934f00fe	3151f28e1bfc0b3f4453d6bbf19c9eb3	json	1	ok	__type__,_name,_skeletonJson,_atlasText,textures,textureNames
assets/res/import/63/6341f789-0c23-44e7-b812-4619daabaf00.json	176	145	1372619323	bd606ba4d7d26e57d30322f8475bb0baed72db32d60fbb0913b4f1150bb124ba	3c68ce908ec398f47860ed4407ae418a	json	1	ok	__type__,content
assets/res/import/63/637c7230-9012-4ec1-89e4-8f4f41082f07.json	63	56	1371488825	be8ff221f8b838f9a7faec9c1249b8bfc8c94f8743e6218107c63e355b3dbd85	2f4592b3659c0e169ff817de62259291	json	1	ok	__type__,_name,_native
assets/res/import/63/63d5d870-ca46-40b8-8155-1221efd399c0.json	58	52	274043689	345a353101b92cc03e0f97761c4c664255bfeab8e9da8fca1d0cb38e89488a7a	bac6e7d4ff9d34237bfac253a83b5a17	json	1	ok	__type__,_name,_native
assets/res/import/64/64241f9c-066d-4906-87f4-e99fb60afdf6.json	169	136	2292224308	c1e6f3ac1c7967be89b687bf9960e9d1ccc4b37a85632b00a52cf1eb004b9220	9417512dc94bb8f31d38920b98d77b3d	json	1	ok	__type__,content
assets/res/import/64/64249ffa-5032-455c-bc96-126739ab9776.json	28931	4670	1771905186	5ab1a7dbc35049f956ccdab140d329b50616768e60b449ca696c4a8fe5dff7c5	1340b04dc9bec0d71aef7479fd5e8eeb	json	1	ok	list
assets/res/import/64/643d0e4e-cbe9-4683-a076-db92ec3df6ea.json	7617	1586	459905188	cdaaa2bf073bbef19b6f2ea6858f26d44bd6eaddcc38131da160e7abfd79f762	a980e2ad00a8afb889a3ecb37a52284a	json	1	ok	list
assets/res/import/64/6449a4c3-437a-4112-aa33-3af54c37fdc7.json	182	144	1869146105	8133d10fa6ecab9cd5a71d0965badeba035ae1aceac3fc70b5d7dc277eebda0f	6962b1ed89da4fed493c9f5471b4d349	json	1	ok	__type__,content
assets/res/import/64/64563743-a04a-4471-b800-0cb0a167105d.json	182	150	1498674366	b80f411d6c2792bbdf31e734c82b00a035d9958a7673cd6eb0cc2cac46f14982	2bbbc7ed8f83fb5fecbe189455ce4373	json	1	ok	__type__,content
assets/res/import/64/648a1be1-29db-4f7a-9734-3059fffda013.json	69	58	4036315769	2cfa940932b2c0a25916bdb6b9bd8b8ffa50ed3f8d1bd9b99376779a9d4d25ad	473a4b5edc3e0be7e3d2bb1522f9249a	json	1	ok	__type__,content
assets/res/import/64/648ea9b2-5a19-4c77-9442-0f1ad5ca75d7.json	176	143	572393913	596fcc6611fffb5bd37218b0d6c80b88fdce36f27cb695f3bf48012a941621a4	a3602156f677b62cc3f7b80a253eca7a	json	1	ok	__type__,content
assets/res/import/64/64cf9ed9-01d6-481e-9ef8-49f1277dc4a8.json	63	56	1371488825	be8ff221f8b838f9a7faec9c1249b8bfc8c94f8743e6218107c63e355b3dbd85	2f4592b3659c0e169ff817de62259291	json	1	ok	__type__,_name,_native
assets/res/import/65/650484dc-8cb7-463d-8dc3-684e58b8aaeb.json	175	145	3463850949	c16186be23deed9b78f4631bfd68903ecabc960b30e57721b6de0c7848cff202	363894f263eb147dab21befe201faa54	json	1	ok	__type__,content
assets/res/import/65/653484aa-9670-4d91-848b-333b455f7f36.json	184	148	1840307867	cd12bdaa87b7e220caa33ac7b1492c2ad8c87a5d0205637edd732a17b3c0e355	3eb833b4124f76b2ebaaa60bdbb46735	json	1	ok	__type__,content
assets/res/import/65/654c283a-6584-4f13-915e-234c23978912.json	69	58	4036315769	2cfa940932b2c0a25916bdb6b9bd8b8ffa50ed3f8d1bd9b99376779a9d4d25ad	473a4b5edc3e0be7e3d2bb1522f9249a	json	1	ok	__type__,content
assets/res/import/65/65bb4970-4669-40fb-86f0-dfada296515b.json	179	142	1409892243	102325a07a14ac6b6015b8664f2e01a9835bc76dfbc2d74b4711b25db710ac0c	436642bcbd15e00c1d2f7065352f983a	json	1	ok	__type__,content
assets/res/import/65/65d6195c-7ce1-430c-8bbe-076bac047627.json	179	148	245832491	fe134b423903dba25a2be44dcbecd4076e1a3f8c3aefb47a9fac3b53bbf18e8a	79aa0d923676682899975965776e613f	json	1	ok	__type__,content
assets/res/import/65/65ef0d7d-0444-4e2f-ac7c-babacf468389.json	195	160	3546881751	3096a60762ab0fff10b880946eae764e6cbeaa8f92e371d10983e8d6eea76227	7d0c8dd803039adc337b44f135fe6711	json	1	ok	__type__,content
assets/res/import/66/6603bd0f-6ce2-4a62-b993-ab545f3ed9d6.json	2628	932	3432343535	4ad0f55dbf76ac0f4493a5beaa6c655b195c7f627040ec91613c0b40296e7533	ae0c74ea65924ee48d33276a0ef9caea	json	1	ok	__type__,_name,_skeletonJson,_atlasText,textures,textureNames
assets/res/import/66/66666014-a937-4a60-87b0-b81673c6c2d7.json	171	146	3898170573	2b706841e92b831131917ffad5d4633fa926e41f53611215d6eb7938e57af631	82fafaa504648de7cebc165099733aed	json	1	ok	__type__,content
assets/res/import/66/666bb002-cdc3-41c4-beb9-91f05efdd64e.json	69	58	4036315769	2cfa940932b2c0a25916bdb6b9bd8b8ffa50ed3f8d1bd9b99376779a9d4d25ad	473a4b5edc3e0be7e3d2bb1522f9249a	json	1	ok	__type__,content
assets/res/import/66/66ba4077-7885-4494-8621-ddc0c91f683e.json	181	146	1477636750	cee28d2406d7966ab742d0ab3ca85f0dd24d22b8083e1e90f947590020195f22	7c26b24fd7cdd7dc24e9b5f954c3f6eb	json	1	ok	__type__,content
assets/res/import/66/66c47899-5e14-42eb-a8a5-a0a311cf1273.json	63	56	1371488825	be8ff221f8b838f9a7faec9c1249b8bfc8c94f8743e6218107c63e355b3dbd85	2f4592b3659c0e169ff817de62259291	json	1	ok	__type__,_name,_native
assets/res/import/67/6711dc55-9875-4c36-be7b-1ad5e88445f6.json	191	158	3850298459	f6c7f2334f9cf229d7f408e0e39d053ec745e6c77b2beafbac22fc756cf305f6	58700078607fc4610bd57122dd1326ae	json	1	ok	__type__,content
assets/res/import/67/67151895-65d6-49d9-a335-768858830a5b.json	1242	514	904443489	baf9ceaf8761f1a3e46135eda133afd91a5185e00b720871c7b1d68f79fa32a4	9b528fa2378b56915e91789bb42e07fa	json	1	ok	list
assets/res/import/67/67694184-dda0-4906-81fe-0ec335e10652.json	194	158	2950752948	24f17f1040ec2781e0b045791ff890457fe53af5fa8ccb8928b84950f11e2eef	998360a8b194426da98e47903f156a14	json	1	ok	__type__,content
assets/res/import/67/67e68bc9-dad5-4ad9-a2d8-7e03d458e32f.json	186	153	755094923	b8e288b325fbc77be74df6ae508c971665babbeed6710c5b331357fe6b250c82	5f4ad3d4962133cc84fc75a1c531820f	json	1	ok	__type__,content
assets/res/import/67/67f4d108-cc06-423b-b624-5e040c76e9d6.json	168	131	3438465394	22b029e8dfeae789dd4f32880594e0e60438d554a4131c24a4fa0ac080ac34a2	ae93e45fd6bc4bca19b821a9a662b63e	json	1	ok	__type__,content
assets/res/import/68/6818dfc8-59cc-4425-a034-1f1609437553.json	185	150	1436417156	5abd644458bdb40ac1ce2e20803b4ce16d95486fa8845ad77ceaa3606620f29d	d9a7453955d0fab332bf2d7234d2656e	json	1	ok	__type__,content
assets/res/import/68/68594029-3651-4a36-89b7-2d4fd34a7e6d.json	184	153	3401915846	bf3314d54eef837e08613314b316baa7556b05e9a79f6c229f8a5fa322fc035f	80dcae45f5d7b8543a845ecdc6b4c44d	json	1	ok	__type__,content
assets/res/import/68/685abee5-3548-4e7d-91b8-d108d41d68a5.json	167	137	1246598707	1dda8f8cbd5d50160afde21a2d96eb543171d896aa48b90f7eff34b5636434ce	f46dd8ef70ae3c58cf0e781186c2e502	json	1	ok	__type__,content
assets/res/import/68/6865b2bf-8673-4eb3-99c3-9d4ff1adb2ff.json	69	58	4036315769	2cfa940932b2c0a25916bdb6b9bd8b8ffa50ed3f8d1bd9b99376779a9d4d25ad	473a4b5edc3e0be7e3d2bb1522f9249a	json	1	ok	__type__,content
assets/res/import/68/68838e96-3b7b-4b3f-a6a2-f9c42142ea0b.json	184	152	223949988	c69117f12a0de992ef441e68341056ec45d72d0636153973d9374e718e5c37b2	f155fb14a2ad5fab9816b1ed0586624a	json	1	ok	__type__,content
assets/res/import/69/690153fd-aa18-4c40-b277-e0c3dcf39e53.json	67	61	2438705334	c9dc6a219233bea395879046e0034dade0255a3e855f965f5f70eb8c58ebfe4c	29caf49e946b1a5fd69a41246c440d54	json	1	ok	__type__,_name,_native
assets/res/import/69/69159147-44f3-448d-b2e8-4f4e2a3f3283.json	193	156	1692332912	e9dad53e2a52a739070cda09d679204f9257bef2f6faa323f6cd8b0c9e4e3af2	ee5e2f5e4053b0ecd7d15c6ae87691ac	json	1	ok	__type__,content
assets/res/import/69/6924c498-cf3d-4dac-bdd6-38828fd7b43c.json	75	69	704937884	d5f0eb59c35c8011645dca875611a42e34aa41f64010a64a9066591e9ed3f3f9	4070a2bbfdde44cdcddb9a5bc53a2756	json	1	ok	__type__,_name,_native
assets/res/import/69/693d4799-253e-4bc2-b629-7a477840c071.json	48376	4764	2034754994	2c6152ab9fee77e43d8afdfa20f8c4ec558fd264009b3fc99458eeeedcced5f3	16697e5bd431cd6c697c4e0d5fe9dcfe	json	1	ok	list
assets/res/import/69/699bae3f-5f89-41d9-b582-d19885aeb6e2.json	190	154	1369401281	4930345429164c4779207fe9ea383094b125fb24a985dc6130a28f0bc440fa25	eb04d3a1e351b2201cc1bc4e479a4dc4	json	1	ok	__type__,content
assets/res/import/69/69be6c64-c47e-4338-99b5-e9d6e60ad1f0.json	709	423	2166826631	0a5066cf0730e786441832e42da45b27ac06dfd2f006597bf74f0565d70861c2	95f5c17ffaeb77bf16cd81defdf1bd0e	json	1	ok	__type__,_name,_spriteFrames
assets/res/import/69/69c6a9a6-cd41-410e-ac82-fc27371f5c1f.json	182	150	1323621075	0d27986735003062f53ddd866589a6064e1f72a8cccc668b2185743f7ff8ce12	d52c73dfc766890096a0786e719b6cf8	json	1	ok	__type__,content
assets/res/import/6a/6a2f5bd5-c0c2-44b0-adc1-7b7a9dbb0bb8.json	177	143	2743402582	78da3c25c66eb04dd6426aa584ade9828df6579d502e55ea3e778f40dc30b6c2	c0ac27a4e643cdd26f8a34f2fba0bd77	json	1	ok	__type__,content
assets/res/import/6a/6a42c197-af84-44d5-aa31-3cb600db8b67.json	181	152	4050716816	7c41dfe4a8758353a1829b2e69d7559b0975edf510ba5b6412487549e16db8c4	607dbd7e99bcf1a25418ba8cf878015a	json	1	ok	__type__,content
assets/res/import/6a/6a4ccc1d-961b-44e9-a31a-374163f5578c.json	177	146	2317933666	88ef220f08bd28ddabb5893878f850f74ca84219415254fa23336390de0230d6	52075da279d3f0a542e10c2a5cd58a76	json	1	ok	__type__,content
assets/res/import/6a/6a4ef254-8545-4675-a9ed-7960f52ee6a5.json	179	147	3610819147	37db0285cac25f7afc8d8e28a27197b8e563ed0ad08306a3d34da1fa58a36716	9b5437a7b8fec41ec3cf2a461851a5b5	json	1	ok	__type__,content
assets/res/import/6a/6a6a522c-8bca-43d1-a199-30ca787e22aa.json	176	147	1012455317	7058daa8630b29835fb3bd7e15f7dc6e09035f259ea7cde2fcc55c2e16128b89	d2f9d8a8a1cb494c8d58402e81741a29	json	1	ok	__type__,content
assets/res/import/6a/6a7fde73-47bf-420a-a04b-745afaf0fbf1.json	187	153	2958406931	af981be889e9c25854238f8b7b95e6a216919890964c92afafe40a05cdedd896	6930df5e1033824a256234d52f319934	json	1	ok	__type__,content
assets/res/import/6a/6aaad9e4-e523-4304-bf8f-d5d4a13c5143.json	778	455	3662662371	230d1bbd43f4023ec4f6710fe530e015fa34e5a8aeaed8bab941ab2ade637924	aa5712c73126eb914acb246e896fdb4e	json	1	ok	__type__,_name,_spriteFrames
assets/res/import/6a/6aafc8c5-d119-4c2e-8346-e9e23a4d3a83.json	64	58	3877753469	fc5ef6b34fd90f8fde5684ce0457a0d21c454b797df68575e28c7e47aa3d3b25	784b50605f3a0a50590548565212216b	json	1	ok	__type__,_name,_native
assets/res/import/6a/6ac7eb41-982f-44a3-858a-bd70eb9ce9a5.json	196	159	3092709624	0703e9577fe6ed093104df3ca589148df0d4be90f77ddbf1f7c88d41b10702fb	9eb9f450b0f1189a002a1d9e01d92ae1	json	1	ok	__type__,content
assets/res/import/6b/6b38390f-9b39-4bab-bc6f-fe2d38bbc119.json	195	157	607650136	23b83a58313ea902367beed9cfefdfd6c6ccfb0d030a8e6b16c93214be03200e	51e4e0de97c07cc2fcbd0bcbfd227bb6	json	1	ok	__type__,content
assets/res/import/6b/6b409659-0ea5-42bc-bff3-ff827ecf4f75.json	69	58	4036315769	2cfa940932b2c0a25916bdb6b9bd8b8ffa50ed3f8d1bd9b99376779a9d4d25ad	473a4b5edc3e0be7e3d2bb1522f9249a	json	1	ok	__type__,content
assets/res/import/6b/6b4560b9-ea56-4094-a7b8-30370fc2caf2.json	69	58	4036315769	2cfa940932b2c0a25916bdb6b9bd8b8ffa50ed3f8d1bd9b99376779a9d4d25ad	473a4b5edc3e0be7e3d2bb1522f9249a	json	1	ok	__type__,content
assets/res/import/6b/6b9e67a6-d858-46b8-bc02-d7161df497a5.json	174	142	3547047290	89389a599d9f3454b6c697827054cbb824e057f88b8b5bd21342db1173a63911	cfee3aec5f3d698e7827823e93334207	json	1	ok	__type__,content
assets/res/import/6c/6c45343b-bed3-43a3-b307-75eb9b199b88.json	176	143	265381519	f48a44db6c536b3bb3210ae47a60bc927fc31df2032cdcd966d8dea1e1113e1f	f5e2dd4cdc190d38a6f564578678c5ad	json	1	ok	__type__,content
assets/res/import/6c/6c923ec8-7b5c-4ba5-96b8-85b97ae8070d.json	186	153	2764482140	b43dca0b62a057617c1ee0f6e0ad0fed24a440aa0382d5e4f831d7c683075bc3	1a532358532289c794491ab995d63009	json	1	ok	__type__,content
assets/res/import/6c/6cd4ed0e-45cc-4769-8d90-86f9c3e2f0df.json	179	150	3892879816	e489ae18af60d2387c9dc74e96bcac1f01b4928aa9b32446ea6b7de02479ddd3	3a52818eba37d7660a5ced3ff41ac30f	json	1	ok	__type__,content
assets/res/import/6d/6d91e591-4ce0-465c-809f-610ec95019c6.json	15270	2414	1843288844	0c76ed121a0b1553fd4614ebab7536ee19c38e075595365a8721052dec96366d	82ebb6c5c5940650032a560371ac1997	json	1	ok	__type__,_name,techniques,shaders
assets/res/import/6d/6dd7c8b2-286f-4fc8-aede-cf70435e9c1b.json	193	156	4179151197	17be7faceb1c2e7ca88efda591faee5a01c4b8715ffc0b8f43be4e23e85e5774	b2b1a7212bfe27ab5d5ecf4393d6b5d9	json	1	ok	__type__,content
assets/res/import/6d/6df35e4e-1e94-4c6a-9c3d-5b94455ad568.json	69	58	4036315769	2cfa940932b2c0a25916bdb6b9bd8b8ffa50ed3f8d1bd9b99376779a9d4d25ad	473a4b5edc3e0be7e3d2bb1522f9249a	json	1	ok	__type__,content
assets/res/import/6e/6e056173-d285-473c-b206-40a7fff5386e.json	69	58	4036315769	2cfa940932b2c0a25916bdb6b9bd8b8ffa50ed3f8d1bd9b99376779a9d4d25ad	473a4b5edc3e0be7e3d2bb1522f9249a	json	1	ok	__type__,content
assets/res/import/6e/6e22e2b4-2fbe-43a4-a829-da409daa82d9.json	184	151	2184227066	653a37dc3bf296888b28fdbad8be6a9fd6cc07393dd5d27dba740d0ca9e9dbd4	4c8505436beaea8a6ee1ec48e33115c0	json	1	ok	__type__,content
assets/res/import/6e/6e279bb6-b02e-4706-aa04-a0b36d63a1f7.json	172	143	1781156385	897037b35b6ba4c5d6e77e2bea2a31ec9e75e90c9cee3d5fa46bf1c140bff84b	f891674146802c1bbe99e767c1da344c	json	1	ok	__type__,content
assets/res/import/6e/6e959e52-746b-4422-acc4-96196fad05fa.json	63	56	1371488825	be8ff221f8b838f9a7faec9c1249b8bfc8c94f8743e6218107c63e355b3dbd85	2f4592b3659c0e169ff817de62259291	json	1	ok	__type__,_name,_native
assets/res/import/6e/6ec1b24a-b8dd-428a-bcdb-52aff5ee9a25.json	189559	19469	4136512851	6c6fa11cc131690f784bd40ea7ee0fa9636c6af9ac1741d1cefc6bd5c48c5e83	b56f83c409cbe08b7945468fba353f12	json	1	ok	__type__,_name,_skeletonJson,_atlasText,textures,textureNames
assets/res/import/6e/6ed706b9-ccad-4a08-94da-310d9b009ca6.json	182	145	2043000675	14dfeb2bc81eb35fbf615c4c71d691ff91d45a8c4725973e0c382781bcd98296	741bf3c5a6b3ae2972ebc24c206dfd06	json	1	ok	__type__,content
assets/res/import/6f/6f0cb951-fb01-461a-b013-9c7089a539b2.json	181	147	2742782159	37ea3bb65c20687bc7476a19cd9d714613615d1db32142c5a6888356c9808579	c06f04bc2e87aefac5ef042c3f821c11	json	1	ok	__type__,content
assets/res/import/6f/6f3455fe-0d7f-462c-b662-2b9c5bf04b01.json	168	137	340274891	71523bb1f7df382422cab64c8df01b8283146edc835e1068a88eab064e73523b	07f2d2783e047bde556dfe07ad42a8c4	json	1	ok	__type__,content
assets/res/import/6f/6f358713-5583-4416-82c6-3eef78b75413.json	471	271	1923303352	82060cb24e666ed7b3bce90374e0c6f4773f27e5e2fef7b9ab7a7e23536b4f7b	75374dbd951e5b9933bf108322b809cf	json	1	ok	list
assets/res/import/6f/6f47b7fa-bd8a-4922-b93f-972ab5366103.json	179	147	2531937032	0566d787477e5103c58fac206322799d704731ee3a345afef009bac4a8c17801	eda18f09720ac1cad04b5243d6bfc45a	json	1	ok	__type__,content
assets/res/import/6f/6f4a86b4-4d37-4b2e-a435-fb974a54b5ca.json	69	58	4036315769	2cfa940932b2c0a25916bdb6b9bd8b8ffa50ed3f8d1bd9b99376779a9d4d25ad	473a4b5edc3e0be7e3d2bb1522f9249a	json	1	ok	__type__,content
assets/res/import/6f/6f5e12da-be34-4edf-9754-7384024a2203.json	174	147	1835058221	2cacab548f03b3f0292817abeed88d18361abbe5e91d17122119aaa0745f6648	f3e7cbc7ea1f6b6efcd7ba33698a8a3a	json	1	ok	__type__,content
assets/res/import/6f/6f60affa-e7e7-411c-a902-2bb7de081278.json	167	135	624609124	af9bcc091c1c7c4cd1f266a334defd644ed0f039bacb8db87db1f56de2a53343	34bdd940294725d299cea599679913e7	json	1	ok	__type__,content
assets/res/import/6f/6f801092-0c37-4f30-89ef-c8d960825b36.json	125	117	1030304606	b24643f9da5e48bddf8658dea88c1aa3dad3d13fd03b98ebec052e23364b0e81	17b20ade167c3325db08ffe0bc988549	json	1	ok	__type__,_name,_effectAsset,_techniqueData
assets/res/import/6f/6f8b26d3-2773-4551-9baa-4878493d864a.json	63	56	1371488825	be8ff221f8b838f9a7faec9c1249b8bfc8c94f8743e6218107c63e355b3dbd85	2f4592b3659c0e169ff817de62259291	json	1	ok	__type__,_name,_native
assets/res/import/6f/6f8b923f-7826-4d34-b84e-e59cd6ffdc1c.json	69	58	4036315769	2cfa940932b2c0a25916bdb6b9bd8b8ffa50ed3f8d1bd9b99376779a9d4d25ad	473a4b5edc3e0be7e3d2bb1522f9249a	json	1	ok	__type__,content
assets/res/import/6f/6f96ad26-4c8a-4835-be8e-83ea7a930130.json	69	58	4036315769	2cfa940932b2c0a25916bdb6b9bd8b8ffa50ed3f8d1bd9b99376779a9d4d25ad	473a4b5edc3e0be7e3d2bb1522f9249a	json	1	ok	__type__,content
assets/res/import/6f/6fa22766-cfe3-457c-b820-ba6581001ec1.json	75	69	2814884877	aafc8d635e2da5db2b03fd97df5d467ab505e4167cecbcc92d22138838e26bd1	2f48eee748f3c272f8e7508c8ffadcd3	json	1	ok	__type__,_name,_native
assets/res/import/6f/6feea0b8-905e-463a-b2fc-d03a708d975f.json	63	56	1371488825	be8ff221f8b838f9a7faec9c1249b8bfc8c94f8743e6218107c63e355b3dbd85	2f4592b3659c0e169ff817de62259291	json	1	ok	__type__,_name,_native
assets/res/import/70/70014c5c-624f-4bd8-a0d2-18ba84ae121f.json	188	156	304620451	182d06d037d05442f70975e250704f4f4b2d62dfbe09a94abcb393f103113480	68949bf6e9a74b0d2af8154c69ddff82	json	1	ok	__type__,content
assets/res/import/70/702efd35-df4e-4505-941c-5a8a5f36946b.json	63	56	1371488825	be8ff221f8b838f9a7faec9c1249b8bfc8c94f8743e6218107c63e355b3dbd85	2f4592b3659c0e169ff817de62259291	json	1	ok	__type__,_name,_native
assets/res/import/70/704f6836-c2b8-492a-95c4-1504279a8a60.json	8678	1595	4199747333	f49e044e5217683d4440f94ac14f86775caa57e41a9a0ee39fe5598e3958f151	1c21622c7157b55e0cefdbaa66c0d75e	json	1	ok	list
assets/res/import/70/706dce26-aec7-4772-9fa3-2e375b091243.json	179	147	2475001554	f2ef72677c3feb652c41083952a51b53a5e00d20a696a78f4d1ff2a11df7ecec	abd7c8ed78004cd37d639d873b64236a	json	1	ok	__type__,content
assets/res/import/70/70ad8aa6-0d5e-44c0-80f8-7ddfc8f1cc80.json	63	56	1371488825	be8ff221f8b838f9a7faec9c1249b8bfc8c94f8743e6218107c63e355b3dbd85	2f4592b3659c0e169ff817de62259291	json	1	ok	__type__,_name,_native
assets/res/import/70/70eb5788-0637-473d-ae29-ad4f077fbeae.json	69	58	4036315769	2cfa940932b2c0a25916bdb6b9bd8b8ffa50ed3f8d1bd9b99376779a9d4d25ad	473a4b5edc3e0be7e3d2bb1522f9249a	json	1	ok	__type__,content
assets/res/import/70/70f3e0df-280e-43fe-bf30-79f68f0f6a33.json	63	56	1371488825	be8ff221f8b838f9a7faec9c1249b8bfc8c94f8743e6218107c63e355b3dbd85	2f4592b3659c0e169ff817de62259291	json	1	ok	__type__,_name,_native
assets/res/import/70/70f91277-5a95-44b1-9ecf-71600e58e2ac.json	63	56	1371488825	be8ff221f8b838f9a7faec9c1249b8bfc8c94f8743e6218107c63e355b3dbd85	2f4592b3659c0e169ff817de62259291	json	1	ok	__type__,_name,_native
assets/res/import/71/7103c315-31dc-41aa-b0e2-10e9be39c77e.json	181	153	2467431783	a3a8beb17466d9a64793af6a069b7650143256f5293248cd5eba60de4f4d6cd1	4f936d25fb9f597d600eb8e1933d6993	json	1	ok	__type__,content
assets/res/import/71/712c0b0a-aa07-4b07-a127-bd96ae2df3ec.json	189	154	3090262979	7b8175501d72bebda842356f05672df5abbc19c0c05983feb11e0fd243e66597	895acce751dbbf54ada658b1fbec2ed2	json	1	ok	__type__,content
assets/res/import/71/714e4386-59b7-4140-9401-e9e9ad76bdc6.json	188	157	1951792634	ba6c145972285579fb438bc4e24467a42456f4d57761292206b5294ae38e8c35	48eed5605c2e20f36c1478dfc2970cd4	json	1	ok	__type__,content
assets/res/import/71/71561142-4c83-4933-afca-cb7a17f67053.json	69	58	4036315769	2cfa940932b2c0a25916bdb6b9bd8b8ffa50ed3f8d1bd9b99376779a9d4d25ad	473a4b5edc3e0be7e3d2bb1522f9249a	json	1	ok	__type__,content
assets/res/import/71/71617ff9-4463-46d4-8aad-521df16ea5a2.json	187	154	3704254884	2f4fba56d1ae7f609ef63074a90dc2dbdae435fe8e6ccd7dba2579665f9d66b6	672fe0e97603d1278dff05ed652ab33b	json	1	ok	__type__,content
assets/res/import/71/717c8ee9-977b-4404-9498-bdda115dd0f5.json	20144	3503	3133286399	bd0ee8594be8c550f11041cf27c533caf7b485c26ca7e988395694849bc73e00	f9b006b7662b72c1c550b71fabe16e2b	json	1	ok	list
assets/res/import/71/7182c53e-6100-4a01-9e8b-24d1c3450d6f.json	63	56	1371488825	be8ff221f8b838f9a7faec9c1249b8bfc8c94f8743e6218107c63e355b3dbd85	2f4592b3659c0e169ff817de62259291	json	1	ok	__type__,_name,_native
assets/res/import/71/71ba0df8-f44e-44b6-b859-4d2f78b14fee.json	69	58	4036315769	2cfa940932b2c0a25916bdb6b9bd8b8ffa50ed3f8d1bd9b99376779a9d4d25ad	473a4b5edc3e0be7e3d2bb1522f9249a	json	1	ok	__type__,content
assets/res/import/71/71c88833-84c6-4a50-9f92-434e782d4e93.json	177	146	4014761187	facc88be935bd3c03b09ec637edf52abbe23865f4f91a839f5523a40fd3d9ae6	cfd52d914c7a91c97a79783c2c0ddaaa	json	1	ok	__type__,content
assets/res/import/71/71d1cd16-2474-456b-95f4-22fff504a941.json	75367	6463	1540405359	fa18ef4d45b9af66cdc5cacefd7f7c4fa0daaf8733f5a01fea32bb2c4de352ee	e8734c369a5111e88e58c167f901dd8a	json	1	ok	list
assets/res/import/72/7203ae53-c6f6-4262-98f5-468f54e8f499.json	173	141	1677973522	ae13933ba6e26669d5e33af0d394491ef27822ac8df29be0f24783fd06a9860f	f1d6cfd675f931fd22684818c3452075	json	1	ok	__type__,content
assets/res/import/72/721a258c-eef7-4a97-8c7c-514cb357c02a.json	177	143	1373759559	0e71e0c497abe2fe09a3671094ef8f7dc5403d9b3a35f34b4da7993f546ae9a6	29702371b7fca7d75db8eb894c678e6e	json	1	ok	__type__,content
assets/res/import/72/722f633c-2246-4a30-bd8a-fd399e3fb72f.json	69	58	4036315769	2cfa940932b2c0a25916bdb6b9bd8b8ffa50ed3f8d1bd9b99376779a9d4d25ad	473a4b5edc3e0be7e3d2bb1522f9249a	json	1	ok	__type__,content
assets/res/import/72/72601005-0692-40ff-ad3d-1e696ed62650.json	187	157	2589148963	e076bdc861cf616c2335fa1cf97cb1a9d5fcf1c4b77bda6edaf39bf46a3af5e8	a4f161244cbe5e38e9e3993969b1a280	json	1	ok	__type__,content
assets/res/import/72/7275edce-8c9f-4879-9c27-0c4477acf217.json	180	148	770484262	0f86479bed0cc226b73ff6e5655587b180f6f1277c94a7431c43a8bca8868b79	aea903de836d08d88dcd1027113e92c1	json	1	ok	__type__,content
assets/res/import/72/72da6bb0-89e8-4495-89c1-f1fdebca55eb.json	178	142	2973279667	cd028d76c68fa21b427627554bbc09ea82ac15270a045267ef15b0da31270106	67eef3aa20ddeb6a26ef6da3effba655	json	1	ok	__type__,content
assets/res/import/72/72f99e90-5f78-4daf-90ba-8c27d5e9ace6.json	173	143	1747059619	ecbccebf10e5d4a4c5d9bd4c143397a53b2aa83dcea33edb124ee92330a63205	24d313c3fef5a44cc0671e5026669594	json	1	ok	__type__,content
assets/res/import/73/730e1bec-48ac-466a-a362-6574c5deaa5c.json	69	58	4036315769	2cfa940932b2c0a25916bdb6b9bd8b8ffa50ed3f8d1bd9b99376779a9d4d25ad	473a4b5edc3e0be7e3d2bb1522f9249a	json	1	ok	__type__,content
assets/res/import/73/731dbb29-0473-475a-b5b2-3b45c36b713f.json	69	58	4036315769	2cfa940932b2c0a25916bdb6b9bd8b8ffa50ed3f8d1bd9b99376779a9d4d25ad	473a4b5edc3e0be7e3d2bb1522f9249a	json	1	ok	__type__,content
assets/res/import/73/732004f9-7731-4034-9a5d-bc5707600a02.json	65	58	2261103256	de504c508bc2873515e86b42271258531dcd726e5e3f5ca8b3628756fa7985f2	01544c3c10bc0c688537c293f6745d36	json	1	ok	__type__,_name,_native
assets/res/import/73/73518c6d-138a-4727-ba1d-48715fc457b3.json	72	64	4218862603	671dd0a9c4ce2854aea0439a841004ae28079d51b9a4a97b72f459376581ae6a	c71a3a82a2f5329eb2772b15bd487258	json	1	ok	__type__,_name,_native
assets/res/import/73/7371d562-af83-436e-9f07-bf3af0d2cab3.json	171	138	3339928245	226da323cc3c78fe06d63b24416059b11336aa6f550795ff6ed8d8034271d143	55f2f071b84563f05757ac905b11f611	json	1	ok	__type__,content
assets/res/import/73/73a0903d-d80e-4e3c-aa67-f999543c08f5.json	69	58	4036315769	2cfa940932b2c0a25916bdb6b9bd8b8ffa50ed3f8d1bd9b99376779a9d4d25ad	473a4b5edc3e0be7e3d2bb1522f9249a	json	1	ok	__type__,content
assets/res/import/73/73b4d6de-85ac-47e2-ae6a-ef5474b0c899.json	69	58	4036315769	2cfa940932b2c0a25916bdb6b9bd8b8ffa50ed3f8d1bd9b99376779a9d4d25ad	473a4b5edc3e0be7e3d2bb1522f9249a	json	1	ok	__type__,content
assets/res/import/73/73ea0597-cf24-4080-b928-54626e47c75a.json	69	58	4036315769	2cfa940932b2c0a25916bdb6b9bd8b8ffa50ed3f8d1bd9b99376779a9d4d25ad	473a4b5edc3e0be7e3d2bb1522f9249a	json	1	ok	__type__,content
assets/res/import/74/741731c0-9751-4fea-ad18-d55ca3959911.json	172	138	623143776	d6aa12c5b89362a02eae8b32921f16a7ffa909af267fa2b75bb9b0af7347e2fd	2e8f62f6e4f4bc495daa06c852626e69	json	1	ok	__type__,content
assets/res/import/74/74531c05-b12a-4e1d-a985-237819f9f4b4.json	60	54	3294181552	dcabefcb0b900753f3df980a4b6689adf3b83c300e3508c3968b583c51ed9491	348d8fe819dc61930bc340de563c0f20	json	1	ok	__type__,_name,_native
assets/res/import/74/746ddf8a-b42a-4c4b-a06a-54e84735510a.json	173	145	3761931228	2f501d3dc99474342b4f55c51086aebe955b17809d8d168227468242c1f4aa1f	a94e7fa709c4ccbe5c798603a4545b95	json	1	ok	__type__,content
assets/res/import/74/7487e1cc-1594-49d7-bd47-38b444c8794d.json	195	160	32444617	d7b0a34fb647df730c303d6f671525571d860a6c83d7f4e678b99dc875365545	252c8522c90bc6945a99c4e71396131f	json	1	ok	__type__,content
assets/res/import/74/749ad4b5-6098-42a1-bbfd-528776860e66.json	177	144	2300767289	81bcfa92d2598144721d2df68ae41914b4d2599a07d9ab6aede786b2fff2caf6	dad5ae77017f2fcb0d08bff23c45f8ea	json	1	ok	__type__,content
assets/res/import/74/74abc033-9ca6-4bd9-814f-3a1276955599.json	175	142	1093614310	1b751fbff3dae188a028eba6fe2dce50c0ec05d2cc1ba6dc879f2d4cc172eb48	5a81bd44826eabb748d3865ed8343ea6	json	1	ok	__type__,content
assets/res/import/74/74ec1f0f-340b-410d-a926-7483f52d0de7.json	182	149	2050824652	9d0e6a3a706b409f197d4aabc258528dc10ae7d19276146a6546ee6012d83eba	b70e3b355aecd6c09b7cfac86ebc2105	json	1	ok	__type__,content
assets/res/import/75/7503657e-d8d3-4aeb-be19-5398f90dacd8.json	8327	1766	3057866758	fc5158965816558664dd99f7f30f525772c7bcbfe69544ec6b7a7f49a02d6f03	6e06b2e87cc494a92aeabccff53018c4	json	1	ok	list
assets/res/import/75/752e6c8e-79d7-4c8d-ac13-b858c30ff60b.json	69	63	4278370487	f326182d2fb61f566f7b6d989b4760c07d8e9a9816ba2c2496ac6ae3e93b10d1	3090e461e9574346f4d598b62a937d21	json	1	ok	__type__,_name,_native
assets/res/import/75/753e1d2a-04ae-4b81-831c-7922b087dd5c.json	194	158	2974973813	e900aa68887381184c296efc13fdec33621f861e141e80861d1c70e9c8ce6090	9ffeed797821ef41107a972081c03d2b	json	1	ok	__type__,content
assets/res/import/75/754b8944-adf6-4d41-8f10-528e411a5e7f.json	63	56	1371488825	be8ff221f8b838f9a7faec9c1249b8bfc8c94f8743e6218107c63e355b3dbd85	2f4592b3659c0e169ff817de62259291	json	1	ok	__type__,_name,_native
assets/res/import/75/75796e5f-da44-4e6d-9761-8b4d2417f9ec.json	5431	1248	708014506	887a22fa86beea820392653a66bac00aad2ddf5ce443263881a078e2bba46cbb	2e45cc5a34a982e64575e33e3c71d5e9	json	1	ok	list
assets/res/import/75/75890fed-9112-4b0c-96dc-1f213b76f192.json	183	154	1079883259	4005787ec955b0c1c5599cc4566e1b8e2341c7e6d4132de19571bf97a9dd397a	9e9133a65dfea66b3c6a42e24444bde8	json	1	ok	__type__,content
assets/res/import/75/758edd83-f4f8-432f-8c19-25e39b5902c3.json	183	146	937545389	a75c3db52ff6d989784f6c2636f606f12104f842fcf5980fa453b7f7b24b5131	5213a8f5ba0e43128500b2a5f4549cd5	json	1	ok	__type__,content
assets/res/import/75/75a7cd8c-a3c2-4432-ba29-0aace5b6a15a.json	176	143	3689876340	b4049970ca1a184fd2cb3aae9e75e7496a01a7a812668b9c519ab09726b9a5a6	711691b31faf418aced74a3edfb7d30a	json	1	ok	__type__,content
assets/res/import/75/75a80cc2-29dd-4826-b294-8867aea39feb.json	1223	320	4079342939	c7e92b5568e31ba9901900d71e56dc317efe09efedc069a1fe5550b41052ea11	e50e136bd50d0202015b0f8f1b1d3e44	json	1	ok	__type__,_name,spriteFrame,fontSize,_fntConfig
assets/res/import/75/75b244a5-17fc-4962-b6fd-ce1eea445379.json	216	176	3750937578	2286d803a7238207c87fa176077b09c04d2ee174436a936f8a6951846987798f	23d93302551ff83b7c43f65a290b7174	json	1	ok	__type__,content
assets/res/import/75/75b3fc69-611d-4065-ac22-e76110dbdf17.json	188	153	3395492075	0245830f8e2669d99aa7ad3283d4187b63a91bb47dc75eb09b42e98f13eb63b3	4c6761673cc4c0bce9723ee8e0194152	json	1	ok	__type__,content
assets/res/import/76/7613bb6f-51f3-4b5d-b89a-c06a1efa5ab9.json	172	144	4076642839	18bc4b78c091c174c88e5c8021ff5d071aec3187845d7ed498b6207f0643cf31	adb8823df0efd27aa562f03d42b942c1	json	1	ok	__type__,content
assets/res/import/76/762185ae-726f-4ddc-afa6-fe3f8c073429.json	63	56	1371488825	be8ff221f8b838f9a7faec9c1249b8bfc8c94f8743e6218107c63e355b3dbd85	2f4592b3659c0e169ff817de62259291	json	1	ok	__type__,_name,_native
assets/res/import/76/7675c344-e8d6-4103-ad9f-04f4b8c4b4ab.json	59	53	3793974970	c5c8e176547b968e02a31ea1fa4ee6f6c5b9c6f0793f66196e4066bba3a2fa61	ee30756f7e975cbd6308d911ed5dae8f	json	1	ok	__type__,_name,_native
assets/res/import/76/7676ee29-41c4-4474-95fc-2ef094b12874.json	186373	18614	1882020285	2f05f26cd1715ca7b5e0c448bdcac24c0a5543f25512623ac61aef2eff20617f	9983b92eb76de8c8d38f6cad05e50a4f	json	1	ok	__type__,_name,_skeletonJson,_atlasText,textures,textureNames
assets/res/import/76/76d46e8c-3201-4d48-84cc-19fe679d9f0a.json	43644	4807	4058672198	f112009a98e5f4920826acb568ad638397cd0dfbe3fd5604504611292090c6fd	63782d96b84727d79c76b09dec25b609	json	1	ok	list
assets/res/import/76/76e34013-d861-4bb2-8dde-f3b504908f21.json	63	56	1371488825	be8ff221f8b838f9a7faec9c1249b8bfc8c94f8743e6218107c63e355b3dbd85	2f4592b3659c0e169ff817de62259291	json	1	ok	__type__,_name,_native
assets/res/import/76/76e73129-5c30-49a6-bd29-3d64042f56fc.json	179	149	1633973871	3f01105c312ea5fe6bd2b2ae62465aeac0ac436ac761170738578d6da2e36fa0	f66a1840067be5ca3dce443123e99db4	json	1	ok	__type__,content
assets/res/import/77/77a28044-0d37-4eeb-8c64-7eaae45da18a.json	183	145	2453717551	b2aaa167033341ded56528bdfc4b87e59a142e2648bd9065592d52df02ccfea5	9a5a5343c9e760fd402073787408489c	json	1	ok	__type__,content
assets/res/import/77/77aa2ec2-63bb-4f88-bbd6-a9402c3db5f7.json	50450	5371	3517135624	78b3a30f44d92158ed7d22652718f647669b9077d8e47b75e9e013663745a8ed	9c9e54b3663035a916ad19c6449ed045	json	1	ok	list
assets/res/import/77/77b3d145-7dd5-4155-a06f-e4357ce7f7d7.json	36702	4909	642429721	c48ad71fc4f119306b7c8b3b24fdb654f1704840636f4382fa5019b61614114c	9a908158ead0484ce25d604bb3149e35	json	1	ok	list
assets/res/import/78/7820fc13-c8d1-4d42-84a7-b147730eb2bd.json	182	145	3811578464	87ba03ce2e3b73b2139bf2b47667f57c87fd792d980d32b5f6ddd64341d1364b	570075885ac553b992a4da84861b6f50	json	1	ok	__type__,content
assets/res/import/78/783579c9-c5de-4a64-a68e-95ed9d45d03c.json	182	146	2956409755	93f0a9f30af22b1401ee46ab36139581bb4bd9bb52d89a3a5674f356299327ba	c0f624bf046db7e3fcac10f638d6e98f	json	1	ok	__type__,content
assets/res/import/78/789838ad-e35e-4579-822f-fd41e2cc9a07.json	69	58	4036315769	2cfa940932b2c0a25916bdb6b9bd8b8ffa50ed3f8d1bd9b99376779a9d4d25ad	473a4b5edc3e0be7e3d2bb1522f9249a	json	1	ok	__type__,content
assets/res/import/78/78b5f9bb-7ef5-463b-bea3-f33b3125e3d7.json	2178	655	2928298398	18178ef788554a806ccd73b1c0ace126b17f6779d9421db481e216915590426e	ad53c4e425af3023b3c54f538b7d8692	json	1	ok	__type__,_name,_skeletonJson,_atlasText,textures,textureNames
assets/res/import/79/7912be50-33ba-4089-a9ed-513d75eb18da.json	179	140	2703623608	d980e592acd488e15744e54fe3e705807d56ecdb861cc87677a98a3974b259a7	26bc31a5e2a0a2c67d2ed23512296051	json	1	ok	__type__,content
assets/res/import/79/79b115cf-4df9-46f4-852e-0b8a2573dc4b.json	63	56	1371488825	be8ff221f8b838f9a7faec9c1249b8bfc8c94f8743e6218107c63e355b3dbd85	2f4592b3659c0e169ff817de62259291	json	1	ok	__type__,_name,_native
assets/res/import/79/79c578dd-5f8c-42c7-b339-092dfed2e9ee.json	62713	7421	398526914	7040c2286c606c37077087e7564c3981390d3e1aadffe4239028bdcf585b2b17	06ae847d4bbe01a3dfb196337999550a	json	1	ok	list
assets/res/import/79/79e0625b-a4d4-44e2-bacd-4170d507a002.json	63	56	1371488825	be8ff221f8b838f9a7faec9c1249b8bfc8c94f8743e6218107c63e355b3dbd85	2f4592b3659c0e169ff817de62259291	json	1	ok	__type__,_name,_native
assets/res/import/79/79edc208-fb79-4fd2-8b8c-6ad20d1980da.json	178	145	3549250938	833141854e9457a89925551bed66e788c6a2768870b6018dd2aebdfa517f3cad	8e5441eec6a44e6eebcbc0e658fefbf0	json	1	ok	__type__,content
assets/res/import/7a/7a1e7143-10c7-407d-a40f-b62630da8322.json	69	58	4036315769	2cfa940932b2c0a25916bdb6b9bd8b8ffa50ed3f8d1bd9b99376779a9d4d25ad	473a4b5edc3e0be7e3d2bb1522f9249a	json	1	ok	__type__,content
assets/res/import/7a/7a32619f-24bf-43f8-9b67-58c2ca0020f5.json	63	56	1371488825	be8ff221f8b838f9a7faec9c1249b8bfc8c94f8743e6218107c63e355b3dbd85	2f4592b3659c0e169ff817de62259291	json	1	ok	__type__,_name,_native
assets/res/import/7a/7a35d993-ffc4-4602-a3c1-d7781c4d6e25.json	66	60	3141703608	710736a2da6add5c441475687dd0714b836191f1a1b84d9a8f74b514d7ca74f6	831d4c3ddaadeae4d8bd08f1ce90a316	json	1	ok	__type__,_name,_native
assets/res/import/7a/7a565656-946b-4505-abf5-093a25c09ed9.json	175	145	1702295884	9e2947041c47deedade3806388f57b95e0688b9e581abb0c00429964616899a2	6d62084b7523bd64d253169eb7189d48	json	1	ok	__type__,content
assets/res/import/7a/7a94e381-9776-4d07-af84-b59e8cf3edcf.json	63	56	1371488825	be8ff221f8b838f9a7faec9c1249b8bfc8c94f8743e6218107c63e355b3dbd85	2f4592b3659c0e169ff817de62259291	json	1	ok	__type__,_name,_native
assets/res/import/7a/7ac5fce6-7c08-4f13-a4da-f162585ede04.json	180	146	3508117670	4fa01caff92cabf96520c0f6da26a2d9ffc564061b54796cfd1d6aa4a16bea23	05d7e7f020a059c1b247998c5245abe1	json	1	ok	__type__,content
assets/res/import/7a/7ad5a6f8-d605-4ed3-9f75-21ac4afee16f.json	63	56	1371488825	be8ff221f8b838f9a7faec9c1249b8bfc8c94f8743e6218107c63e355b3dbd85	2f4592b3659c0e169ff817de62259291	json	1	ok	__type__,_name,_native
assets/res/import/7a/7afc008f-47ee-4b0d-a4d9-ed66981a9183.json	182	144	1659269414	9985744b77f59336e8f87a972f1ecc1baa16b3022ee4d337c4f39014f8368c1e	eb3684e8a173583319fe2937ea2608bd	json	1	ok	__type__,content
assets/res/import/7a/7afd064b-113f-480e-b793-8817d19f63c3.json	126	118	744753183	d7462d854dc8e4eb0edd2a24f1da0802e0bcfd146590b8b2fbaae5c9a1850b38	cacde058b1d10074f9eaf98f378db4f5	json	1	ok	__type__,_name,_effectAsset,_techniqueData
assets/res/import/7b/7b0f368d-07a4-4db4-abd2-558522c29409.json	65	59	3717071241	239f126b7afd3bf7649ad93cdffb6eecb22d7e4d4feb9c635bfc1639197b63f1	210b1295334934cb495dec3d0803c330	json	1	ok	__type__,_name,_native
assets/res/import/7b/7b2d49b3-db70-4c86-8619-1426c13f2cce.json	69	58	4036315769	2cfa940932b2c0a25916bdb6b9bd8b8ffa50ed3f8d1bd9b99376779a9d4d25ad	473a4b5edc3e0be7e3d2bb1522f9249a	json	1	ok	__type__,content
assets/res/import/7b/7bc6c4b9-5be0-4d7e-a1e1-241b42b78e3f.json	178	146	4254887224	7e984efb0617ffd8a480ff6cffb05c72fc424a71a469bd733eb4db59010c856e	c4a507f1e9eb2e2c227979428341a2db	json	1	ok	__type__,content
assets/res/import/7b/7bd1fa47-eb2b-4100-a0ce-ec5bdfe8e127.json	62	56	3736556625	7f638dc50aab5687822248a96f2f9434b35e004eda46fc1ea1cd08ee486596cd	0ae56e084046cc724c32379b865862bc	json	1	ok	__type__,_name,_native
assets/res/import/7b/7be8e857-ef0b-471f-a9bc-1ccf670efef0.json	67	60	4123061268	469e70dc7871e207c54065988c63c35872efa16f9b8b77cef6ce3c252e0b4d15	8a62affd0360f42c687b797d1c37ac1d	json	1	ok	__type__,_name,_native
assets/res/import/7b/7bed5dd0-5eb7-4f0b-8d21-1f6ddd79b767.json	69	58	4036315769	2cfa940932b2c0a25916bdb6b9bd8b8ffa50ed3f8d1bd9b99376779a9d4d25ad	473a4b5edc3e0be7e3d2bb1522f9249a	json	1	ok	__type__,content
assets/res/import/7c/7c3518e0-39c0-4e7d-bc97-d7b85d9e21b2.json	2641	1273	1505910236	609e923ced5c60464575e80e1bb450abda9364ef899bc1b03aeceb5c79609139	e6e7b86ba2a655161d80b9732064561e	json	1	ok	__type__,_name,_spriteFrames
assets/res/import/7c/7c4409a2-da86-4096-a25e-2528eb23783a.json	182	144	2679732794	020fb55151054c47c4abcfd88af4fe241b81e73031e33dbf0706abecc5ef3eb0	7fe264435b9fb874b0fd2486a68c2c5f	json	1	ok	__type__,content
assets/res/import/7c/7c54c32b-ee82-4bde-92b6-7fec0615a6db.json	63	56	1371488825	be8ff221f8b838f9a7faec9c1249b8bfc8c94f8743e6218107c63e355b3dbd85	2f4592b3659c0e169ff817de62259291	json	1	ok	__type__,_name,_native
assets/res/import/7c/7c700ca2-9b40-460c-b106-275f6f5d0abb.json	194	157	3987903514	45e4c745618c8c6129534ce751d9f57fb566e231ac3cb4e9ad6f5b8917fb7ad6	7e78c91e213ec87040339d9e6a98f376	json	1	ok	__type__,content
assets/res/import/7c/7cb01a8e-3871-4c5e-80ca-a3a0059a353c.json	188	152	311774814	c7137d6b276ee959c5673a612003ac0476f033337dcb12efbedbe43f6dc40a1a	44bdd1682304858e83fccc90abcabbf7	json	1	ok	__type__,content
assets/res/import/7c/7ccc454e-e1a0-42af-8966-4807034c9631.json	1503	603	1777873997	81f02341d8c50a0afec23831f88c613314819aabe19e113eded69b800cfb573d	8a7555ad2b7f73e78ae65e8fa5790e01	json	1	ok	__type__,_name,_skeletonJson,_atlasText,textures,textureNames
assets/res/import/7c/7ce0a00a-1b63-4f44-873b-450d11b83327.json	63	56	1371488825	be8ff221f8b838f9a7faec9c1249b8bfc8c94f8743e6218107c63e355b3dbd85	2f4592b3659c0e169ff817de62259291	json	1	ok	__type__,_name,_native
assets/res/import/7d/7d090bf2-0f9b-4c04-8bbe-79f10cc54bfc.json	9424	1570	3774468216	89405f53251832d3fe63be1c433c5ff12080452f6106e056f21f4ef7c4ddf970	22dd1c528a8bdba930a38c0f3b02800d	json	1	ok	list
assets/res/import/7d/7d246d62-a8bd-4923-9be7-3409ed914235.json	192	160	1691509512	f04aa4be199ea37c842d8affb49cea354d4d02ec41c5357822754284a18ce950	81a7725c94c9dff8989ce82917707fe1	json	1	ok	__type__,content
assets/res/import/7d/7d2d798e-b31b-45c3-ac01-ecab0b28eb64.json	181	150	2032959044	63c42fbb75d5cb1a7089b9914ab9ad151d60c0956fe409615702c5af1ff56791	8dc723f99ec2df99a5d7c30eab527d0c	json	1	ok	__type__,content
assets/res/import/7d/7d36e207-0678-4229-bb8f-5e0befa27582.json	63	56	1371488825	be8ff221f8b838f9a7faec9c1249b8bfc8c94f8743e6218107c63e355b3dbd85	2f4592b3659c0e169ff817de62259291	json	1	ok	__type__,_name,_native
assets/res/import/7d/7d405e13-1e38-4eb1-93b3-ffdc78a3ca49.json	186	149	2316966384	eeda8bded9faa4f644695e86de4bff113641463ecdb12fce315d4db5c72b75e2	9be6a94137b11d3ef07f1603ef249702	json	1	ok	__type__,content
assets/res/import/7d/7d5495a0-26aa-4858-a9db-37507aff7ba4.json	3159	925	3718100236	e543e56639f862a71587cb79f71d867201bc706a59a571e7e2bda2d2ca3111b9	08e3daf49bcf1e04d0f5712fc735f384	json	1	ok	__type__,_name,techniques,shaders
assets/res/import/7d/7d5790da-37af-4780-8bb8-3760949896b0.json	194	156	618275780	577160879457f026674f9edea710fc3ceba47562b0db0ec6096eae6fb7ad02c4	3007858faadf353d3336cec293664768	json	1	ok	__type__,content
assets/res/import/7d/7d75fbc6-77f6-40da-b415-89ca0acdf574.json	69	58	4036315769	2cfa940932b2c0a25916bdb6b9bd8b8ffa50ed3f8d1bd9b99376779a9d4d25ad	473a4b5edc3e0be7e3d2bb1522f9249a	json	1	ok	__type__,content
assets/res/import/7d/7d7b0e9c-1c97-45a7-a48b-f7475575571d.json	69	58	4036315769	2cfa940932b2c0a25916bdb6b9bd8b8ffa50ed3f8d1bd9b99376779a9d4d25ad	473a4b5edc3e0be7e3d2bb1522f9249a	json	1	ok	__type__,content
assets/res/import/7d/7d971dc8-b2f6-4755-9d06-770e14a47598.json	188	153	505704000	44ab616d005df10c07b5c6daea38cee4fa23abdcd04fb8b8b399e2d1af754f4b	2c1410af5580e0bb8a2ebff3ac1ffde3	json	1	ok	__type__,content
assets/res/import/7d/7dc3b32e-392f-4915-89da-2ce9d02560a8.json	69	58	4036315769	2cfa940932b2c0a25916bdb6b9bd8b8ffa50ed3f8d1bd9b99376779a9d4d25ad	473a4b5edc3e0be7e3d2bb1522f9249a	json	1	ok	__type__,content
assets/res/import/7d/7ddd40b3-60c6-402c-a26d-2b64d3868723.json	187	154	1368443235	ad93cebb165959980569fcd6edcde63c6cef4c2fc653148bbe42ac1e51773307	ea2843bac4e8cdcb0ff57b7d86643b5f	json	1	ok	__type__,content
assets/res/import/7d/7def0f1d-ae15-4dc3-ad4e-c510ec35e3fe.json	18075	2921	4000630424	1fb5c5fb0b84c6d59cb0751595be81e0316320252a2371b44f3f3c38e0f40e1f	99613529940140d0fe4fcf70f9ae62ba	json	1	ok	__type__,_name,_skeletonJson,_atlasText,textures,textureNames
assets/res/import/7d/7dfcc304-ee31-4a99-8e68-43d14e96c700.json	69	58	4036315769	2cfa940932b2c0a25916bdb6b9bd8b8ffa50ed3f8d1bd9b99376779a9d4d25ad	473a4b5edc3e0be7e3d2bb1522f9249a	json	1	ok	__type__,content
assets/res/import/7e/7e4325f8-b16f-43ec-b565-8a65b3ad4ae8.json	175	139	1381967778	4b3ad910f83c6591412577c65bbb8d62e5592ae3b70f3cc28ed5e8b6d8069642	6eacab047d99130ca566b7b36ba90d76	json	1	ok	__type__,content
assets/res/import/7e/7e52db12-d208-442a-97b4-05cef7c1a693.json	69	58	4036315769	2cfa940932b2c0a25916bdb6b9bd8b8ffa50ed3f8d1bd9b99376779a9d4d25ad	473a4b5edc3e0be7e3d2bb1522f9249a	json	1	ok	__type__,content
assets/res/import/7e/7e62b4c5-d26c-4b35-ae11-6ad75435a820.json	36538	5761	2835908150	cc704f594ce59d5156b65bdbab1ccbc09eab908b3b843679ed2faa23a61df000	560b152d3d045f9aca00905db3ce6ca3	json	1	ok	list
assets/res/import/7e/7e6e33fc-19bd-4bdd-856d-2c7504a09687.json	178	147	4209334682	d7617653c820b712ce51cd91ba6a9b50e653305fc609bf1f394d8a0c916c9e30	0a4851b994d9f6d7753f0520fd03ba14	json	1	ok	__type__,content
assets/res/import/7e/7e729cdb-9f65-423f-b107-4b4ab437317a.json	69	58	4036315769	2cfa940932b2c0a25916bdb6b9bd8b8ffa50ed3f8d1bd9b99376779a9d4d25ad	473a4b5edc3e0be7e3d2bb1522f9249a	json	1	ok	__type__,content
assets/res/import/7f/7f08fe95-4ce5-4c46-85f8-21a82ec1b2ef.json	178	152	2284928174	c71c5891dcca6d77d02ca1753e76322fb0d2e8c06a2d135e84c16c732e00fb57	39b0ddfd0e35ea5341d44a620e337b65	json	1	ok	__type__,content
assets/res/import/7f/7f1024bb-3513-434a-92a8-ef03f7f75dc2.json	69	58	4036315769	2cfa940932b2c0a25916bdb6b9bd8b8ffa50ed3f8d1bd9b99376779a9d4d25ad	473a4b5edc3e0be7e3d2bb1522f9249a	json	1	ok	__type__,content
assets/res/import/7f/7f2c95bf-9f60-4c5b-b1d4-eda4fe09b601.json	42358	5626	3770584877	c850dbbf4ea947d45df2f43d054feed5453a8b100e5d65d4faea44f25bb6adf7	e58faf775ec73235f058b244431799c6	json	1	ok	list
assets/res/import/7f/7f4a9700-f1e6-49a7-b7c4-b6b4342fadaf.json	177	148	3591834125	1c0e97b558e9f9a6fbe19e14565d65c0f559509a953469414d052234de9fdbc1	e424396066750f98a239a59d12bd098f	json	1	ok	__type__,content
assets/res/import/7f/7f8381b6-7fa5-4945-b9c1-92adfc99fde2.json	4930	1148	881966844	ac7d4d9ab6372aee66e72e35226827bd9a9f27059cdde01ed7f76ce969c23956	4a251c1b528ce6c593ce3e4b921e959b	json	1	ok	list
assets/res/import/7f/7f994c2a-df95-463d-9f44-2e1c9a911b3b.json	185	151	4233909642	89c175f1d880352d9685061f333a4f6db6ed381697783330e5ae140aa366c4b3	4f72e938dd93cd30584e1b84a5842deb	json	1	ok	__type__,content
assets/res/import/80/801460e6-6d30-4230-aae3-76838973803c.json	197	164	1348689476	0526556b866a295bdf7fc68d1e753119d5ad1fb5e59652ca3261205aea3f2e8b	4b182013c72ce76807960feabcfc6023	json	1	ok	__type__,content
assets/res/import/80/8015a6cb-8e65-4602-b4f3-732e96a518c4.json	186	151	4064095571	ed67aacd2e7b39bcff3e75279cad7a8a9cf88a3ebd134fc64d1a59893145aa5d	b42bc796b51a8a329db915c16e685467	json	1	ok	__type__,content
assets/res/import/80/80789f59-6eba-49e1-bdff-aab74d73201e.json	176	145	2915309590	32c12bbd70d61d0ac8730da8ce87e5c5e397a936b28ff54c58874833337e2c49	1ff5b4ebb9842ac654f25171ac002cbd	json	1	ok	__type__,content
assets/res/import/80/807efad5-4ea7-4163-b35f-e3d00b768906.json	1068	568	572863291	6cac63e32dc6f03281288ba78164daac359406c799e600bc9c3e0b011d52079d	da8b417d819db48d7fd8bd1dc94cb67f	json	1	ok	__type__,_name,_spriteFrames
assets/res/import/80/809f9773-b8b0-409f-8f39-be17bc13dc8a.json	63	56	1371488825	be8ff221f8b838f9a7faec9c1249b8bfc8c94f8743e6218107c63e355b3dbd85	2f4592b3659c0e169ff817de62259291	json	1	ok	__type__,_name,_native
assets/res/import/80/80b2903b-e125-410c-a3c9-d7e9df45b45f.json	52999	5432	4241549693	c1632141d71da1208634a22bb6b3e841a2bb1dce4b08442ee6796e222b30fc4a	e384152182657911bfb34953a2e5d0c3	json	1	ok	__type__,_name,_skeletonJson,_atlasText,textures,textureNames
assets/res/import/81/81195eb1-ce3e-4795-b51e-829026bb4729.json	187	154	653013207	b8df0dd65132bca3df5e3afa54084cfa0882ef59ff5a6e32c159055eb11c1916	68b95022b087e8a32508f97f0079f9a7	json	1	ok	__type__,content
assets/res/import/81/81a38cab-bcae-41fe-afbe-c2504ad21721.json	177	140	1218835663	972bd24b90ff7bb020a2614d77e2ec27867af5745e9c024eba227c92f2bf0fbc	b46b9d5304688fb482b375684a58be0c	json	1	ok	__type__,content
assets/res/import/81/81bf9fee-9bf5-44b7-b84f-061fa7efe233.json	914	502	3842089354	46c681da068c500483c602bf387ab17a8b5e79caf79cfa2d0e553f38b0941679	a30ced9c45e7b895d708a2160f0831ab	json	1	ok	__type__,_name,_spriteFrames
assets/res/import/81/81ce7059-a7bb-4be9-9f15-ef0ecbc2de7d.json	186	151	4028823632	fb882f7300b36ffd015bf8cdbd7e68594f9247e160c7a064ec0690430dc64cd5	751117851b7c6b420acbc8ddf1493699	json	1	ok	__type__,content
assets/res/import/82/821cbf1f-5892-43d2-8c14-eb22811bcf47.json	74	68	3868656831	a97d0d93b1458f9b3ff9697a14c7788d2ceb7b506f784e6f5c012f29c0940676	5cc7bcc85e5745ed492f640b7656ca77	json	1	ok	__type__,_name,_native
assets/res/import/82/822ed93b-78b0-4574-99a7-1bdb4c62f2ff.json	63	56	1371488825	be8ff221f8b838f9a7faec9c1249b8bfc8c94f8743e6218107c63e355b3dbd85	2f4592b3659c0e169ff817de62259291	json	1	ok	__type__,_name,_native
assets/res/import/82/823f3771-e079-44f1-83c7-9c6deba04e64.json	3877	1037	2932348387	dd503a2aee0806af574c249b24ee36fee942a24b1a9780208e06a2467ab22839	4ea42ca8042d1e1c17a00c334c4292ba	json	1	ok	list
assets/res/import/82/82574817-7a4f-4fb2-b4e8-c2754e1a25c1.json	69	58	4036315769	2cfa940932b2c0a25916bdb6b9bd8b8ffa50ed3f8d1bd9b99376779a9d4d25ad	473a4b5edc3e0be7e3d2bb1522f9249a	json	1	ok	__type__,content
assets/res/import/82/828cee74-abc9-48f9-90d3-f4e68d92a1c5.json	179	149	1119609513	a7f470f6e58fa73605b729d8c31066942c05ea1e4cf84fb4e8df581df3b22f61	44df69da85aee3348968a66b1dc0264e	json	1	ok	__type__,content
assets/res/import/82/829a282c-b049-4019-bd38-5ace8d8a6417.json	80212	4247	3910602068	4b0284655e94fc2c2863f877a9827f82fd7cbcd2cb295b0ae1718e77be4ee9e2	ad3a61a61c04b76df9d2c186325d6f24	json	1	ok	__type__,_name,techniques,shaders
assets/res/import/82/82d4590c-c563-4344-8ae6-c767fed3b511.json	186	148	4220506162	c65806c1d049a98e803f2e2051e3ae1b5b925f00502de4d69043c5a2f04043e4	64d8f5a123c27ce86204a6832fed7b6c	json	1	ok	__type__,content
assets/res/import/82/82e63da1-b024-4ee9-bf4b-532cdfb43fd8.json	342	234	2824121192	258814516908a27bde23266f59d60719c4e9ade0c3e09cd9ecd68935800e8ad3	98218713e7ff7f6d618103ae9807caab	json	1	ok	__type__,_name,_spriteFrames
assets/res/import/82/82f89f02-c5c9-466d-98a1-2c8e9177e4b9.json	183	150	4280087803	9fee7c33e16800af0f23da2875a275713e02d2b4688cad4920387cc55a14fd21	3747d4cc20f772af21bad2bb24ba8d59	json	1	ok	__type__,content
assets/res/import/82/82fb8bf4-de2d-4da2-86e9-a7c32cd3068c.json	186	150	3850924659	29c18df0afe3a4008acc871acf35aa302e8003c3f644e85f0fc350b774bdc552	2bfa19df55c71159b2bc1e761dff27ec	json	1	ok	__type__,content
assets/res/import/83/83380dfc-a208-4667-af97-3382d937838d.json	63	56	1371488825	be8ff221f8b838f9a7faec9c1249b8bfc8c94f8743e6218107c63e355b3dbd85	2f4592b3659c0e169ff817de62259291	json	1	ok	__type__,_name,_native
assets/res/import/83/83410d64-b184-433b-92a4-da1804c7cb80.json	69	58	4036315769	2cfa940932b2c0a25916bdb6b9bd8b8ffa50ed3f8d1bd9b99376779a9d4d25ad	473a4b5edc3e0be7e3d2bb1522f9249a	json	1	ok	__type__,content
assets/res/import/83/83a10b4f-498a-43ec-91a7-f5a78503a5c4.json	187	152	1408094324	852f8a5c124f3083c647afc81d3550881e436aad433b611b1cc930d763069a4b	55858462e1fbc892178c25a96818d390	json	1	ok	__type__,content
assets/res/import/83/83d327af-d0c1-439f-ae17-f97e63f8e55b.json	63	56	1371488825	be8ff221f8b838f9a7faec9c1249b8bfc8c94f8743e6218107c63e355b3dbd85	2f4592b3659c0e169ff817de62259291	json	1	ok	__type__,_name,_native
assets/res/import/83/83f0fb9a-69a2-4210-86f5-f6cbba19a5b9.json	69	58	4036315769	2cfa940932b2c0a25916bdb6b9bd8b8ffa50ed3f8d1bd9b99376779a9d4d25ad	473a4b5edc3e0be7e3d2bb1522f9249a	json	1	ok	__type__,content
assets/res/import/84/84869634-c4ac-476b-82f2-31986db34547.json	69	58	4036315769	2cfa940932b2c0a25916bdb6b9bd8b8ffa50ed3f8d1bd9b99376779a9d4d25ad	473a4b5edc3e0be7e3d2bb1522f9249a	json	1	ok	__type__,content
assets/res/import/84/84c5570d-56fe-4b22-a544-49157ec94792.json	63	56	1371488825	be8ff221f8b838f9a7faec9c1249b8bfc8c94f8743e6218107c63e355b3dbd85	2f4592b3659c0e169ff817de62259291	json	1	ok	__type__,_name,_native
assets/res/import/84/84e243c5-7f84-4f4f-811a-357f50d4a62c.json	182	151	1776468140	69adebb2716a1ceef42a54fb733ea3176796d9ea63946075ff0692bbc668495c	67b1760139cc5f1c7a0251c5427ae123	json	1	ok	__type__,content
assets/res/import/85/850ff4a8-4ee3-4276-9a40-dc7109762d24.json	69	58	4036315769	2cfa940932b2c0a25916bdb6b9bd8b8ffa50ed3f8d1bd9b99376779a9d4d25ad	473a4b5edc3e0be7e3d2bb1522f9249a	json	1	ok	__type__,content
assets/res/import/85/853346ae-49d9-4294-b30c-27daef5d309f.json	7464	1536	1089085900	5cc2a8d3e7a4773e82467b7d34e12e4fdbae0f7ce20bc6ed1aebf621f1d1582f	613515dba45c7a1962b49561f38b39ed	json	1	ok	list
assets/res/import/85/85610449-ed2f-443d-8cb6-5896538fdd57.json	1042	486	3377614742	271aa34fa4310b968a15947168b695d520af2822c39184cabe7e944f55745dab	1ffe45c922a65037481f739141b391cc	json	1	ok	__type__,_name,_skeletonJson,_atlasText,textures,textureNames
assets/res/import/85/85657699-5790-4caf-8142-9e2d848eb9d9.json	68	61	2993153882	4d127de5c6ef644a00f5f08349ab9bc9b9830ff2efd2e008155dfa705ce79379	b940d6183312f1cd79edb4e098866829	json	1	ok	__type__,_name,_native
assets/res/import/85/8579bbfc-d6f8-4f14-bac7-0773bdae607a.json	180	145	3409564621	090ed36ed5972f9cb9b17d87b57e02b2fa61cf5390cb338ebb57b37763d0cfd5	27b1f87827ac230147e513e45320ce22	json	1	ok	__type__,content
assets/res/import/85/85a8f0a1-9f5d-4acd-a3bd-2fbbdd189ec5.json	69	58	4036315769	2cfa940932b2c0a25916bdb6b9bd8b8ffa50ed3f8d1bd9b99376779a9d4d25ad	473a4b5edc3e0be7e3d2bb1522f9249a	json	1	ok	__type__,content
assets/res/import/85/85cb3283-df0b-4bb7-8215-a25956c33980.json	63	56	1371488825	be8ff221f8b838f9a7faec9c1249b8bfc8c94f8743e6218107c63e355b3dbd85	2f4592b3659c0e169ff817de62259291	json	1	ok	__type__,_name,_native
assets/res/import/85/85d09e31-aa73-457e-bcd5-d94233d133f4.json	1754	661	3633289897	c9f7b7da12f79389e4a05ea40a6a8bbfe5c750da8e3ad0871177a90d73a47596	e124cebf91d59a77f2acd6c8a3d4803f	json	1	ok	list
assets/res/import/85/85de80f7-a503-4c2e-b58d-942d234bc251.json	55	47	346172022	bf6b192075d1fcae9a138e0734b63aa23fa20d10f44c4b3eeba7455d8ae74f92	1767f64565d0f7c470db21f113bec458	json	1	ok	__type__,_name,_native
assets/res/import/86/86095591-5af7-4184-9527-335f40773578.json	63	56	1371488825	be8ff221f8b838f9a7faec9c1249b8bfc8c94f8743e6218107c63e355b3dbd85	2f4592b3659c0e169ff817de62259291	json	1	ok	__type__,_name,_native
assets/res/import/86/86314311-139d-40de-ad0c-94721f20af3c.json	1808	672	1209801199	fec08da83f7d1879a936cb50afc224ceea65a81825e5c6dfee1328cef095808a	edeb16f3cdc8e502c1dc7651bbf2d821	json	1	ok	list
assets/res/import/86/8663b78e-e211-4a5b-9a4d-b60ae6af8f7c.json	63	56	1371488825	be8ff221f8b838f9a7faec9c1249b8bfc8c94f8743e6218107c63e355b3dbd85	2f4592b3659c0e169ff817de62259291	json	1	ok	__type__,_name,_native
assets/res/import/86/86981853-47ed-41df-a828-4a08af71569a.json	184	148	3770166807	d5428c4a94223237caa91290fa65ca37fd5269785aef007c29e8efae0e6d5654	28b9e387b3f05c5c2cbcfc52562f9744	json	1	ok	__type__,content
assets/res/import/86/86c0c906-bbdb-4ee1-a838-b33935df53ba.json	10330	1920	79043915	e116f13970131831500110f7895ce233581635cedf8ce3b13eace28a3202c97c	5eeb7ef882e2277139fb21b9619a75e5	json	1	ok	list
assets/res/import/86/86d603f1-9ac1-4fec-89af-f4d5e46c1060.json	164	135	4058901923	ae632b4a2631966c8f8c3ddd6730d9cebc548faf345e6299be411d8ffbe17561	d1d455f373ca1c514e41f111325d145d	json	1	ok	__type__,content
assets/res/import/86/86fa5745-2f1d-434c-b6b6-7867ed920b10.json	175	141	1996537065	e05eadc426cbe38fc8911960f965a1a111a9a04c3cf972f8f31180263fbe72c1	379cd9baf592a2276fe3f1ad91ca090d	json	1	ok	__type__,content
assets/res/import/87/8708e235-7443-445f-9551-bfc0123b8f3f.json	183	151	720536113	1da03b8d13601cc75889f4238511a2600d09541384f5dcc9ed16d564e6fa3561	0f6fb4005a49054ad4af777175c29235	json	1	ok	__type__,content
assets/res/import/87/872256c1-7ddc-4b01-b4d8-4cc27cb6fca7.json	1043	487	3517413785	d6bba38c7ecfbbfd18a13ab28ab504e9162044b4d703d7bade6cbafd462de6b6	228206cb45a8190c2aaccdc37ca08ce7	json	1	ok	__type__,_name,_skeletonJson,_atlasText,textures,textureNames
assets/res/import/87/8734c54e-177e-4d4b-996c-d6f8484d0208.json	1459	325	2097940337	a8c6a7917952f22370edb88a06b08a4b5717408c912c74ca5381a7291fb396c3	e673c6090e9bd66298b8a0a81c01d3db	json	1	ok	__type__,_name,spriteFrame,fontSize,_fntConfig
assets/res/import/87/87745573-6a8f-4c0a-a171-138298c24961.json	5155	1089	4162453249	6ace3a5aeebf240ebf075590b1ab3a09501039cde0ccd30c94c01cb3df3903c8	fd7123820e15850ab7950c36ec014eb9	json	1	ok	__type__,_name,_skeletonJson,_atlasText,textures,textureNames
assets/res/import/87/877b6a8b-936c-490b-9d43-0987a6ff364f.json	175	146	196751127	51a1b0cf709efe31b3e8be29e2a27891c8d80eb78df4cd5fd7330887a27b06d6	ab9bca8b4417ba7022973d24f86c0f4b	json	1	ok	__type__,content
assets/res/import/87/87a00793-3299-4efe-9f6f-bc9f02922c5e.json	69	58	4036315769	2cfa940932b2c0a25916bdb6b9bd8b8ffa50ed3f8d1bd9b99376779a9d4d25ad	473a4b5edc3e0be7e3d2bb1522f9249a	json	1	ok	__type__,content
assets/res/import/87/87bc35fd-4cfa-4549-9342-eee034e1531b.json	63	56	1371488825	be8ff221f8b838f9a7faec9c1249b8bfc8c94f8743e6218107c63e355b3dbd85	2f4592b3659c0e169ff817de62259291	json	1	ok	__type__,_name,_native
assets/res/import/87/87bfdfe1-978e-4b81-8ed4-416fa3bd27cb.json	15732	2860	719114127	4b5b6b25ef9b60602469306cc29e315ba0f8ed5704d9836266176c41b023102d	eb5150a49923b33e8c1870edcd69f906	json	1	ok	list
assets/res/import/88/881423c3-d030-4688-ad69-d009d255866f.json	197	160	4050446527	fb70d5f9ed6595406334e78914e2ab8f9ab0cc7edea51646bacaef1a8cd4e75f	0929cbfab1af404585a46fa8b200080d	json	1	ok	__type__,content
assets/res/import/88/88606820-c937-4873-9741-967057cd381c.json	183	144	2591356738	1e31cc0d516a021ae41f276edffeaa9e7d1748b8285c6750fa40e84b9584d0b3	bd6ea27694e9d5e5b1d01221ece14da9	json	1	ok	__type__,content
assets/res/import/88/889d71d4-8e98-408e-aba1-d792d73525c0.json	239	182	2494926006	0e4db4a280d9c0f2ff4b319c5d7af35e56518f429c2a17d354c6237d857944f1	eb443891504f276a1be70c06e4df2b4d	json	1	ok	__type__,_name,_effectAsset,_techniqueIndex,_techniqueData
assets/res/import/88/88b605e4-7ae6-4a08-b9ab-2d0c169fe7ea.json	205	164	2115883134	400f9fdc3e3e2a8c4ba93f494fdefb007f4467f2035874e8d91ec3ac1c476837	f5b9b50f9d12ce3d1e0c8ee65e34d503	json	1	ok	__type__,content
assets/res/import/88/88c428f1-f77f-41e7-a600-a35cbaae76cd.json	169	137	1441526924	8bbab374e845b38cbd56030774b2158957ea93720a6149d8d49d0b03a6a382ad	40bae9df0d8dbe8cfcf1c0a63d27edbd	json	1	ok	__type__,content
assets/res/import/88/88e9deba-dffc-4d84-b020-fdb31a87a29c.json	191	160	2822305569	6c7335a4b36f987f627d8cd9a2e393378b441d3a7105c052761a2c5123297e41	13fdcb7f4b736edf16f10c2494462484	json	1	ok	__type__,content
assets/res/import/89/890acc64-aa92-4b65-b9b8-cc41c42784e7.json	377	233	223018553	d7cf10fa44647f90b6fa1bab5369a30506c89bb14b56ba695ca0758b948af5f5	1c11dccf1e72f1dd186668c5fe08c705	json	1	ok	__type__,_name,_spriteFrames
assets/res/import/89/891c8677-fae3-4a6a-8905-6fa0aa62d0e1.json	205	168	3553434009	c0b7095a14c9e3cedc9e796e69931e7248c70a4090b1faaf5d2632cb295267d0	cdff41588640733f3c446ff6a36773c4	json	1	ok	__type__,content
assets/res/import/89/897afcb4-4276-4787-80fe-273a184e1117.json	184	150	3233521771	33cb058a2a5efbddcc1581051ddd7c0e542ee87178aa0e7c84453f658dfc0b73	b8369a71dc530cf9106bec7695848612	json	1	ok	__type__,content
assets/res/import/89/89854930-002c-44c7-bf3a-e4efe70d7269.json	69	58	4036315769	2cfa940932b2c0a25916bdb6b9bd8b8ffa50ed3f8d1bd9b99376779a9d4d25ad	473a4b5edc3e0be7e3d2bb1522f9249a	json	1	ok	__type__,content
assets/res/import/89/89b375b7-02c5-4b50-85b5-a95e2ffb4250.json	5760	1424	3724729809	1b505631f366dc04c93d9bfba0d5a416fe5599ca1dfee9358bc157265548c9a8	d09812173450ef327abc7b464dffea14	json	1	ok	list
assets/res/import/89/89b58144-1d13-4a6c-9fcd-6895a2b94312.json	194	156	3065416818	3b3f879d08bf0235fe196082fef456255b3e5c11a3111564a0f84975a6f8f389	e2d9dcabc9c8a88450b6bf7d315a45d6	json	1	ok	__type__,content
assets/res/import/8a/8a0effe2-ab17-45c2-bca2-eaafd489b633.json	63	56	1371488825	be8ff221f8b838f9a7faec9c1249b8bfc8c94f8743e6218107c63e355b3dbd85	2f4592b3659c0e169ff817de62259291	json	1	ok	__type__,_name,_native
assets/res/import/8a/8a1a3d4b-24d4-49d9-b4ef-451703941f76.json	63	56	1371488825	be8ff221f8b838f9a7faec9c1249b8bfc8c94f8743e6218107c63e355b3dbd85	2f4592b3659c0e169ff817de62259291	json	1	ok	__type__,_name,_native
assets/res/import/8a/8a96b965-2dc0-4e03-aa90-3b79cb93b5b4.json	69	58	4036315769	2cfa940932b2c0a25916bdb6b9bd8b8ffa50ed3f8d1bd9b99376779a9d4d25ad	473a4b5edc3e0be7e3d2bb1522f9249a	json	1	ok	__type__,content
assets/res/import/8a/8abbda41-d70a-44d9-a2e8-f65dd11557a0.json	178	145	3756884247	b41d90886974fcbddab3c17fda5732556c2a6926ef1d680f6b212bb49a771255	778d4462591e38650613e494c2ed2b4c	json	1	ok	__type__,content
assets/res/import/8a/8ac81666-33af-40c0-a4c3-99a0c2eccc74.json	63	56	1371488825	be8ff221f8b838f9a7faec9c1249b8bfc8c94f8743e6218107c63e355b3dbd85	2f4592b3659c0e169ff817de62259291	json	1	ok	__type__,_name,_native
assets/res/import/8a/8adb20da-2ccf-401c-a289-34b1b0e633d4.json	63	56	1371488825	be8ff221f8b838f9a7faec9c1249b8bfc8c94f8743e6218107c63e355b3dbd85	2f4592b3659c0e169ff817de62259291	json	1	ok	__type__,_name,_native
assets/res/import/8a/8ae5652a-608b-4ac3-8b74-f65b32fe59bb.json	184	148	3479515348	2b55f020ee299a780081115d3fd24b679682a96d710a389c67e8c7a10dd2e807	ddc0b1f62aaff369b81f912040c449f2	json	1	ok	__type__,content
assets/res/import/8b/8b4d5c27-d0dc-4255-8bfe-b1d86df06ae7.json	182	147	2059222072	fcb3c96aeca3a774de66c91ced0cb8312383be70a7d7776f5c5bfb4f7e998fc5	1e3d45c2bb536176d024f2887e26de87	json	1	ok	__type__,content
assets/res/import/8b/8b6a8e14-ba3e-48a1-8add-0f77c065abdc.json	187	150	3385425340	fe93195c7253d40434afbcad37303562de598a19630bb6e650e6d257e4e58a65	b08d71845449b64a3f9ae04d003e41e0	json	1	ok	__type__,content
assets/res/import/8b/8b77ca8d-f7f6-42c3-8c86-3bcba5fac596.json	1534	485	3752505724	3126d6233926a06e807bb9abbb185e93aa61e74f8474a14f760d8ceeb2d0463e	847668b7ae8ed06362ad132ffb98f8ca	json	1	ok	list
assets/res/import/8b/8bbf0b33-6b38-468d-9341-801563280a19.json	69	58	4036315769	2cfa940932b2c0a25916bdb6b9bd8b8ffa50ed3f8d1bd9b99376779a9d4d25ad	473a4b5edc3e0be7e3d2bb1522f9249a	json	1	ok	__type__,content
assets/res/import/8b/8bc49ac4-861b-4ad2-80d4-6eaf596c5aec.json	7248	1531	1397965855	93cacee5f597e7044c0d3a2f61f31f94b5160af8eea37a051f0f749c079a5ab0	4ef9dd5c49d377b2f981b42c7217b750	json	1	ok	__type__,_name,_skeletonJson,_atlasText,textures,textureNames
assets/res/import/8b/8bc94280-c8e8-47d5-b498-e6cf6de81cb7.json	178	145	3517503442	a2aa9f111b7e13d948607726e7a8acee379d9d7ef45dd94d91d43e3d63bce0ae	b82e970ba6689c1e92a88801900775fc	json	1	ok	__type__,content
assets/res/import/8b/8bd89559-6a3d-4213-9983-e76d00644521.json	63	56	1371488825	be8ff221f8b838f9a7faec9c1249b8bfc8c94f8743e6218107c63e355b3dbd85	2f4592b3659c0e169ff817de62259291	json	1	ok	__type__,_name,_native
assets/res/import/8c/8c215a13-25f9-426b-9204-4d9274bed605.json	179	148	2800208204	87d7161830954d2f154ede02f97d1db017e0a23613f0d2e8aa45560f112e005c	b2684ac509e831ababfbf35a826ee94b	json	1	ok	__type__,content
assets/res/import/8c/8c31d8bb-449a-49f5-8bd4-88961d118cde.json	63	56	1371488825	be8ff221f8b838f9a7faec9c1249b8bfc8c94f8743e6218107c63e355b3dbd85	2f4592b3659c0e169ff817de62259291	json	1	ok	__type__,_name,_native
assets/res/import/8c/8c7ae5ed-ac6e-4cad-951f-d4708e60fca6.json	63	56	1371488825	be8ff221f8b838f9a7faec9c1249b8bfc8c94f8743e6218107c63e355b3dbd85	2f4592b3659c0e169ff817de62259291	json	1	ok	__type__,_name,_native
assets/res/import/8c/8cdb44ac-a3f6-449f-b354-7cd48cf84061.json	179	147	630893671	7bdfbb5602a19c7816dfaa770cde877784daaec5e49644e5c832051f3395391c	d4f0496ce46aeadc93b3c05f2154e5e5	json	1	ok	__type__,content
assets/res/import/8c/8cdfd697-cf43-4e18-801c-d19643a07d0e.json	177	146	4245534263	fa676338c2f0e92f5b8d104f549404a400468cd45b1a556f08dac33d795ea324	942eba6ada93aa946e6d4cb255e36ac5	json	1	ok	__type__,content
assets/res/import/8c/8ce30af9-bc98-495b-91f8-be6c31a12cfe.json	195	160	1226073564	26fc35aaf7ab60c08bbb00574e4312882bd35635c6259871a821a46ed9f0a740	bd43dbcda38be92edd37cd9066d7b25d	json	1	ok	__type__,content
assets/res/import/8c/8cec98a3-d1b2-4a09-ac11-4fe2e703f8f7.json	63	56	1371488825	be8ff221f8b838f9a7faec9c1249b8bfc8c94f8743e6218107c63e355b3dbd85	2f4592b3659c0e169ff817de62259291	json	1	ok	__type__,_name,_native
assets/res/import/8d/8d158c40-b6d1-46bd-bdf6-73c6b326dc01.json	178	146	1564494900	29df1a3bbc023d8615530c346ede6f985580a313e9688d57a52cdc1369038340	1ba8d93ce42bb645907cbe57bee12dbd	json	1	ok	__type__,content
assets/res/import/8d/8d1d951b-9fbe-4545-ba34-365f0e58b861.json	98461	8812	1708531440	557ceab056b43491cc00d432d912949411cf9ab82b8afe396447f81a07a14cfb	2a02a8ecd20fab98f309a60ecccc9747	json	1	ok	list
assets/res/import/8d/8d7393a7-6b57-48da-a28d-0bb9cf34477e.json	63	56	1371488825	be8ff221f8b838f9a7faec9c1249b8bfc8c94f8743e6218107c63e355b3dbd85	2f4592b3659c0e169ff817de62259291	json	1	ok	__type__,_name,_native
assets/res/import/8d/8d786338-ef01-4a10-bd40-e77085a0b6bc.json	7583	1526	3782327736	6c7cb87aae5bb48945ed79272dce6c12d99568e548de46a9e87b27c00ade84e9	b76b1d36013b35b9f002915e941ebedb	json	1	ok	list
assets/res/import/8d/8d8d5e16-0f8a-40af-b7f0-856a2679da9a.json	178	146	439360561	67c2f9b2413016c3d62cd7fe6d2c2fce474c71bec8723a3982f33f3278770b21	d25fe9a723cad17ffe8baa332ffc727b	json	1	ok	__type__,content
assets/res/import/8d/8dd7d176-7282-4e8b-9db6-a5c23037ffb0.json	1875	383	1306334751	5294619eb5bc06257b5910ca8bd3c6deffc7ffd467597712f1b5f34d418148a4	fa74f5eddf51c4cc92b037bcaa997b96	json	1	ok	__type__,_name,spriteFrame,fontSize,_fntConfig
assets/res/import/8d/8dda3003-f887-4c92-bfe9-22f82f3a97fc.json	181	146	3630332729	3924079cefee77a343e745d1926c323bb8f743a18d68d15aadfbd1db7b5868ef	4ea3afd5298ef04e09bf90851244acb9	json	1	ok	__type__,content
assets/res/import/8e/8e135bca-c3ca-4e12-b9b3-8512c70b3f24.json	63	56	1371488825	be8ff221f8b838f9a7faec9c1249b8bfc8c94f8743e6218107c63e355b3dbd85	2f4592b3659c0e169ff817de62259291	json	1	ok	__type__,_name,_native
assets/res/import/8e/8e20bb6c-3460-4fae-9843-d1769c082a7d.json	168	129	3153399802	4f01472701c1e864249655aad6008e4f5a97c5f161cb69b7532a4da7d2476d2d	a79eeb6400e7b85cdf09c81264eab261	json	1	ok	__type__,content
assets/res/import/8e/8e21633b-dffa-4bdf-a72d-7a8df83f95fa.json	63	56	1371488825	be8ff221f8b838f9a7faec9c1249b8bfc8c94f8743e6218107c63e355b3dbd85	2f4592b3659c0e169ff817de62259291	json	1	ok	__type__,_name,_native
assets/res/import/8e/8e227a75-08e5-40db-9c63-2edbdb2139e8.json	187	155	262034091	0c280c595846d3fde5588d9733e93c4ef7545cfb0c54410c1e5f639208c55494	826e652782ed1dd33a619a6e9df42e9d	json	1	ok	__type__,content
assets/res/import/8e/8e59fdf3-2c7b-4b95-9bbd-4312d8ed6bc2.json	183	151	2044061650	c219db168f89d9e725091909e0ec45602b059ed3cc21219afe656a6f14a97b59	511486a819d99266560d2216ed688ac3	json	1	ok	__type__,content
assets/res/import/8e/8e796bda-ecd9-48e0-8640-be37ae072a11.json	174	144	426421878	056a9b5433781e1dedcd99252a1bb25828196d01021a66a26a801598c9b28a96	dc358cacd6a2c7afffc22c3db5c13edd	json	1	ok	__type__,content
assets/res/import/8e/8e85df45-e700-4564-b3e7-42a7af078b68.json	180	147	3598100517	1e517760c968a52228ed4ab4e181bbf6ce0cce8f5a82a1620bf03efc94764fae	9828ec7d1981863c770dc8d01083295b	json	1	ok	__type__,content
assets/res/import/8e/8ecd8a25-094c-4014-b3ab-454ff6b9931a.json	182	150	957927376	b3c3283a353ae67761e4bb7c696eb2d3884bb54aac33ec4d9bcdcd455fcb1f78	777bfc4a5e85e867f9c095bb9911f121	json	1	ok	__type__,content
assets/res/import/8e/8eff479f-3781-4f68-9c9f-61a578a358d7.json	184	152	1041498528	6649ad235448844573e19c56e462cc3cae285ac983be1ed2c46a1f4daec8ca73	585fc40d6604cdf9ebf5b86b134d49cb	json	1	ok	__type__,content
assets/res/import/8f/8f0d45a5-f4a4-43cf-8411-2af71f86f659.json	184	149	3993727281	7f14746a783ed3aadf317b82e202ef036e589dd2e39fe66cfd125c5685e03634	7018a9445377cc906221adace221600a	json	1	ok	__type__,content
assets/res/import/8f/8f1adfac-a41e-4b1b-989f-402610f23d5b.json	63	56	1371488825	be8ff221f8b838f9a7faec9c1249b8bfc8c94f8743e6218107c63e355b3dbd85	2f4592b3659c0e169ff817de62259291	json	1	ok	__type__,_name,_native
assets/res/import/8f/8f1cb4b4-907e-44e3-b3b0-2f38f5e66b67.json	69	58	4268925608	6ff5109ca7d29f6cc1074903763a293bf56f77a7e210029796e5b45a50ade927	9cc300d5f279ff8df5d2c8e1c8d69238	json	1	ok	__type__,content
assets/res/import/8f/8f34229b-9d6f-437d-b67e-8a98b18a85bb.json	69	58	4036315769	2cfa940932b2c0a25916bdb6b9bd8b8ffa50ed3f8d1bd9b99376779a9d4d25ad	473a4b5edc3e0be7e3d2bb1522f9249a	json	1	ok	__type__,content
assets/res/import/8f/8f69f316-0af7-41a6-9850-a3a303abe6c5.json	191	157	2340981491	935c9ee5a9413858c9b7b1a43a06b3ccc5c2956b07f82c58e4abbeae6a796dcd	b57bcbc66032e3262420dcda999c5086	json	1	ok	__type__,content
assets/res/import/8f/8f7816a8-5b97-4e45-97fa-5de0419c9ed6.json	63	56	1371488825	be8ff221f8b838f9a7faec9c1249b8bfc8c94f8743e6218107c63e355b3dbd85	2f4592b3659c0e169ff817de62259291	json	1	ok	__type__,_name,_native
assets/res/import/8f/8fdda90e-9515-4ee8-9302-d59cf50833f2.json	63	56	1371488825	be8ff221f8b838f9a7faec9c1249b8bfc8c94f8743e6218107c63e355b3dbd85	2f4592b3659c0e169ff817de62259291	json	1	ok	__type__,_name,_native
assets/res/import/8f/8fec4428-032b-4550-9d37-2498008fd8ce.json	69	58	4036315769	2cfa940932b2c0a25916bdb6b9bd8b8ffa50ed3f8d1bd9b99376779a9d4d25ad	473a4b5edc3e0be7e3d2bb1522f9249a	json	1	ok	__type__,content
assets/res/import/8f/8ffc49da-23fd-4f30-9672-e36c64be453a.json	189	152	2505295867	6f928c5d5147abb7a72cbde54a1b050f7e807222cfd41459b9d28c393e57f214	cc367905a7f680dea62b1741c759f801	json	1	ok	__type__,content
assets/res/import/8f/8ffdc729-6c03-479a-a1bf-baeb7d618bcf.json	63	57	2166163131	870cfb2c42099b45889cd15fc2a5af5b77d51a1a3cc11c5db8c9976ad3fc3a81	572cd1a7574eff56ad8643345b6ec0d6	json	1	ok	__type__,_name,_native
assets/res/import/90/90004ad6-2f6d-40e1-93ef-b714375c6f06.json	189	158	386963459	f3dd3b72e6ae40c754e3582233c1e16827c986b28d2128f39a80f6fd76af837a	42cd5f23cf42574f6ca30283b4331e19	json	1	ok	__type__,content
assets/res/import/90/9035600a-1595-408b-9368-5b579d2cfdac.json	183	147	3370241941	5030c8783a3b4b5223497207c39ea6b57d08ab36818ffb968519f91231452517	3fe2ba1bfceef6c27936c5e253301fa7	json	1	ok	__type__,content
assets/res/import/90/903b873f-dc01-4ece-8c63-93ab3a6d4e54.json	69	58	3982138331	2886877c8be4cf20d1dbfcfb47e319df72148b9a2cb701b8f3705ec62021771c	ace9e759777ed80137dd76921dffb805	json	1	ok	__type__,content
assets/res/import/90/905665ca-cd9d-4678-b842-613271d332d1.json	178	146	821762727	9aa40fd440db9383663394b971ced789a8b6e6374a37cc08ac1584be08e095b1	de309f38601b86911c86021752384a2a	json	1	ok	__type__,content
assets/res/import/90/90829257-65dc-4305-9d85-4667f30c5328.json	1335	484	3773003068	0b0fc85e50e71810b045598ab0d210d955dc81cd0e4b243ac42b8da70b872ad5	502c502b15c6188047c99eb765730b50	json	1	ok	list
assets/res/import/90/90a5b778-536a-4749-8435-ad5c1b8db5db.json	180	148	2545591517	ac317b4ef07dc5ba2d01eb048ef9325aeb77dee25b0b072614fd1d7116a3c23f	ad082c22f9a7845ac2787b2747308069	json	1	ok	__type__,content
assets/res/import/90/90e5bb5c-f6b2-494f-9bb3-82f05685ddf1.json	63	56	1371488825	be8ff221f8b838f9a7faec9c1249b8bfc8c94f8743e6218107c63e355b3dbd85	2f4592b3659c0e169ff817de62259291	json	1	ok	__type__,_name,_native
assets/res/import/90/90e89626-1e67-4678-b92b-4f7a1e6fffeb.json	185	152	568180099	9c9a17ad11f578677aecadd51b3f37c4493b0fdd4c893107a34f255d8b46b07c	093b1c950e50fe92e04567f5efbf3bea	json	1	ok	__type__,content
assets/res/import/91/9140c7d6-d53c-4652-bd77-65acf6fad39b.json	69	58	4036315769	2cfa940932b2c0a25916bdb6b9bd8b8ffa50ed3f8d1bd9b99376779a9d4d25ad	473a4b5edc3e0be7e3d2bb1522f9249a	json	1	ok	__type__,content
assets/res/import/91/91414970-da47-4b8d-8acd-736a655b1133.json	179	145	3420624692	d557f81794bd9c1346fd33a8e4b59f373c8fb630a7591614335b5aa2f71e1ed1	c625aad91f1c0a3ec421211726806cbd	json	1	ok	__type__,content
assets/res/import/91/917a82b0-9b4b-4aac-a900-05129b26c012.json	186	153	2804066559	7cac1dde9556c7b7e79a4b7ef19a64260ada8f28a394b60dc794e7e0a259efec	ed0c7240478b6790d4799d777a66ece6	json	1	ok	__type__,content
assets/res/import/91/91aaee9d-9c2e-4335-bc7c-d1b59d49bc0f.json	192	155	156334269	ade51381a937a6ae2334fdc108c8dd81aad00ac5e70571ddac680d751e8fa16a	64ad616a525d65ff69ab66b76dfd617d	json	1	ok	__type__,content
assets/res/import/92/920c6c40-b3c3-4e6e-b5e5-5189134e5071.json	190	154	3307374062	f0a96c14c1b54ff609797e52545d1be383297c44ae0c0c2718a172c7e7fa1dfa	d23db315844b6967002a4386ee47b58b	json	1	ok	__type__,content
assets/res/import/92/922520db-7d02-4a6d-8307-f306ab7a3deb.json	193	161	2827777400	5dafe49773658929b4164c11e0f69cfdfac7b9fc73d98e1e0d8f43a7da0527c5	1f1c38ea871645530e254fc405692cce	json	1	ok	__type__,content
assets/res/import/92/9238f021-59c1-4b7b-a3ac-3be0c776fbb0.json	63	56	1371488825	be8ff221f8b838f9a7faec9c1249b8bfc8c94f8743e6218107c63e355b3dbd85	2f4592b3659c0e169ff817de62259291	json	1	ok	__type__,_name,_native
assets/res/import/92/9240f172-478d-4306-9db5-6f67b481de17.json	173	144	281504160	e808690f8e34e06f66086295421035c3ee9aa90bd790153234a4a48a7016061e	bd0c1490cf8cca80f586c97469d08b9c	json	1	ok	__type__,content
assets/res/import/92/92728bc4-3bdb-427e-aa30-ee6299ecc4c9.json	48236	6505	3762590594	13369ec30a7b767fea17ebe59b3a445fbca7de78d4eeb386e8d1d0164fcf928c	b06ff8b561f32b4d5980be8aa69b4b6f	json	1	ok	list
assets/res/import/92/928049f6-b144-4038-a96a-e6c2d3549f76.json	62	56	44013888	755252b283fba57ddcafa565c806eb388f2b638270736e6b6032f8be208f0c3e	dc629af0cb869040f3a2b4e39f9c8fff	json	1	ok	__type__,_name,_native
assets/res/import/92/928f2a1d-76f8-44de-b148-11c01b0e7711.json	13286	2631	1525938608	e942561aff6abe4c7815ae313ef4a685770555031de9cbe05186b23d9bf3e59c	81b6d044f4b9939aa1c993db9f862d59	json	1	ok	__type__,_name,_skeletonJson,_atlasText,textures,textureNames
assets/res/import/92/9299f60d-2cd9-4a9d-8291-d6d18e005c73.json	69	58	4036315769	2cfa940932b2c0a25916bdb6b9bd8b8ffa50ed3f8d1bd9b99376779a9d4d25ad	473a4b5edc3e0be7e3d2bb1522f9249a	json	1	ok	__type__,content
assets/res/import/92/929ddff0-fe22-4e5f-9284-a8cd3b3b8782.json	63	56	1371488825	be8ff221f8b838f9a7faec9c1249b8bfc8c94f8743e6218107c63e355b3dbd85	2f4592b3659c0e169ff817de62259291	json	1	ok	__type__,_name,_native
assets/res/import/92/92aa2721-9f63-45b3-82f7-f8d29ac60a78.json	175	140	1405764938	793bbc107c9f6e5ffdcc584931e821d39ea744b16f24a1703bab059348cf7692	a726adf3e069926ed197a6d10510132c	json	1	ok	__type__,content
assets/res/import/92/92b2c4eb-4df6-406f-97c9-a401710fbe78.json	181	151	3872006569	36e987adf78ccd4c2d933bf2541ba65cf6dcefd23376e3b42aa964fbee9c7e5e	1397bd5781fe41692e7971c842f57ffa	json	1	ok	__type__,content
assets/res/import/92/92bb9b6a-3e72-4021-a215-02746852bc0d.json	2670	874	947515972	e8ce5facdd8f6ab9f47d006308a6d05313c4739036f6b0681bc8666c11b88f77	955cab596e9593c277bdce10265d8ad3	json	1	ok	list
assets/res/import/92/92d03f3e-b952-4208-8237-23b20037a43a.json	185	150	4278516381	4acca074349edd40c86f248b86e9283413d5c9471617aa45d2ee335d651c1f6e	4a526278d84d6a7214c127ddcd3b2596	json	1	ok	__type__,content
assets/res/import/93/93113191-b251-4e3c-ab00-db943bfe6b15.json	19098	2546	3758598537	191c6cc982da35bcff843361ad3ce8f554913c986c24f30457a0bcb5b0398176	7ca2ced3bd8625b8e9f64912f86c462a	json	1	ok	list
assets/res/import/93/931406ea-9df4-406f-a5d3-953ae1234089.json	63	56	1371488825	be8ff221f8b838f9a7faec9c1249b8bfc8c94f8743e6218107c63e355b3dbd85	2f4592b3659c0e169ff817de62259291	json	1	ok	__type__,_name,_native
assets/res/import/93/931501b2-d632-4318-9027-0a61e40cf7f9.json	69	58	4036315769	2cfa940932b2c0a25916bdb6b9bd8b8ffa50ed3f8d1bd9b99376779a9d4d25ad	473a4b5edc3e0be7e3d2bb1522f9249a	json	1	ok	__type__,content
assets/res/import/93/932f7649-59df-417a-9e78-e1b6998aa491.json	63	56	1371488825	be8ff221f8b838f9a7faec9c1249b8bfc8c94f8743e6218107c63e355b3dbd85	2f4592b3659c0e169ff817de62259291	json	1	ok	__type__,_name,_native
assets/res/import/93/934f780f-52bf-4a2f-b0dc-608fa2b578ca.json	182	152	2980076915	4790c89d8b365c18b27802b8674e3241762a8404dea1c55077f858df32d30bbc	0e1bce894d42f0833dafc95e5897bbac	json	1	ok	__type__,content
assets/res/import/93/93758ba6-04e0-4b08-abb2-f72a0319aa50.json	63	56	1371488825	be8ff221f8b838f9a7faec9c1249b8bfc8c94f8743e6218107c63e355b3dbd85	2f4592b3659c0e169ff817de62259291	json	1	ok	__type__,_name,_native
assets/res/import/93/93f657c9-5904-40e6-ac2c-a7e6ef879b75.json	187	153	340394189	189b8c713a9e6ec17cdccaaf7b4e8a3dc210df2da3f6f30a9e25020dbd0bf5b0	7ce5e9d858e688335a605640f68e13e6	json	1	ok	__type__,content
assets/res/import/94/943d3783-e4d3-4219-b945-8e2133e48229.json	69	58	4036315769	2cfa940932b2c0a25916bdb6b9bd8b8ffa50ed3f8d1bd9b99376779a9d4d25ad	473a4b5edc3e0be7e3d2bb1522f9249a	json	1	ok	__type__,content
assets/res/import/94/9459cc46-d3cd-42fa-b3d9-8886938934bd.json	18500	3244	1886297008	7e4a27836733939a0c5776cb13a5bf357a6585095071bfb55f98dd917172906c	890d6ce35b5f147c62c6529f3f16cc5f	json	1	ok	list
assets/res/import/94/945bcdf4-29fd-4165-8ac0-c21ab60ce130.json	171	136	498463817	2b12f40da4d1c6221240dccec9b1f8faf566cb93176db99a575b34c86a237160	34c94f7ca03d49071f273359d6141951	json	1	ok	__type__,content
assets/res/import/94/94627687-f4a5-4027-9b9a-860712ff298e.json	181	151	1673194764	23ec539327bf7fa227fa3780d1bdf281eeff0973cd356485f6145a3085e90816	59722dece2ce6998083047901266e127	json	1	ok	__type__,content
assets/res/import/94/94757bbd-bb22-403a-850d-21963a2624de.json	184	153	2444353698	f669a820cfa71c9557786022fc0fc1e91444b7fac8021d57b1224340d4e77348	2d9ea8bd0b90dfd0088b3c3842aaaee7	json	1	ok	__type__,content
assets/res/import/94/94d5e324-8e78-4332-96d0-e1239817b327.json	189	155	3684240642	719fd6a7694745abe234788f98c03aff863ef0fc8e544e7ad9c1f864b2186c57	23bc7553b24571df6e1397f60f69fc57	json	1	ok	__type__,content
assets/res/import/94/94d67406-b810-49f1-8b3b-898938f17a6a.json	181	149	1447932947	54b1276f1aecad307da42111f7ebcf4eaa27a5919bdc56cd872df88d33a058fb	7379eec5f9892b7984d606de2124929a	json	1	ok	__type__,content
assets/res/import/94/94ff5e41-b397-4971-a4fc-e21df9f6b8b9.json	183	144	1952023289	9e8b9d6cd5fb7961ffea45940e4164458db09547fac3a3b0a0290953c0502c71	c3387263f6f0fa3f036626388068a4e1	json	1	ok	__type__,content
assets/res/import/95/950658f3-8b81-4db3-a9d9-adcec003dca8.json	184	152	3834686013	6ad8e8ff3c7498df3b4c2c47e774b75b9a6a3d0f2edbc6abdc0ea0d07ab9b8a8	b6ac115f2a374d9e030cf4ac96c47612	json	1	ok	__type__,content
assets/res/import/95/9510383b-cab3-4dbb-a331-5e8e96b1f7f8.json	62	56	1235532753	804c89488023b845f375e0808c38ae71392296934bf3b1a01c10555afbce962b	8c0f1d0977863bb331157754d7c2b7c7	json	1	ok	__type__,_name,_native
assets/res/import/95/952874b8-9c0e-46f6-a1e6-0b624c8f2e84.json	241	183	1109518391	9634b74bccc3910dedef1fc80df03c4d6eb769d5b6ef66dc27cb30f28ca12cb4	6232ab49b4f6c583e71a58e80b7bb973	json	1	ok	__type__,_name,_effectAsset,_techniqueIndex,_techniqueData
assets/res/import/95/956b3cf9-2f13-4850-9ba5-7b90a630c8b2.json	69	58	4036315769	2cfa940932b2c0a25916bdb6b9bd8b8ffa50ed3f8d1bd9b99376779a9d4d25ad	473a4b5edc3e0be7e3d2bb1522f9249a	json	1	ok	__type__,content
assets/res/import/95/957dc876-ab0d-46b2-9ff1-df054f1054a7.json	178	146	3449404984	1357e42a57d0de4b856ece528f9e1f113ad80080e99a1327d159f3688e672083	7617dcb8c4bcc3f9f549517f45482e07	json	1	ok	__type__,content
assets/res/import/95/9583ed37-aeb4-41d6-bf38-4cdb1003afe2.json	1942	692	3311153234	d063c6cb33b3f6f7c84029e5b1aeadd09b653cfd73837b54017e3931f5a9db84	081e2042de7133a68f9e602c690cb076	json	1	ok	list
assets/res/import/95/958bd281-f582-44f5-afbf-4374d3c6354b.json	178	148	2554004796	fb8993a4c1164f5bfa458a19749206101d9e8ba8244598616d5c400d22af2491	12f834d43edf2d351b0b3dd320306622	json	1	ok	__type__,content
assets/res/import/95/95a44369-c5ce-4487-99b1-cef94fcf411a.json	177	144	514762150	67d473dc129dcf010d452a4c356c9c30940acb725c5f513a5be71b39d05cf129	21782e39fad1c56729cf7f15a69fedfa	json	1	ok	__type__,content
assets/res/import/96/9604032e-cc98-4e88-ab54-f754990ba749.json	68	61	3231104474	9986d10d7f950441d2621d75f03e14979ef6ded497e52a7103078fd2c3009a6c	d0b7c3301320e9db019b004bbf7b57e9	json	1	ok	__type__,_name,_native
assets/res/import/96/96144146-e10a-471b-b893-ef01aaa21669.json	69	58	4036315769	2cfa940932b2c0a25916bdb6b9bd8b8ffa50ed3f8d1bd9b99376779a9d4d25ad	473a4b5edc3e0be7e3d2bb1522f9249a	json	1	ok	__type__,content
assets/res/import/96/96288c33-bbfb-4249-8077-00e2da6008b6.json	701	404	3314802819	164be9427869b164d93ba868de81f58595ed5fe0aacf86a8a1679d1a93ae2420	a3ca7aba56acaebf4c156bed607f478b	json	1	ok	__type__,_name,_spriteFrames
assets/res/import/96/96406d16-de79-46ef-8eb1-3ef7d5c6efda.json	182	153	3426101861	65d97454ac7552c77f7e9df647274e28998fd32bd214a7ee29b65ba05e4e7806	1cd8b06392ec38dd7253845fe1315c8f	json	1	ok	__type__,content
assets/res/import/96/96521601-a1a3-4a59-855b-b2a5ddbb466c.json	195	159	3856993370	3d6025c8fcf297d8cc2daf189922e72670aa9101f00008e97f71844d3299ba5e	cd0b543a99131a87ad9a0752e02f02de	json	1	ok	__type__,content
assets/res/import/96/96b24541-d844-41dc-8e72-45a69adcbf06.json	63	56	1371488825	be8ff221f8b838f9a7faec9c1249b8bfc8c94f8743e6218107c63e355b3dbd85	2f4592b3659c0e169ff817de62259291	json	1	ok	__type__,_name,_native
assets/res/import/96/96d46590-c261-4a1b-af83-ca2e889a4784.json	180	144	2612276060	2a57d492011baeab6e9057bcbf0bffeebb0695cb36109e030781da3f51b0bd96	181b849f54ad23a6752cb7ebbd64ccdf	json	1	ok	__type__,content
assets/res/import/96/96fdc58d-0cfe-41b7-aef6-762de3977de2.json	282	196	1875909588	76928d09689114908a834a909d83788985964d0b10aa1b3faa268e6762d74942	a92ee32e054014c015237d76df58127d	json	1	ok	__type__,_name,_spriteFrames
assets/res/import/97/971223db-a03d-4b2e-84b6-9dae9cc28a91.json	63	56	1371488825	be8ff221f8b838f9a7faec9c1249b8bfc8c94f8743e6218107c63e355b3dbd85	2f4592b3659c0e169ff817de62259291	json	1	ok	__type__,_name,_native
assets/res/import/97/971b8449-d010-4c72-987b-92a87f89741e.json	190	156	1518440221	94da1685befb480f870b83fb1d7afa99e3623f7688d1b814600e9d49a87ab11b	0aabb8f039ddbaefd177cb0be48242bb	json	1	ok	__type__,content
assets/res/import/97/97357815-ef25-4582-b42d-966621043a9e.json	2662	863	2325994074	a64476253dd087b93f31c8404cb3af2401561b8ecce05dcfe99e87c4e33deb9e	0f7f284f0ea4ce37fe8b897a28ad2f10	json	1	ok	list
assets/res/import/97/975591d2-878f-4c37-9d9c-61f6dcaad6ef.json	63	56	1371488825	be8ff221f8b838f9a7faec9c1249b8bfc8c94f8743e6218107c63e355b3dbd85	2f4592b3659c0e169ff817de62259291	json	1	ok	__type__,_name,_native
assets/res/import/97/9797b3a2-18e9-402d-a24f-90c0a02f207a.json	181	147	1368097554	d8f18ee1d9f340b8faf8949f7e2064d816768f85d25a75dafd2f5d8f2cefcaee	880ebb9ee027379b9936e08fce3f3def	json	1	ok	__type__,content
assets/res/import/97/97f60494-0892-4875-a5a0-db44aab3853b.json	33534	4130	543915273	9662907d6d856476617c0103dacdf28a1665f176d50d2f384017553336e4523e	85532370506b6b4f3c4171b8ce8c56d7	json	1	ok	list
assets/res/import/98/980454c8-ecad-452d-8be2-fcbb8a1545f4.json	186	151	3504129602	df8dd12e5fbf10a6042f0989510b3c4dd57190c5876eb0fcfdf8e9c823b2ba9c	43ccf7c1e9eb8f4ebacdb517a858c1e2	json	1	ok	__type__,content
assets/res/import/98/9814c355-d620-4a7f-8b2d-20e5db282e5a.json	57	50	1627381994	47db53209e2e4422d90299629c0fd4d015d8cdb4309107890306fb5029829ff3	dd05c1c737cf4ecffb9877ef7b46c7c1	json	1	ok	__type__,_name,_native
assets/res/import/98/9846d7ac-7585-4b97-a73e-317a6c0f113c.json	191	156	16395757	ce2071d5fda6924595c9cc0922cf9ff5fa76588467bb635819cb80b3194c786c	83e37072de42f72c1d23a7c6661b9768	json	1	ok	__type__,content
assets/res/import/98/984cb1cb-a789-4746-afbe-256d86b700d4.json	177	144	1367865262	2f81e56782d0354986a8bde6396b6488a2ba4d64af47ecc43191cb8fc2809941	d2a6fa0dd97208b840a4f98c6a7e94db	json	1	ok	__type__,content
assets/res/import/98/986eaf54-720c-4803-a893-12912362f6f1.json	178	147	1936640413	87ad6957af2e253dd33acb252ebea5f4ed7f3b902ceafd6a298aab13c88f5f37	08bf680e4487d17f74f1f9fcb8c8a728	json	1	ok	__type__,content
assets/res/import/98/98998de4-6494-4af3-b54a-b2342c6ad94b.json	23392	4820	734509895	ba2a5f89c8d7548a567a2bf6529dbe49f26b0edfdb1863c28677bee5bf3bff8b	bdf2023444515baf53f800c45495d4bc	json	1	ok	__type__,_name,_skeletonJson,_atlasText,textures,textureNames
assets/res/import/98/989a623e-1a44-44f7-8dbd-65b87d656a1a.json	69	58	4036315769	2cfa940932b2c0a25916bdb6b9bd8b8ffa50ed3f8d1bd9b99376779a9d4d25ad	473a4b5edc3e0be7e3d2bb1522f9249a	json	1	ok	__type__,content
assets/res/import/99/9903d726-6a86-4d6b-a266-2dcbf3fcc587.json	195	159	55089044	35bfae82881aac2e58bb5bdf02f43c9d8f072decf182b539d99e8b77fb3b795d	53a22b253b3bf134c27b4bd1269f40e9	json	1	ok	__type__,content
assets/res/import/99/990a20d5-cb6b-4c4b-a843-5688030bcb62.json	201	165	643521172	160bf3566b4505570e9fe0f4967e8730ed7bb0d9ab27346dfccb28651bb9a998	2b943963a8d216c0ccf3c3b55aa7d91a	json	1	ok	__type__,content
assets/res/import/99/991777b8-cd38-4d30-a239-c0b4ec9697e4.json	69	58	4036315769	2cfa940932b2c0a25916bdb6b9bd8b8ffa50ed3f8d1bd9b99376779a9d4d25ad	473a4b5edc3e0be7e3d2bb1522f9249a	json	1	ok	__type__,content
assets/res/import/99/992e2c6f-4201-47cf-8ade-5d7338a520e8.json	196	159	3482297647	62e45bd71ad51f7702a99bf55b95a50616987bee8eeb8d439f6b5d4ccc6dd833	066a2f7d158b79e72abdfe7715d2a74e	json	1	ok	__type__,content
assets/res/import/99/9941a2b2-3b6d-4cc4-b9f6-be4c05c28ca2.json	17910	2063	2065279244	62306f77a755e974ae4d6f69b9aa4ed83fff9b03a0f5afbbc21bc378255c0ca0	72cb10e17c655a55cdd62a945ac17efb	json	1	ok	__type__,_name,_skeletonJson,_atlasText,textures,textureNames
assets/res/import/99/994fda8e-b3ac-4817-8dd5-3fac4bd13ebb.json	151826	12618	534533844	2eaab7fba5910d2dc6d759fd62b4707c1146291b3939ed26a5f874c924eb0ab0	20c43fb8654be66f4ebc57c63a96e0cf	json	1	ok	list
assets/res/import/99/99676135-7606-47d9-ae11-5b5c7f56fee6.json	171	142	1601890195	1c2891e76bba30704a20d84ede829157e435950ef3555f647724532e6b11281e	444a88e2662fa820a731fbc1946f44a2	json	1	ok	__type__,content
assets/res/import/99/997021d0-e6e3-4f0f-9597-339a4556844e.json	41707	5302	262205393	a65b2fcfd01d8296e90cd4ed3c9f86f82033078857d99c3cc08d1d0280c4903c	36e85779b611ca07a21a48b55c759923	json	1	ok	list
assets/res/import/99/998333fd-ddbf-49c0-ba49-e77fca08fc66.json	8181	1617	3967819149	349d027bddbef9c8db548c76d5eb51a44992270d5de5d8de785b163c147ce619	56c4ee79a3cb81a40db40cc97cef9e70	json	1	ok	list
assets/res/import/99/999bd4d9-db8f-4a07-801a-780c9bb1575a.json	69	58	4036315769	2cfa940932b2c0a25916bdb6b9bd8b8ffa50ed3f8d1bd9b99376779a9d4d25ad	473a4b5edc3e0be7e3d2bb1522f9249a	json	1	ok	__type__,content
assets/res/import/99/99d32e12-d611-45c5-b46b-90c424234d30.json	63	56	1371488825	be8ff221f8b838f9a7faec9c1249b8bfc8c94f8743e6218107c63e355b3dbd85	2f4592b3659c0e169ff817de62259291	json	1	ok	__type__,_name,_native
assets/res/import/9a/9a0475fe-44ba-4439-95ae-813be5af0179.json	69	63	893856129	53ae020121fd30db1cd06ae755e2583f307c4695d8650ee2d1c7f7810aca729a	838429e92cd5b5d24e8ff671be92f942	json	1	ok	__type__,_name,_native
assets/res/import/9a/9a22b2f2-f6a4-4152-a08d-1e172e8dc4df.json	63	56	1371488825	be8ff221f8b838f9a7faec9c1249b8bfc8c94f8743e6218107c63e355b3dbd85	2f4592b3659c0e169ff817de62259291	json	1	ok	__type__,_name,_native
assets/res/import/9a/9a30cf08-ceaa-4433-bc49-8c3f472ab697.json	69	58	4036315769	2cfa940932b2c0a25916bdb6b9bd8b8ffa50ed3f8d1bd9b99376779a9d4d25ad	473a4b5edc3e0be7e3d2bb1522f9249a	json	1	ok	__type__,content
assets/res/import/9a/9a4ac92d-fb6c-4e4f-94cf-100238e93f30.json	182	144	3388822860	5362520cd16509b874618f2c48ee752a72553336ec685060ec86ae36ecaf9cfb	7f5550fd0030623dadd6d2eb80dc693f	json	1	ok	__type__,content
assets/res/import/9a/9a8eb2c2-1d99-460a-bc93-b12c70a9baf6.json	63	56	1371488825	be8ff221f8b838f9a7faec9c1249b8bfc8c94f8743e6218107c63e355b3dbd85	2f4592b3659c0e169ff817de62259291	json	1	ok	__type__,_name,_native
assets/res/import/9a/9a979f30-2b0f-4485-ac91-94f2d5019b88.json	176	146	3193041209	4204a74c6aa7c6d8bd226b35012076f54357becb2648b84f4c1a9afe2e03c6f2	8f880979faa1126dceaab67a2cd470fa	json	1	ok	__type__,content
assets/res/import/9a/9aa3f32c-dc06-4227-b407-f2651f507cac.json	181	149	1667356818	fcd0b6f339a0fb702e4090df4a16a946b4a49223db970469d09bd8af4d74c797	6a24c235c68a9ecedfb43d29a9e12ae0	json	1	ok	__type__,content
assets/res/import/9a/9aac7cd0-bc03-4516-aacb-c41019fe69cf.json	70	64	2263505333	87b31fb5e4e3276c90f711e3c6d01315e0589bc8713d0b875455a87b3d339f7b	d4041cf3a00511b8c6488a97ce9cc562	json	1	ok	__type__,_name,_native
assets/res/import/9b/9b0824b8-b628-4a5f-89f4-9b443272e7b7.json	58	52	274043689	345a353101b92cc03e0f97761c4c664255bfeab8e9da8fca1d0cb38e89488a7a	bac6e7d4ff9d34237bfac253a83b5a17	json	1	ok	__type__,_name,_native
assets/res/import/9b/9b380ced-6ecc-42dc-907f-e1e82693be40.json	63	56	1371488825	be8ff221f8b838f9a7faec9c1249b8bfc8c94f8743e6218107c63e355b3dbd85	2f4592b3659c0e169ff817de62259291	json	1	ok	__type__,_name,_native
assets/res/import/9b/9b7d25df-6938-4130-a231-db4e02a1e4d3.json	179	150	3664526432	f28f19434e32df2f5234866b4abecc64896687894aed70a26754af96814123ef	4dfb81d2fea02402732d985e2c989ecc	json	1	ok	__type__,content
assets/res/import/9b/9b910d0f-d03f-4397-bfec-f1f35086bcc0.json	196	160	2691372407	5779263396c2e2db7bf96e0a21c4c608e1e2d90d0b935932e0d6eacb4c2c4c2f	d04f39c220f4ff55571fe3e88e81b250	json	1	ok	__type__,content
assets/res/import/9b/9bbda31e-ad49-43c9-aaf2-f7d9896bac69.json	178	143	969073337	5f3296bd018b1939becbc7cb6a65dcaf4e5fe66deb6ba17f74778677a7bae648	2c86aac54a215519cb8dceb8fdb35c46	json	1	ok	__type__,content
assets/res/import/9c/9c08f79d-ff4c-4c64-8e88-0ef6619fb73c.json	69	58	4036315769	2cfa940932b2c0a25916bdb6b9bd8b8ffa50ed3f8d1bd9b99376779a9d4d25ad	473a4b5edc3e0be7e3d2bb1522f9249a	json	1	ok	__type__,content
assets/res/import/9c/9c2346cd-7d29-4162-9e93-518682ee7400.json	67	60	2188191365	b8c16e2298b97f10e3c15589f78220fa4afcfac15512532d9c16d1743c0b773c	a4fdd74c7e7a0a811084bfcb29bbdf1f	json	1	ok	__type__,_name,_native
assets/res/import/9c/9c38bf7f-1174-4be9-903f-a4241f8e138e.json	71704	9075	2878465103	b715584a3a6f843f49b44375b0edcaaba72772d668743fa50cda6afeea635bc3	e896262e1233571d28efa74fc0154675	json	1	ok	list
assets/res/import/9c/9c53e074-20e2-47c4-a91d-85d3b10d9f47.json	69	58	4036315769	2cfa940932b2c0a25916bdb6b9bd8b8ffa50ed3f8d1bd9b99376779a9d4d25ad	473a4b5edc3e0be7e3d2bb1522f9249a	json	1	ok	__type__,content
assets/res/import/9c/9c61bdf6-013f-4c96-841d-b487ecb0882b.json	63	56	1371488825	be8ff221f8b838f9a7faec9c1249b8bfc8c94f8743e6218107c63e355b3dbd85	2f4592b3659c0e169ff817de62259291	json	1	ok	__type__,_name,_native
assets/res/import/9c/9c8df5df-5839-41df-9bb8-53db85ababdb.json	19534	2652	2238717428	acf13196d69f5e24b892de669a5a5ac1648c2a98f33ab2edb5322958596a99ef	b151063d21c0af540f53c605683b3398	json	1	ok	list
assets/res/import/9c/9c993281-3c7f-4ed1-92e1-13b722f64689.json	9410	1978	3237431973	9ea09047b64d5307350a0716156e9614b685bdad73c8de8b3b784e7263724c0d	25d6e273fa84e429b44f4df595f92b35	json	1	ok	list
assets/res/import/9d/9d18092a-3124-4a08-bf1d-b50b121778e1.json	189	154	2430083562	d3357464d57f993adbf26ec0e1ed32f342db24bcd01ae23485f8268b6c62aadd	248eaab423436f44f21f4ce42abeeeb9	json	1	ok	__type__,content
assets/res/import/9d/9d3dd317-947e-4776-8bb3-1072d0f59a3c.json	179	147	2056583227	0b5657ce96df60722b05d238e3e766ce145b2960ed6ea295fc850f557fc48f25	2b92f5cbb2fc1f06b7b6f7a1b871d299	json	1	ok	__type__,content
assets/res/import/9d/9d4278a9-1084-4a1e-8398-0c5ba2d9b710.json	69	58	4036315769	2cfa940932b2c0a25916bdb6b9bd8b8ffa50ed3f8d1bd9b99376779a9d4d25ad	473a4b5edc3e0be7e3d2bb1522f9249a	json	1	ok	__type__,content
assets/res/import/9d/9d7023ff-6130-4712-bd31-beff7cfa0a78.json	63	56	1371488825	be8ff221f8b838f9a7faec9c1249b8bfc8c94f8743e6218107c63e355b3dbd85	2f4592b3659c0e169ff817de62259291	json	1	ok	__type__,_name,_native
assets/res/import/9d/9dd45c54-3fe9-4c9c-a18f-a17c8ea93a75.json	193	158	3220810309	ce5af6d84cdea095bfc095f7b9d5c8561b9fb60884c7f653582690a83f9ad92a	b041f785c7e09ec3539501deaef1a346	json	1	ok	__type__,content
assets/res/import/9d/9de5d0ce-b7eb-4b3b-9333-906c8007c0cd.json	184	145	1119778991	9be82d1e9bc7ab6519ec1771289bfa1723e69570db9b7e5753e2861ba417ef64	1db5ba2156e0a8046c13e2a61e087b64	json	1	ok	__type__,content
assets/res/import/9d/9dfed39c-0e8a-47a2-8ff7-82ace8b1e233.json	21588	3106	4281405153	1c73ee4cafd1463d03fb66fdba03307c1953ae1123f26f2246b14fc30724ab2c	06196694bb8b0edaa872f21620a62943	json	1	ok	__type__,_name,_skeletonJson,_atlasText,textures,textureNames
assets/res/import/9e/9e394dba-1fa9-4177-afe4-c4dff67c526c.json	194	158	3233571295	d1f66129c97c47b5235c04fac48cdc71fae3fc3c0be0cdd0c2d28465cc253e3f	7628f895fe6770d1a13c2941ddb774c0	json	1	ok	__type__,content
assets/res/import/9e/9e9e2037-3955-4f94-9640-d07260f46145.json	176	138	3503357863	8908edc83e4bd7a7c3ae86c9e39045e9e91f145e1e0a8e144f8e6f8b7159d9c5	61df1c414081a669105c67990b5554a8	json	1	ok	__type__,content
assets/res/import/9e/9eb098ef-c99d-416b-a581-b1b3719e6f92.json	69	58	4036315769	2cfa940932b2c0a25916bdb6b9bd8b8ffa50ed3f8d1bd9b99376779a9d4d25ad	473a4b5edc3e0be7e3d2bb1522f9249a	json	1	ok	__type__,content
assets/res/import/9f/9f19a6c5-bb9d-4c9d-95da-4952ceb6b2ff.json	69	58	4036315769	2cfa940932b2c0a25916bdb6b9bd8b8ffa50ed3f8d1bd9b99376779a9d4d25ad	473a4b5edc3e0be7e3d2bb1522f9249a	json	1	ok	__type__,content
assets/res/import/9f/9f262a8e-7d7e-4a6e-86e2-893abb3d26ed.json	59	53	3102169500	89bbf9bd6f97fb221f6c6aaf2008a88a9f4a29fb92f1a6b3c4fd11d74bd2a85b	039eb3f11283a95f1e2c495efe850ab3	json	1	ok	__type__,_name,_native
assets/res/import/9f/9f2a44ef-991a-43ba-84d8-ca00ccc6bd23.json	61472	7801	1954285924	dd8cdc7d2d4f8f608fc6ae119a2a8e86698e94d9f4b8a5200aca23ab639366f5	4c7bc2eda2f25618a04ef3382f9d818c	json	1	ok	list
assets/res/import/9f/9f6b9128-6e8b-46f5-929e-1b79101bc844.json	63	56	1371488825	be8ff221f8b838f9a7faec9c1249b8bfc8c94f8743e6218107c63e355b3dbd85	2f4592b3659c0e169ff817de62259291	json	1	ok	__type__,_name,_native
assets/res/import/9f/9f8ce375-f903-4b19-83ee-16c270e083ec.json	6858	1480	1641329748	ec2c128b242220e54629614e37cf5b5df0ceb1f34a2126b85d0ecb6b08c674f2	4b032f5e4a87574d9f0ff0eb6bc56b82	json	1	ok	list
assets/res/import/9f/9fb681cf-6675-499a-9e07-828b32578b68.json	7650	1657	2532575076	58a2b20569f8ca2d98026b7761b9636d00edf1873c62a98f85baf35822d1a380	83c198792e3859719a1024457673caa8	json	1	ok	list
assets/res/import/9f/9fc6cd89-69db-4aed-8e6a-06c1476c5158.json	59	53	624725806	6801865a3a31cccfb6f764f08aea4c5131092d67afb4539f9f90c5135522d9ff	f4d7d54bab5cfd36a599ddfecd88d8b4	json	1	ok	__type__,_name,_native
assets/res/import/9f/9fe5c840-76ee-4ccd-b326-4a572cb03a47.json	198	159	2258336458	5b0e0ca5285e487d2cfe308c2804fe0bf10fd24c3987fc941ed92f9e5d3cc115	ecdc781a15d1b4257d45b20d36171b0c	json	1	ok	__type__,content
assets/res/import/9f/9fecc9af-2a67-4447-adf2-5cf2215ca6b4.json	193	159	2472585578	e8f29da863c37c186644d92c8183a8a47082e1542ef42f747219990cdb4e936a	3b255ebdf5436846b1c0d976b9048f6e	json	1	ok	__type__,content
assets/res/import/a0/a00f10d6-0f93-432b-81e0-e8aa24616b30.json	174	144	1948128474	418d5fe5a256ba53dd871a578d4dc40a9c64f713dd40e794b1189cc7d8120c22	52d9bc6b9a59f3dce1c8feafde49cec5	json	1	ok	__type__,content
assets/res/import/a0/a01f8a68-6e25-47cd-b01b-707d81763646.json	69	58	4268925608	6ff5109ca7d29f6cc1074903763a293bf56f77a7e210029796e5b45a50ade927	9cc300d5f279ff8df5d2c8e1c8d69238	json	1	ok	__type__,content
assets/res/import/a0/a0424fdd-dfc5-435a-be09-ccd76fd46c26.json	224	171	3083846078	fbbf17731bcff31a453ba1d95ece8a9623aa8ab324f506d3f511dcc551059039	5ed90e37aa77f5867937e76cdfa2e771	json	1	ok	__type__,_name,_effectAsset,_techniqueIndex,_techniqueData
assets/res/import/a0/a06b7e78-e772-43e2-ad2d-e6b729501a5c.json	69	58	4036315769	2cfa940932b2c0a25916bdb6b9bd8b8ffa50ed3f8d1bd9b99376779a9d4d25ad	473a4b5edc3e0be7e3d2bb1522f9249a	json	1	ok	__type__,content
assets/res/import/a0/a0784b21-52c0-4be2-b7fe-833ba7f44735.json	179	143	3298524996	fb429b499ccdc191cd5b6087811d400483173e67bb08939fb94cee49e2245f49	2bdc6ef77c248668da4f98c46a83d2bc	json	1	ok	__type__,content
assets/res/import/a0/a0beb223-bcb0-43ac-ade5-289f1db11ce2.json	178	144	4091815431	dd128bd2d1c27edb706e6e0d0e7b09c729ab4f3657f3cdb0c6225ccf2dca1b4b	f35175e996fc61fe819a1a8798d84997	json	1	ok	__type__,content
assets/res/import/a0/a0c4d883-f25c-4ea8-b9a1-edd4b65f2a42.json	180	150	1999066136	e4e37394990a3be8b6c94e3a44dcbacf8655a5d62c9e825d76b91ffe618b8861	f454361747da9db38ecb70ea921f6f2e	json	1	ok	__type__,content
assets/res/import/a0/a0c9522c-c5ca-4231-a5fd-92ccab6e0c51.json	172	141	3943273437	4422d796899cd7a136128dd907b22572adb82d4ad332b3a0548c9f1ff11e5490	f899c9d398978c14699eb2e1764d6dde	json	1	ok	__type__,content
assets/res/import/a1/a1141fbe-b8b5-452c-b1e6-38f0f0b5fdc5.json	409	261	3052003786	7736365c46779d96e668a45318aea4a4f022a08c770cd94dc599a12978b83a10	a05318ed60dc40b93c10ec5b7b09c431	json	1	ok	__type__,_name,_spriteFrames
assets/res/import/a1/a12240e6-446b-49c9-b58e-a2f280b084ae.json	63	56	1371488825	be8ff221f8b838f9a7faec9c1249b8bfc8c94f8743e6218107c63e355b3dbd85	2f4592b3659c0e169ff817de62259291	json	1	ok	__type__,_name,_native
assets/res/import/a1/a1755e31-01b8-4156-a66c-1d2eb06e3cc4.json	824	461	455090108	884ab2bce7a0aa75db85a589e817700f0e9c51b8637c50622567c0d6f1ef613a	063575c030d7a3364b1867de3bfb5df9	json	1	ok	__type__,_name,_spriteFrames
assets/res/import/a1/a17e8c60-0804-4056-8943-0507a5e28fca.json	187	151	3421171102	730b792805f9b6119504c520d626f916cbc3a1d69103399348181760dd25a658	5e361e53180d2f49ef26adf1e2703355	json	1	ok	__type__,content
assets/res/import/a1/a18a65e3-8522-4c71-907a-44d7abe0cf2c.json	63	56	1371488825	be8ff221f8b838f9a7faec9c1249b8bfc8c94f8743e6218107c63e355b3dbd85	2f4592b3659c0e169ff817de62259291	json	1	ok	__type__,_name,_native
assets/res/import/a1/a1b5b75b-8dd7-47c1-a533-ae9998151aef.json	177	146	700155830	58db84dbf407ee057473a09f1d6619f6ed43fcf42f9ff66806160d6604a44fcf	305f77a119a4e678a60c7bcaab5dcafa	json	1	ok	__type__,content
assets/res/import/a1/a1d9bdf4-8f94-4fe2-a648-fa638a61afc2.json	195	160	1928373687	06bc7d3daab044c018b45aa6c83d60eeb4603942ef31cfe155f3696564a59849	8a25cad2e1f92fb49036c90cde9ba8db	json	1	ok	__type__,content
assets/res/import/a1/a1ef2fc9-9c57-418a-8f69-6bed9a7a0e7f.json	630	249	3332364127	7afa0ebcdc2e7e73666dfb4b1d40de493a27402f2ebedbffdd0400e081893ec7	6677933684912c9f142ad5d02099b4be	json	1	ok	__type__,_native,_vertexBundles,_primitives,_minPos,_maxPos
assets/res/import/a2/a23235d1-15db-4b95-8439-a2e005bfff91.json	182	144	1077321931	f73a8372e9dc8d8c5c5da6eff642292d8c8bb078cd72c6b4c96f5fd27e35bb86	efb7e91aec40d2a47bbc8950d3e95f76	json	1	ok	__type__,content
assets/res/import/a2/a25f2592-77db-4efd-8f8b-5668ac4f94fe.json	63	56	1371488825	be8ff221f8b838f9a7faec9c1249b8bfc8c94f8743e6218107c63e355b3dbd85	2f4592b3659c0e169ff817de62259291	json	1	ok	__type__,_name,_native
assets/res/import/a2/a270b668-9bf7-483f-8615-d414e6726b96.json	7614	1587	2768709898	4d4f7c905127da66b02c5980262e8d35a9759e41e576c910b0456ec59bca9fcc	4355ee1c7a4e7f950967f37367f20865	json	1	ok	list
assets/res/import/a2/a2fa1cc3-9e0f-4084-a38c-fb40455cc737.json	192	156	924747182	4880b31144063e7b9589c31a0d56b2577040591304e43ca669fb1cadfbfbc9c9	c42e68e7e679a9269c2e12b4e176919a	json	1	ok	__type__,content
assets/res/import/a3/a31ac828-2120-4e59-ba7b-d600a41bdcca.json	180	149	1535112037	077dfd82af5298bf69727601d541e0b7796175afdbbe0157f247447d56e6662e	75e0e1a7adcc9dfe328754ce6d033580	json	1	ok	__type__,content
assets/res/import/a3/a325970c-736a-493c-8c85-9564bcdbab02.json	69	58	4036315769	2cfa940932b2c0a25916bdb6b9bd8b8ffa50ed3f8d1bd9b99376779a9d4d25ad	473a4b5edc3e0be7e3d2bb1522f9249a	json	1	ok	__type__,content
assets/res/import/a3/a32ca070-9835-453c-a040-d55d49659203.json	63	56	1371488825	be8ff221f8b838f9a7faec9c1249b8bfc8c94f8743e6218107c63e355b3dbd85	2f4592b3659c0e169ff817de62259291	json	1	ok	__type__,_name,_native
assets/res/import/a3/a3a04cf1-e82b-47a3-aa4e-0192686d416d.json	63	56	1371488825	be8ff221f8b838f9a7faec9c1249b8bfc8c94f8743e6218107c63e355b3dbd85	2f4592b3659c0e169ff817de62259291	json	1	ok	__type__,_name,_native
assets/res/import/a3/a3b285e1-8614-4775-a676-8dc1297d6930.json	180	148	589912206	6b5643d3f803cc30e237d40af5282d76267c6407b0ed6af6358e552603e48063	3295ee921e455d625b9a1eb107524521	json	1	ok	__type__,content
assets/res/import/a3/a3bb858c-a950-430a-b546-59e1a00fbf58.json	182	153	915863674	c42bac185862dc656e26eba859b939b90bd2df58883f0161489212887437bd17	8a7bf9947d025a8e9f8de1607f722cb9	json	1	ok	__type__,content
assets/res/import/a3/a3dc2498-8af4-4f9b-b6bc-bb03f402cde2.json	194	158	4154910711	0e392b8d173e5ec0f743a423e001b03a41bc6c82d74ec7950377cae43dec798f	b8d6e2062114754fcf17afb6958ccf12	json	1	ok	__type__,content
assets/res/import/a4/a40c9a37-acd1-41a0-89eb-3e0b301cf465.json	185	149	3993878562	759356a4e95388284f58a6bb8e9492d90f01fba92c26552e0a2cd37f95fb8111	56411392949d75c82ec80876eb4be20b	json	1	ok	__type__,content
assets/res/import/a4/a4217708-3c5f-430e-81d9-5148962a6ab8.json	195	159	1402181202	4e905cd163ba8eb66e83c2d4afedc8655e133bc7fdb4613da9efe78967935f07	23d45c8910bf669e915b918fc2d5d059	json	1	ok	__type__,content
assets/res/import/a4/a434d466-2d2e-4849-afb5-7bb2bcee08d0.json	3055	1491	4129664873	4582cd0d67b3ec751d53b953ae3d02350ed49315c9c41f5cc4e3e085cc7bfb65	33389ab6641e78747b2b15f3632875a0	json	1	ok	__type__,_name,_spriteFrames
assets/res/import/a4/a489a98a-909f-48bc-b6ec-a3087d5c5930.json	193	155	934546509	a9a0c31643a9917f72328c269e4d2b60d9958039e564f7d0966a299fb2714be6	f31b483c64d41e1219f488f329fa6f82	json	1	ok	__type__,content
assets/res/import/a4/a4c109fe-2066-48f8-95e5-2dfe37ee8d1d.json	177	145	2997651576	93f8c4042f303c58a0a885a89891c1bf8e0af428ab43e39ec498d561d54dec66	2aaf8d0063f1ff9d935fef28ce9e1549	json	1	ok	__type__,content
assets/res/import/a4/a4d77630-06ff-4a96-a9e8-a26b4c4d2380.json	193	161	1212826000	d6e89bbb6777bddde2a2f48df49fe96b1969a739bfb36542ece66b1f18a5603c	62f0d5b54ec305d32ca79e1003f6ada2	json	1	ok	__type__,content
assets/res/import/a4/a4e22a9b-5f64-4385-a4b1-ad4d7c01c560.json	63	56	1371488825	be8ff221f8b838f9a7faec9c1249b8bfc8c94f8743e6218107c63e355b3dbd85	2f4592b3659c0e169ff817de62259291	json	1	ok	__type__,_name,_native
assets/res/import/a4/a4f082c8-3296-4a08-953c-4b90cf0a4c06.json	178	146	1830775008	7368ef0c9ea87cd9f9aa4e048c7e86802566bf03e50a3242751497b3694f431f	658aa2f0138b02a4dc70252e107d3166	json	1	ok	__type__,content
assets/res/import/a5/a51d789a-915b-413b-960f-d4b2df4bc23c.json	177	146	3078919826	fae4a40fd0c0067c8a8d5bec68b64b8f397ce4e590e50c7f165a2a56cae6e65b	de53addf6f3f6d0320b8a04b13d0c8aa	json	1	ok	__type__,content
assets/res/import/a5/a55804c2-12af-4a0d-94c7-64557c4172a2.json	69	62	2322883229	8470d8814cf0f827990b17d0d30f73e0752b4b8b6044d1a9eecf956d08d52d3d	29a21245bc950a3fc174b2fa4a9ce559	json	1	ok	__type__,_name,_native
assets/res/import/a5/a5849239-3ad3-41d1-8ab4-ae9fea11f97f.json	190	144	1534764327	7f9e42633344d8bdcb275d14d26882ba61b439dd1bd26224df925a81b70c15c7	e251afa749a5c8482c7154d72ccd9552	json	1	ok	__type__,_effectAsset,_techniqueData
assets/res/import/a5/a5b0837b-fc9c-45bc-831d-7f213b9b7457.json	202	164	1670170539	fa52d704fa643c285cc46ce2bfb6abee4e6072a3c555b989c9679b9076179cea	0d0bf487eb42d18bdd281c11b9ca4f76	json	1	ok	__type__,content
assets/res/import/a5/a5b5bcf9-6c75-4b97-b260-c271a3388bd7.json	173	141	2980626665	5ab347e84b04a2acac4e02e429bea7310a6c42df2f7680018faf56c1728d5b35	042f5d857d96ce80d65a34e85ff917a2	json	1	ok	__type__,content
assets/res/import/a5/a5ccd464-39bf-40fc-a4f1-a967e091e3f1.json	69	58	4036315769	2cfa940932b2c0a25916bdb6b9bd8b8ffa50ed3f8d1bd9b99376779a9d4d25ad	473a4b5edc3e0be7e3d2bb1522f9249a	json	1	ok	__type__,content
assets/res/import/a5/a5dd074e-a664-4426-9427-ddad32d4c1cb.json	174	144	871022943	084c673d937b456060a7534450b90aa4813ab88758e866c2741b118725a5c41f	dbbdb69985bfe527914d027fdc24b5a5	json	1	ok	__type__,content
assets/res/import/a6/a6780a63-858b-4a8c-ac6e-e1090c935324.json	184	147	1610077547	87d32764104e4f4a63f684828723a450e8311f0e767ace2d2b5ce7a8fbccfe87	4f10c8f1e769151747f6717ee4ffb2f1	json	1	ok	__type__,content
assets/res/import/a7/a72cd3f4-cf62-4c71-a474-eff5f16185b7.json	63	56	1371488825	be8ff221f8b838f9a7faec9c1249b8bfc8c94f8743e6218107c63e355b3dbd85	2f4592b3659c0e169ff817de62259291	json	1	ok	__type__,_name,_native
assets/res/import/a7/a7334bc8-69f6-42f9-bbf9-7cacb720d31e.json	63	56	1371488825	be8ff221f8b838f9a7faec9c1249b8bfc8c94f8743e6218107c63e355b3dbd85	2f4592b3659c0e169ff817de62259291	json	1	ok	__type__,_name,_native
assets/res/import/a7/a75dfa05-24f6-4aa0-81c1-9f3b0bbf446b.json	183	150	2071015037	337d24ad91336f51d442580581f10ceb2ba403a92e76c2d9101950bd025ce447	1a2429d42a0a3427a7f7ce4f70d15726	json	1	ok	__type__,content
assets/res/import/a7/a77ffc11-87a2-4b01-91cd-3cf5997e5c0c.json	12208	1974	3787304181	61338d098300ae45bbe6a9ec3a727616fbdc8390abbff1c930b9f0e20765d1c0	f3f4d18e311308c6fe724e89a2b1febe	json	1	ok	list
assets/res/import/a7/a7926f34-e4a3-485e-aaea-28d4295f49eb.json	192	155	2157688107	b4ee515dda6f225dadcd4dc212086329c6479a2beb0081662118957238566c29	1df07c840c44fb4fd9d10c54c517abd8	json	1	ok	__type__,content
assets/res/import/a7/a7b6511c-3d43-49f3-9ea8-ddc794da6f48.json	1311	322	2776044840	2a5af87952562e27cb8d42387118979160320ad6f9a7e0376b0880bea3f61e1d	a05d5ac78a1e1d7e5b7138cdfc96bbf3	json	1	ok	__type__,_name,spriteFrame,fontSize,_fntConfig
assets/res/import/a8/a800bdbf-c14e-4148-b9eb-602e89111170.json	177	144	2304683932	1238d42466b3828c6c38a6785df1fa7137f6bea473e9fe1c7ec42600e7910f26	e9217c2f14ca9550200293de440ec8a0	json	1	ok	__type__,content
assets/res/import/a8/a81e63bb-d27c-407b-9c15-c3061941f70a.json	176	142	3354342627	1e71c1a07c735755940cf537f5435bd1d1b536186a9c03147525d32c5fe66c8e	197014eb7d6b7c92005904b4f366cf25	json	1	ok	__type__,content
assets/res/import/a8/a8733247-56e5-41fe-af6b-cb626a1d3808.json	188	153	3719775138	7f3ed713d18ea6892ce65eb7ecfeae64cef90acb451c502153d1d8d05098f886	29654cad7c54f8fd43689ef32114b880	json	1	ok	__type__,content
assets/res/import/a8/a88b5780-04b4-47e7-ab4c-0e8236682439.json	63	56	1371488825	be8ff221f8b838f9a7faec9c1249b8bfc8c94f8743e6218107c63e355b3dbd85	2f4592b3659c0e169ff817de62259291	json	1	ok	__type__,_name,_native
assets/res/import/a8/a8a36095-2435-4f00-b49f-789e514d5fa4.json	31650	4307	3098103487	77e439b1b393a5750e5c4bd8ba0c5fcc7fa4782adfb5390cfa851a7c406e014c	97fccea36ac3c4897d4d3ab25c3d0c13	json	1	ok	list
assets/res/import/a8/a8d54e5c-fa19-4051-8142-dce9258408cb.json	31083	4292	986130869	e5be8daf63c50941cf86555140833637ec65fbe342f7b91d8e00a4c9567da383	dff49cd8b6e29d148b8346bb8db0abd6	json	1	ok	list
assets/res/import/a8/a8df4d98-ba70-45b6-88f3-3067980463b2.json	69	58	4036315769	2cfa940932b2c0a25916bdb6b9bd8b8ffa50ed3f8d1bd9b99376779a9d4d25ad	473a4b5edc3e0be7e3d2bb1522f9249a	json	1	ok	__type__,content
assets/res/import/a9/a90fb572-44b0-4bf9-b82a-783a6404451f.json	63	56	1371488825	be8ff221f8b838f9a7faec9c1249b8bfc8c94f8743e6218107c63e355b3dbd85	2f4592b3659c0e169ff817de62259291	json	1	ok	__type__,_name,_native
assets/res/import/a9/a93a4b6f-f0f6-4c27-805e-fdf726669e6c.json	63	56	1371488825	be8ff221f8b838f9a7faec9c1249b8bfc8c94f8743e6218107c63e355b3dbd85	2f4592b3659c0e169ff817de62259291	json	1	ok	__type__,_name,_native
assets/res/import/a9/a93f3fe8-86ff-4cbe-8261-955d49cd78b2.json	69	58	4036315769	2cfa940932b2c0a25916bdb6b9bd8b8ffa50ed3f8d1bd9b99376779a9d4d25ad	473a4b5edc3e0be7e3d2bb1522f9249a	json	1	ok	__type__,content
assets/res/import/a9/a95a2b21-8ba1-4492-90ba-7d02fc1f5aec.json	58	52	274043689	345a353101b92cc03e0f97761c4c664255bfeab8e9da8fca1d0cb38e89488a7a	bac6e7d4ff9d34237bfac253a83b5a17	json	1	ok	__type__,_name,_native
assets/res/import/a9/a9ae9181-b3ab-4448-8f27-bae0cb2042e5.json	204	163	924056714	f938c548d11d2bf3320f95bd1f0fd4a9028be057ec149d20648041e6726c787e	1c273cc69464ff74745da6f4afdc0d62	json	1	ok	__type__,content
assets/res/import/a9/a9be70be-9fe6-4ae1-92c2-3fdcd245668f.json	447	267	49374747	ffce1148ebeedf1cfceb4f6a6c363f21bc4659896ae2365783c9bb440ae06455	f99741114fac55337986160e50e15814	json	1	ok	__type__,_spriteFrames
assets/res/import/a9/a9d44d0d-124c-42e0-beff-394b9f5f46d3.json	182	151	3403521095	3c3e03f955535d04c6a058af66c5c69dc6fcbf2907e53119fdf3d1d79ff317ae	f419e0af36c1f76f7a32752b5a130e90	json	1	ok	__type__,content
assets/res/import/aa/aa2477ea-e39a-4e12-ba53-cd2e3dcdc9f4.json	165	128	3569234488	75e432c57efc3fd5d9ee714952df7b2a75d1e62364e95e78728523f14231e4c8	4d433e1178a80ee3143ddcd4fcf5459a	json	1	ok	__type__,content
assets/res/import/aa/aa2f60cf-043c-4dd5-8f85-b54f50daad69.json	182	145	3210069633	d57908c5a4aba677bcc65ff4de1f7412edd270afada72945e50fc4abbfa39a90	48b0a2f1a71e189b58f5e933b7147b98	json	1	ok	__type__,content
assets/res/import/aa/aa614215-5222-4942-a5cf-44c2b6350f97.json	195	159	397723629	ee6776ce31c5e561b68b2f6b97b807363cf8e71d50665979e7b7dd908bea22e4	7f9599339fc241a9cf29146d0e3d946d	json	1	ok	__type__,content
assets/res/import/aa/aa71c99c-a2b0-43c5-9464-6883c56011be.json	176	143	2939927791	744008adf26005cb6506050578ed02b603aadf029dbcbdb3828249886b71ee5d	93f3939352d1e33a31c60eb8b5dcbba1	json	1	ok	__type__,content
assets/res/import/aa/aa851630-8631-43e5-9cff-b98857526523.json	187	155	98861846	5171d5b08d64852112c455f360af0056660a602539f514a46ab67dc637dbe9c1	af7369f9a5cb174827ff59ca4c15f661	json	1	ok	__type__,content
assets/res/import/aa/aaa4f37b-49ac-4725-b535-4c9c724ebfd6.json	63	56	1371488825	be8ff221f8b838f9a7faec9c1249b8bfc8c94f8743e6218107c63e355b3dbd85	2f4592b3659c0e169ff817de62259291	json	1	ok	__type__,_name,_native
assets/res/import/aa/aab0854c-52a5-4d9c-92be-ae58bfbfa422.json	179	152	2836404868	b26cd4effe7e36e11afafdacdab8ee4777b40726c496f8a1229ccfd2436a2c70	2b445d211ee997f37cc4cdd6d81029e6	json	1	ok	__type__,content
assets/res/import/aa/aad24d50-524f-41c9-8c83-82bad5f77472.json	63	56	1371488825	be8ff221f8b838f9a7faec9c1249b8bfc8c94f8743e6218107c63e355b3dbd85	2f4592b3659c0e169ff817de62259291	json	1	ok	__type__,_name,_native
assets/res/import/ab/ab296f72-7893-4c87-b38c-1dce7350b890.json	9153	1005	1695952216	c91b610f4a0f034057767461ff602fd38a0e04da5ce4bccae6cf0008b2254363	14cc63e079c4b188e349c12962ee409d	json	1	ok	__type__,_name,spriteFrame,fontSize,_fntConfig
assets/res/import/ab/ab4b92c3-5abe-4f8c-a498-5019b0a8ada0.json	173	145	118467149	7c0375312784938b6960041e93684142043a4e9ba82262a70736d95ae0d53bad	0f7755cfc2cfbf66a8d2012e92226cd3	json	1	ok	__type__,content
assets/res/import/ab/ab4ba300-96f7-4f26-984c-167c0df4f679.json	69	58	4036315769	2cfa940932b2c0a25916bdb6b9bd8b8ffa50ed3f8d1bd9b99376779a9d4d25ad	473a4b5edc3e0be7e3d2bb1522f9249a	json	1	ok	__type__,content
assets/res/import/ab/ab4f0706-ee3c-46c2-9244-3804da18be5c.json	69	58	4036315769	2cfa940932b2c0a25916bdb6b9bd8b8ffa50ed3f8d1bd9b99376779a9d4d25ad	473a4b5edc3e0be7e3d2bb1522f9249a	json	1	ok	__type__,content
assets/res/import/ab/ab505683-deea-40dc-8543-794593b3a655.json	175	144	1221188966	7b9b2d34d95fbdebceca034aff37caf7b5b044a4bd6b589075c3dd4cc31d879d	a101b8853ddde022ec6fde3c139e68dd	json	1	ok	__type__,content
assets/res/import/ab/ab6f17b2-8cab-4f6e-add2-f81a39f317bf.json	178	143	23825468	80438cfea7af4b884d8a55904332e3b53c70539791018dbdcb5e0cf817fec468	47b4720d17b86013fb2d4fb6a2888c37	json	1	ok	__type__,content
assets/res/import/ab/ab705b74-31d7-47f4-82e0-eca2b532921c.json	196	161	3079201259	df8e45b6ce87e37f431f7cc4f32f675e8b20192b3a0a4d5d0a11cf81e258c763	a810ec154b16b3a54c4d694d9db5ca8a	json	1	ok	__type__,content
assets/res/import/ab/abba9895-b907-4c58-9853-bea897adb188.json	191	160	3879642733	526a9e7fca31cceda736a52bc89ed087e0808488667c6aff06bd6b3f7b9e97e9	98422cadada6f3ae619a585285091baa	json	1	ok	__type__,content
assets/res/import/ab/abc2cb62-7852-4525-a90d-d474487b88f2.json	56369	6065	2284739157	4c4be6b899f797d09aa5dfce2c299471aa48aca54c56332c4dbed480b9235a53	2b55f7dd7bbbbba6d8da418674b2a2ab	json	1	ok	__type__,_name,techniques,shaders
assets/res/import/ab/abce688d-54ed-4545-bc4b-6a82167ffe21.json	63	56	1371488825	be8ff221f8b838f9a7faec9c1249b8bfc8c94f8743e6218107c63e355b3dbd85	2f4592b3659c0e169ff817de62259291	json	1	ok	__type__,_name,_native
assets/res/import/ab/abf25dbb-032e-433a-92c6-81e0a5389b7d.json	177	145	2456573363	f4d954dfa8c17f248b1f29a95539f406b2a369f67774af565fab44f1e7a3538a	d8f4bd503052b430b0d17df0b70fbb25	json	1	ok	__type__,content
assets/res/import/ac/ac07ab4c-5a71-448a-a663-52ec37c95b04.json	180	143	1611347525	f88bac13ac530555887a34d9f31f801c0a5869fccbea09e56384028b14d2dd9e	68db0568a2fb04f64a6afdd832913e2e	json	1	ok	__type__,content
assets/res/import/ac/ac33c389-b159-4822-93ed-e2783da8828e.json	181	152	3852435086	d9dceb51d6f84e6de1766d38a5c31d087bf21fba24410a99f18d1ccd427d6b58	18e440fe235982d7502dc9ae2594bef1	json	1	ok	__type__,content
assets/res/import/ac/ac56970c-6c73-4be6-b32a-36be63c1b559.json	63	56	1371488825	be8ff221f8b838f9a7faec9c1249b8bfc8c94f8743e6218107c63e355b3dbd85	2f4592b3659c0e169ff817de62259291	json	1	ok	__type__,_name,_native
assets/res/import/ac/ac6aa64b-66da-4deb-b43c-218db09becea.json	2660	866	3117161743	643a72126568dabdac3f7f50a1e5429277cc19907c361a7de34bcff332a4b466	6d42c152ad93f9e39ea94870184564f6	json	1	ok	list
assets/res/import/ac/ac8966fa-0866-4801-802f-3f150808cfef.json	179	148	570207818	0090cae56ca24f7c22b4d55ab8ac0c58e9f333f63f30484d63b3d6a3968d5b23	ae1f4a2dfeae0e1c18629ce2a01c8634	json	1	ok	__type__,content
assets/res/import/ac/acc65e33-4bcd-4141-af08-6f94384e213a.json	182	143	1420647909	27c6089b080b17cc495a02328a65713c3935511eec6a0830ff957cb3491d4ede	91ff3d32f1f7f7349f776d1a44c140d1	json	1	ok	__type__,content
assets/res/import/ac/ace0fc04-8d66-4549-b2dc-8cfa12339361.json	196	158	938463194	14051bab39cd94e867673c8d554c3f41ce3d9a84e6cf7f29f515467e4e1b65fb	746c855dbcb3c4f73334147727b36586	json	1	ok	__type__,content
assets/res/import/ac/acec176b-2fc3-45df-a888-8c189beaf082.json	63	56	1371488825	be8ff221f8b838f9a7faec9c1249b8bfc8c94f8743e6218107c63e355b3dbd85	2f4592b3659c0e169ff817de62259291	json	1	ok	__type__,_name,_native
assets/res/import/ac/acee30ea-ca2b-4d91-a637-ad32925142de.json	181	145	333147899	2f5bd01d0957ae13fe062e6be0df5144b665148f401ae2bd160f1f4d249830d3	67269ce301259562c06f5068a46880e2	json	1	ok	__type__,content
assets/res/import/ad/ad1bd841-3164-4e1a-938a-7fe0e10df503.json	187	151	2915142078	f610cf9385984a3e2591e4831bcf4642b008f393de25343656527b0a7b2a6bbf	baf4414cd611255fa7e3060c13c600e0	json	1	ok	__type__,content
assets/res/import/ad/ad1e4aab-2339-4b6e-90b6-ad2bd9856177.json	190	158	3949623361	7d82be630bd4ddddec4854d9accc6ebf03ac8e90d8b1541e88dccdb3354facdd	ee7536b2d7699361f936ff833e011ab5	json	1	ok	__type__,content
assets/res/import/ad/ad7a0870-4c32-4993-be51-d1900d480b2e.json	185	153	2119420276	31a4f1e3b9d1a90478addd80525a9de4c586ba9801f2953c503def7809bec017	05948844ae09480e57751f12ffa505d6	json	1	ok	__type__,content
assets/res/import/ad/ada4fdb8-689e-4a03-af5c-67e0b1da944e.json	63	56	1371488825	be8ff221f8b838f9a7faec9c1249b8bfc8c94f8743e6218107c63e355b3dbd85	2f4592b3659c0e169ff817de62259291	json	1	ok	__type__,_name,_native
assets/res/import/ad/ade9e6f2-fc31-4eec-955c-6319b7005318.json	63	56	1371488825	be8ff221f8b838f9a7faec9c1249b8bfc8c94f8743e6218107c63e355b3dbd85	2f4592b3659c0e169ff817de62259291	json	1	ok	__type__,_name,_native
assets/res/import/ae/ae1807aa-ddc0-4184-9507-35466beeba7f.json	176	146	1627636971	646163cba9584fce974f3c9c5876daac9d86f78cdf837d089a242abc8fb9ac41	a3f6e7acfcef8a3bc16f645e202fb1fc	json	1	ok	__type__,content
assets/res/import/ae/ae4f5108-bce3-4de0-a117-f11f523a0fbb.json	63	56	1371488825	be8ff221f8b838f9a7faec9c1249b8bfc8c94f8743e6218107c63e355b3dbd85	2f4592b3659c0e169ff817de62259291	json	1	ok	__type__,_name,_native
assets/res/import/ae/ae642d90-8e2a-4fdb-9f30-56d5b2d1ea0b.json	69	62	2640053853	17090d821b76f8a5f2bf508f7034c66c264d2209e040be71fadab2fb3ff61bd3	030c6ecf67006d4b21af3c1255d25364	json	1	ok	__type__,_name,_native
assets/res/import/ae/ae91e5d2-7d0a-41f4-a4fa-ffe0037ff8a0.json	3857	1068	1444043899	ad079c57fdee157060bbe1d8d7c79c523be1eb6f2e76d243dd1ebe5c24936e1d	8e99627a19109db7f4adc90ef9998fb0	json	1	ok	__type__,_name,techniques,shaders
assets/res/import/ae/aeaf0600-f0e8-4456-84cd-1ad1423222a2.json	191	155	4020017979	41191cd7e648b829e22eaab4d39bd317a414d5658b8a29f62d925b164629160f	1d545a6a29ee44759e8cec9803e51e7f	json	1	ok	__type__,content
assets/res/import/ae/aedfdfe6-c468-4ea8-b386-1031578426be.json	10623	1709	2402234126	cb719692b7e254e90675d562599396dbc64b5a2f988eca63c98dd8707d0e7268	72c59a38e19851ae38271a5b3c991a91	json	1	ok	list
assets/res/import/ae/aee3cbe4-8eca-46e0-a352-7a4a799d6d83.json	1401	296	1398341445	dc91d9e09990410a6cbfb9537bf8437216ef5ef2eb9cda21bc27c276a018728d	d97dfdbbce47f6e689cd0adfb503fa9d	json	1	ok	__type__,_name,spriteFrame,fontSize,_fntConfig
assets/res/import/ae/aeef4b55-9036-4366-9b74-b1682157f73c.json	63	56	1371488825	be8ff221f8b838f9a7faec9c1249b8bfc8c94f8743e6218107c63e355b3dbd85	2f4592b3659c0e169ff817de62259291	json	1	ok	__type__,_name,_native
assets/res/import/af/af19543e-ad58-471d-a717-236d3562aece.json	11929	2088	258056283	bd818ab7fb06d06febc0858b709c863ea598446f7ea0811cd692b556e06b051f	e0f6b95aa080ddf115a0754443e56e1f	json	1	ok	list
assets/res/import/af/af2eee1e-5811-4642-a18a-41ccb504a44c.json	69	58	4036315769	2cfa940932b2c0a25916bdb6b9bd8b8ffa50ed3f8d1bd9b99376779a9d4d25ad	473a4b5edc3e0be7e3d2bb1522f9249a	json	1	ok	__type__,content
assets/res/import/af/af4a668b-3557-4e1e-9024-6ec4346a432e.json	199	162	730081143	dd6fc5084659040c896d04b420634af84b39fc456b4ae72058185c3340b0da95	9cf9f56930516a40dda010e248e8cb40	json	1	ok	__type__,content
assets/res/import/af/af913a94-0261-42a2-a6e8-725c222e00f0.json	1519	784	2249197478	551752a5cee93ed982002f51406736ca4a6bf4e53a81c00be26587f2ee3d9ce6	f272f9408ad25ef031214adbaf617050	json	1	ok	__type__,_name,_spriteFrames
assets/res/import/af/af920e9f-5ca9-4ca9-b585-eb1dee008541.json	69	58	4036315769	2cfa940932b2c0a25916bdb6b9bd8b8ffa50ed3f8d1bd9b99376779a9d4d25ad	473a4b5edc3e0be7e3d2bb1522f9249a	json	1	ok	__type__,content
assets/res/import/b0/b01c73af-7dd5-47f6-b90e-d38924e5fd58.json	69	58	4036315769	2cfa940932b2c0a25916bdb6b9bd8b8ffa50ed3f8d1bd9b99376779a9d4d25ad	473a4b5edc3e0be7e3d2bb1522f9249a	json	1	ok	__type__,content
assets/res/import/b0/b029c593-24f8-42e9-91ed-e57d66bbae09.json	194	160	2822901818	bf0ea4ef35c1827837dd9ec17dc6c0e23f262ffeca030af2f25d3f5f2d54cd23	ec8169e05e91b6fa7861a662d9555ee2	json	1	ok	__type__,content
assets/res/import/b0/b0449e19-2cb1-425f-9bc1-7623f12939d8.json	76	68	839124057	3c595e2dc973ab91886962e235ea1ea8ac8e380a4d26a5d245b74887bfe09fed	0a8e15b09282c9387505168cbb6ed630	json	1	ok	__type__,_name,_native
assets/res/import/b0/b04e6211-c339-466e-9529-59452c41cd26.json	177	140	356045093	9c50d8712651e0050e27049b4b03be2ca45aaf265b813466e4085ed25915064a	716250d605c15feb9238a2d99539010c	json	1	ok	__type__,content
assets/res/import/b0/b071d29e-c201-4adb-b97a-7b2f5a35f228.json	59	53	2473429379	00a3e62ed198570e7dd1cd39a1730802ab166582954151541121f715bf5ebfed	a16a4266542623a77fcf3fc6c37fa76e	json	1	ok	__type__,_name,_native
assets/res/import/b0/b08bec7b-b06b-4504-805c-48c87bea1da6.json	9644	1719	1340526422	3b810999801fd482808f595935609f4322c6664fb73efdd4771b855f33c8037e	8845347ffebca6cdb9da1f32a3130edb	json	1	ok	list
assets/res/import/b0/b091d4bf-2b94-4d57-bebf-a18f5a161481.json	180	149	464557928	face65e7b8f65b60f33c2ea7087b192bdbc7e1a6b125ee372ccbf14afc7710fb	1f84bb9cc5bb47d2a8f15cf74d213929	json	1	ok	__type__,content
assets/res/import/b0/b09db520-0242-4b31-a09b-7c3b5286b8b9.json	179	146	1084089322	d878090db37cd1b58f9ab54fa7c9182f9fb7769c947163c2619667afbd82074c	6c835e5a448fc7c72f19abf59e24ae60	json	1	ok	__type__,content
assets/res/import/b1/b12fb9be-c864-4ad5-b0ba-5af6f53c2f62.json	62	56	1586290449	10ba30187942038c7d757496990a6c8f7c654d7646683369b22464200b8ab8f8	5fc8dad5c2cc153b2fbfa0f0c83cd151	json	1	ok	__type__,_name,_native
assets/res/import/b1/b1442153-d49f-42fd-9240-440c2c91555f.json	193	157	1460269536	7df9ec157e3a24acd60da532a1df5ee22674513aad63838c250e725377afa337	929d4c79f0e9ab1b2bd1b414b307e8be	json	1	ok	__type__,content
assets/res/import/b1/b15eb452-246a-4ded-b2bb-50673c7b2faa.json	158408	18046	1581290158	247b4c249e75ca9a2cd47bd599f5cec12ff10bbce6116e6758d5ba93cb08c132	613d6f06bb47106fe9f586b585d96668	json	1	ok	__type__,_name,_skeletonJson,_atlasText,textures,textureNames
assets/res/import/b1/b1a7c847-dcbf-42c9-9990-93518e29e2a1.json	69	58	4036315769	2cfa940932b2c0a25916bdb6b9bd8b8ffa50ed3f8d1bd9b99376779a9d4d25ad	473a4b5edc3e0be7e3d2bb1522f9249a	json	1	ok	__type__,content
assets/res/import/b1/b1b10091-558b-4603-9dcc-13e1671bffbd.json	181	147	322152305	817e869af21e088e1c90bae9a5727be189fea29c12a318ac0c30cf72d9fe7224	c86451d253780208ce67b55de7fa3df9	json	1	ok	__type__,content
assets/res/import/b1/b1cf44bc-3c78-46cc-b4ee-830ecf037227.json	196	161	1555185470	a9b8b613ed33b4c96d52a5cc2ac45634e75c557ecfee68712ccba4a7111a20de	0f7516647aa68d26803e60894c4596b3	json	1	ok	__type__,content
assets/res/import/b1/b1ed5c19-4c3e-45a3-99d7-c59e5eb5a86d.json	180	149	3280290827	1c5f15684e7f142ae201a3b9f6044323ee8bda4ddf21a2ea7316384e666cbeea	32c6bb9aa17429611e09b45ebb2d4fb8	json	1	ok	__type__,content
assets/res/import/b2/b25f8809-6486-4d73-81a4-b4e043600bde.json	174	139	2425089962	8dc242c7c0620d0a57b27bc517402b9f28c98688979225ec2d32d22183a9f70e	d4ef891467018add14a5949435f325a2	json	1	ok	__type__,content
assets/res/import/b2/b2687ac4-099e-403c-a192-ff477686f4f5.json	117	102	728523951	741e2ce5f892e9e61f98d8b7f68f7b1534c4aa483c70727214e11edacab49ae4	2f580fcd0ac1fc40f10c7ea57654640e	json	1	ok	__type__,_name,_native,spriteFrame
assets/res/import/b2/b26d5923-a636-4af5-bfbd-5d26cb1d3450.json	179	143	1203301676	a94bb69b72f33c50b8559b335c26f5e7aea944673ec0197fe1c84430ee1e595d	dcefe20d0d9ae7a00ebcd1a5005c2065	json	1	ok	__type__,content
assets/res/import/b2/b2c1d479-718d-4c04-b79b-0bf783aefe3b.json	69	58	4036315769	2cfa940932b2c0a25916bdb6b9bd8b8ffa50ed3f8d1bd9b99376779a9d4d25ad	473a4b5edc3e0be7e3d2bb1522f9249a	json	1	ok	__type__,content
assets/res/import/b3/b3152e9b-8d1d-4f9e-a67e-8af05ee6682f.json	183	148	1579115812	27c489dac1e2b5cd71e85ad737f7408b6318604df226986d070afe0c4158c537	f201877483ed3568e2b9812339eb11a6	json	1	ok	__type__,content
assets/res/import/b3/b366abbe-dfb0-4bcf-a522-f66259003a9d.json	39616	4288	1435829555	b58555d6e0abb15168026b9149b8828c0e529c3aaac4b7fe2b0d5bb644c80783	8a1962330408c8db5fc915d1a9f428a0	json	1	ok	list
assets/res/import/b3/b3aaee58-7efe-45bb-b52b-35e70e174a9f.json	22258	3813	2756770037	76185f8bb4f8c2c729339066f39808bf37f8da5edf4bd9e46b09662f261b5f40	048a483c693d4af3709def4b37d0dcda	json	1	ok	__type__,_name,_skeletonJson,_atlasText,textures,textureNames
assets/res/import/b3/b3d331d5-a361-44d0-8980-b64db5728a14.json	180	149	3579096997	d44b8f4bad4a839bc6b7f64218ec408ef001b4d5fae938510f6c6ebecd0fd4c3	a42772fa87975875f592d47a3b32a724	json	1	ok	__type__,content
assets/res/import/b4/b4193816-30e7-439c-ae3d-51bd2dc983ec.json	194	155	2362873922	11daa2db30fdba290f96364106160da4ce193615e81dad4d9034ed56cc848513	d3c2b68f675e4bed87218a79a99c6e6d	json	1	ok	__type__,content
assets/res/import/b4/b41a2dd7-840f-4119-893d-97278e1809fb.json	9393	1527	863566515	b0b25b236ccb99e482a234a2c75fe7ac3c2eb82fa78aec04d7e6036f10e4795d	853896df62057621c244df0c4f04034f	json	1	ok	list
assets/res/import/b4/b427491d-98eb-4919-8a91-3992c7de5fa6.json	102043	11973	311325125	2fed60477ca6751724ddcfbf59bf2bcc82f0d87d5c2bc0157e23362ca92b5d0e	c448d50483244308208003257b8c818f	json	1	ok	list
assets/res/import/b4/b43167a1-beb9-4353-ab9c-5aa7edb66bcd.json	176	147	1459350818	5408158744c9bc2bd51b301944e00b5e5efe1069cd44fc543c74ab1114bb51b4	52184d5ffa88240758a8739a13e5ccbd	json	1	ok	__type__,content
assets/res/import/b4/b43ff3c2-02bb-4874-81f7-f2dea6970f18.json	69	58	4036315769	2cfa940932b2c0a25916bdb6b9bd8b8ffa50ed3f8d1bd9b99376779a9d4d25ad	473a4b5edc3e0be7e3d2bb1522f9249a	json	1	ok	__type__,content
assets/res/import/b4/b44f4c83-c7e3-41ac-80a2-0a6bbade4a7a.json	195	161	4084507323	6d0d9a99041b2b25322c3475679a8d04e8bb838e808110627fffc29827fde6f2	b2d57da379cf2e6ec23425fbf6a3bc82	json	1	ok	__type__,content
assets/res/import/b4/b469f016-75bb-44b0-83a2-785979fb7140.json	179	148	11787635	54d5f3e9d13abc6cdbc75346b2ed7c67b3562d3e959bc234d47d9e7b565f1b5c	f11b9420e7a8adc78d19e9cbed63f8a5	json	1	ok	__type__,content
assets/res/import/b4/b4873f64-3294-483f-9fa4-aaa58e62a55d.json	63	56	1371488825	be8ff221f8b838f9a7faec9c1249b8bfc8c94f8743e6218107c63e355b3dbd85	2f4592b3659c0e169ff817de62259291	json	1	ok	__type__,_name,_native
assets/res/import/b4/b48de42b-282d-471a-9964-4da542c8ff10.json	63	56	1371488825	be8ff221f8b838f9a7faec9c1249b8bfc8c94f8743e6218107c63e355b3dbd85	2f4592b3659c0e169ff817de62259291	json	1	ok	__type__,_name,_native
assets/res/import/b4/b4ca8bf7-49ca-42ad-8d86-bf79ee7c4fed.json	179	146	2763115457	d7d6df3931c593f84dfa3cd2e503f4c062aa93011af9292ab1370660adc5ec34	6fb74a177117a686eb7f8da8a9096808	json	1	ok	__type__,content
assets/res/import/b4/b4cedd63-c1f0-4b5f-906b-50c179c4d5fd.json	174	146	1802196389	b02a7eecff72b695d91e0a72bd27fd0f5c3759e34932094768cfd92d1cd037b8	5c1b745ebfd004f2c49b19a67011e147	json	1	ok	__type__,content
assets/res/import/b5/b5411440-7560-4c88-b5ae-b427274aad7d.json	69	58	4036315769	2cfa940932b2c0a25916bdb6b9bd8b8ffa50ed3f8d1bd9b99376779a9d4d25ad	473a4b5edc3e0be7e3d2bb1522f9249a	json	1	ok	__type__,content
assets/res/import/b5/b541a8dc-9efa-4bc1-8b56-589e3b2cb941.json	175	147	1588833597	51fcba7427046217d051f573c9829f511b084caea54cc8d3caa7e188ba018c10	30c8f6d4c015b4abe8354b4f2bff004e	json	1	ok	__type__,content
assets/res/import/b5/b5660347-0aec-4220-a3ba-c9babb146884.json	180	146	57989201	9314d2ecc0d21e0414f2653bb5fd27b043a8dc864ee90efc490607fce67f926c	2cf7c050c4af0b42d924f380ee7a0e19	json	1	ok	__type__,content
assets/res/import/b5/b5865bc8-a9e9-4d36-b011-dd35ae6aaedd.json	173	141	2059877635	4617e854aabc9ecba11fc28836f4feb1bb13f150ac08c215579b44f5bee2b990	6723064ea70f6bbcb8f20d9ed81005b5	json	1	ok	__type__,content
assets/res/import/b5/b5955829-f2e5-4f01-b94f-6e1c0c742e26.json	181	151	3370909182	4dc0a7a5f9504d83109b6ed593e83361f9fbe0cb076694f58ed1b89ab7646bdb	103396a36070b3e7a112ed2f98bce827	json	1	ok	__type__,content
assets/res/import/b5/b5b86256-1e6e-4a60-9b70-cda683a11308.json	167	136	2225772367	7a810574c0f3c2df4de24cf8e803a5d0d351f979e7e1644b29af25321482c72b	a70b6423d2a983f6b7fdb898251e5396	json	1	ok	__type__,content
assets/res/import/b5/b5bfaf9b-1faa-466c-953f-a5fc9d3c23e4.json	69	58	4036315769	2cfa940932b2c0a25916bdb6b9bd8b8ffa50ed3f8d1bd9b99376779a9d4d25ad	473a4b5edc3e0be7e3d2bb1522f9249a	json	1	ok	__type__,content
assets/res/import/b5/b5cd9cae-dce4-427f-95bb-6cf032b22732.json	63	56	1371488825	be8ff221f8b838f9a7faec9c1249b8bfc8c94f8743e6218107c63e355b3dbd85	2f4592b3659c0e169ff817de62259291	json	1	ok	__type__,_name,_native
assets/res/import/b6/b605b42f-5fca-4d21-b466-a443de834883.json	69	58	4036315769	2cfa940932b2c0a25916bdb6b9bd8b8ffa50ed3f8d1bd9b99376779a9d4d25ad	473a4b5edc3e0be7e3d2bb1522f9249a	json	1	ok	__type__,content
assets/res/import/b6/b66e6a44-f9fa-41cb-b0c9-09b036516965.json	63	56	1371488825	be8ff221f8b838f9a7faec9c1249b8bfc8c94f8743e6218107c63e355b3dbd85	2f4592b3659c0e169ff817de62259291	json	1	ok	__type__,_name,_native
assets/res/import/b6/b694a4da-9f25-4c82-b264-79c9cae81e4a.json	180	145	3031541350	939488d0b513fcf47836e631a90f6dd9b9c47af1fc5da49c3c992ddf5e6f4631	efb661298bf4db18f28ed0e12d29e723	json	1	ok	__type__,content
assets/res/import/b6/b6a08375-3d12-4e76-9046-64468705291f.json	69	58	4036315769	2cfa940932b2c0a25916bdb6b9bd8b8ffa50ed3f8d1bd9b99376779a9d4d25ad	473a4b5edc3e0be7e3d2bb1522f9249a	json	1	ok	__type__,content
assets/res/import/b6/b6d33a47-c4f8-4b6b-acd4-2c18a741aa8d.json	63	56	1371488825	be8ff221f8b838f9a7faec9c1249b8bfc8c94f8743e6218107c63e355b3dbd85	2f4592b3659c0e169ff817de62259291	json	1	ok	__type__,_name,_native
assets/res/import/b6/b6d7b436-7e5f-45a8-9659-23f3cb70c6cf.json	191	155	858769300	1c8264ee3d5f9ea6623d857e25f7f590b0813caeefaa649e376b2585c9972958	accbb7a04015e441bd0c3e34a49212e4	json	1	ok	__type__,content
assets/res/import/b7/b744cfb6-3871-4653-9ded-7d6bec599ceb.json	183	153	2137786854	f0a5527c59e8bdf3564d22760968c6dedc10b2cb5f3a42e4657b9b3204022b4d	157f041b3f84b678be165031b42ed1b4	json	1	ok	__type__,content
assets/res/import/b7/b74a0a20-91e2-49a2-bfde-c74bae1ce87c.json	182	144	2519516794	af1075ee966ca96ed77731d21d13c30529a415ed6f282bcfdc8d4a1fe211fbc9	f72d373299a37efe8cd2836a7b38f92c	json	1	ok	__type__,content
assets/res/import/b7/b75f0ada-6dfd-44f7-abf1-a5270f4f51e4.json	176	146	2353828499	1533cf06aef48b4b8db97edc5be97cb3d4702d71a5cfaa1e8de5a4386ad00b08	b5fea680a854bbac1126056a61635208	json	1	ok	__type__,content
assets/res/import/b7/b760b684-c793-45b0-b2be-546dc694ae5c.json	65	59	3783549976	462eb41d04cfdbbafe434557ed702ac51f2817fc22eda071d842addfb4dc49ad	9530a44462ea11040726e7c69f2ba9af	json	1	ok	__type__,_name,_native
assets/res/import/b7/b76ea24d-a952-4246-a72b-d5e2006251ab.json	162	127	3299653268	5ecdefcc9c65117847818e2a32c6d15d901cbbedfb6b55fb3a72851d795f4c72	800f86b53b10aa64549c2f2971885cc2	json	1	ok	__type__,content
assets/res/import/b8/b804bd62-ac3b-4348-a0b5-4aa6e48071e2.json	1307	306	1226061134	a28d51a496dad163ea5d73ed803048b20b3ce81fed4bc10acc15e490375898ca	547b8d1e06c06b78e95627ddb7108cec	json	1	ok	__type__,_name,spriteFrame,fontSize,_fntConfig
assets/res/import/b8/b80e91f5-caeb-4139-b422-4cfbc4eddd08.json	174	144	2929619387	8ead96ac6ce85cc0ffbfc371af756ddbb755083e4cf66405636e5c2e191bfa46	1a8f5c7132eb4df710f4b427bcbf3450	json	1	ok	__type__,content
assets/res/import/b8/b832a34b-37cb-46ee-9623-3e1e42079a7f.json	62	56	1954193533	1d079c9b275ffd5b61afe4e39a208cbff09ef437fc0010ab2d54a9111547ef48	2d70d7fdfcce94747b4f2049d47cf1e2	json	1	ok	__type__,_name,_native
assets/res/import/b8/b84e5edf-f6a5-478c-9677-cc9f0bc2b933.json	176	150	456203971	f9ac4e005a4f61b34591862e7a0d71314b242fe18ee43591bdc038e90f11ebe5	e4cb3ff71f0452e996edbf73c9401a3f	json	1	ok	__type__,content
assets/res/import/b8/b865b4f1-1be1-4e9c-a769-dc465edd87b5.json	192	161	1008499203	60967f3cc8a7b79e78b709ab749638ed5ded78067b3f79048bcdcd5aff466362	9b5b83a9ac686f7ae2e42cc4dc5eb86d	json	1	ok	__type__,content
assets/res/import/b8/b8e0beef-5adb-453c-8578-ae4eed08eb00.json	1313	322	914607423	b0df8c2af966e505eb3c0400d180770b1a79aad44d161c0cba3f2c8efe49fe21	953a12fdeda82490e49384b54ba6e565	json	1	ok	__type__,_name,spriteFrame,fontSize,_fntConfig
assets/res/import/b8/b8e97689-e610-46b5-a93c-e080662d06b1.json	25760	3571	1870989718	08eaaf910370181bee4513ff6fbc51587f5ee59a518dfbfe88ea805d34abda69	c6fe86aea81b87db0cf9badb351a0530	json	1	ok	list
assets/res/import/b9/b9252683-f8f9-4d75-9597-766056c20bbd.json	69	62	3214529742	7a9319a40428800917097dd687a49a4fe52ec0a96254a3415608f491b567a2e4	8998955cfb6c66dc801a9dffd58bcbc0	json	1	ok	__type__,_name,_native
assets/res/import/b9/b93d2237-9195-45e4-85c6-a10248d312a6.json	7635	1322	1366913673	c5bb79d0937334bbbd1e369edc0544f95118a5abf4943a762a15f72a4999c358	7bd1d4a31c0973096efad0caa4cf5791	json	1	ok	__type__,_name,_skeletonJson,_atlasText,textures,textureNames
assets/res/import/b9/b9458477-fee6-4d33-9476-4238fdef20df.json	58	52	274043689	345a353101b92cc03e0f97761c4c664255bfeab8e9da8fca1d0cb38e89488a7a	bac6e7d4ff9d34237bfac253a83b5a17	json	1	ok	__type__,_name,_native
assets/res/import/b9/b951a1ed-f34d-403a-91f0-7b166da12a68.json	63	56	1371488825	be8ff221f8b838f9a7faec9c1249b8bfc8c94f8743e6218107c63e355b3dbd85	2f4592b3659c0e169ff817de62259291	json	1	ok	__type__,_name,_native
assets/res/import/b9/b9565bb1-10dc-4c89-ad7c-adaf1241900b.json	63	56	1371488825	be8ff221f8b838f9a7faec9c1249b8bfc8c94f8743e6218107c63e355b3dbd85	2f4592b3659c0e169ff817de62259291	json	1	ok	__type__,_name,_native
assets/res/import/ba/ba33e932-16b0-4c43-804d-1e22b54284c0.json	197	159	3317201136	8eb607bdda9865b16e97b09b860e78ece235faf6536a7a54c59f0325e5429806	d797c5797a0b5ca1dea18552d07ee944	json	1	ok	__type__,content
assets/res/import/ba/ba471857-2abb-44ef-9df9-b824bcfdf149.json	179	148	3087561920	a48fdde20ee7d29409ba96dc9367182ab64acaac330cc34c91f00e501fca8707	687fa88c87ae97855167fe95a9e2fb3a	json	1	ok	__type__,content
assets/res/import/ba/ba787ad8-eb37-48de-aace-bd32e09e6823.json	186	153	1044862804	5299c3caebd733b5e7238cc75e993abb999a5de6cb794da6fa40a38d0d882e84	7afeac4a2d2eac71661377ea58de4b73	json	1	ok	__type__,content
assets/res/import/ba/ba892a36-6a3c-420b-aa0f-d3fe3d7bff24.json	27566	3951	541967793	a06d5207786d74160f9222a36b0e0d060caca8369e54783a0eade0b640b37329	8469caaad4621e39e0bea6a9e450af60	json	1	ok	list
assets/res/import/ba/ba92eee8-e028-4ad4-b52c-5837d9eb8737.json	182	149	2443410926	84a9d512cfd4a99502520aa60581a4169b37c4e8704fee665b229d29efd98d06	9b545d83f8a22036c495a1a3aee1a624	json	1	ok	__type__,content
assets/res/import/ba/baa8c6c3-ba79-488b-814e-a951e461b6d1.json	183	150	1372311490	735c0c3110989b66e261d6015c052d956865c405b5a5f02bd58c192b46abd8ef	40ea750fed016d3eb1ea7ddb4c0a7a39	json	1	ok	__type__,content
assets/res/import/ba/babd5033-f443-43fc-a4ba-4a92827c4294.json	191	155	3414201861	60815d1286320a4054d3a8f31569dd294d56b20b466918c96b6f1383fe49f52f	c911e3dfc235c66fecd4f215ff8f059f	json	1	ok	__type__,content
assets/res/import/bb/bb42ed8e-0867-4584-ad63-b6f84f83bba8.json	169	137	1378431111	c19e2accb32a30994d635924e47597abe4a655a842ae3e01887f715fe3b13d5d	03bea5ef84d65d015c34057a861d5891	json	1	ok	__type__,content
assets/res/import/bb/bb525ea6-fc29-4c99-85b4-d83e39402555.json	69	58	4036315769	2cfa940932b2c0a25916bdb6b9bd8b8ffa50ed3f8d1bd9b99376779a9d4d25ad	473a4b5edc3e0be7e3d2bb1522f9249a	json	1	ok	__type__,content
assets/res/import/bb/bb94b1f2-81fa-41af-9a12-e282341c252a.json	63	56	1371488825	be8ff221f8b838f9a7faec9c1249b8bfc8c94f8743e6218107c63e355b3dbd85	2f4592b3659c0e169ff817de62259291	json	1	ok	__type__,_name,_native
assets/res/import/bb/bbb0699a-8686-40cf-9773-56e472837b63.json	195	161	440309779	ae86395f1ecb32398e04061ea36aaa2274a52396a6a2e0c526915e64a9f85ca2	adbd5b42072f07b5d9660894aa22dbaf	json	1	ok	__type__,content
assets/res/import/bb/bbcbba61-6bcc-4f59-9c56-0a682c1998fa.json	180	147	1395478608	d23764f5302d343475079dbbe26e88578997b347c7fab67c299438fe73d86bf4	eec624ae4cb67f31a5db3659015c751c	json	1	ok	__type__,content
assets/res/import/bc/bc38d1a0-b679-4ba6-b43d-ff8762b97b97.json	169	139	354550267	fccc5816725011fc63170f946e7ffaae3c40e78df660ecfc30aed11383742af4	2b43458c6237945bca44922120c6cc3d	json	1	ok	__type__,_name,_spriteFrames
assets/res/import/bc/bc5027ab-5976-4e8c-8309-66969b2de86e.json	69	58	4036315769	2cfa940932b2c0a25916bdb6b9bd8b8ffa50ed3f8d1bd9b99376779a9d4d25ad	473a4b5edc3e0be7e3d2bb1522f9249a	json	1	ok	__type__,content
assets/res/import/bc/bca52538-7d01-437d-b373-fff969038543.json	181	145	208887200	3964ca05deb0f18bed0d4ecd54f80b4c0bce4a01d880ca4c3da4820151f87dbe	b71daad6f293480fee60d8ea002f8fcf	json	1	ok	__type__,content
assets/res/import/bc/bcae3c64-1eae-4ce6-83ca-e351e6cf2e1e.json	186	149	522003001	acb60289ac14b81d1486927766a7274dfb9433fefe9d2a71cd9ff674af3977f4	e80cf85850f9224b81723fa453ac8a6e	json	1	ok	__type__,content
assets/res/import/bd/bd016f27-7ffa-4f56-b1ac-942626760b26.json	63	56	1371488825	be8ff221f8b838f9a7faec9c1249b8bfc8c94f8743e6218107c63e355b3dbd85	2f4592b3659c0e169ff817de62259291	json	1	ok	__type__,_name,_native
assets/res/import/bd/bd05ff4f-f119-43bf-be4b-226fcbcf5773.json	178	145	3413995534	e5cf8f37a04edc1e91fc2588c6be3f79f2ae95bee05e8f59388b387fa2bb1ef8	49eb627b12a2dfdbc60976bd1b32eb89	json	1	ok	__type__,content
assets/res/import/bd/bd22a211-ee87-487d-a6f5-8c381d354932.json	178	146	3280559040	b2665ecc5dccecde464acf689de9d5735a08def1b9b974216112888d813cb52e	8aa035c09aa0b533bd42db8ed0a956c3	json	1	ok	__type__,content
assets/res/import/bd/bd268cae-d8a0-4392-b1f0-ec5103ba3306.json	294	161	2420851598	0d61f17ad4476dd229257c5ccb524f8c5e1ada6d1681d16b7f6afada0373dbbd	e5c6a017984e4156d19982ff7479cc42	json	1	ok	__type__,_name,_duration,curveData
assets/res/import/bd/bd5b4006-1204-4354-b8b6-f85bcafcf911.json	173	144	3069164975	60d4e954e6e78de4d0efb20999c5537ddb7d791cf36eeb9b639908c58c3ba85e	136536620600401cd0ac92a54a1815b7	json	1	ok	__type__,content
assets/res/import/bd/bd5c6fc8-fc58-4337-a004-adcc59200af7.json	175	144	940552835	f6b492727eebfe8b351815b620a77c382e54f1a2dc408995d1f649239c1520d3	3aa0331462506510cf8df26b50f90862	json	1	ok	__type__,content
assets/res/import/bd/bd9c620a-b5c8-4101-8e40-905ed55a7409.json	63	56	1371488825	be8ff221f8b838f9a7faec9c1249b8bfc8c94f8743e6218107c63e355b3dbd85	2f4592b3659c0e169ff817de62259291	json	1	ok	__type__,_name,_native
assets/res/import/bd/bda77361-5fd2-4822-9476-a220de1d809f.json	164	130	1075282565	db1d0932d8e04f98921bfdc189ae08d595dfd827a7dde0e39199490d7382c542	e844c76eb9dd17e5f1f52860cad2296b	json	1	ok	__type__,content
assets/res/import/bd/bdc511cf-9917-457a-bf4d-dff36ffc7d00.json	180	147	445840997	c97561e606e0a67c11d9e4c299b5add345f5390ca1e585e79c431374126ca1d0	8c4eb2b2fb3732c10c3ab6ea454e6f0b	json	1	ok	__type__,content
assets/res/import/be/be14347d-e3d1-4da2-bc1f-2db4177f3dc7.json	69	58	4036315769	2cfa940932b2c0a25916bdb6b9bd8b8ffa50ed3f8d1bd9b99376779a9d4d25ad	473a4b5edc3e0be7e3d2bb1522f9249a	json	1	ok	__type__,content
assets/res/import/be/be16c35d-6617-4b07-92b6-8fa1781bb6e8.json	45871	5924	1157765486	9434ce270d2279c81a922f16a6bfc9c2cea002771db19c96e19567021fe99984	4ad2b86d03b931522d775c9813e40117	json	1	ok	list
assets/res/import/be/be1edf23-8b20-4839-ba21-9087acd19f51.json	182	144	1199710045	adbb94cc2f6076b74ed9b2733e510b413dc60c780ab084ca699ba8d9464693a5	56ab1fd71fde80ccb56d80c7dcbc3771	json	1	ok	__type__,content
assets/res/import/be/be3817ab-e442-4357-ae46-dd22cd2b11f8.json	69	58	4036315769	2cfa940932b2c0a25916bdb6b9bd8b8ffa50ed3f8d1bd9b99376779a9d4d25ad	473a4b5edc3e0be7e3d2bb1522f9249a	json	1	ok	__type__,content
assets/res/import/be/be70571a-8bba-449f-8fdc-60b30cfced5e.json	63	56	1371488825	be8ff221f8b838f9a7faec9c1249b8bfc8c94f8743e6218107c63e355b3dbd85	2f4592b3659c0e169ff817de62259291	json	1	ok	__type__,_name,_native
assets/res/import/be/beee7e13-e6bb-4963-beba-45389a2edad8.json	3714	998	1793077835	7711b07531af9932250248d2bc3934348205feb4e639b32f7ab588520277afab	27f33ef57d0f07e1ed91a31d0dbc46d1	json	1	ok	list
assets/res/import/be/bef7ce84-507f-4db3-a53c-9a005da1ac15.json	187	155	47709108	0d83c80ff8848787b2853cdfbe682974ab2bebadce3e061e53c5912ddbf69b54	e93368d1ed12bea1ad18bf519a8391f4	json	1	ok	__type__,content
assets/res/import/bf/bf33b481-3440-42a8-97f6-db195660135b.json	63	56	1371488825	be8ff221f8b838f9a7faec9c1249b8bfc8c94f8743e6218107c63e355b3dbd85	2f4592b3659c0e169ff817de62259291	json	1	ok	__type__,_name,_native
assets/res/import/bf/bf3a08ee-4dfa-4dd9-9917-f1557cfce99f.json	172	136	1312313883	1403fe0e10c0dee93032173ee321a8a87e775b7e30a9702b6fe78592dc9ebb67	40f24cc477e64a4013058ad371367a5a	json	1	ok	__type__,content
assets/res/import/bf/bf547677-80d1-4d24-a01e-f95398cd4aee.json	184	146	1147308150	8b145d71d27428b505502b964780a806ed66d771758dbace660e9288e7015df6	8d8e2c6756ddb503927a2d4394bcc07d	json	1	ok	__type__,content
assets/res/import/bf/bfb82f01-2097-4eaa-8e5a-66ba0fba6b40.json	176	148	1310434420	37d78acfaeb7f045f1eaade4a550743a229e124a77f54a42cd88ed589b16624b	58d301de648a3b1615bf0e7de97baa38	json	1	ok	__type__,content
assets/res/import/bf/bfc5a867-d36c-4555-85b3-3e7d180c73cc.json	176	143	3200705932	4499ffb6b1505bee6892bbf5772189c37d51bd0574bb40af66df04914436aa2f	a01fe38d9aa812bf71048fa27a886c33	json	1	ok	__type__,content
assets/res/import/bf/bfe4180e-ada0-40bd-aedb-91e83f356526.json	180	151	34246299	9e5c1de245c35478ef31f8e55c7d0d7eea361feab794e1b8f8d69f9fdb40a94e	8d12c5f5dbbac4f11386642595e5ff0d	json	1	ok	__type__,content
assets/res/import/c0/c0040c95-c57f-49cd-9cbc-12316b73d0d4.json	831	337	2780129146	6095a28c4f514a4475516da0443aa6efc3bf6d48d0a93e9ae17af82d9f21c687	b0dbd4e5c5fe0c626ffbc059f412c2c2	json	1	ok	__type__,_name,techniques,shaders
assets/res/import/c0/c0345a96-84df-4ac8-b0ba-802581a0025b.json	63	56	1371488825	be8ff221f8b838f9a7faec9c1249b8bfc8c94f8743e6218107c63e355b3dbd85	2f4592b3659c0e169ff817de62259291	json	1	ok	__type__,_name,_native
assets/res/import/c0/c0381bef-ca1c-4a18-bc45-9b0718393c6b.json	176	146	2024093386	5247da0031f122284448b8d2775ab43633d9dc1de84f99709dbbd1c000a71c66	ffc2c3745fa774841ddd6cc5f5f7083b	json	1	ok	__type__,content
assets/res/import/c0/c04a7dbf-455c-430e-b50d-970d64dda405.json	9428	1649	3031698825	d135e7c6bd1c1d029aee5934ae0190c5ea62d301e0739d0364e8f209e99a24af	fd9f992b105317c977443ef1f1084604	json	1	ok	__type__,_name,_skeletonJson,_atlasText,textures,textureNames
assets/res/import/c0/c0647e4e-20bf-483f-848a-d3e9ef016a59.json	175	140	312340579	8a79db0f57802398e5711fecb9a7395e61de419829d4a9ae0d7f2dd641f01fad	fa8a31f9225d63a567e576e0be1ab9c9	json	1	ok	__type__,content
assets/res/import/c0/c07b50fb-50cb-4bf7-8564-733490906197.json	359	239	3973779944	d4935b9a250e27e59f97fdb3d7d6b914d2add24b59372755757c554bd9782e22	d5f077a928bf378633b2bfa5ee5daa29	json	1	ok	__type__,_name,_spriteFrames
assets/res/import/c0/c07f2045-966e-4559-8541-784da6f22423.json	190	157	1583818530	cc67c2e0cd0c833c9cbc397e4647223c3e5370a9ac53935ef0c1c04ab6ce838f	12ca900bfce141b0716a80e1d9a59a8e	json	1	ok	__type__,content
assets/res/import/c0/c09143b6-a54a-4987-976f-3840f7f9bf23.json	26053	3819	1322181806	f2563c4db26228db01c502d1960b91b63e39732d4fbbc8e2129035ef3205b579	2a22763d220f49d0c7fe488f9d24c57b	json	1	ok	list
assets/res/import/c0/c0ce1a07-00ac-4d09-9f92-fb689f840325.json	189	152	1256306656	a93cd8eec00593213c351fb49afd9a27dd1dbd206ea509d5fd2a895e5759ea90	f0d3277ed656a0ee8827fd6f236cfb94	json	1	ok	__type__,content
assets/res/import/c1/c107f314-25a5-4ab8-8a6b-96ad6467727b.json	58	52	274043689	345a353101b92cc03e0f97761c4c664255bfeab8e9da8fca1d0cb38e89488a7a	bac6e7d4ff9d34237bfac253a83b5a17	json	1	ok	__type__,_name,_native
assets/res/import/c1/c134e293-8daa-4afe-9753-c79dc3f71e3a.json	63	56	1371488825	be8ff221f8b838f9a7faec9c1249b8bfc8c94f8743e6218107c63e355b3dbd85	2f4592b3659c0e169ff817de62259291	json	1	ok	__type__,_name,_native
assets/res/import/c1/c136cbc3-bc45-4f25-a8ae-cf14506af695.json	174	145	3067667005	9bc33b8c972101649e5f096b2c0d7197b5c87baa5e68cf7d1dc4e4c4c46cc3a0	ddda4d05202dacb2f87dc2c91f912deb	json	1	ok	__type__,content
assets/res/import/c1/c13b2fb1-5eee-4364-a68c-abcf396cf5b5.json	1323	304	1244564452	57bfbb6d4fa9e2bd2c81d012a36541603d4045207cd6ce802419eaf69f3e8ef6	43e393f511cb3bd2e800e1dc48d51d9c	json	1	ok	__type__,_name,spriteFrame,fontSize,_fntConfig
assets/res/import/c1/c15abc4f-e894-40bd-bbdb-78defa041c68.json	188	152	1842056329	2a34311a43e63bb08c3e934416bef0cb173ff81ea8c569e480c3fee235ddc8b2	7f0a0470e9dd02bb89c236db91dba991	json	1	ok	__type__,content
assets/res/import/c1/c16570c0-c473-4961-ac22-fbac1e113a3a.json	169	141	3586786095	10dcfe52c7838400b095640854545fb0d52e24e0849e2d0a3b424cf1181f2b57	567dfc23bbd634759d5b3c4950a20798	json	1	ok	__type__,content
assets/res/import/c1/c177912f-c594-43af-a636-0afefb6a4c5c.json	2743	821	2978972334	c5e94212dde7c0c9225af7248eaf6df90e59d33910b58f942aba61b6676688d6	f85888333550eb0a21d3a2e9b4f40832	json	1	ok	list
assets/res/import/c1/c17c1d5c-c23d-4ae9-9741-8699b4596f49.json	63	56	1371488825	be8ff221f8b838f9a7faec9c1249b8bfc8c94f8743e6218107c63e355b3dbd85	2f4592b3659c0e169ff817de62259291	json	1	ok	__type__,_name,_native
assets/res/import/c1/c18df571-46dc-46cb-886c-b0f0606a14c1.json	69	58	4036315769	2cfa940932b2c0a25916bdb6b9bd8b8ffa50ed3f8d1bd9b99376779a9d4d25ad	473a4b5edc3e0be7e3d2bb1522f9249a	json	1	ok	__type__,content
assets/res/import/c1/c1b68396-a776-4986-8d21-bea306a794df.json	192	157	2085250015	4182ac5bbab25cc6bdf4cac5e6bbb847be5a7e1f6b964103776597bac593d553	fd52d13d851d60c2db9ec47b41c6209f	json	1	ok	__type__,content
assets/res/import/c1/c1dabdbc-6cd9-44d8-9a86-21210702e539.json	186	148	2990763081	5596e0f47526d730a0ea1bd6ddcf1d7278c14682a27144dce63131a570998c16	eca7309392149e7120e327f5e1d386f1	json	1	ok	__type__,content
assets/res/import/c2/c204947a-699f-4637-996d-3643a1b10da3.json	57	51	2349994079	a2a9aa483d39108a0aa275f324f32717a8cc954ad3c5b35d5503ed9f6a947220	134b5191900863a4936a94c3eb59ca28	json	1	ok	__type__,_name,_native
assets/res/import/c2/c21bb8cb-2490-46f1-ad78-d8fff87db86c.json	179	146	3886682564	72fcd8a0497fa7cb464751ceba715a78f7c85bab1afe9edb8206931a97e83f6f	a2161cabfe0631a50ddbba16b9aebcd9	json	1	ok	__type__,content
assets/res/import/c2/c221ff76-7296-4948-b076-e49cc6f8dea7.json	63	56	1371488825	be8ff221f8b838f9a7faec9c1249b8bfc8c94f8743e6218107c63e355b3dbd85	2f4592b3659c0e169ff817de62259291	json	1	ok	__type__,_name,_native
assets/res/import/c2/c234305b-d9aa-46c7-b942-edd2b6c9ba59.json	63	56	1371488825	be8ff221f8b838f9a7faec9c1249b8bfc8c94f8743e6218107c63e355b3dbd85	2f4592b3659c0e169ff817de62259291	json	1	ok	__type__,_name,_native
assets/res/import/c2/c23f0bf2-4969-4050-885d-b2b9ea7ea090.json	179	147	3990500272	1d92c71cd5363a282ce53867f215c57a1ad2856a1bffa4b877ca7ae144e47fc5	e14b3166b8028df4ce79b529e8bd2d22	json	1	ok	__type__,content
assets/res/import/c2/c286b1a9-ae25-4d9e-b1d6-9cd9305e1553.json	179	144	1230540584	5c1467f1ef785ebd8daffb31787d60ca3e612a7ed86bca9dc430b83618dbdfa0	0599a10076c15d8aadb7cd22fa4ad6b3	json	1	ok	__type__,content
assets/res/import/c3/c31a53ba-ccd0-480a-b891-caed8d78762d.json	63	56	1371488825	be8ff221f8b838f9a7faec9c1249b8bfc8c94f8743e6218107c63e355b3dbd85	2f4592b3659c0e169ff817de62259291	json	1	ok	__type__,_name,_native
assets/res/import/c3/c34b3036-795d-4ad0-ae1a-75c93229c1d1.json	63	56	1371488825	be8ff221f8b838f9a7faec9c1249b8bfc8c94f8743e6218107c63e355b3dbd85	2f4592b3659c0e169ff817de62259291	json	1	ok	__type__,_name,_native
assets/res/import/c3/c3817814-3c33-49f2-b9d9-225d3f822b2a.json	69	58	4036315769	2cfa940932b2c0a25916bdb6b9bd8b8ffa50ed3f8d1bd9b99376779a9d4d25ad	473a4b5edc3e0be7e3d2bb1522f9249a	json	1	ok	__type__,content
assets/res/import/c3/c3a28e5c-ec58-4b7a-88cc-856362d4fc28.json	190	155	834184295	0416299ac54fc4c45ed43a2eff3ca9af8253177297a7f1e324b30dfded24da44	f076b95e009f8082a1158544bdf11868	json	1	ok	__type__,content
assets/res/import/c3/c3a8caf3-9260-4f20-a2ad-a8d5d63d30b4.json	181	149	3550319933	c58ea24262fcbb89139dd13ae9a1163f253940c6b838ed5a47f9475acd29e160	526d3b0f8ff524d963725846df14691d	json	1	ok	__type__,content
assets/res/import/c3/c3de4f6e-47e3-448b-8043-9f8f23429a7f.json	182	151	2174763779	349cbc1c7ad5a749aa6fcdc73737ddf334e91c493236b0e554554a52610bd376	ddfb7adeee90c65c26d975c37b313a66	json	1	ok	__type__,content
assets/res/import/c3/c3e0ba6f-501e-4b3a-885c-262b78d32fcb.json	169	137	795829339	e05fe3d81caa241ac13cbcb0bf587ab2456e2e2a57b8596606a955380a8645f6	5d49a53ab25bfdb1f284cfe9b769c2ef	json	1	ok	__type__,content
assets/res/import/c3/c3f0a0e8-b38f-46f6-986c-c93a8cfd18d1.json	69	58	4036315769	2cfa940932b2c0a25916bdb6b9bd8b8ffa50ed3f8d1bd9b99376779a9d4d25ad	473a4b5edc3e0be7e3d2bb1522f9249a	json	1	ok	__type__,content
assets/res/import/c4/c403c7f8-6fbd-4375-aadd-8133e830c3b0.json	180	142	2290393026	745c08812f231ca14da44faaa126121b900554d8f43e89ad3f2afa1c670837de	7d37c78e690e9d2f25b7824b1b978a92	json	1	ok	__type__,content
assets/res/import/c4/c409ae53-1d0a-47ec-9196-4ac94bcaedbb.json	181	139	767910972	07c03df6ed793d0a48643bcf173a202b3d0d13c6657267763934590637eced27	54f78768901dbf3c6695feca28f5c518	json	1	ok	__type__,content
assets/res/import/c4/c4185a54-6b53-4742-8127-235b00642502.json	190	156	3443093865	0def8f4aa42bedff7cb5367f34895830878764b79b1a91b8669f4d406e05d698	896abdf3efb9311cecc62afda6e8b7a6	json	1	ok	__type__,content
assets/res/import/c4/c41c531c-bdd7-4f9d-9140-20e0ade2459c.json	63	56	1371488825	be8ff221f8b838f9a7faec9c1249b8bfc8c94f8743e6218107c63e355b3dbd85	2f4592b3659c0e169ff817de62259291	json	1	ok	__type__,_name,_native
assets/res/import/c4/c4305320-b396-4560-a4ad-1cd48486cf18.json	178	145	4035000091	73b99e9e8033a1d98dce38a399c3033d81f08fd9b7ffcc04201d1455924394d4	b232c263acf497086c4977b5a4eb594f	json	1	ok	__type__,content
assets/res/import/c4/c4398e52-c728-4b70-8c4f-f7ee9ff97996.json	69	58	4036315769	2cfa940932b2c0a25916bdb6b9bd8b8ffa50ed3f8d1bd9b99376779a9d4d25ad	473a4b5edc3e0be7e3d2bb1522f9249a	json	1	ok	__type__,content
assets/res/import/c4/c44a9508-f4cb-4fe5-aa30-bed997aeb711.json	63	56	1371488825	be8ff221f8b838f9a7faec9c1249b8bfc8c94f8743e6218107c63e355b3dbd85	2f4592b3659c0e169ff817de62259291	json	1	ok	__type__,_name,_native
assets/res/import/c4/c44b29e9-5868-45e8-881e-a25378ebb575.json	176	145	4056813762	007d1170b5dcf2ea9a098041e37b3b208ef49b6b3630dcce5630027ab1ebea96	179c8f0da8ff869dbb878241c59951c4	json	1	ok	__type__,content
assets/res/import/c4/c4676765-4b73-43a8-8f05-da228c3aad35.json	25416	3572	3401963585	3058cd9c1fdfd2f2c4c1bb3e3b43be05d47588606db6571eb337fcb4d3ae9737	8735e9d3c086b9103e03415058514871	json	1	ok	list
assets/res/import/c4/c49bc110-3be1-4aad-b0f3-ad8c38c6c645.json	173	141	2118363163	14ed2f2b86a79a4827b6fea9bf6f1c4a1defbf840975e08d8f8bbcf267bc62a3	5904d37c2236efbd8d223e62c50bd22d	json	1	ok	__type__,content
assets/res/import/c4/c4fb0726-7b4f-4a31-b885-239e5676c7c7.json	192	157	2556205741	410cfbea6793bdc4640e2cfb126bbbbdc137872a2c9e1a74d1570bc3f2f9f9e1	aadad32e1c2725a2b2c15ec975789c7e	json	1	ok	__type__,content
assets/res/import/c5/c56a5c2c-d6f2-41a9-8bd6-20a59f67308e.json	63	56	1371488825	be8ff221f8b838f9a7faec9c1249b8bfc8c94f8743e6218107c63e355b3dbd85	2f4592b3659c0e169ff817de62259291	json	1	ok	__type__,_name,_native
assets/res/import/c5/c56f543c-39ee-4022-93c2-e8bc1db156ef.json	60	54	2471270542	255d1984065f527dbf2893712be91f580e5e2d352b7dd7b0f9dc9ce49e5f3e99	e8a5034aa6913b35cbe680a919cb8f80	json	1	ok	__type__,_name,_native
assets/res/import/c6/c62d6fce-d29a-4f23-b10e-39f9b117cc34.json	197	161	552462427	aad6f1387ddaee3dd7d8e49615ca28f17f3b116048a95bc80211e68f797a0f81	8a7705410250ace4bd1de6da14314f71	json	1	ok	__type__,content
assets/res/import/c6/c632c579-5e6b-481d-8a25-d66b555fb6c4.json	69	58	4036315769	2cfa940932b2c0a25916bdb6b9bd8b8ffa50ed3f8d1bd9b99376779a9d4d25ad	473a4b5edc3e0be7e3d2bb1522f9249a	json	1	ok	__type__,content
assets/res/import/c6/c65f8c8d-f62e-4a30-8f12-b07c78dd8a66.json	180	148	3339321188	146729b47c4f2a4659f05fce4d0aa638a38008e5d438bfcdb2b1e31c20963f41	9aea21c03d27ede9291a5855f8d4f837	json	1	ok	__type__,content
assets/res/import/c6/c67626ed-6295-499e-a6c0-a1b0e9e8a0e5.json	63	56	1371488825	be8ff221f8b838f9a7faec9c1249b8bfc8c94f8743e6218107c63e355b3dbd85	2f4592b3659c0e169ff817de62259291	json	1	ok	__type__,_name,_native
assets/res/import/c6/c696f209-5ae1-4f86-bf59-10f04d2c8c12.json	77	66	1974897022	079bbca8552e776eb688038aa8ef1cbe78d23106a4d5bf8147dde6bcdcbc75de	d28feb63c2bc66bebffbf5c427200ba4	json	1	ok	__type__,_name,_native
assets/res/import/c6/c6bfed6f-8698-4d93-ac65-b5aba204945f.json	1594	335	1583494530	07f296df680947594c04b7b6346177d58354538d69233ddc46b570567b464878	7614d2e658051a457b70e514ef6446b7	json	1	ok	__type__,_name,spriteFrame,fontSize,_fntConfig
assets/res/import/c6/c6d73797-c75e-4d75-9af2-341a15976d25.json	182	152	87693897	5c653a98caf42da04cf00ff2310e847c7161bc7b008a63bc81a2ad4d031372b3	4124b478a62de142bce101652a7b0327	json	1	ok	__type__,content
assets/res/import/c7/c70b8424-b38e-4c05-970e-f558f43b3ef3.json	177	142	4046787505	e63d3da96acafc50d43e9be071828baebcfc2bae93284cbecd73f253d5f438e7	ef85d941fd208369946fe233842faed9	json	1	ok	__type__,content
assets/res/import/c7/c723bb6b-38f8-4138-82c2-69b2e9902b61.json	57285	8308	217259205	9a319aeea4c9c9d6f4798c80538a87eb10e50890f6b6371072f9b274c8746679	129882eef7e688c8e214adfd4b3d9d06	json	1	ok	__type__,_name,_skeletonJson,_atlasText,textures,textureNames
assets/res/import/c7/c74d6ecb-9731-46f8-a7e2-1b12d3788711.json	189	154	2078913501	cf2c54ee4c494afdf53dbf60e76329f1bc02d8172e1e1b50bec5e38196ead067	7a9e3ef5498bdefc3647421735fc6c02	json	1	ok	__type__,content
assets/res/import/c7/c75237bd-ac3a-4fb0-90d5-fda2bac2d2b0.json	9591	1901	444038074	7eff13b9f46df891cb33d11946d59c6ed775451959b02d4b663834f36248d107	e58ecb35c2e0e29ce01a98009e57c2fc	json	1	ok	list
assets/res/import/c7/c76166de-7111-431d-af82-83b827bf5b54.json	183	149	835001093	1e900da1cd58852f70fddf2d8e3500d95cab427008ca016d069979b73fdc2ae6	f8b762b57c1fb51be81c69f0529e9f60	json	1	ok	__type__,content
assets/res/import/c7/c7b159ec-2a02-4cbc-ad7b-76210efc2b7a.json	3205	856	1913302350	c39c7cc89d0a42a9d9f424d6c1f5bbd56af7c1e016450c4bd2ccc218a26dd5a3	94fafca1b5199237d004b3bacc1161c7	json	1	ok	list
assets/res/import/c8/c804f040-f835-424d-b38f-7b860cf548dd.json	198	159	1012519933	f5c58a62b8a168770ebdc0ca5e0231aedac64b48d91d871708d61470628f65eb	aa3da8fc28d2f126ad4153f9df7507ab	json	1	ok	__type__,content
assets/res/import/c8/c821f0d9-ac1d-4f6b-bb56-2cf4564baba0.json	22142	3085	381486154	a507223700435e2191491e1cc5849b3c9ef964a997c837d739b7cf35de524555	eeeeed8eab716bb61c25390fcd5b70ac	json	1	ok	list
assets/res/import/c8/c85a66d1-c718-46dc-b278-e677c3fafa5d.json	197	157	536850138	3bd55246c12ebf39937d069297601547f4668cb269b4f581e3e638a7683fa2a2	4e4ff0b94e3ea4fd4bcb9a74b6a68396	json	1	ok	__type__,content
assets/res/import/c8/c8bba8b6-79c3-4069-b3aa-937958db8c6d.json	177	148	4085514258	c0cea014c1f44221894ed962f154bf978c3d8acdb3e7e8b25263f7af98799a80	fc1a258af287e69fdde43049af6cdead	json	1	ok	__type__,content
assets/res/import/c8/c8ff4fd9-16b9-4161-916c-3e71bb26add3.json	69	58	4036315769	2cfa940932b2c0a25916bdb6b9bd8b8ffa50ed3f8d1bd9b99376779a9d4d25ad	473a4b5edc3e0be7e3d2bb1522f9249a	json	1	ok	__type__,content
assets/res/import/c9/c9036a1f-e701-45bc-9cec-1c7a58a6628a.json	178	148	3320264496	98f57f91e2e892151faa2f7ce889089ba03c20ed627a5aae9163f94f1591034a	1e35254cd8d3c4f97ecd641c9b129297	json	1	ok	__type__,content
assets/res/import/c9/c90bfb8e-59d9-4e9f-9dd7-acb6f2a1858e.json	187	153	1985206305	e30ee08806aeb35f746b91d72e523d014d25c2492a88c85f351fa1c8ba476275	d562d9d9b556c1048f59a87736ef170e	json	1	ok	__type__,content
assets/res/import/c9/c93d9724-5c77-4c63-9ffe-9f52ae9ff490.json	69	58	4036315769	2cfa940932b2c0a25916bdb6b9bd8b8ffa50ed3f8d1bd9b99376779a9d4d25ad	473a4b5edc3e0be7e3d2bb1522f9249a	json	1	ok	__type__,content
assets/res/import/c9/c9747fe8-42e8-455e-9fc4-7b64bd02835e.json	169	138	722885633	5bc91c1a1dacf508a225ead487811e06bde53d4b21a89d6d6d420c2d4437bfd5	40ce0abf5725d74f5aa1d939e120b850	json	1	ok	__type__,content
assets/res/import/c9/c98aa462-4636-4438-aacd-68f62f5458a8.json	2500	782	957289364	57e9408ad9be1133914a0d9f062fcb956101b5c18f3a284e5ec82079192a6d51	c31960dc53593b5d82f10336e165847b	json	1	ok	__type__,_name,_skeletonJson,_atlasText,textures,textureNames
assets/res/import/c9/c99c789a-b5d3-47c7-b563-07197425a23a.json	190	155	1200333644	4a2373dd19c6e43b9e9ac443cc3d133e9fb08199df61e0a04a0e4321f9699201	34ecbc1f08b67e5de153027f37a7825e	json	1	ok	__type__,content
assets/res/import/c9/c9cb9cef-2a5b-45a1-8dcd-79f23736079e.json	185	144	1681137742	20f3f1fed25386db5c2a78381b0e1911924ea02fdf0ceebc655a72c5bb6355cd	704e9d736a61c4576adf2b1b05cf1c67	json	1	ok	__type__,content
assets/res/import/c9/c9cd397e-da7f-482c-8ce5-cc73225f4ef7.json	179	147	426301459	7adfc29c118ea50991ad364a8d9cabc4a94e9d2d1c42ad38ca9c9d5006ae2061	6a8f1db9c7ee26fbe4783213b70961f0	json	1	ok	__type__,content
assets/res/import/c9/c9cdf861-2a96-43d0-9608-547895121a5a.json	69	58	4036315769	2cfa940932b2c0a25916bdb6b9bd8b8ffa50ed3f8d1bd9b99376779a9d4d25ad	473a4b5edc3e0be7e3d2bb1522f9249a	json	1	ok	__type__,content
assets/res/import/c9/c9fa51ff-3f01-4601-8f80-325d1b11dab7.json	187	155	2038696229	4b6ae73977aad6ca8cb48cdd3e214219288ca4c6269e2aa6ef57335937ea2998	0d37df8bef728e581da5e637e4901bc0	json	1	ok	__type__,content
assets/res/import/ca/ca168d3a-b322-41c9-a90c-4064fb8f45e9.json	59	53	1079751784	29c63844c8183c3beaf6f5d0f00ab22e5e8886680fe97f2166d0bbfd5ff522c5	a92e76a3d38f7955b5244001507f92a9	json	1	ok	__type__,_name,_native
assets/res/import/ca/ca57bf86-0981-41d6-a717-272b5e01205a.json	175	143	4207918544	8f7a31c0114b61d133d0b1e4cbbf809a2b114744e1b9233a3374745e84832c2f	f4aa74b3e5f363f5e513b7b80a14a3ff	json	1	ok	__type__,content
assets/res/import/ca/ca7dd3c3-b489-4276-885e-88181d9b4629.json	93900	10567	787305333	9f05721224d626233960caf00208f4fa130e1b1e2055ebe9b61724e36851d050	f710dc9da96117924397f6599c5762e5	json	1	ok	list
assets/res/import/ca/ca8f3266-83a9-4e3a-a9d3-01daf571162f.json	447	270	376725937	1a8ee4c40196b97b7694dc0221b4344dd388fc79d1fa1be5b1f5d1dd2dcc740a	70b7c90653f65655f6958a44142504ba	json	1	ok	__type__,_spriteFrames
assets/res/import/ca/cabab63b-3cf2-41f6-9d57-87a239b8c6a0.json	177	141	425747993	e185d15f141ed89e41b3d5ff91ec85e75fe916b4a9fe7f7207b9091415509285	83f44bf17992024878f0c41619fbda22	json	1	ok	__type__,content
assets/res/import/ca/caced012-3c2e-401b-a52f-c76b0786685f.json	583	342	1884661798	cffe5fba1af0607ee9ea80c175dfd91660c5b35e0a5dc0635483926cbcd1a3d2	d8a5fd7a4c9eee7866415d4e874ce47b	json	1	ok	__type__,_spriteFrames
assets/res/import/ca/caf38e77-7270-4d79-aab4-7acbdbeafb5d.json	186	149	2024239487	548c3fa72cae7b8ebfd6e1c337568ce38d0558342b80f94f2ff8bc826620a87e	02c0f266dd7ca60b39aaf99234b4cb77	json	1	ok	__type__,content
assets/res/import/cb/cb0c4f7e-e072-4bea-ae41-6ed35ab6c1d3.json	187	156	509309197	1f3b64fed90438f0fff0058ea7e6946c09071fb4290777cbb662f7510016793e	676109ab4bd12bb2a8ec8294cc581944	json	1	ok	__type__,content
assets/res/import/cb/cb0ca393-33d8-4739-8585-77d414f242a0.json	183	147	4005494222	db51ea62167cdf2c8c5b65ce06f95fd64602c9527dc816b0ea030764b2216116	4df7766876b4bee6454a42a1502c18af	json	1	ok	__type__,content
assets/res/import/cb/cb17241a-31bc-4487-b919-c8591d0d907a.json	63	56	1371488825	be8ff221f8b838f9a7faec9c1249b8bfc8c94f8743e6218107c63e355b3dbd85	2f4592b3659c0e169ff817de62259291	json	1	ok	__type__,_name,_native
assets/res/import/cb/cb231d43-0f96-4a18-8c47-e255db8843a7.json	63	56	1371488825	be8ff221f8b838f9a7faec9c1249b8bfc8c94f8743e6218107c63e355b3dbd85	2f4592b3659c0e169ff817de62259291	json	1	ok	__type__,_name,_native
assets/res/import/cb/cb2364c9-6a2e-432b-aa72-11782c6f0bd7.json	186	150	104291858	76520f4e1b30d40a4365ca8d5147c4240c52232cd2988372378345b16e52331b	c278d62b357c801f7e64f63e0c809339	json	1	ok	__type__,content
assets/res/import/cb/cb36ffd1-5f3f-447b-a876-6565ac3ac036.json	192	158	2684932076	66e3ec548bb98b8e4b15765fe7f1b2fd3b50a9db9812fc934d8eca3538fc5846	75da7488e5cad13bdf56304f975426b1	json	1	ok	__type__,content
assets/res/import/cb/cb8ba1ab-df2a-43e4-88cb-1b76a2e34c0f.json	63	56	1371488825	be8ff221f8b838f9a7faec9c1249b8bfc8c94f8743e6218107c63e355b3dbd85	2f4592b3659c0e169ff817de62259291	json	1	ok	__type__,_name,_native
assets/res/import/cb/cba1a2a5-1c83-4dd6-b938-e5ab6a6cc087.json	63	56	1371488825	be8ff221f8b838f9a7faec9c1249b8bfc8c94f8743e6218107c63e355b3dbd85	2f4592b3659c0e169ff817de62259291	json	1	ok	__type__,_name,_native
assets/res/import/cb/cba63334-c3dd-4eb2-9fc0-89d64a2de3c2.json	174	145	2283074531	228b352306fb5850edb55e479a6c71813a68a822b2219027e7a7d103bb0926af	78b8cc924c36a618f3a5e2bbfbe90c0e	json	1	ok	__type__,content
assets/res/import/cc/cc0b5a76-3dd2-4965-a796-baae198b3239.json	63	56	1371488825	be8ff221f8b838f9a7faec9c1249b8bfc8c94f8743e6218107c63e355b3dbd85	2f4592b3659c0e169ff817de62259291	json	1	ok	__type__,_name,_native
assets/res/import/cc/cc10eefa-0c0c-4cc5-a6dd-dea67e83d01a.json	69	58	4036315769	2cfa940932b2c0a25916bdb6b9bd8b8ffa50ed3f8d1bd9b99376779a9d4d25ad	473a4b5edc3e0be7e3d2bb1522f9249a	json	1	ok	__type__,content
assets/res/import/cc/cc319b12-3f5a-4cc8-a745-81f923fb11d7.json	58	52	274043689	345a353101b92cc03e0f97761c4c664255bfeab8e9da8fca1d0cb38e89488a7a	bac6e7d4ff9d34237bfac253a83b5a17	json	1	ok	__type__,_name,_native
assets/res/import/cc/cc334795-ac12-4918-8440-b3d1d67bb83b.json	69	58	4036315769	2cfa940932b2c0a25916bdb6b9bd8b8ffa50ed3f8d1bd9b99376779a9d4d25ad	473a4b5edc3e0be7e3d2bb1522f9249a	json	1	ok	__type__,content
assets/res/import/cc/cc55b509-49e8-4716-874a-82b4e3386652.json	181	149	690395734	7a8a68c303495e53c0381b24f227f3043257901d29d1057bf788b75910329d35	0b1b617f0beb34e972ccd1669fe4269e	json	1	ok	__type__,content
assets/res/import/cc/cc566495-9138-4edf-b290-5ed58c842818.json	16823	2336	1618361259	92d33f333566bf61e4a9c91c7919dfcd629a304c747d627acb6cf693b3957c2a	bff6e7e73251e383705786987bd3ba1a	json	1	ok	list
assets/res/import/cc/cc70dba0-8324-46af-a5f1-3758dd746da6.json	8022	1694	1318955564	07b44bef892c788242231b5159a75d8fdea68a0ab54c1f96c9ca558e7ee1743a	83a55a756f39204d0d4e712d69b7689b	json	1	ok	list
assets/res/import/cc/cc9c030e-7dc1-41d3-ae1c-df619f5f7857.json	174	144	1629453143	108291492b5988024a57d354026f684340c24a7cc2bc1985ed3d1493b66047fb	74c326541b125911ae580076133e5494	json	1	ok	__type__,content
assets/res/import/cc/cca6fe32-10bf-4990-8c51-8baf5971e0b6.json	184	150	2683495695	0492b35cb45a02d961e86a447a8e9aba77562cb57dee8d75c525750e5a5cac0c	2f9d9da71a033394a2b0c0e4a3320df3	json	1	ok	__type__,content
assets/res/import/cc/cceee053-5e20-45c3-8ef2-a1f82cdea426.json	184	154	2263680047	148ebe9116fd765f010e79555c6f862eb41957a3df8689e0c5ba3e4d630744db	5eaa266440e8cbc07c40182aba4932cf	json	1	ok	__type__,content
assets/res/import/cc/ccf6f57f-1c90-4715-ba0a-ec4e134a38dd.json	187	152	910591735	04018ab83f285b6e053e84d56c3468084eaacd25b26afbf2fcd08514f7dbd0e5	c1c086619108def46ab60847c6a2bf44	json	1	ok	__type__,content
assets/res/import/cd/cd11d4b1-2b3f-4e52-8ce6-1625c091d928.json	60	54	1021695300	48820ca67da5276a4cb124d56a0ca4d3683937d9cdfb8a5bfc37f3e4431aee47	67d633b5cc467b9b577db494c5dc9d14	json	1	ok	__type__,_name,_native
assets/res/import/cd/cd179bcb-31c5-493c-aaea-22ab13607876.json	63	56	1371488825	be8ff221f8b838f9a7faec9c1249b8bfc8c94f8743e6218107c63e355b3dbd85	2f4592b3659c0e169ff817de62259291	json	1	ok	__type__,_name,_native
assets/res/import/cd/cd28029c-a904-4f18-b130-54cdc915144f.json	182	149	1462358195	5da9882f3ca85a4f14fb9e2ea1a0d6559e5bbc1ad0c547e6d208ebe1f9cbb0e4	9c6d6862561864d7b515018e4b46904b	json	1	ok	__type__,content
assets/res/import/cd/cd3d00b0-9acc-46e4-88f8-40e5c7ec41ab.json	178	143	268765805	79120be56ed0aabdf275f5629f5d32424f2108eebebd1a183d26a7670f1ec74d	2659ff83658f9c6a04522b0047927e68	json	1	ok	__type__,content
assets/res/import/cd/cd561302-adaa-4b23-b82a-5c492950264a.json	180	150	1912282349	3bf6b786a81a696a5a96b60378ccb4f2b15cd6f604da0e690d4e25bc5239e149	eeff26ca438025a911d718c25c95d34b	json	1	ok	__type__,content
assets/res/import/cd/cd71244a-ed9b-4046-9b5d-60195298a048.json	171	139	119977694	6e9ac5c6f4ea78805edd3cdfc1d943340352f627fbc20b33c7d5f2d267622f92	27c20779dd30dd1349ea8106d2953fd3	json	1	ok	__type__,content
assets/res/import/cd/cd9567a4-84d2-4642-9154-c048aae5a867.json	189	155	1476776274	5c6ea595f9eefbfb67760d8dcae5b797c700023d3f0424db9d0486cb1041561b	e9b85a90416ac6f09f961f62373caddf	json	1	ok	__type__,content
assets/res/import/cd/cdd363a8-1e7e-4603-bed5-21e0b05052da.json	167	130	3303543528	072771a0f52cee1bcdb6db7e223fd30f86c42d24615e4e9c5233334d31a23f49	db5cda5f4cf540861a69711cee8da188	json	1	ok	__type__,content
assets/res/import/ce/ce46b048-a1c9-41f8-bfeb-356e8d6b4804.json	12338	1927	2394434776	02864e099486626ec00e8e13b981410fcf59cc6393ef5f4f99e3e7b45a1387b3	9b34fb08caf72054c55c97e855a79acb	json	1	ok	list
assets/res/import/ce/ce6100a4-7ff0-43aa-bc46-53820126f742.json	168	135	2185140788	c8e1ca4b0cf79ae02096d3719fba3db86b29056d09b52dffd2b33e8843d400fb	ef6f93305cb0cb20533bf5b79c72270f	json	1	ok	__type__,content
assets/res/import/ce/ce851282-9d98-415b-a5df-607bd4e97a9c.json	63	56	1371488825	be8ff221f8b838f9a7faec9c1249b8bfc8c94f8743e6218107c63e355b3dbd85	2f4592b3659c0e169ff817de62259291	json	1	ok	__type__,_name,_native
assets/res/import/ce/ce8e57a3-0c38-4fe8-b9f5-d6db2d986477.json	63	56	1371488825	be8ff221f8b838f9a7faec9c1249b8bfc8c94f8743e6218107c63e355b3dbd85	2f4592b3659c0e169ff817de62259291	json	1	ok	__type__,_name,_native
assets/res/import/ce/ce987fb0-94bf-492f-8339-d15d1234945e.json	185	151	2725863805	3d18cb1211e01c4c49f48b073bb02dd35f2b3a508203711f8590b1fff924ec54	565699fa5be1d04cfe4fdb1e5f867c5e	json	1	ok	__type__,content
assets/res/import/ce/ceec4cbf-dec7-47bd-b7b9-fc21956fbafa.json	57606	6472	1653684082	3aff7dff3665addef6c378cfa4cac583a060ed754b4bc9eea6bf7fd8a3ad81e5	adbb4a0286fbf19e3eac96d23658cc23	json	1	ok	list
assets/res/import/ce/ceff78cf-73a6-4cff-8cef-7dc1f52d4317.json	1230	285	3558663636	e5f07ad6ecde76ad4eb3dc0244540b3380ca006dee57ab66e6b7935fb4c2ad64	dbb073d23f22ae08fc62cf7e52f57678	json	1	ok	__type__,_name,spriteFrame,fontSize,_fntConfig
assets/res/import/cf/cf68cbb2-2a8d-475f-a20a-78075638ad44.json	187	154	3114774411	577315df1b33819351e1403d2f5b3633c9a4219e11980d2224679debcb05c955	41ad7a00e9c6a3578187a60086350322	json	1	ok	__type__,content
assets/res/import/cf/cf790552-223f-434e-ad68-56c113734b53.json	170	138	974589963	8de6a8136dd87b31e2e015e7a82bdb0ac00c3f368b772fa41da8886d7845ea63	6e4bdc9fbc85aad3c5639b03f9dfa75d	json	1	ok	__type__,content
assets/res/import/cf/cf7e0bb8-a81c-44a9-ad79-d28d43991032.json	131	117	1793879988	fd020d0da190dd9a5a77dc038aedc3b29991501bd3e3669912112b4571c3faea	fa6d38214f75812c8e2d20cbca1d5f02	json	1	ok	__type__,_name,_effectAsset,_techniqueData
assets/res/import/cf/cf971876-6bfb-4ac1-864a-03295f543866.json	72	60	537722551	f865e45ee1d418011808be60043e0ce914e7f5048c6a0bac84b65a5c2c855c93	e8e9c670ca5150b678c54bfa51565ee2	json	1	ok	__type__,_name,_native
assets/res/import/cf/cfe3c9fd-92ca-443b-9312-b277ae276f54.json	63	56	1371488825	be8ff221f8b838f9a7faec9c1249b8bfc8c94f8743e6218107c63e355b3dbd85	2f4592b3659c0e169ff817de62259291	json	1	ok	__type__,_name,_native
assets/res/import/cf/cfef78f1-c8df-49b7-8ed0-4c953ace2621.json	69	58	4036315769	2cfa940932b2c0a25916bdb6b9bd8b8ffa50ed3f8d1bd9b99376779a9d4d25ad	473a4b5edc3e0be7e3d2bb1522f9249a	json	1	ok	__type__,content
assets/res/import/d0/d0113187-6f35-461d-a2e6-fad9932a4239.json	63	56	1371488825	be8ff221f8b838f9a7faec9c1249b8bfc8c94f8743e6218107c63e355b3dbd85	2f4592b3659c0e169ff817de62259291	json	1	ok	__type__,_name,_native
assets/res/import/d0/d01ed41a-8ebf-4424-9e4a-e7fab40765bb.json	10588	1473	1823872004	756c4036e1875b34877b10be345d9065b9351c81de3c5074bb288c1b14264f32	1ba6ab6eb631328de00f97088957d372	json	1	ok	__type__,_name,_skeletonJson,_atlasText,textures,textureNames
assets/res/import/d0/d01fddde-11d7-4d86-8cce-a3154c0a93c2.json	192	157	1708166714	c1f32363941a2ceaf851aa487a5697a29c746096ffaac7474aed5823f324bfe5	7fc11c2b460896041fd33538d756e212	json	1	ok	__type__,content
assets/res/import/d0/d020687b-c55f-446e-8fd0-1c890d165cd9.json	615	363	380121728	93d93a14f90354a1820ba6a22d278c3edf68ae2eb4fbfb3be62aee55d127345b	e8f8d330cc564b1249c229f6977bbf46	json	1	ok	__type__,_name,_spriteFrames
assets/res/import/d0/d027c5a9-3567-4bf3-86c1-d8ca69b0f4a1.json	63	57	2399132653	b25859407de70e3f8db7b89626badb0f22beaa5ad8e6e40841992443d9170c2f	c62d3ba61ce58cab4598fc7274976988	json	1	ok	__type__,_name,_native
assets/res/import/d0/d044c208-f8ee-4449-b87f-33960444e012.json	1793	682	1989299945	79a037438da744ac54390129097449aedbd4ff719d789d5bfea7457c65aea1ab	c1d7a8a7d517c861801c30f0504d7cdb	json	1	ok	list
assets/res/import/d0/d0a82d39-bede-46c4-b698-c81ff0dedfff.json	69	58	4036315769	2cfa940932b2c0a25916bdb6b9bd8b8ffa50ed3f8d1bd9b99376779a9d4d25ad	473a4b5edc3e0be7e3d2bb1522f9249a	json	1	ok	__type__,content
assets/res/import/d0/d0c409c4-136a-4649-ba90-3ce61453e420.json	95776	11070	3433798307	8703b52129d1899c99486a285ebe7e01d03891d7497579e09dccf3443ad65910	fef25e32b271deb93f99a60bd19072d5	json	1	ok	list
assets/res/import/d0/d0ce4877-3f42-43f7-bc23-9ccc4df3d020.json	186	146	884943261	103c9cbde27760c7594e6aa8a107f038c1ddcc0da5b84c0c82582e3ce0f483b1	0df3c67dd21ae2a3e473d45b10f29606	json	1	ok	__type__,content
assets/res/import/d0/d0cf8c7f-33f7-4e9e-a42c-63901f8c44ea.json	69	58	4036315769	2cfa940932b2c0a25916bdb6b9bd8b8ffa50ed3f8d1bd9b99376779a9d4d25ad	473a4b5edc3e0be7e3d2bb1522f9249a	json	1	ok	__type__,content
assets/res/import/d0/d0db6819-cc9f-4b88-9dc9-4a53ff9d169a.json	69	58	4036315769	2cfa940932b2c0a25916bdb6b9bd8b8ffa50ed3f8d1bd9b99376779a9d4d25ad	473a4b5edc3e0be7e3d2bb1522f9249a	json	1	ok	__type__,content
assets/res/import/d0/d0f8ed4c-b274-463a-8322-4f88871cf1cc.json	63	56	1371488825	be8ff221f8b838f9a7faec9c1249b8bfc8c94f8743e6218107c63e355b3dbd85	2f4592b3659c0e169ff817de62259291	json	1	ok	__type__,_name,_native
assets/res/import/d1/d1026aa6-5f1d-49e7-952d-0b23f1fc7908.json	978	466	117461696	86b18c2c8e1bb2bd2c538438042d278e9afc5dc9b100995d15ac016e6b5ebeb7	6363fd7926915c3b8a6446f16e431736	json	1	ok	__type__,_name,_skeletonJson,_atlasText,textures,textureNames
assets/res/import/d1/d16e0226-5f72-4a0b-a206-0155df91569b.json	176	147	2127926297	aee978d9ad0321cbdb6f9f2f619db382af05ae74adc5aa4e681eb878f496c1a4	f11997154ab1c5078fab554bfaa3f2ba	json	1	ok	__type__,content
assets/res/import/d1/d1a1f362-9e78-4712-b083-ff137711322b.json	175	137	2313499606	5f5f68d34f3263c517bd1c0a11ce568c90d5a2677dd996e5bcdce10dad3df60a	dacb7831b52c8f65b2b16114e4612681	json	1	ok	__type__,content
assets/res/import/d1/d1b17023-a25c-4aa9-b2b0-8b27190561fe.json	58	52	274043689	345a353101b92cc03e0f97761c4c664255bfeab8e9da8fca1d0cb38e89488a7a	bac6e7d4ff9d34237bfac253a83b5a17	json	1	ok	__type__,_name,_native
assets/res/import/d1/d1cf7c6e-75f7-4c37-a084-45f7e6337a15.json	63	56	1371488825	be8ff221f8b838f9a7faec9c1249b8bfc8c94f8743e6218107c63e355b3dbd85	2f4592b3659c0e169ff817de62259291	json	1	ok	__type__,_name,_native
assets/res/import/d1/d1e90021-ed0b-4143-9122-596f5e221502.json	178	150	1617121757	e803dc22d9b98d9a89f83284fc5c8cb1fe9c3d4a2a689a4d2f96ee25bc86f055	115580d4b8a9ac8ec0871c11ffb789bc	json	1	ok	__type__,content
assets/res/import/d1/d1fd1073-a32e-435d-a6f1-7cd1c628a610.json	63	56	1371488825	be8ff221f8b838f9a7faec9c1249b8bfc8c94f8743e6218107c63e355b3dbd85	2f4592b3659c0e169ff817de62259291	json	1	ok	__type__,_name,_native
assets/res/import/d2/d233a16c-c512-4906-ba72-26b1b4a57486.json	174	143	1092253615	3e3c0e614a5f656b2cc05c28bc60b9e873c460f733378efbe44adeb9e87f269e	a1189e5ef559881390e44eeb87e2fabf	json	1	ok	__type__,content
assets/res/import/d2/d26c3009-f50b-4db6-8f07-7294c104363b.json	63	56	1371488825	be8ff221f8b838f9a7faec9c1249b8bfc8c94f8743e6218107c63e355b3dbd85	2f4592b3659c0e169ff817de62259291	json	1	ok	__type__,_name,_native
assets/res/import/d2/d2792b4a-fcd9-4681-bb6b-d9db27bead6e.json	186	153	653312104	0c36864eb3dd8bc4adb4780188d52ba528497819b671e13bb575145ba095d433	ba9b099eb5389dab2a7cca2131c793d5	json	1	ok	__type__,content
assets/res/import/d2/d279b8af-d24a-4b35-9a16-cca261e37c7e.json	183	146	686311014	9e3f905539cfc0ef0b383a92715620515e7513291c2a1922d3aa127df50ba07b	864490e4cd88233a17734f414eef61cd	json	1	ok	__type__,content
assets/res/import/d2/d28c2fe2-5494-45e4-8b42-aeed11d8c789.json	3581	1026	1736312069	9b8fa4b25b738e3627849487f5438ccb7590a47dddebf710b1d582d19a6e6feb	02277c15fc10ddb2cf7d2e9042658a3d	json	1	ok	list
assets/res/import/d2/d2b3841f-8e61-448d-851e-f57a0d005ece.json	186	150	495003389	87d264901378bcaacd3b33639941bfa37272da3027dac696bf70f748f36e86ad	ebb0de2aa46d9ae160164e7f8adc6f66	json	1	ok	__type__,content
assets/res/import/d2/d2c46bab-bda6-4f4e-ae50-db4f2fe575d1.json	178	143	3154313122	b3a3d7814bcea5dcbe05556600a71e51cf0c9b9797a16aa926adfdf558494c16	a585c4df5a3dc5df251a65b526b803bd	json	1	ok	__type__,content
assets/res/import/d2/d2d832e4-3a17-4df0-8651-78199a607256.json	185	152	3011513082	59d61819a5dccc74658f4ac659a35e27f8c09782848577bfaee0ac5b073aea46	078a087d434e01fdc621f3d6cd6ec1f2	json	1	ok	__type__,content
assets/res/import/d2/d2ddaf46-0eb2-4225-99db-675190840717.json	63	56	1371488825	be8ff221f8b838f9a7faec9c1249b8bfc8c94f8743e6218107c63e355b3dbd85	2f4592b3659c0e169ff817de62259291	json	1	ok	__type__,_name,_native
assets/res/import/d3/d31bb486-b81d-4dd7-87da-d05906ad2fb6.json	16432	2745	46061488	218453ef7c7dd6544337d8914db4c6e3276cbfde8e7037736941266876d79a21	cc6aaae73497f71dae416ff0973a46cb	json	1	ok	list
assets/res/import/d3/d35dfacb-82a1-42c2-92cb-51ce0c3e918b.json	69	58	4036315769	2cfa940932b2c0a25916bdb6b9bd8b8ffa50ed3f8d1bd9b99376779a9d4d25ad	473a4b5edc3e0be7e3d2bb1522f9249a	json	1	ok	__type__,content
assets/res/import/d3/d35f8d78-aefb-470b-88a5-a458d9e3fa46.json	178	147	164402824	2f3761d24f5c2680bd822a08ac4ea26ffec499de6e8c1a4518fd53563d8aec03	033c009814c0ba941ef93e14fd1e11d7	json	1	ok	__type__,content
assets/res/import/d3/d3845b18-0fd8-48f7-bfbd-24bed72b8020.json	182	153	2379523590	bb7c4009480fe7e62ff76df7fdd7f8c1b1a4a3b4d62fa4a626c2a815d340cc65	9fb40bc0ae97f69bd616ec297a3ad7de	json	1	ok	__type__,content
assets/res/import/d3/d395bb06-a87d-42e9-bc2f-264da362ae36.json	2214	722	1651290708	9ba11707b28a6742669099314d7e86c10ccf915ca7e15aafedee3cc6f695965d	55d9ab12eddc9257266bcfeef4501dbf	json	1	ok	__type__,_name,_skeletonJson,_atlasText,textures,textureNames
assets/res/import/d3/d3b204f6-bf8d-47a2-9ee7-69d2082cf8bf.json	59	53	1915301648	ccbb8fea95c7d64209f989428271ac80611d633e165a751d2016758b5d1df1c0	ee06ef51a00b15fcddfdacd2aa026326	json	1	ok	__type__,_name,_native
assets/res/import/d4/d411d2d2-cb0b-49e4-8dcb-194ed77657c3.json	174	145	1416069116	fb8b169108daeffe2a9e4dccde1cdceb5247ec58f9a15de338fc28ee23c332d4	a4678715fb542e06bfc25703dc2cebd5	json	1	ok	__type__,content
assets/res/import/d4/d4551ef7-8122-44d2-bbde-c87add5d2f7c.json	191	157	782446575	5885ed3a6310e07f4ab0f0911f2c8c7da1954aed67e5518630f67a755170a518	11e589134215b64b6fa5821fd954ec92	json	1	ok	__type__,content
assets/res/import/d4/d49c668a-28de-421c-acd6-67a9899d1f04.json	69	58	4036315769	2cfa940932b2c0a25916bdb6b9bd8b8ffa50ed3f8d1bd9b99376779a9d4d25ad	473a4b5edc3e0be7e3d2bb1522f9249a	json	1	ok	__type__,content
assets/res/import/d4/d4f37d28-6b9b-4cad-b28b-164fc6e5e17c.json	195551	41471	3578015361	50e14365c23ad8069e25770fa227c66107d0158a1efcdb104fe324b3e68152ec	a521697addc0c4a990da55703f2e622b	json	1	ok	__type__,_name,_skeletonJson,_atlasText,textures,textureNames
assets/res/import/d5/d500521f-b849-4d3b-95ad-6cbb5ca6a0fc.json	192	158	918274688	748e4e7e7f43519c9adfd0e2576bfe6888a1ebacbdb0ddb2b43c86ef8dfe093e	d6267236d7f100c79623625901bd5909	json	1	ok	__type__,content
assets/res/import/d5/d514a136-b448-4514-aaa7-17d90f3034a8.json	189	155	1292621836	0f3bbfb50902f3f3007219225dbb13b2c535bfc0802ed25fa5b111aba8c53a09	e30f1ec050ec7800ff769300ecc99e6f	json	1	ok	__type__,content
assets/res/import/d5/d5240e3c-6802-4af5-9abb-948044d03cb4.json	58	52	274043689	345a353101b92cc03e0f97761c4c664255bfeab8e9da8fca1d0cb38e89488a7a	bac6e7d4ff9d34237bfac253a83b5a17	json	1	ok	__type__,_name,_native
assets/res/import/d5/d54739f4-71ff-49cd-99aa-7467fd4b699b.json	178	148	175917963	fad8c86e5a7031b9ad515881eeaff61e080286278f798cd2e55bbf013273b9b0	34114fb39d2403e88751cee0c72c8c49	json	1	ok	__type__,_name,_spriteFrames
assets/res/import/d5/d5579d62-83da-43bb-8713-4e9138f72404.json	178	146	1480462802	04df9e81747ae8bddb534c60ce2d799ee58ef03f16501197d4e18ab9958fd1dd	096303b90dadcbc6fcc926acf10c9dd6	json	1	ok	__type__,content
assets/res/import/d5/d5baa974-aad7-4cbf-aec8-487d9255a71f.json	179	147	641132135	35a42ab45eef1bec7ed31399ab2d164a4805401f4bc483c61f1108d858986168	a0829c9cd7c8e32d0a1e66f6e86d08a1	json	1	ok	__type__,content
assets/res/import/d6/d65c3e08-1c31-47f8-9cfa-a63399f85cf1.json	182	148	494720534	76a0dcdca7f8a0e151062094c2a571d8617180b1c9541796bff4055df9c3ac67	583c362517fc7d3c7e6b42b630f23aaf	json	1	ok	__type__,content
assets/res/import/d6/d66c9356-28d3-4ce2-880d-a8e9a13293f1.json	7155	1608	1341842119	2f4af0dc2e048172ff3ef0b38fc1457a883ee03c952bf7853333b74a3d7d8efe	1f648f1fa24e05d76bb8ae4d372dedf6	json	1	ok	list
assets/res/import/d6/d6854e37-23a0-44a3-a614-731ffd2d1a56.json	175	146	1848438447	d0d12d404141daaf6aca4148d7367416d597f7dc859c23337e937461cca0851c	6e1cdb7162b0264c755cce0ac0dc585e	json	1	ok	__type__,content
assets/res/import/d6/d68d8697-0540-4953-9323-a84cd07a8375.json	178	145	3143414771	33adfd18a51a1eab7ac2ae503c6684350b95b789e1c14bb322a85c60bf7ca9f5	f90a4a6452d694eca1a87237b58e7be9	json	1	ok	__type__,content
assets/res/import/d6/d6b55f33-436c-4431-901a-70083a48e597.json	6413	1372	1900755111	65bc410cb035b7e7c64a2fba5f419f5153ae9e8575530c70381dc097c48deac9	3eb7db1e4acba86424ab2dfc62e0b9ee	json	1	ok	list
assets/res/import/d6/d6d3ca85-4681-47c1-b5dd-d036a9d39ea2.json	69	58	4036315769	2cfa940932b2c0a25916bdb6b9bd8b8ffa50ed3f8d1bd9b99376779a9d4d25ad	473a4b5edc3e0be7e3d2bb1522f9249a	json	1	ok	__type__,content
assets/res/import/d6/d6de9c7f-8931-4483-bd72-b4d1a0802cf1.json	9150	2239	3099350380	1d36226cdde573c6514ffac0ece0407a869d092f48a6636bbce1f26e3954dcf4	c1bac72e79b77ac6a2913837d8eb3449	json	1	ok	list
assets/res/import/d6/d6efe31f-0da1-44ca-bbf4-0c8445fd3c60.json	12956	1877	3125623956	13126dad48de7b2a174654b028673bd6f4cf57761f6d08edb58b685ce326ea13	5d6ee32e4669a6ce1328732af11ebbf7	json	1	ok	list
assets/res/import/d7/d71781e7-84cd-4711-9d38-fd8ce6aeabed.json	178	143	3444917776	a21ac13f63ae53734da3dffd16fdb3c65570a7d5b882fee10e2027d6bed9fec2	82b529f353ea51ade554fb3696113f3e	json	1	ok	__type__,content
assets/res/import/d7/d7267bd5-9113-4154-ac98-bd97ee061dc1.json	183	151	2141439963	2e1f14733bf2a0ed641be1c4b8df3a361d70620f9d4d1987529463f5a2d0d14e	47a8072f7492bbf369874d366dfe25dd	json	1	ok	__type__,content
assets/res/import/d7/d7288607-0a37-4127-9cdc-73e63e785dba.json	185	151	1514398047	1427c10818874da09318e8bdddec4ed4d08bbcfab53c4b31cb44fab547ce4361	df46c09881c8d2a7db836dbd7790852d	json	1	ok	__type__,content
assets/res/import/d7/d72ce7e9-6afa-441a-8245-6b173a09d94d.json	8054	1604	1294717606	2d1d6d20b52393373d484c19168996d6f42c105df0dfbcae0fb83b6c74ed4c0e	995b916d37627d25d4c66c05380319b1	json	1	ok	list
assets/res/import/d7/d74bd4f1-af8e-4f78-a9ba-d0cb299513ea.json	173	144	2710837344	0038a3bdeeb9f2ace0cd96c2b3a4d424bd51e972fe99a0528dd5944a6320bdf6	ea8b6dcb05bb4e0a7c48d3ccacc4dc3e	json	1	ok	__type__,content
assets/res/import/d7/d771a139-389e-4f65-b4e2-385cdf6d3a2e.json	175	143	3693933984	ce6ac3a7c8de395d8db0d263aa25378a2a1dd606a9eabed871ff6a0b63c2cecb	c3d35fabb697392a7b9ee957dff5611b	json	1	ok	__type__,content
assets/res/import/d7/d7dbd2d2-698c-4ad7-8d02-5c310c9b5ea7.json	189	154	2946319847	3b9cd3610638dd753ebce6a36ea8de8fd6f9014ed4aacbd43c7daf0a3d6cff0c	9aada6d0adaf91838c4844526d26f756	json	1	ok	__type__,content
assets/res/import/d8/d81e3283-f8b4-41e0-b197-8c1b15bb3f2c.json	182	148	390418803	6a3d82dc2ffc5f1c90b0dbaedafd9f813e9ac225cdf549736bfac9c4266529e6	67c2b920b468e85cc706f0d2b9e0f837	json	1	ok	__type__,content
assets/res/import/d8/d81ec8ad-247c-4e62-aa3c-d35c4193c7af.json	69	58	4036315769	2cfa940932b2c0a25916bdb6b9bd8b8ffa50ed3f8d1bd9b99376779a9d4d25ad	473a4b5edc3e0be7e3d2bb1522f9249a	json	1	ok	__type__,content
assets/res/import/d8/d82b202c-ab1a-4986-be71-4edfd7d7b15d.json	172	145	4283098487	594aff4ff2b38d85c2ea3661a48cdad3c7c0ac3ff2ae94762ed8de505d7155ff	7e5698096d3829995d688945ad814056	json	1	ok	__type__,content
assets/res/import/d8/d8401f6f-0024-4248-86dc-d6f0afd4ba4e.json	69	58	4036315769	2cfa940932b2c0a25916bdb6b9bd8b8ffa50ed3f8d1bd9b99376779a9d4d25ad	473a4b5edc3e0be7e3d2bb1522f9249a	json	1	ok	__type__,content
assets/res/import/d8/d883e5e5-23f8-4471-9cd9-611c39936ec8.json	180	142	686539912	bf0cb117d03922bfead310424c4131083f3df8128e79dfa83ee1ac0b29760035	9691882ac43a16cf9d264414a82e69fa	json	1	ok	__type__,content
assets/res/import/d8/d8a582ca-fb2b-4614-86ab-322efb7801fb.json	186	150	3238281380	4530c5444902eb67b6fa38562ac80149408b077889518eb94150ed9a6a38e9b6	8f609bec8d1c676a48980a8d02c8aea7	json	1	ok	__type__,content
assets/res/import/d8/d8d242f7-4338-4c9d-9294-1f33f520af58.json	188	156	2444676223	7ad12e2280f1d85099e519b582b37e064ef79c53367a1901212cbb030abfb094	64c79ed2e2acb468766249754ab4de63	json	1	ok	__type__,content
assets/res/import/d9/d9016526-dfbb-457e-a0c6-de2bbe7e175a.json	180	146	4220401433	c3a0081cafe5ad6d62b8bc5164fd9ccb63a7ca5a9933d56d69017e8c543286a0	54a21ed5d00b4fb3f424e2f8876bb791	json	1	ok	__type__,content
assets/res/import/d9/d9167664-0718-41fd-ad78-b5c479ec05e9.json	69	62	2262923662	3cf8447a6736052c41ffeef8fd807cbd462fa73190423b6e6f85c0ec29415e12	88d85a42ff29826fdb4dca7ba18f1021	json	1	ok	__type__,_name,_native
assets/res/import/d9/d99ed43e-5e07-4b81-9f34-1174e834a86a.json	183	152	420440609	15b254d85d9400611f67cb13345555483d65a590df39857cce55306032dae2d1	c752717f31e43fd8fce1358d4a102250	json	1	ok	__type__,content
assets/res/import/d9/d9cb6124-4a47-4eef-a0c0-0cf12c362715.json	69	58	4036315769	2cfa940932b2c0a25916bdb6b9bd8b8ffa50ed3f8d1bd9b99376779a9d4d25ad	473a4b5edc3e0be7e3d2bb1522f9249a	json	1	ok	__type__,content
assets/res/import/d9/d9d2540d-f48c-4982-babc-6a4e36f20528.json	68	60	2815913474	4dddfe31763c0294ecc04677264bae3ec3f29f439c4f758f225e4a86943bb71b	8a0fb97df5115c615915d788ba18fe39	json	1	ok	__type__,_name,_native
assets/res/import/da/da2030d2-fa24-4313-be72-a2a369de7585.json	63	56	1371488825	be8ff221f8b838f9a7faec9c1249b8bfc8c94f8743e6218107c63e355b3dbd85	2f4592b3659c0e169ff817de62259291	json	1	ok	__type__,_name,_native
assets/res/import/da/da50a3b4-0783-4c5e-8a2c-8db3495a15ef.json	63	56	1371488825	be8ff221f8b838f9a7faec9c1249b8bfc8c94f8743e6218107c63e355b3dbd85	2f4592b3659c0e169ff817de62259291	json	1	ok	__type__,_name,_native
assets/res/import/da/da7f1418-c67d-40ba-a3cd-b462cece9357.json	10176	2058	3073139793	9ec5ec9ed840f48ca1d0e16991163634b26428ddc05502a83e63fab2387f54ef	9f3af6f053bf7616a1b59ae4728052c3	json	1	ok	list
assets/res/import/da/da843ebb-2980-4be9-9a3f-0566fc6280a8.json	192	157	1047986899	b3a0c7078275154416bf5b7e493b0997fe255df573e7e6518edd3d998840ac6b	6ca738f128e9d958dc69ee212f9fdf3f	json	1	ok	__type__,content
assets/res/import/da/daca4a19-1707-42de-9a6f-fc2618aa8b30.json	1124	595	700954425	ea0e731c349fa90c20ee69066f81336de20b4fef7562480fa4d2578c61a65b6c	e965e24130f5a9343e21eb1477bdc754	json	1	ok	__type__,_name,_spriteFrames
assets/res/import/da/daea1933-6981-4541-a137-e60cf86cbddb.json	69	58	4036315769	2cfa940932b2c0a25916bdb6b9bd8b8ffa50ed3f8d1bd9b99376779a9d4d25ad	473a4b5edc3e0be7e3d2bb1522f9249a	json	1	ok	__type__,content
assets/res/import/da/daf4cfa4-bcb9-44b2-bddd-94414bc2fa97.json	63	56	1371488825	be8ff221f8b838f9a7faec9c1249b8bfc8c94f8743e6218107c63e355b3dbd85	2f4592b3659c0e169ff817de62259291	json	1	ok	__type__,_name,_native
assets/res/import/db/db4dbbae-8c4d-45c2-bd8f-fc3017d5ea3d.json	197	161	2309402970	1c7e7a7eada820c983e843d035c98a8048fcd14191da0b95a57157ae3e9de2d6	3e6e2f2405e4645c044493e9e60ee179	json	1	ok	__type__,content
assets/res/import/db/db5dd133-2c65-4038-9526-80b184d71315.json	63	56	1371488825	be8ff221f8b838f9a7faec9c1249b8bfc8c94f8743e6218107c63e355b3dbd85	2f4592b3659c0e169ff817de62259291	json	1	ok	__type__,_name,_native
assets/res/import/db/dba00cc2-31a1-4072-8603-b66230bfd3d6.json	174	142	1770801390	0e2a7f91be2ad955f49526d1db3021ea4dfb778f99abfca67b4a74dc11fe707b	508232abfcf51179adba39e86ceff265	json	1	ok	__type__,content
assets/res/import/dc/dc1446ad-894b-4f90-be1a-f06a9923059c.json	187	150	3668646482	b5f53d2a7a2b4883c18a0e495f758af6ca6bdc6cef58364ce2d0494efa6f0c26	3122215190cd7eaca87b060ac92ea258	json	1	ok	__type__,content
assets/res/import/dc/dc527350-6ba9-491a-af41-3cc8afc71956.json	179	150	1795968293	e04fc95298809e0c92574e0e636ad2e2827122ee6a04356855917885d8d4bbd7	84c79198b897c312eb2a68e5b8243285	json	1	ok	__type__,content
assets/res/import/dc/dc88a649-004e-40e7-8417-7660ab6f9b3b.json	63	56	1371488825	be8ff221f8b838f9a7faec9c1249b8bfc8c94f8743e6218107c63e355b3dbd85	2f4592b3659c0e169ff817de62259291	json	1	ok	__type__,_name,_native
assets/res/import/dc/dc91f57c-243f-47ca-8323-0f5812eb9a28.json	72	65	2652327800	39002ad76f7ecd707b040e9d9f1371256237d4e48176a2d28125cdeecd4daab0	b12e441c14eb4ffa521d266425911b4f	json	1	ok	__type__,_name,_native
assets/res/import/dc/dca353da-7a1b-4c50-a647-b5e5bc984a76.json	177	148	2010763346	dc079714fb1afc256418a6bed5d5228f65bd9a7426f65e1e97cf21199746c82d	744cddfb54b5b2cb79527bdf157a689c	json	1	ok	__type__,content
assets/res/import/dc/dcaa7d31-67b9-44aa-b4c3-ec950a3725d7.json	190	157	1471553521	f0b659a315ded109a03f27913359d8e9de315c3f7d803ba27e6ce77b75358c8b	f88a5d6f8cc93fd222afdb767bcb646e	json	1	ok	__type__,content
assets/res/import/dc/dcb52222-124b-4eb2-9ee8-a07283054923.json	63	56	1371488825	be8ff221f8b838f9a7faec9c1249b8bfc8c94f8743e6218107c63e355b3dbd85	2f4592b3659c0e169ff817de62259291	json	1	ok	__type__,_name,_native
assets/res/import/dc/dcbbd31e-9fa7-445d-88d6-6432f0c434de.json	69	61	546354980	2c7bfc0dfb2eda248dc1f8bcc786c37f53824a36b6ed732e8e3a5662e018d519	f097c5d76e436ce7cfb31292f66d6cf7	json	1	ok	__type__,_name,_native
assets/res/import/dc/dccb9783-9e9d-465a-94c9-203da94b1a25.json	60	54	1501752834	4b3fd12e78c45c7ffee19f6c1ecb27004e13632434bcff905eaa695461acbc72	346f0a7502a13fde4839dff9bda2c1ea	json	1	ok	__type__,_name,_native
assets/res/import/dc/dcf4e2a5-2b9e-42e7-9926-dfa52aef1b6d.json	177	147	1290380849	d6daf2ab0fe9bfb9888e62e73a87be86024382a495320d5c2edf3448dba1f74f	3d5804a78ca81e96425feb3a6330644a	json	1	ok	__type__,content
assets/res/import/dd/dd2735b1-a61c-4f05-a5da-d8632cb5e7bc.json	187	148	1293349949	d342b5627fa636555f79115aa21cf80d4ab4bd7f6ff697de20ab4e817b5f1ad9	1dc8eb845138eebbe7cac4d80afa7247	json	1	ok	__type__,content
assets/res/import/dd/dd367d69-79a0-4d39-9a24-d7b45db7a4e7.json	69	58	4036315769	2cfa940932b2c0a25916bdb6b9bd8b8ffa50ed3f8d1bd9b99376779a9d4d25ad	473a4b5edc3e0be7e3d2bb1522f9249a	json	1	ok	__type__,content
assets/res/import/dd/dd4df277-1a67-49b9-8f9f-59a5216d7744.json	182	155	1433304533	88ddeb0d1ffabe8b0e7e93106b365e2580f9a8c954e4831ce822a47df7a8f626	19a9728c5c2baae5c4147369c2b0269d	json	1	ok	__type__,content
assets/res/import/dd/dd4ffb94-8a3b-4bb2-ba92-53e4617bb329.json	171	142	2000510846	0cc028e531e1e970186b538251e23f288444348695c09d0c2b5a86572bca0a9f	cf60f99c53cd58c1b16f495fc6214e23	json	1	ok	__type__,content
assets/res/import/dd/dd7da7c3-41e7-4ec5-a950-49b3323e4750.json	16045	2846	1715800649	537cea8828f190bc8a0402adf4c664fd400d0f9a7af27b9b06e412f692ca70cf	35ee799dc9f678c1326ba170ff2d212d	json	1	ok	list
assets/res/import/dd/dd846dbd-0bef-4ff7-b0a0-39476da92682.json	194	159	3073106478	7b1d4ce74e0c024d928b2f7a4e34e76bd2890f02aae5b09d2ae3eb70ab274132	20a8c00b6fdf3f628ed46d40faaffe9d	json	1	ok	__type__,content
assets/res/import/dd/dd996897-7562-4fd0-a137-0e25ae858ff3.json	162	128	1148731338	50634d4676efad6d9388861a1abc751687f39a2d6a074f0884ca4c90e8bf3ec5	6435ef9155b0a2d64062da2ad036ff76	json	1	ok	__type__,content
assets/res/import/dd/dd99e7fe-ba44-42a4-b8d2-e17d742e862c.json	49675	9882	1125539727	8863de4e93e858a7ce5ba60a46895e1cfee5f555a0f79d52ded6fa88613bd2f6	a767fa9b4b2923f2c0dd2925fdb4bbf1	json	1	ok	__type__,_name,_skeletonJson,_atlasText,textures,textureNames
assets/res/import/dd/ddf71d55-c9e1-4171-b8b6-4ceeddb2a04c.json	173	141	859044160	3d550f8dae2dd964efbc6326bfeff9fa0986a77461582981c3b2f68e442e2564	cbc210550383fdbfd965e57af90cce4a	json	1	ok	__type__,content
assets/res/import/de/de33989e-77ab-4a9d-b459-f52259eb97d0.json	69	58	4036315769	2cfa940932b2c0a25916bdb6b9bd8b8ffa50ed3f8d1bd9b99376779a9d4d25ad	473a4b5edc3e0be7e3d2bb1522f9249a	json	1	ok	__type__,content
assets/res/import/de/de3d88ef-c7aa-4022-8f1f-e68b2d72f4d2.json	1229	316	192575366	cd402d70264bd4b7fc3d9b29ba7721b13bffbc7f421de49d479e5d3bc8e2148f	b689c05bfb70f46d8e2a409ab1d0a216	json	1	ok	__type__,_name,spriteFrame,fontSize,_fntConfig
assets/res/import/de/de4d2d68-6ce9-4981-8c35-e8f7b66c34f9.json	63	56	1371488825	be8ff221f8b838f9a7faec9c1249b8bfc8c94f8743e6218107c63e355b3dbd85	2f4592b3659c0e169ff817de62259291	json	1	ok	__type__,_name,_native
assets/res/import/de/de4d55cc-d8c5-4360-a7e1-0358bc7f208e.json	69	58	4036315769	2cfa940932b2c0a25916bdb6b9bd8b8ffa50ed3f8d1bd9b99376779a9d4d25ad	473a4b5edc3e0be7e3d2bb1522f9249a	json	1	ok	__type__,content
assets/res/import/de/de59eaa7-5b06-4b38-875e-bf799fcc064e.json	180	145	4137800719	11be24781fb330916208b5623b437ed47ff3173c304c47f0277fae5b345d8ec8	082bcc212becdaaba2c0b0df13d285eb	json	1	ok	__type__,content
assets/res/import/de/deaa336c-97f3-488f-868f-b7064d5e0c58.json	69	58	4036315769	2cfa940932b2c0a25916bdb6b9bd8b8ffa50ed3f8d1bd9b99376779a9d4d25ad	473a4b5edc3e0be7e3d2bb1522f9249a	json	1	ok	__type__,content
assets/res/import/de/deff1430-9805-4e34-9807-38d74b357b28.json	721	414	3598479114	8ca8a839c1c7e3bd2e31923754fffa2bc17920f74dad409a3e0cd6139fe1cae9	a45fb20a94e8fd487e0490c6e5d4bbcd	json	1	ok	__type__,_name,_spriteFrames
assets/res/import/df/df1be536-a76e-4875-8ecc-9f94025275ab.json	181	151	213023933	b05f9275c4b61cdd6b4d1b883006ad4c7941b2d07e95e25a86ae9f7816c7ec5c	389803ab09b9ce76d671e8b62bef7d93	json	1	ok	__type__,content
assets/res/import/df/df1f4d45-8af8-428e-8357-70198648b70a.json	184	149	309723426	d816995ebd954776572c33f490b9f048e748291f406c239a5502c52b32a66b05	f51e6a00332de9e5153360cf1be6c24a	json	1	ok	__type__,content
assets/res/import/df/df2b2682-475f-4e9b-afe7-fc2b9e766f13.json	69	58	4036315769	2cfa940932b2c0a25916bdb6b9bd8b8ffa50ed3f8d1bd9b99376779a9d4d25ad	473a4b5edc3e0be7e3d2bb1522f9249a	json	1	ok	__type__,content
assets/res/import/df/df8ac4e1-8b22-4c33-b286-9e5549c72263.json	186	150	2043496429	86c8ab237f8d4c57c905df131e9f5eebbdc042e0679ce00b279b3067087498b7	e7863ba44dc33fba75c6c925c9b72cca	json	1	ok	__type__,content
assets/res/import/df/dfda441b-35d8-4799-8f65-74da8de1b091.json	63	56	1371488825	be8ff221f8b838f9a7faec9c1249b8bfc8c94f8743e6218107c63e355b3dbd85	2f4592b3659c0e169ff817de62259291	json	1	ok	__type__,_name,_native
assets/res/import/df/dfeaefd1-8b8d-465e-bc18-095ef68d647a.json	63	56	1371488825	be8ff221f8b838f9a7faec9c1249b8bfc8c94f8743e6218107c63e355b3dbd85	2f4592b3659c0e169ff817de62259291	json	1	ok	__type__,_name,_native
assets/res/import/df/dfffdd7a-077c-4271-a3b7-1c09a0386edc.json	182	151	3099407621	a311c91698d818eff8267f02919304e3c62ff9aebf9ce13a3c613096284d725d	97e3037bc783854a03795063f9bf51b7	json	1	ok	__type__,content
assets/res/import/e0/e0003ff9-7af0-4219-ab74-8e683823e79a.json	63	56	1371488825	be8ff221f8b838f9a7faec9c1249b8bfc8c94f8743e6218107c63e355b3dbd85	2f4592b3659c0e169ff817de62259291	json	1	ok	__type__,_name,_native
assets/res/import/e0/e023306b-ce09-444a-8e23-1f2a9bfb826c.json	182	149	1614358654	c4e8e556facf30a2bdd0c448f6c08c40ed45361f73cc03063809d2eafda63b7c	a01befc5fdc1b9b065ecccde9127ad03	json	1	ok	__type__,content
assets/res/import/e0/e0240628-5885-4952-a3e0-9142c667ad82.json	63	56	1371488825	be8ff221f8b838f9a7faec9c1249b8bfc8c94f8743e6218107c63e355b3dbd85	2f4592b3659c0e169ff817de62259291	json	1	ok	__type__,_name,_native
assets/res/import/e0/e0495e69-eca6-4c26-be9a-4cec03f4ba42.json	179	146	2951732155	18a80c8344182510cb7a8bc7b9ee6c223815867ad3b65cd51eb90443b5229de1	c86683fbea99edd24b4782f38f816f71	json	1	ok	__type__,content
assets/res/import/e0/e058cf09-6314-48ad-b433-5f56a0a33b1e.json	194	157	3594997426	e2a6507df6500064976518595080b144ebd32c381186494e09f4014952b441f2	964ea21467dafe1a2e66928a217488f9	json	1	ok	__type__,content
assets/res/import/e0/e06e6eee-c372-4a00-9c26-76eb9b18e81b.json	621	368	1024836007	0fbc05cff935d91f8335c41671d60a88d13ecb4c9e790e55430710cbcae6d71b	c8e3280fb2840a4d9494c52524127371	json	1	ok	__type__,_name,_spriteFrames
assets/res/import/e0/e0859505-e0c5-4c4e-90d0-6bb24b2371a2.json	185	153	1306047329	8a6807b88bd6a8404b1c68d19c40c42e24e07e96aaceebfe876bf6dade70588a	c71335d4c7083df7d7f436f645dfea27	json	1	ok	__type__,content
assets/res/import/e0/e08cff8c-8f20-4672-97e4-3e1b3bcf519c.json	179	142	1956691014	089daa5d0a7b6a8e9bee0f745bcf1dfad9587cf3866c78019e3e4c79192840be	de4db6fb193104ae8eb379f13fe7d98b	json	1	ok	__type__,content
assets/res/import/e0/e08fcf90-fc11-4c71-93af-97225bebc2ae.json	63	56	1371488825	be8ff221f8b838f9a7faec9c1249b8bfc8c94f8743e6218107c63e355b3dbd85	2f4592b3659c0e169ff817de62259291	json	1	ok	__type__,_name,_native
assets/res/import/e0/e0921ebb-182b-43ab-a373-808291e00e94.json	184	149	2920983397	30c632612cf9c181f27cfe89f7bc5b45c584918da5004f3ca165753122782ed2	26e8c6f48c617deddfb2fb654dae3349	json	1	ok	__type__,content
assets/res/import/e0/e0b9797b-40ea-48a8-96ef-e99f1b0decd1.json	181	150	1188774061	3acb372879b50d11c2133d452ff7ddbe87348b3cfa33458c5f6f393b6f57cda9	6b664d9abdf1d104aec58b95a80e6124	json	1	ok	__type__,content
assets/res/import/e0/e0ed7d3f-3eca-45b2-ae5c-7b58e6117fe2.json	182	151	2872917585	7bc4b51057e2a662b24cf9aa36c26a3ae2d5f63959054e5cf86147c00101a07d	50bd0a5c9717d5a8c6f1db03e70dad40	json	1	ok	__type__,content
assets/res/import/e0/e0f016ae-3746-45a9-ba7c-c47e8aa085e9.json	183	147	729071290	4b131f65582c465894feca02d2a027f2b8265d3d27aeae0d9ca690e4a9dd59e8	4d6d3e3632b610956da923db7a97fd1a	json	1	ok	__type__,content
assets/res/import/e1/e146505c-8fc6-424a-8813-a6e71483f9f2.json	182	153	489090591	704161548bd2ffcc043d28c4d7fb0865b2e02ff9411aa96a89443b67f219f863	c172f002828ebf2f1e66786df96655e1	json	1	ok	__type__,content
assets/res/import/e1/e14e0eb0-f68b-42bd-964b-bffa3542f822.json	42867	5330	3040335928	29ddab2b10dde864afe8c3788910dc4a60de525e978106ffdff1375c74472630	5fbdefe425898b3d73e5a7736b4f74e9	json	1	ok	list
assets/res/import/e1/e19be600-e1f7-4910-8684-042f6250afff.json	63	56	1371488825	be8ff221f8b838f9a7faec9c1249b8bfc8c94f8743e6218107c63e355b3dbd85	2f4592b3659c0e169ff817de62259291	json	1	ok	__type__,_name,_native
assets/res/import/e1/e1be87e0-b990-41cf-813e-8867c1289b9d.json	182	152	3663337342	f48bc1d0c45904414cec2ac188e5c069d8e86f9477412adb7825616549a89994	b605008bd6397f545e31e00054806574	json	1	ok	__type__,content
assets/res/import/e1/e1c0b8ca-0098-4fa6-a6a3-c48333cfdda1.json	191	155	3665084095	f9a5fd4fb69360ed7349f480fd3a8847a2f404b086a8b321fd215ad10ac9d740	246d1671c6af064b8e3316a91d808a7e	json	1	ok	__type__,content
assets/res/import/e2/e20f9a49-7f3b-4a03-8658-a13c81d69111.json	184	151	2211835692	57b5bca3fece2171ee97743d9ed536b164ae12607b13ac3ddcc9bce8e4460c01	b1fcca89dd06a150649d79eed5c8cacd	json	1	ok	__type__,content
assets/res/import/e2/e231f34b-3496-4e2e-baa6-34b8b027c51c.json	63	56	1371488825	be8ff221f8b838f9a7faec9c1249b8bfc8c94f8743e6218107c63e355b3dbd85	2f4592b3659c0e169ff817de62259291	json	1	ok	__type__,_name,_native
assets/res/import/e2/e244a94b-527d-4a00-aa45-ddf38e050603.json	69	58	4036315769	2cfa940932b2c0a25916bdb6b9bd8b8ffa50ed3f8d1bd9b99376779a9d4d25ad	473a4b5edc3e0be7e3d2bb1522f9249a	json	1	ok	__type__,content
assets/res/import/e2/e2636c94-5a6e-4018-88b4-7ca798330257.json	182	147	3960735042	8ec1d28a5d1da43b75cac24923e04aed3e44e83e893e1b31e3f86287df7bb86e	b6741ddee3e7a1b5254d0991c45689c8	json	1	ok	__type__,content
assets/res/import/e2/e2a530d5-8116-4e69-8bd0-f0badb6d18f9.json	11561	2698	1603280736	26117026724f2e4c3b6737d67296281e30792b5b7883ebd017ccfce1f4824f73	b6a41b91283a16ab77875bc2634a9f80	json	1	ok	__type__,_name,_skeletonJson,_atlasText,textures,textureNames
assets/res/import/e2/e2aee4e2-801c-4eb9-9721-a7716119d88a.json	69	58	4036315769	2cfa940932b2c0a25916bdb6b9bd8b8ffa50ed3f8d1bd9b99376779a9d4d25ad	473a4b5edc3e0be7e3d2bb1522f9249a	json	1	ok	__type__,content
assets/res/import/e2/e2e2206c-98e3-4df0-ac4a-a3b46a89a124.json	72	66	1515694631	9b4ffb180c6aa4cd921a849e94a059efc85d71a4c0a442983e5859c3208587da	7ae2698dbed6db09c20c49ba8e6cbcbb	json	1	ok	__type__,_name,_native
assets/res/import/e2/e2fa24ea-9463-4f84-922d-254ecab0e17b.json	177	142	2216797927	ca5aadb3bf46616d214739ad51177f03e25626cf6deafb387dbaba527428925e	90303f0f6079fcadd3915b4f48251d6c	json	1	ok	__type__,content
assets/res/import/e2/e2fc92a6-34dd-468a-9e15-3101ad9a1405.json	69	58	4036315769	2cfa940932b2c0a25916bdb6b9bd8b8ffa50ed3f8d1bd9b99376779a9d4d25ad	473a4b5edc3e0be7e3d2bb1522f9249a	json	1	ok	__type__,content
assets/res/import/e3/e34c21ce-6197-4629-84a0-86352251eafe.json	186	154	491861838	5820ba5a9b7c3a7599875fc1ea354c78eb5a5b28d1e6e1616ca2f8297dff43a5	be740b15df332c53af42b3d1df028a36	json	1	ok	__type__,content
assets/res/import/e3/e37016c4-5922-45f5-ada9-5190b031cacf.json	176	139	4138669241	2ef9f7718d48df52ad3b4e5f77492d87fde1dae28aed4021175f2c04024a5992	cf6511c9bbd10668c6c23eb81008b5c7	json	1	ok	__type__,content
assets/res/import/e3/e37c988c-5775-4790-a55a-eca3c33e31d7.json	181	149	2334234062	5daad537462f8f6b5b6602d12e6f9b27d5aec9e247af70de3ac3ab81bad8fad9	fc186e30002ed26c741847f4de5ab477	json	1	ok	__type__,content
assets/res/import/e3/e382deac-a3e5-4bd8-b2f6-825638d37857.json	173	143	3473174581	d62c136079042ed43bd2d9d30eb33abd392795482028359375db114f28924510	7b195c1f56b1c6c7f20c60782763011d	json	1	ok	__type__,content
assets/res/import/e3/e3c365a0-0229-4307-83b4-55f1755e9ceb.json	174	144	4148594127	24755c3704730426f4b0941e2a1a18a5dbf44c195e6024029cb18ed2f8b5fd9a	92363d85a0e00e153ec47c712aa7e871	json	1	ok	__type__,content
assets/res/import/e3/e3dcf1f7-10a3-41af-b647-d05c60220ee7.json	187	153	2688002904	5cdf4380e119009d011b9d51cedc2cc9b6e686c0fdd0344d5f15e36fe56bab39	f3c092ab1232f1dddf32864e60814bb9	json	1	ok	__type__,content
assets/res/import/e4/e41b5469-e5ea-4866-83df-8c1c224e070a.json	63	56	1371488825	be8ff221f8b838f9a7faec9c1249b8bfc8c94f8743e6218107c63e355b3dbd85	2f4592b3659c0e169ff817de62259291	json	1	ok	__type__,_name,_native
assets/res/import/e4/e451d7ec-18f1-4722-8c2e-b2839b708f7f.json	63	56	1371488825	be8ff221f8b838f9a7faec9c1249b8bfc8c94f8743e6218107c63e355b3dbd85	2f4592b3659c0e169ff817de62259291	json	1	ok	__type__,_name,_native
assets/res/import/e4/e45a3108-6d7a-4806-9c32-2b7c5e79790a.json	178	146	737464124	d9ca22d5f99ba33416e1532e9501172af2451b32a1db9f85a02cc6c2725f2202	f85dd8a03f54e82915bd1d9088bf513a	json	1	ok	__type__,content
assets/res/import/e4/e47082d1-7475-44fb-b22d-5bafad594e00.json	69	58	4036315769	2cfa940932b2c0a25916bdb6b9bd8b8ffa50ed3f8d1bd9b99376779a9d4d25ad	473a4b5edc3e0be7e3d2bb1522f9249a	json	1	ok	__type__,content
assets/res/import/e4/e4cef059-8212-43c8-b4d0-2946bce4251d.json	60	54	2705196022	639df60c47b60bf5b6ab7ad1de3e985d52b16375e2f0f8a4e54e4d4b0aaa0ddf	30e88e5de4ca0ba08e9bb9132b9e3dc6	json	1	ok	__type__,_name,_native
assets/res/import/e4/e4dea3cf-607f-428f-8c6a-e8d41bc1b15b.json	69	58	4036315769	2cfa940932b2c0a25916bdb6b9bd8b8ffa50ed3f8d1bd9b99376779a9d4d25ad	473a4b5edc3e0be7e3d2bb1522f9249a	json	1	ok	__type__,content
assets/res/import/e4/e4e5e9a1-958e-4b41-9a61-52e2041fa4d7.json	59	53	3939388778	e663da5e00075e54fb3220c60a94d2343d483ba0ca4dd32cb75ff6e49c3bbde3	b9a18a7fc5f33eb9535cd802123e26bc	json	1	ok	__type__,_name,_native
assets/res/import/e4/e4f7d69a-9299-409b-85d7-a6736684532b.json	2637	800	1497678894	80f6b272d80b6dedacf12d1bc3117f26ae7698f5b0fcb9f81cd5821f97246889	7328997cb3c5a4c3178adda21df50029	json	1	ok	list
assets/res/import/e5/e509b338-063f-4504-9aa4-315e7ff9e6bd.json	172	139	2580438010	eb34d48bc54e2384ee1c7c6a2502aab8be105a7cce7bf3db02728db7abef8d9c	41981d9a7423b980cfddf171ddbb5568	json	1	ok	__type__,content
assets/res/import/e5/e50d2029-1d00-404e-a886-f20fd1e17bd1.json	20086	4041	848844338	df597971ec8945c0cc8a588cbc5e88f626e23c9c1800ce132c675db07a550eb5	0718b83646ba9ec3c02a286225406817	json	1	ok	__type__,_name,_skeletonJson,_atlasText,textures,textureNames
assets/res/import/e5/e528af0b-41ce-4211-95d4-7191bc6d37e1.json	1700	354	4186111529	b9895a9c256341e78ce18ee00afe4d5e52d830f1131793049597f7ee5670cfc3	2c6db7945d0cbb1bfa3282c5ca5b29fb	json	1	ok	__type__,_name,spriteFrame,fontSize,_fntConfig
assets/res/import/e5/e58340a6-d19e-455c-92a5-84b60c5cb7b6.json	684	364	208677973	1350782cc5269d6f1939dd40082942a14634885ac1421cf5c6b4952be1d8930d	289cd6b3ff6f5fdb86fff76448c445d9	json	1	ok	list
assets/res/import/e5/e5a1b11e-2b88-4c09-a77c-cf2e4276cfc0.json	63	56	1371488825	be8ff221f8b838f9a7faec9c1249b8bfc8c94f8743e6218107c63e355b3dbd85	2f4592b3659c0e169ff817de62259291	json	1	ok	__type__,_name,_native
assets/res/import/e5/e5b367bc-ae24-4736-9634-6133807d08e0.json	181	153	3612508259	29fd8f1c0fe66a915a21b2f7aeef82ecf9a8500fbe3caf11c287f564530ca5a3	fdfdb29afce59e513a2a8857aa56536f	json	1	ok	__type__,content
assets/res/import/e5/e5b4029b-7282-4002-8eac-4a042e653c37.json	63	56	1371488825	be8ff221f8b838f9a7faec9c1249b8bfc8c94f8743e6218107c63e355b3dbd85	2f4592b3659c0e169ff817de62259291	json	1	ok	__type__,_name,_native
assets/res/import/e5/e5dd9a52-87f9-4d12-87b6-1f227eab1893.json	182	149	36120326	50f97bc47c89910577836de6cfe29302c136f3d3cd750f7da5ea51550f6ec3ae	f635857f584babe39473cba8c3bf2dac	json	1	ok	__type__,content
assets/res/import/e5/e5f64353-1b5d-4f26-8170-1b9303dae020.json	63	56	1371488825	be8ff221f8b838f9a7faec9c1249b8bfc8c94f8743e6218107c63e355b3dbd85	2f4592b3659c0e169ff817de62259291	json	1	ok	__type__,_name,_native
assets/res/import/e6/e618435d-a235-4637-a2c8-216d10e76ecb.json	183	148	2570413435	3daa0748cfc4aefe917cda0aa76a1a7e651d31beee2d3aefb2a401626778ee67	361f6fb97ded704f243eb665b6662128	json	1	ok	__type__,content
assets/res/import/e6/e66ed70d-3ef7-43a0-a149-0e770cd83fb5.json	184	149	1347311675	4793186950d1ed6babd8d20d3b2fc9a681ca6462cc26c6103b3f0547e41bc9b3	33b0832d2648307dbf7c7418b186206d	json	1	ok	__type__,content
assets/res/import/e6/e673829a-3372-4e5e-b3ad-45090fb7b4b1.json	197	155	2326823905	76970df95f17430610cd2ee12e9376fb53af751a137e97887f782e63f2c54b39	6fe61ed5f3778c07e8122fff5be0177e	json	1	ok	__type__,_name,_effectAsset,_techniqueData
assets/res/import/e6/e6777ec4-62a8-475d-bc8b-2aa863455283.json	182	145	159447185	76caa544b221bef72669f1a861a02d160e560646854f056a8562ae669e8c15ae	17ebfe34e038ac01693d0dec1ea52c45	json	1	ok	__type__,content
assets/res/import/e6/e6862cf6-6209-4560-b1b1-23371caa232f.json	69	58	4036315769	2cfa940932b2c0a25916bdb6b9bd8b8ffa50ed3f8d1bd9b99376779a9d4d25ad	473a4b5edc3e0be7e3d2bb1522f9249a	json	1	ok	__type__,content
assets/res/import/e6/e6af1c9e-e60d-461b-816d-0f96e6d0d1b2.json	181	143	2981475484	ddf6ed43de274e0666b00fbee89b6e57b7d3a6d1cabf62698f9b86098b5002f3	ce9f4112413191ab5c0e18ff6d1c5342	json	1	ok	__type__,content
assets/res/import/e6/e6d0d755-7aec-4fd8-9cd4-be48d744adb9.json	177	146	149524096	ea6b0755b039bec49eada7f629d508520283d342568ebd688a77e665dd4ea6dd	66f7f63abad89c905a68fb513cc868cb	json	1	ok	__type__,content
assets/res/import/e6/e6e0652f-bb7c-40a5-a39c-b412d5563c86.json	32431	4338	3983197476	68ce4360b6db68a37d6d5178666bd6de69f8ab2f7c7de34642955d336f0cfa5f	25828e16bc119cf990eca10d17d98917	json	1	ok	list
assets/res/import/e6/e6ec7b57-e53b-4f3a-9c78-414460d3841b.json	181	151	565183064	6736eed041e7a2ed601d9897ea820b050aaf9c86fdb4047cb1c98509bdf1028b	462b5a14e4e32ea1b0268e3275b2e57b	json	1	ok	__type__,content
assets/res/import/e7/e7345331-4e0a-42ef-ac6a-fe8a324fbba1.json	69	58	4036315769	2cfa940932b2c0a25916bdb6b9bd8b8ffa50ed3f8d1bd9b99376779a9d4d25ad	473a4b5edc3e0be7e3d2bb1522f9249a	json	1	ok	__type__,content
assets/res/import/e7/e74be989-1d0a-45e8-8ef6-82dae200afc1.json	63	56	1371488825	be8ff221f8b838f9a7faec9c1249b8bfc8c94f8743e6218107c63e355b3dbd85	2f4592b3659c0e169ff817de62259291	json	1	ok	__type__,_name,_native
assets/res/import/e7/e75b2cd1-fa7a-4a4c-ac8b-ab08f791bfa8.json	60063	7538	3934666674	d2e8b6b93d205ca592eaaef3a610aab76c50bfcfa9a3a754d69cdc99f473d001	fa66bc61c21f28a81a38b8069bce2062	json	1	ok	list
assets/res/import/e7/e7829c92-f5a5-409a-af90-b7b3fb4fb886.json	69	58	4036315769	2cfa940932b2c0a25916bdb6b9bd8b8ffa50ed3f8d1bd9b99376779a9d4d25ad	473a4b5edc3e0be7e3d2bb1522f9249a	json	1	ok	__type__,content
assets/res/import/e7/e7aba14b-f956-4480-b254-8d57832e273f.json	189	154	1396609466	c18882672cdc6ce20e38336dc1bd4a29a290aef36c2233b5b701ca38b7b4a224	4613a0e11fa563215b381b4f9db81ad7	json	1	ok	__type__,content
assets/res/import/e7/e7dd6327-3107-43ac-88bb-0b54522ce513.json	69	58	4036315769	2cfa940932b2c0a25916bdb6b9bd8b8ffa50ed3f8d1bd9b99376779a9d4d25ad	473a4b5edc3e0be7e3d2bb1522f9249a	json	1	ok	__type__,content
assets/res/import/e8/e831a809-0157-4191-ae29-b42b4c6b88b6.json	63	56	1371488825	be8ff221f8b838f9a7faec9c1249b8bfc8c94f8743e6218107c63e355b3dbd85	2f4592b3659c0e169ff817de62259291	json	1	ok	__type__,_name,_native
assets/res/import/e8/e84fed6b-8e5f-425c-9f8e-a012491203a4.json	173	139	801337670	b208fb865a110540395281d98cea2b7f5bd176d22caca9bfbef08e71c0d81ef9	5e53fe8db539516bf835411edc861924	json	1	ok	__type__,content
assets/res/import/e8/e851e89b-faa2-4484-bea6-5c01dd9f06e2.json	69	58	4036315769	2cfa940932b2c0a25916bdb6b9bd8b8ffa50ed3f8d1bd9b99376779a9d4d25ad	473a4b5edc3e0be7e3d2bb1522f9249a	json	1	ok	__type__,content
assets/res/import/e8/e8765cb2-9bb8-498a-a632-4942c46f26b9.json	69	58	4036315769	2cfa940932b2c0a25916bdb6b9bd8b8ffa50ed3f8d1bd9b99376779a9d4d25ad	473a4b5edc3e0be7e3d2bb1522f9249a	json	1	ok	__type__,content
assets/res/import/e8/e87e25d9-4c2e-4f28-9a99-26d064b60361.json	69	58	4036315769	2cfa940932b2c0a25916bdb6b9bd8b8ffa50ed3f8d1bd9b99376779a9d4d25ad	473a4b5edc3e0be7e3d2bb1522f9249a	json	1	ok	__type__,content
assets/res/import/e8/e8cb6b95-ce65-4265-858f-f4e32a913c53.json	178	144	4273360382	090843100247fc778e81509cf56121c24ff295ae5c118a088205e22fab498727	31941f0eb2ddf08060b4a7c1d4ffa54e	json	1	ok	__type__,content
assets/res/import/e8/e8e6fa07-7519-4a4c-bb37-2298b93cd241.json	69	58	4036315769	2cfa940932b2c0a25916bdb6b9bd8b8ffa50ed3f8d1bd9b99376779a9d4d25ad	473a4b5edc3e0be7e3d2bb1522f9249a	json	1	ok	__type__,content
assets/res/import/e9/e93b1024-6b2d-4dba-b43d-9767e4d7ece0.json	187	152	3342091227	e7252246f7f2e2ac897f8c6bf4672cdfd9d64ee5d5967aa19ea4e9b11933c5d3	dd8ba186f1a4c56b6225c395c28e09aa	json	1	ok	__type__,content
assets/res/import/e9/e9ad252a-0211-4122-9a66-750ac4ca7e6c.json	183	147	2067904996	2aaac6baf1f51f69200e75a89b8126a5e5ad7a9c38c076fd05b354bea6a7fd5a	1143d89af0ca1fe3bec8b2b4d5583c6c	json	1	ok	__type__,content
assets/res/import/e9/e9ec654c-97a2-4787-9325-e6a10375219a.json	188	148	1057868217	c612bd2f78a180581791f3d7f1eddfd6aac83830caf38403bebc40ddbff0d622	21581936ecb29cf3afb3cae7706dd7ba	json	1	ok	__type__,content
assets/res/import/e9/e9f82217-1aac-4185-9b75-32b98e457cb1.json	188	157	795875131	f44d0a59d1f6c25e2e6f3df67f7f2a009570968105ae43a5ea2442f5adf3c492	31154ba191af9862e44c0e015f430e4e	json	1	ok	__type__,content
assets/res/import/ea/ea19e3aa-91a4-451c-8670-d0af26e3e364.json	62	56	995483985	61eb21c0355123f764f39bad37d60100dc9b848e01290d2ddd70262db9b36d9a	11d87b753b05cfc7718c124bd10aa1b9	json	1	ok	__type__,_name,_native
assets/res/import/ea/ea24deed-fe89-44e3-b490-42289620a04d.json	6078	1267	453337884	9fe3d451cc74749214e9f7357130e06340f6f3d855b0b3981235955abc9a8f06	0f059ab91eed1ecf478753a743e1057c	json	1	ok	__type__,_name,_skeletonJson,_atlasText,textures,textureNames
assets/res/import/ea/ea4f08f9-5bf9-4eb7-8d3a-cf3651ab0d15.json	63	56	1371488825	be8ff221f8b838f9a7faec9c1249b8bfc8c94f8743e6218107c63e355b3dbd85	2f4592b3659c0e169ff817de62259291	json	1	ok	__type__,_name,_native
assets/res/import/ea/ea555318-70bd-4df7-903e-e1d71525404c.json	186	155	3894859796	de55767b67e58320424c734ed8d03b31f1beaf04c2a4155e88549d6ea22b429e	30744fb7243bc3e496bccf79fe0d2d2d	json	1	ok	__type__,content
assets/res/import/ea/ea5bf0a7-d5fb-4fab-9a3d-d928a03415c1.json	191	158	2479882908	11d2ca49599e9d275b4c4d4718a9c10c6a887c8ef79d7c9f6a597911e973743d	c6006f2abd092b888da401db50280d97	json	1	ok	__type__,content
assets/res/import/ea/ea911dd7-1618-421f-9a13-d05810ca5814.json	52208	6229	1024605513	35a602e3847a60255a82a5d67a0f01242fce5078b2a252299a46194b464d9ba0	08a4e8e11a69158019a1e46577ed8d2c	json	1	ok	list
assets/res/import/ea/eab7e8d1-01ef-4ef9-9ad5-bd1616a21419.json	179	146	2421863203	948599f054d71167cfcfeb8620bf5ad2099f1702d466dc983215fcb1ede894ba	5882cb88bb7d0a060f86d02cb31f2697	json	1	ok	__type__,content
assets/res/import/ea/ead386f4-c82f-4357-b610-1e62f5192995.json	60	54	152485118	2c8ca52ce993f504f2c5de1eb8479d9ed8dd220f8783319253c53e38d1a2ef23	bc780123cf591b942744a8bc05ecc84f	json	1	ok	__type__,_name,_native
assets/res/import/ea/eae85bab-de22-4cd8-ad55-4c3bff8a0a8e.json	180	146	2078075913	9f916b2adbb231054c5356ed5fd26ed8576d529a38ec0ec8930076fe3536aa78	ac9359c737aba8d8f8ef1d9adb9c3b09	json	1	ok	__type__,content
assets/res/import/ea/eaf43a3a-f6c1-42e1-8b13-f33f59093708.json	199	165	1965408935	ec36914955b94be6abbc76241cb58e37348f2addcf6713fb3c0fb300116f8890	dbe5e2e369676be9613d46ff902fa3a6	json	1	ok	__type__,content
assets/res/import/eb/eb0b2135-97d0-4608-9d06-5ff0b26a8626.json	181	145	3772821559	36790d9454dbff174a764a60cdf8faa76a64a5e44a441a546907c4bf9901bfe1	af35111b0d158e8dd287ba9f11b7a56b	json	1	ok	__type__,content
assets/res/import/eb/eb5613f5-13a5-4427-94ea-3224f02dfb7f.json	69	58	4036315769	2cfa940932b2c0a25916bdb6b9bd8b8ffa50ed3f8d1bd9b99376779a9d4d25ad	473a4b5edc3e0be7e3d2bb1522f9249a	json	1	ok	__type__,content
assets/res/import/eb/eb5dcdb6-9c96-482b-9a14-09dd0b307e89.json	6231	954	442151313	0311bf683ed730c0fcf9fa04e267a8b23d6d0179314bc70c7e413bed1cc1d1e4	d6a76f86ec1b479a86bb24f8436e312f	json	1	ok	__type__,_name,_skeletonJson,_atlasText,textures,textureNames
assets/res/import/eb/eb629931-cba4-4f75-b4d4-dac93b267b6f.json	182	149	3049983702	f227aea03afd4531caa48bddb5b024f60b8a56674734a8ab1f5bc91ad58d8030	c54561969a8fc742bdc69f35e6cf1a52	json	1	ok	__type__,content
assets/res/import/eb/eb85c772-176f-490d-afc5-d9451505280b.json	183	151	304247394	c7b7fab4843876481a319d3177aa55b1d9cbf5199a70496c2ae1edaf91f12816	539bef225ca9e5b4c08b766af1ac0110	json	1	ok	__type__,content
assets/res/import/eb/ebcaea45-7ed4-4a7d-b54d-1aea6ec54073.json	165	130	2115948544	6c017ccad5e693691c9b5c4062fbefb1fb8131c39c2dfcb1e2c35d603296f87a	9aa4f47ccdd7354e10f6087c634d631f	json	1	ok	__type__,content
assets/res/import/eb/ebfcbdc0-e0e1-4bfd-b950-f7c5919d626b.json	9740	1953	1722918959	d9553b3eeb792fea9b8243750b1a937ee11380a4c9c7c901fca0639e931d4c58	c6b458a64847a25b17e2b0316301282f	json	1	ok	list
assets/res/import/ec/ec097336-7c17-4fe1-a370-15f5c49a7aaa.json	63	56	1371488825	be8ff221f8b838f9a7faec9c1249b8bfc8c94f8743e6218107c63e355b3dbd85	2f4592b3659c0e169ff817de62259291	json	1	ok	__type__,_name,_native
assets/res/import/ec/ec215070-f032-400e-a8cc-26d548a694e1.json	1859	353	1993506478	7561589504481f46699ae4c160cc8c1d525048cba3510cf9014aa7fe5b68d25d	ff83be2771a3577ab8bac9b95741a916	json	1	ok	__type__,_name,spriteFrame,fontSize,_fntConfig
assets/res/import/ec/ec4ed9ad-e313-49b1-b9a7-b82db63e0f4f.json	191	155	1249350291	f0ea78be586834860e8cee375967c419d74d07533ba6ec3f5bbc07ec859f27fe	b3a8ba132281eb3d63400e3eceaf9085	json	1	ok	__type__,content
assets/res/import/ec/ec548ea9-8293-4f51-9b2c-417ff62abfbc.json	188	154	3145083704	e16b7fe65b652d4ba96851ed21958cf89b6cd62d3c72b8e53446a462166afb85	590747a04a5eb56f065d3377c0a900f3	json	1	ok	__type__,content
assets/res/import/ec/eca5d2f2-8ef6-41c2-bbe6-f9c79d09c432.json	163	142	2975986470	1ca3b17a16e85522b617e7a8ca53176a637a32cdeed6bd37a849d9c22857a490	7f5866bbb3088de8b6680e4e95b464b7	json	1	ok	__type__,_name,_effectAsset,_techniqueData
assets/res/import/ec/ece18cef-d39f-4cad-b342-8d9d1a672ef7.json	6554	1091	1466794246	e8dfb6eb2ca596fedbef9b989dcea2f9c00fafcbb339d65a011beac9a5a93fcc	d042fb07e15e238b8593f5dfae367fa0	json	1	ok	__type__,_name,_skeletonJson,_atlasText,textures,textureNames
assets/res/import/ec/ece1bf8c-2ca1-4612-8222-5c8d0ab419e2.json	63	56	1371488825	be8ff221f8b838f9a7faec9c1249b8bfc8c94f8743e6218107c63e355b3dbd85	2f4592b3659c0e169ff817de62259291	json	1	ok	__type__,_name,_native
assets/res/import/ed/ed11fd0a-5581-4f33-b383-68ae4be232fc.json	187	156	2143655810	2a342de095d6d56daa2d0e95f95818edb8aba37db8620941a9b4158a7fb09c0e	14925c3e1482362db4184da3ce8fafb7	json	1	ok	__type__,content
assets/res/import/ed/ed252393-b6db-49ca-b016-4d8c39453993.json	63	56	1371488825	be8ff221f8b838f9a7faec9c1249b8bfc8c94f8743e6218107c63e355b3dbd85	2f4592b3659c0e169ff817de62259291	json	1	ok	__type__,_name,_native
assets/res/import/ed/ed5200e8-1e0f-4761-af0d-e3664990ffab.json	189	155	1772359110	d263cf1273d2c7a4832d33055b1f2fb2bd31f38c22f1b65bf454cd192e748070	c7671f3957ce2039f6cd559525835edd	json	1	ok	__type__,content
assets/res/import/ed/ed555b42-475d-4583-9b25-30faa116b5d0.json	183	148	3973860268	c07b0ef9f0086ef50429b5bd488ffd05cd27bed54e5eb923fd5dba62311e664d	ae135898b142e517113052c5a05399c2	json	1	ok	__type__,content
assets/res/import/ed/ed989ffc-0ac6-4475-a15e-60d162b43402.json	172	138	1158109648	a23359ead23b8b5fb1c4469cb686983958eddc7d38acf24cc7a2d8f7f7d26c5e	0f50b798470b2575f77bffa3be981ce7	json	1	ok	__type__,content
assets/res/import/ed/edb60f5f-aa68-409e-8ef9-44fadff3d899.json	184	152	1383789800	00f17a1300ef30a05dfe0e2bbbd75aceee0f75d4973d6001af3dfd2a676e9de1	139f14b415cef499e008d60ad6799b9a	json	1	ok	__type__,content
assets/res/import/ed/edd215b9-2796-4a05-aaf5-81f96c9281ce.json	69	58	4036315769	2cfa940932b2c0a25916bdb6b9bd8b8ffa50ed3f8d1bd9b99376779a9d4d25ad	473a4b5edc3e0be7e3d2bb1522f9249a	json	1	ok	__type__,content
assets/res/import/ed/ede103bc-c064-4dcd-b5e2-b4927e85d4c9.json	10956	1593	467569791	632d4e86a71481f6147ffb49612ecfec6a786b113da2652b179fdfc276be4002	7f1ef22a9fcd7ea38f60d7b3f2ea8aeb	json	1	ok	__type__,_name,_skeletonJson,_atlasText,textures,textureNames
assets/res/import/ee/ee903b4f-61dc-47e6-8c9d-b1ee21b4022d.json	69	58	4036315769	2cfa940932b2c0a25916bdb6b9bd8b8ffa50ed3f8d1bd9b99376779a9d4d25ad	473a4b5edc3e0be7e3d2bb1522f9249a	json	1	ok	__type__,content
assets/res/import/ee/eeac89cf-b654-45c5-bf92-9b51ec4b21cb.json	172	138	1097975066	c62cee6102b58a3a5722a0d33f2911e517899d2186a150a9e4d719e1f709a145	e95198975277919e7e178409d865c68e	json	1	ok	__type__,content
assets/res/import/ee/eeba7468-abad-459e-8600-ff60241b977a.json	69	58	4036315769	2cfa940932b2c0a25916bdb6b9bd8b8ffa50ed3f8d1bd9b99376779a9d4d25ad	473a4b5edc3e0be7e3d2bb1522f9249a	json	1	ok	__type__,content
assets/res/import/ee/eed12067-e073-4d0c-8309-de56cb9af58b.json	63	56	1371488825	be8ff221f8b838f9a7faec9c1249b8bfc8c94f8743e6218107c63e355b3dbd85	2f4592b3659c0e169ff817de62259291	json	1	ok	__type__,_name,_native
assets/res/import/ef/ef188b00-ab06-4737-ac82-c916b997af79.json	521	317	3595449131	747c60f0cfb589b95ec748edc7bda7b7a9f73a6ff4ed4515ca594713ee1f49c5	520c8b0b51e80bfab5aa6158335e3e14	json	1	ok	__type__,_name,_spriteFrames
assets/res/import/ef/ef587cc4-ad53-4f66-b943-a9b9f81420d8.json	63	56	1371488825	be8ff221f8b838f9a7faec9c1249b8bfc8c94f8743e6218107c63e355b3dbd85	2f4592b3659c0e169ff817de62259291	json	1	ok	__type__,_name,_native
assets/res/import/ef/efe52ed5-16c9-4540-81c4-fad8708eba49.json	187	155	289425478	01f10c3a501beefaa8552b9390050551d66d578a7a08283937ef764836327506	9f3431402cff1db77215daa6bb570a2e	json	1	ok	__type__,content
assets/res/import/ef/efe92b52-2b2b-4389-9d11-ae67e0c743fd.json	186	154	264332352	9ca0fd6811555ed9bfb48972854e9c63c5f86f962700856aee6b91fcad6585f1	6015507b232530c1b2c0b415042ea315	json	1	ok	__type__,content
assets/res/import/f0/f0048c10-f03e-4c97-b9d3-3506e1d58952.json	187	149	2489868236	38448294f000b6d121eb233c6af2c2f70cb5e5f75674be3d65b6b00ee16e16d9	f7e2750aeea04c3e547ede3b61a08573	json	1	ok	__type__,content
assets/res/import/f0/f0292fd8-9f29-4cec-be3f-f694ba5f1831.json	170	134	479363698	c522ee29e70cba138a1fcc7f4bd175813d068e3186ebe0399cc9c8f2071968fa	c7c246dcf503e4837ab7a62b3943541a	json	1	ok	__type__,content
assets/res/import/f0/f052fd1e-38f0-41a9-8d0d-802c239cac14.json	60	54	4130055112	05e913ffa62a79881075d3993b86c0d7e217ea637497e2bfb88535c1ec4ebf5d	3561f29ee7a359af7ae535ef0c189c28	json	1	ok	__type__,_name,_native
assets/res/import/f0/f08bb9e7-aecf-4e15-b50c-c8efa4dca527.json	63	56	1371488825	be8ff221f8b838f9a7faec9c1249b8bfc8c94f8743e6218107c63e355b3dbd85	2f4592b3659c0e169ff817de62259291	json	1	ok	__type__,_name,_native
assets/res/import/f0/f0973625-fc97-4007-b785-e3e1edb06138.json	173	143	2119078752	d4b3d2647076521b7f177dee09fef484e4411691dab406af15e1ad058a912752	9cd15c6cdee3def6e313ea40c07002dd	json	1	ok	__type__,content
assets/res/import/f0/f09b8e7a-8019-4192-b245-dede65c50eea.json	188	154	1470362837	d6c3b0825a15d6049331ac453374f20030289993ee0f21f7edf5a7b20aa7ccf8	dd7a871ae0391428bb5fd582b64311e1	json	1	ok	__type__,content
assets/res/import/f1/f1266658-2b3d-421e-932b-57666db094ea.json	63	56	1371488825	be8ff221f8b838f9a7faec9c1249b8bfc8c94f8743e6218107c63e355b3dbd85	2f4592b3659c0e169ff817de62259291	json	1	ok	__type__,_name,_native
assets/res/import/f1/f135bbe8-8be0-45c8-8835-4eb8033e808b.json	170	135	3021136348	fc0e7df467a33ad3fde38ee56a188db3f0fd10294f92dac2aa60b97d5bd855de	0dff710fd854ae6c9bbb17aa6b2a906e	json	1	ok	__type__,content
assets/res/import/f1/f1436130-9eec-41bb-99d9-4d80bddfccbe.json	20348	3332	2038607781	5e3aefd2eda34c92aa956cb5222f626d48b45d4108e490defb2d461c0e05f7c8	d2d1485bd2b75d924da7b5fdf3e29c05	json	1	ok	list
assets/res/import/f1/f14a3ebb-a065-462b-a9b3-e63e30b43740.json	179	147	3673491879	0105688b2044e25a06c7c535b1eb1ad69c15dc783af3885b788639cbb3fdcbf5	835edcba46acbab1499ad758400ea4e3	json	1	ok	__type__,content
assets/res/import/f1/f18132b5-77a0-4a5b-a52d-802f49861ee8.json	177	148	3524649488	019c566ad872a9072b98864a450d7f8b39b458744dddf75b551d02c9a382a5ec	f577af9063a20fc91754acae3d721481	json	1	ok	__type__,content
assets/res/import/f1/f1a853a4-4a92-4ec2-81ef-39ebb24d8f41.json	573	326	2999310019	893a29212d5b71cd4bf34d45ce08b3a205bc5f5350ee7f588d765bfb3bdb9e04	b0b8526a294d66cbe7df8b29c9b76a20	json	1	ok	__type__,_name,_spriteFrames
assets/res/import/f1/f1aaf42d-2bb1-437a-8197-f14a0aaa9753.json	63	56	1371488825	be8ff221f8b838f9a7faec9c1249b8bfc8c94f8743e6218107c63e355b3dbd85	2f4592b3659c0e169ff817de62259291	json	1	ok	__type__,_name,_native
assets/res/import/f2/f2230349-3337-4625-ad6e-722ef381f0e8.json	1413	331	4195749761	315a5556d16a7fac1cba634703b8de200d696f46f5cea70f4e640f24399553fe	0bdde3551d74eed027099f2f11f84347	json	1	ok	__type__,_name,spriteFrame,fontSize,_fntConfig
assets/res/import/f2/f2d2aa11-3613-45ed-b8fa-34e0cc6eeccc.json	178	149	2704486327	76d756ff0e0568b1f79bafd957ecdffecae7aec0384b1250be8139baa12c05e8	0bd530dc20d1049d2e7b58f646676166	json	1	ok	__type__,content
assets/res/import/f2/f2d32d73-6233-400b-ba45-8b7ae4ddf582.json	69	58	4036315769	2cfa940932b2c0a25916bdb6b9bd8b8ffa50ed3f8d1bd9b99376779a9d4d25ad	473a4b5edc3e0be7e3d2bb1522f9249a	json	1	ok	__type__,content
assets/res/import/f2/f2fd1bd3-c30a-4f03-af1d-c9479d8ab6c2.json	181	145	4203843378	099b1c43c8365db1771aee89f9ff15ef5c4c93ae46001740af147b4bdd52e0b2	af9c8c8eb3b3e28205a60607aa0c33ce	json	1	ok	__type__,content
assets/res/import/f2/f2ffce72-3c85-43f4-9eda-978f629ee492.json	69	58	4036315769	2cfa940932b2c0a25916bdb6b9bd8b8ffa50ed3f8d1bd9b99376779a9d4d25ad	473a4b5edc3e0be7e3d2bb1522f9249a	json	1	ok	__type__,content
assets/res/import/f3/f3493acf-6fa4-457d-b330-ccbc95b04e28.json	171	138	2140920851	07d3049064e951cd0502f36199f6e9739f83d4090861a6064cb35328f438f3fb	7e69b016253a55fcf953ccfca168b7f3	json	1	ok	__type__,content
assets/res/import/f3/f34c8622-598a-437d-baf1-0099bbc368aa.json	63	56	1371488825	be8ff221f8b838f9a7faec9c1249b8bfc8c94f8743e6218107c63e355b3dbd85	2f4592b3659c0e169ff817de62259291	json	1	ok	__type__,_name,_native
assets/res/import/f3/f3ab472a-b55e-4386-9728-ee363083f591.json	63	56	1371488825	be8ff221f8b838f9a7faec9c1249b8bfc8c94f8743e6218107c63e355b3dbd85	2f4592b3659c0e169ff817de62259291	json	1	ok	__type__,_name,_native
assets/res/import/f3/f3b51341-10fa-46f2-b76f-374dcdc062e9.json	171	136	12772742	ac4ef0965c692b6227e3926b8e836d5b32a888b50b077184565c3e3ddf27f003	17e71745bc602af2d55a1d6dd49f4764	json	1	ok	__type__,content
assets/res/import/f4/f41c2176-0690-4225-afd7-7149258069bf.json	69	58	4036315769	2cfa940932b2c0a25916bdb6b9bd8b8ffa50ed3f8d1bd9b99376779a9d4d25ad	473a4b5edc3e0be7e3d2bb1522f9249a	json	1	ok	__type__,content
assets/res/import/f4/f42edf99-b74b-4143-a946-0bc1c2688ce4.json	176	144	2499408444	6753d31fffa45bdb526f7eafa40b94fa2364e553fb2054c344103c8a4ee891f4	04a85f820e0d70e87e9a729f31fa0307	json	1	ok	__type__,content
assets/res/import/f4/f4c06640-9fdc-4e34-8303-a1cdb3c10e9b.json	63	56	1371488825	be8ff221f8b838f9a7faec9c1249b8bfc8c94f8743e6218107c63e355b3dbd85	2f4592b3659c0e169ff817de62259291	json	1	ok	__type__,_name,_native
assets/res/import/f4/f4c09f13-926f-49fd-8baa-e2661f21e3f2.json	174	140	547656344	081c8b27046db31b21144fdee7c7c02721bc663f4135f6f3bed7de89232f862c	e73b6f759b2f75c4d860d0ca05aa2f29	json	1	ok	__type__,content
assets/res/import/f4/f4f74228-c4df-4f97-b547-55618b1d0719.json	63	56	1371488825	be8ff221f8b838f9a7faec9c1249b8bfc8c94f8743e6218107c63e355b3dbd85	2f4592b3659c0e169ff817de62259291	json	1	ok	__type__,_name,_native
assets/res/import/f5/f503646d-6e08-4f01-ac35-405b26e09e26.json	175	144	3163651549	4fd8fb8b481109ab39e89b781179e88ad47bcc9ad421a55e5823c81e59c52531	b05dd4b4bd9af83f23083ca69463e8b1	json	1	ok	__type__,content
assets/res/import/f5/f56c697a-bdc2-4a40-be59-ea484b87367e.json	189	152	4111769293	56f59150a5ca526996a2b82edfd87913bdc265d42723a676aa104355bc1fdeb1	51d23bd5d53f454a044357b0c8bed045	json	1	ok	__type__,content
assets/res/import/f5/f56e20c8-19c7-4cf1-9252-eedfae4e361b.json	62	56	352659665	ed3b7bb1f9c16d557252af0797e173bc15eef4e60ef2ddddc605f914edf1d750	bee8eaceade1e186f8f004946f1f0971	json	1	ok	__type__,_name,_native
assets/res/import/f5/f5b0b6d2-ace7-4141-bc3d-d43daae2e133.json	179	147	3609127261	e32192734cd46257dbbd2da278a49e3d47b8303d136b4a2eed3b96966ef42641	894b5d692b9b89b97edd0d68637a914b	json	1	ok	__type__,content
assets/res/import/f5/f5d4fc22-45c0-42f6-b157-cd41ea9e7eae.json	1000	564	2351887678	bba6208a8c9f81940fae8eaaeafd39b4d5f137287a2421aa0deeb51a03efbf1f	2ce0bf0a035bb56a10227a1c324cc384	json	1	ok	__type__,_name,_spriteFrames
assets/res/import/f5/f5e213d3-af27-4c9a-8775-0502fa4b0bb8.json	540	293	4233468867	f81dd6d47f51d9f1cefac204a99dedb80af6021c7fcefc98a3425a700982b797	882b619beb12c834589d7ff4a753bafd	json	1	ok	list
assets/res/import/f6/f692ca6b-e0fb-4251-9b8a-ae124bc0cc7a.json	4909	927	3434190456	a5b1304c28738b622b3545dda6b9415f14bbbd323b6015b47e770f0cfe64e6be	6428e2e454659913900f2da24e4eebf9	json	1	ok	__type__,_name,_skeletonJson,_atlasText,textures,textureNames
assets/res/import/f6/f6e71d7d-9cc7-4f6f-8794-1d745747ddb1.json	180	148	2742445836	844fb9e19154d313927bbda656a5d4db105dad45ea5a6b6c1c95ceafff312771	91c4d0b0add4569210964528f0739306	json	1	ok	__type__,content
assets/res/import/f6/f6eaa76e-cbfb-4fba-8a4e-c4822c4c0b98.json	63	56	1371488825	be8ff221f8b838f9a7faec9c1249b8bfc8c94f8743e6218107c63e355b3dbd85	2f4592b3659c0e169ff817de62259291	json	1	ok	__type__,_name,_native
assets/res/import/f7/f7c1e9bb-22d9-4b36-936e-ebb1d009ac62.json	58792	7282	3537970284	dae12893c56bbe4b4bd74ee68a9269680edabb7c51a403ee277ce6f3dbbd06f9	27eea3ca838909f3e543dab4c0c0481a	json	1	ok	list
assets/res/import/f8/f80993d3-9403-43d4-8686-3fa1660def85.json	178	151	2783197491	22ba4a8b15cf57b8fa420f6b2bfb2d772a8c02a7e034cfb41c68f6d70f0181e4	50640ccb441997fd8082a903f0927cf2	json	1	ok	__type__,content
assets/res/import/f8/f836ca13-a720-4da3-b132-878f3d336b01.json	63	56	1371488825	be8ff221f8b838f9a7faec9c1249b8bfc8c94f8743e6218107c63e355b3dbd85	2f4592b3659c0e169ff817de62259291	json	1	ok	__type__,_name,_native
assets/res/import/f8/f87a203c-803e-4440-ae94-cb6b66592911.json	63	56	1371488825	be8ff221f8b838f9a7faec9c1249b8bfc8c94f8743e6218107c63e355b3dbd85	2f4592b3659c0e169ff817de62259291	json	1	ok	__type__,_name,_native
assets/res/import/f8/f87f1410-22bb-475c-9514-9e8a0ab95c39.json	63	56	1371488825	be8ff221f8b838f9a7faec9c1249b8bfc8c94f8743e6218107c63e355b3dbd85	2f4592b3659c0e169ff817de62259291	json	1	ok	__type__,_name,_native
assets/res/import/f9/f9152319-cb19-46fa-a1cf-333cac87072f.json	63	56	1371488825	be8ff221f8b838f9a7faec9c1249b8bfc8c94f8743e6218107c63e355b3dbd85	2f4592b3659c0e169ff817de62259291	json	1	ok	__type__,_name,_native
assets/res/import/f9/f92ea7c7-1438-46b5-9e02-3d876912b89e.json	69	58	4036315769	2cfa940932b2c0a25916bdb6b9bd8b8ffa50ed3f8d1bd9b99376779a9d4d25ad	473a4b5edc3e0be7e3d2bb1522f9249a	json	1	ok	__type__,content
assets/res/import/f9/f996657d-952c-46e4-bf56-af30cbd8e0e0.json	178	147	3678712832	0085828e9d696b49bd43f842abef1ef75ec719ec4a7373ca0d79bbabfeec4ba3	2179ba27a92a4931ab8466cf42c38db6	json	1	ok	__type__,content
assets/res/import/f9/f99abf2e-5915-4fb5-8547-8179a2646914.json	63	56	1371488825	be8ff221f8b838f9a7faec9c1249b8bfc8c94f8743e6218107c63e355b3dbd85	2f4592b3659c0e169ff817de62259291	json	1	ok	__type__,_name,_native
assets/res/import/fa/fa5c662b-c0db-4175-bdd3-bb5f4bb98014.json	69	58	4036315769	2cfa940932b2c0a25916bdb6b9bd8b8ffa50ed3f8d1bd9b99376779a9d4d25ad	473a4b5edc3e0be7e3d2bb1522f9249a	json	1	ok	__type__,content
assets/res/import/fa/fa7b54f6-70a6-482d-a050-1c7296682f84.json	187	154	2665046029	b76446c9fb4698df1c562c33652013c68cbcb3c63c79081f308090c8d1e0256f	b112dfb21765fb92378ce38f2a90d5ee	json	1	ok	__type__,content
assets/res/import/fa/fa8d1714-675b-4606-90c3-210be108f4fb.json	69	62	4169480221	ede50c9f07bc15d7daea2a916469d408dd22bce877b2dc402b8503f9c4c1de9d	6d78cd01518955333efc41e2dc5bb770	json	1	ok	__type__,_name,_native
assets/res/import/fa/fa958951-2a13-4fae-b2b3-074838af3421.json	183	147	3164068971	91594f5ab38ffd12a9f43cfb132d38c28d36e8d36a8b8edaf91c55a07a67d690	6df443e2e5ddff73d522bb20dbc89ada	json	1	ok	__type__,content
assets/res/import/fa/fad1c25b-4cac-401c-a214-131d6edffb95.json	69	58	4036315769	2cfa940932b2c0a25916bdb6b9bd8b8ffa50ed3f8d1bd9b99376779a9d4d25ad	473a4b5edc3e0be7e3d2bb1522f9249a	json	1	ok	__type__,content
assets/res/import/fa/fae81c59-2e3c-4e8b-8d28-fb592f93aba0.json	69	58	4036315769	2cfa940932b2c0a25916bdb6b9bd8b8ffa50ed3f8d1bd9b99376779a9d4d25ad	473a4b5edc3e0be7e3d2bb1522f9249a	json	1	ok	__type__,content
assets/res/import/fa/fae9f870-f600-461e-9334-6577a695508f.json	176	146	599416654	e34f7a96df0e35f101d971ff399791ae77699adc29a605fc17d62ad09210e858	c32cb344177febf90b1ef100367a0433	json	1	ok	__type__,content
assets/res/import/fa/faecb613-9067-4fe3-9a12-56c532dc067a.json	176	148	3740455878	3fea21dfba506cee53bee25f51f3700b66c2f7d1a1a28cee23a4139c0f6581ca	90967fab060e76c30668042e06cc368b	json	1	ok	__type__,content
assets/res/import/fb/fb1d2b6b-f0bd-4f02-8acd-792fe6196440.json	63	56	1371488825	be8ff221f8b838f9a7faec9c1249b8bfc8c94f8743e6218107c63e355b3dbd85	2f4592b3659c0e169ff817de62259291	json	1	ok	__type__,_name,_native
assets/res/import/fb/fba68dfd-1365-4f95-9f66-1940b31ab064.json	5542	1236	2692909106	793f7cce439ac0aabfc145ac4f1126fe7d85391e0a03a074c278b6777e7e3579	0bc90aa2cbcede658a37872ca2fdd6cf	json	1	ok	__type__,_name,_skeletonJson,_atlasText,textures,textureNames
assets/res/import/fb/fbc82027-8a9a-4a9f-bd71-a42c02a1d18d.json	69	58	4036315769	2cfa940932b2c0a25916bdb6b9bd8b8ffa50ed3f8d1bd9b99376779a9d4d25ad	473a4b5edc3e0be7e3d2bb1522f9249a	json	1	ok	__type__,content
assets/res/import/fb/fbc98253-da71-4c37-8e09-9ed65df9e52a.json	175	141	3036204692	ab5a4207d1c8213baa23d90ee76228115deaf62642647064154362d3bd9c4738	33756c8ac5f7ad29433f5b3f3e68485c	json	1	ok	__type__,content
assets/res/import/fb/fbe58e6a-7cfa-46ce-aa56-181d6730af67.json	684	394	1902810681	7804caae5da459913fb7079f4072c1b925bfa572fc00a6443c60c5b0ac2570b6	4ec35eea258937be027c989f4ab89a0f	json	1	ok	__type__,_name,_spriteFrames
assets/res/import/fc/fc33fafe-b4f1-4cbd-b004-b3090ed76300.json	177	144	3206867683	9363c172a84b0e8fdd473b9cd2dd1297d2bba3016dab6446e7aeafa9f4558fd2	07793a4b110b4781bb2fe11988bffa69	json	1	ok	__type__,content
assets/res/import/fc/fc8921b9-b509-4aa9-8d9d-0e3f2444c60d.json	63	56	1371488825	be8ff221f8b838f9a7faec9c1249b8bfc8c94f8743e6218107c63e355b3dbd85	2f4592b3659c0e169ff817de62259291	json	1	ok	__type__,_name,_native
assets/res/import/fc/fccc4402-cba0-4032-b136-d3dcbc151879.json	19653	2947	3329048423	ef0e63770755e1e5950cc7dfc83dc430b6179a73723f9b8d24d2ec1a3457330d	08973e2474d1a49009ecddf23c8f7ead	json	1	ok	__type__,_name,_skeletonJson,_atlasText,textures,textureNames
assets/res/import/fc/fce6d79e-7806-4a18-92f3-a576fbbc5da2.json	63	56	1371488825	be8ff221f8b838f9a7faec9c1249b8bfc8c94f8743e6218107c63e355b3dbd85	2f4592b3659c0e169ff817de62259291	json	1	ok	__type__,_name,_native
assets/res/import/fd/fd16dd45-57c6-4e56-a255-97b2d5027b67.json	63	56	1371488825	be8ff221f8b838f9a7faec9c1249b8bfc8c94f8743e6218107c63e355b3dbd85	2f4592b3659c0e169ff817de62259291	json	1	ok	__type__,_name,_native
assets/res/import/fd/fd2e5673-dfe0-4a77-b6fe-1efba09acc02.json	192	162	3503708099	6328791b4abd501feddcc2c53a20188d171e743c8f0528923991c65051989e32	3140df78bfdd8d975de9b213aa91bd10	json	1	ok	__type__,content
assets/res/import/fd/fd5d19ef-5f66-4e8a-a58e-d96ce5146e26.json	69	58	4036315769	2cfa940932b2c0a25916bdb6b9bd8b8ffa50ed3f8d1bd9b99376779a9d4d25ad	473a4b5edc3e0be7e3d2bb1522f9249a	json	1	ok	__type__,content
assets/res/import/fd/fd665b2f-f145-43a1-aa85-407c1afda901.json	6745	1403	1214435325	46cc0bd94b25ab13b1f31da6b6b12f34160c01b9458833ba0424ec907f6ab5c2	f143d64bca87163835a106649d0e2262	json	1	ok	list
assets/res/import/fd/fd6a332a-8045-42e5-a415-dd843fd1974e.json	64	58	625913637	c554cb55e34acb9e653dd46bda89816b16a1edc97a6549eb7e7cebddb324f021	73ddb2651b593a05c30e1bfd18b55f62	json	1	ok	__type__,_name,_native
assets/res/import/fd/fd7b9042-b352-4bec-8b52-b6760203903f.json	173	145	1542093181	78e58fa42c869a329e60939fdb0a0a199e65feb3242726033a9c87922a2a427e	89250293395c00f441653aaac72044e9	json	1	ok	__type__,content
assets/res/import/fd/fd9a45f1-7dc1-4b45-9956-85ac883f35ef.json	63	56	1371488825	be8ff221f8b838f9a7faec9c1249b8bfc8c94f8743e6218107c63e355b3dbd85	2f4592b3659c0e169ff817de62259291	json	1	ok	__type__,_name,_native
assets/res/import/fd/fdadbf14-a065-433b-8603-e411a5e96541.json	198	160	627765091	dbfa4bdd7c8b327f6b7026c7339839335b9fb39829585a53d6bd90b021bbb9ea	287c93efe3559d38fef1c9adfab8b913	json	1	ok	__type__,content
assets/res/import/fd/fdcf23c1-a10a-4e64-91f9-cc14848b3e63.json	69	58	4036315769	2cfa940932b2c0a25916bdb6b9bd8b8ffa50ed3f8d1bd9b99376779a9d4d25ad	473a4b5edc3e0be7e3d2bb1522f9249a	json	1	ok	__type__,content
assets/res/import/fd/fddeb37d-5e4c-477c-af2f-d75d747c3e01.json	12091	2310	640171174	92383bd14c06acfa0315207e3cf12162c9c5992a4760ae16fce4f021100a5d66	ad5b66d2404320ace5a288f0ce79d63f	json	1	ok	list
assets/res/import/fd/fde67b2f-e002-4f5e-b607-ba19da25a449.json	169	131	1380948602	f19ea7367c826cb54d20fa3ef6c20b07f31ddb98104f0df5adbe8ca620b64d6f	a878e228152392e680ae78f2b3788458	json	1	ok	__type__,_name,_duration,sample,wrapMode,curveData
assets/res/import/fd/fdf2e094-0020-414b-b99b-1388eee9f9f5.json	167	129	4187919255	1a3308028a076165bf37e2572a39d75b89be1fa37bb179d812c16367ded52704	cc96bab711f3e85307f97894b1032064	json	1	ok	__type__,content
assets/res/import/fd/fdfb80d5-2634-4a54-a5f0-f7840b911148.json	178	144	813907371	893dbe155c5d1cab9ac657d9eb37a20ff5a52f3117c8b8805ed784d36ace976b	11af5ddb76f59a3d46efcc05921560a5	json	1	ok	__type__,content
assets/res/import/fd/fdfd3b2f-b199-40c7-8a81-9fffdcda4127.json	69	62	3661687438	12109238c4ad39df9361da15664a4ae7bfa590d7512ba06224f08ed60f1abaae	f2beabb2d1ca1d690481704892e0a969	json	1	ok	__type__,_name,_native
assets/res/import/fd/fdff19a3-25dc-41ce-ae46-f280010fcd48.json	173	137	1833478406	b47f2906687cb8f7be57cc1fe92884ef66a59df133f4cc297894ec2e09b35948	d083dee0bf55c368e1c1c5bd337ca90a	json	1	ok	__type__,content
assets/res/import/fe/fe6c277b-5f1b-4ea2-b078-02f7d2c3aa6c.json	60092	7535	4262051016	5b8ffbe01d9959986eb92b5e5bd311f594575b0df515efe7d28213cdbd9aa01f	a54f65066af81df9e5ae6c7ae26fbcc1	json	1	ok	list
assets/res/import/fe/fe76b3e3-32b6-4a6a-bcf8-669b3776ce0b.json	180	150	3027202377	75b67d99ad52a86c373138ee666b148f5680120dd40dd352c42f92aca8b8cae9	c0cbb50e98dbbfed6934fa4d72ef5cdd	json	1	ok	__type__,content
assets/res/import/fe/fe892b77-a7c2-4121-bb45-d4ffaf740fbd.json	63	56	1371488825	be8ff221f8b838f9a7faec9c1249b8bfc8c94f8743e6218107c63e355b3dbd85	2f4592b3659c0e169ff817de62259291	json	1	ok	__type__,_name,_native
assets/res/import/fe/fea05297-0671-4956-ae09-ed5ac2be6a36.json	60	54	1207654311	371a206e964265ef0280ce6ef32391a5f704c3fcbf1de8e844aee024edd8fd93	316072c5cbb7fc7e3d63d1c1058f35cf	json	1	ok	__type__,_name,_native
assets/res/import/fe/feabc761-f772-4431-9d02-713b6b9a5bfa.json	177	147	3680297478	3be378cede134165bbde84f495d1e478ceb6969dae6d6d2a937afc02b902d753	af2088100d86875756197ebc78610cac	json	1	ok	__type__,content
assets/res/import/fe/fec53d0a-ddda-474b-853a-2fb043a2dfcb.json	63	56	1371488825	be8ff221f8b838f9a7faec9c1249b8bfc8c94f8743e6218107c63e355b3dbd85	2f4592b3659c0e169ff817de62259291	json	1	ok	__type__,_name,_native
assets/res/import/fe/fee9d6cd-9dc7-4bcc-a927-10ce291a37ec.json	182	152	2755666786	31630a207cf729f6b98e0f93223028d293687e9e4adedd4064042543803154a0	1ab5dc1a85ab4c781adfc5f06e47c418	json	1	ok	__type__,content
assets/res/import/ff/ff0e91c7-55c6-4086-a39f-cb6e457b8c3b.json	187	149	606944144	d0e85ccb774ad9891a89f14124231255af39cabfa7efd458e5bd2e822d563522	25b668d324a0e4715d152aafb505f474	json	1	ok	__type__,content
assets/res/import/ff/ff300957-62be-43ec-b422-60ec076ee818.json	69	58	4036315769	2cfa940932b2c0a25916bdb6b9bd8b8ffa50ed3f8d1bd9b99376779a9d4d25ad	473a4b5edc3e0be7e3d2bb1522f9249a	json	1	ok	__type__,content
assets/res/import/ff/ff6e36cd-d770-47b7-95f5-74136edb0604.json	178	146	413536681	5fa250e4550f90722a78f0249481c3c92afb648094ce17b9f34a456db63101c4	3deed1f2d04feb388e22029d647f0621	json	1	ok	__type__,content
assets/res/import/ff/fffa6b64-db9d-479f-a342-0868d67c11b8.json	18318	1814	4176384322	7c147517dbd50e6a1ffc4b75da6adbce5b3e0446d25a6e5059727f2048b46836	da8a0a471591276e03f5402bf34c06e3	json	1	ok	__type__,_name,_skeletonJson,_atlasText,textures,textureNames
assets/res/raw-assets/00/00fc3b3a-81ce-475b-9605-7cffbd3da17a.png	677	677	11536150	a9fe78ca8e0a20f495011710d2c3414de2fe0eccfccad50b7e84205d600e76ea	72c16be8d9b10f080cb2e61eb20bf2ae	png			
assets/res/raw-assets/01/011232ef-e3c0-4f34-a88d-8ff5c19d8d23.manifest	202	128	3082346806	3f48b7e7fa2ab5ad012e7e89eaf0dce1985e07632cb374908b56d8db4b77766d	bdadccfee67e90e213880bdee2179963	manifest	2	ok	version,name,zhName,packageUrl,remoteManifestUrl
assets/res/raw-assets/02/0275e94c-56a7-410f-bd1a-fc7483f7d14a.png	83	83	1400062234	b965b88aa0e3deb1b167aca4df32d8531860c82ec0e3c875286a0e2234975f1e	98b31f0d685e58153f1ef802b482c878	png			
assets/res/raw-assets/02/0291c134-b3da-4098-b7b5-e397edbe947f.png	1048	1048	3424100941	a39d929556cef48d0b4a9e664d3053b21c721de8bbe2d83ee5d123ce8e454a75	5d2b3a895831dddea77539095bc5aa31	png	1		
assets/res/raw-assets/03/0378a287-95a6-4a62-995d-9a7364460f20.atlas	5745	970	3271160615	6558f29e56bdcb743dd46810654258906d3a3bbbe0918b6de1e0041814d957b9	130fa8c03a6c6ddea61f7658df96b186	atlas	406		
assets/res/raw-assets/03/03ce8315-f339-4686-973b-4901079be67d.png	38662	38662	2154586937	f7cc0fb52b2ee7ded1d3c4d06b4be9f3b24bd1fe49a6fc7cf101dcdf5d39555a	4c9836b16e1d0fbfff7a9afdee36cfc8	png			
assets/res/raw-assets/03/03e97b5e-6642-4e78-9826-8796c2abe447.manifest	194	124	523137491	7a76e4c74b321b89f48df82c0bbdad403c93125573f7a9235d9b7cba8d143d79	ba51e240a27002eb287dacde43bb12f0	manifest	2	ok	version,name,zhName,packageUrl,remoteManifestUrl
assets/res/raw-assets/04/046f172c-1574-488b-bbb8-6415a9adb96d.bin	840	172	923163605	42fa15f258f9bc02a31d3d06feebaae000fd2528936126939c713feec87fc474	fcd9a87a1b802611fd850ad3e4fc6067	bin			
assets/res/raw-assets/04/04bd0ae4-36c6-4251-9992-3284d8afdf6e.manifest	214	130	3926805781	afe91070056b565f143767c9bd1a689a657acc1f0c38150ffd708be694d113eb	711deae18721965d114f5d2b28972fc9	manifest	2	ok	version,name,zhName,packageUrl,remoteManifestUrl
assets/res/raw-assets/04/04c69595-cc9e-4592-9016-03cdbeb933df.manifest	230	131	458652483	f318a49d3cb617f1362782559a5755ed06f40c5c2ee9e5dd054c9a4e76b3c7f6	61ec0b69f00c6c9eab685277e220ddf8	manifest	2	ok	version,name,zhName,packageUrl,remoteManifestUrl
assets/res/raw-assets/05/0511e1fe-d164-4460-b4e9-59f9e96fe10e.manifest	198	126	3107829064	0968c609393c9120df60fee3ecd7dba2966799270baf093d56fccfbb6e6f7505	afb57e28cfd92e113faa64fc06a2e618	manifest	2	ok	version,name,zhName,packageUrl,remoteManifestUrl
assets/res/raw-assets/05/056dad85-b338-4a7a-bbe4-591b765c0b80.png	96166	96166	1406577722	527e5447f00403b44d373998e36146e6f69f0e240879f5c5ae900abc0dee8b10	9309e4d63b24f7ec859de69e135bee76	png			
assets/res/raw-assets/07/0711cd30-ea49-4d56-9d08-1da548d84428.manifest	214	129	720233095	fd717a01ca6d37298077a02f4bcd29d4e0b52ffc89bdabed1a4ff57e2f563621	a71d9cbd62983c03858398fd5e56a976	manifest	2	ok	version,name,zhName,packageUrl,remoteManifestUrl
assets/res/raw-assets/07/07393340-465c-4cc7-a3c0-992a770a0254.png	72532	72532	1810586825	ff1d6973ed9d3e760cc48c5aaad15f3bbc2f31736acaa1e5bda3da99a0f09f15	97efe07e746cc114b6fb41e91c9a7394	png			
assets/res/raw-assets/07/07eae887-1022-4cb7-803e-6d6912a3b5e8.atlas	5667	903	3640752289	b4f09d707c0dacfb8676eda074eb02731c0d253fd86b53ecb148cd72ead4d012	26340c589211b7ad3ac2c2245cc87b68	atlas	392		
assets/res/raw-assets/08/0811261c-acbf-44a7-9afd-e9c668033d79.manifest	194	124	2107358508	cfe2e711015d716ea4e33f9aeb72cd07fd26037f4b6616df1c410179d9b38741	dfa18767b7a8eb7769411bcbea029522	manifest	2	ok	version,name,zhName,packageUrl,remoteManifestUrl
assets/res/raw-assets/08/0856cedc-fc04-40c0-90dc-ee6081306937.png	9419	9419	2912990076	35578865100330cccfd653a3e8173e8936daf9c7dea11707ff25bf5979f7c29c	1a08e6946752ea379df81d73746f37e6	png			
assets/res/raw-assets/08/085c920c-b6b6-4e84-a233-e09d0530073e.png	163132	163132	2470401688	1e9342c4c8cc8d98c28549ea19e77c83c1de71481cb4f78d69d76d3eea63c14d	616340da090a94a73c48d6364feff8a6	png			
assets/res/raw-assets/09/090cb904-84bf-4b58-a945-e2015964307e.manifest	198	126	3946977522	298947479218b45e9a54fb5dfe3ecbfe03c34ef15edf7a1ca09cfb9b307cb97e	509568d53399487407d89b1626da0d8e	manifest	2	ok	version,name,zhName,packageUrl,remoteManifestUrl
assets/res/raw-assets/09/091d1f5c-6c37-4315-a4ab-64b94398d10c.manifest	218	130	531498892	c10d261608c9d44ec91b8ead05744ad324e0d08091414de78a7d65022de0c57e	e5fefb900198038b4226792c6d826ca9	manifest	2	ok	version,name,zhName,packageUrl,remoteManifestUrl
assets/res/raw-assets/09/0941eeff-65ef-46ec-8ac9-0cdbe6bd71b5.png	3556	3556	2374647900	7f35bdd3d868270711fe3023bfb7ab3f5df8ca55100a3748a0ae285004d8c788	c1ff10e3af6331acf061903725f28704	png			
assets/res/raw-assets/09/09ae25cf-d258-41cf-b79a-4aced891c40c.manifest	214	129	3208364860	e43f4fb28c436308e6c1f43ccf59205f2d09ef89145e0e41a5e792df25620eda	772b7aa840f85fa18379c67097765c22	manifest	2	ok	version,name,zhName,packageUrl,remoteManifestUrl
assets/res/raw-assets/09/09b2cb5e-1698-4381-9493-e8f93ce7280c.png	9723	9723	180111817	9edc996262db148dd1d21d92650c2538286464a726e55a7d17b5380034b3960a	507cf2b39d75b4451964e3433c2f1a83	png			
assets/res/raw-assets/0a/0a346691-3b75-4be0-b422-7dc3fa4e9f50.png	21732	21732	1573332190	d802185e26d833d36261ce0cadae04a7b57443ebd963ee3faa8db7d65fd92b94	e0eec6d7c03eddfcdef4aad44202e35d	png			
assets/res/raw-assets/0b/0b58adf3-ea34-42f0-85b0-ceaf21e1f743.manifest	224	141	3243554654	06305ee443918655121523fa1cf9e7eb279ccdca0ad1f6753b4f89d3ebc1f9eb	02fa5dc19dd954b185ae1882493e1dab	manifest	2	ok	version,name,zhName,packageUrl,remoteManifestUrl
assets/res/raw-assets/0b/0b5f5118-7a33-4549-ace5-4c412f842dc2.png	18351	18351	2304497846	6fbbd1e014f599dde8f991d240486dca8b03f592354647a3957455b2d9fbedd4	8fe46c074272b83fb5dfe7ed55245f83	png			
assets/res/raw-assets/0c/0cb038e5-724f-4200-99ce-6e704e7afd63.manifest	220	139	3932917923	b258fd2301aba581bd053aece732bb8115601029a63c8790bdd4ca157947e55f	30043af16d866a8f65b8a67c6d24f337	manifest	2	ok	version,name,zhName,packageUrl,remoteManifestUrl
assets/res/raw-assets/0c/0cb93d42-116b-4204-afaf-9b5e136ef7a1.manifest	210	127	1167772374	60277e1f127c8fcc7b794ddfe81fbe52195bdf9150f6b9d3e9b337d07ba64704	6646c8e32c2ddff766598318af843f34	manifest	2	ok	version,name,zhName,packageUrl,remoteManifestUrl
assets/res/raw-assets/0d/0d662cce-9724-4d0d-957c-96ac4ecd18b5.mp3	7772	7772	1032249537	8c2250cc97e78a23ef779604c1adda2047aaa7d2176afb54b478a1efc95d41b8	e43a82783c46f79f4c73fce26ae31408	mp3			
assets/res/raw-assets/0d/0d96e890-c139-4041-a0b7-f72242c1d918.plist	11192	6796	2856604467	83a8f440f5ae85ef86d1bf50cb7b6632a4991a3054e731f55bf4b969cc500632	a45658b7817546ad312c25aba698a598	plist	108	ok	angle,angleVariance,blendFuncDestination,blendFuncSource,duration,emitterType,emissionRate,finishColorAlpha,finishColorBlue,finishColorGreen,finishColorRed,finishColorVarianceAlpha,finishColorVarianceBlue,finishColorVarianceGreen,finishColorVarianceRed,rotationStart,rotationStartVariance,rotationEnd,rotationEndVariance,finishParticleSize,finishParticleSizeVariance,gravityx,gravityy,maxParticles,maxRadius,maxRadiusVariance,minRadius,minRadiusVariance,particleLifespan,particleLifespanVariance,radialAcceleration,radialAccelVariance,rotatePerSecond,rotatePerSecondVariance,sourcePositionVariancex,sourcePositionVariancey,speed,speedVariance,startColorAlpha,startColorBlue,startColorGreen,startColorRed,startColorVarianceAlpha,startColorVarianceBlue,startColorVarianceGreen,startColorVarianceRed,startParticleSize,startParticleSizeVariance,tangentialAcceleration,tangentialAccelVariance,textureImageData
assets/res/raw-assets/0d/0dd4243f-55d3-4911-81de-1881fd490dad.png	34103	34103	640845370	38591b1a10f20a879c6dc951fce2f98e31763eb4bd393e6070df27a79c0fe71b	c207b3359c9e8848e3f03d94a2ff269f	png			
assets/res/raw-assets/0e/0e5576f0-de9a-4da2-9524-6d6221af5925.manifest	234	135	3233804179	cdf798266e7d3e5bc836422bed8cfec2c9d255e14e91dbc2f7a28354d74bb83e	da22ca836254f244274f6b62778710a8	manifest	2	ok	version,name,zhName,packageUrl,remoteManifestUrl
assets/res/raw-assets/0e/0eb04900-b041-4f35-9ce4-5c0c92017cbc.png	224623	224623	1510341634	7260145e17609ea146a84447322bbd7b1f8e87ada2441b58827754dbca61f152	5dd275f3c5ab78ff141671b8c7b5d8c7	png			
assets/res/raw-assets/0f/0f54f657-f3c7-4953-bc24-0ee027f3f995.png	220904	220904	3049495337	a1c4d1a55baade8fb5ec900f032feae7d76dd548e0b82d322b148b04c42dc914	226565773a8801f2fb6037fd4b71e636	png			
assets/res/raw-assets/0f/0f6f447d-ab66-4468-afb5-8dc77661f79f.plist	7857	4246	2913201944	1566d18e52348c9bc1d74f5f2d387236bcc0a8d0ce6a63cdd512a9627a246c6d	2ad4625722e549288d2c3aad63eb1e60	plist	108	ok	angle,angleVariance,blendFuncDestination,blendFuncSource,duration,emitterType,finishColorAlpha,finishColorBlue,finishColorGreen,finishColorRed,finishColorVarianceAlpha,finishColorVarianceBlue,finishColorVarianceGreen,finishColorVarianceRed,finishParticleSize,finishParticleSizeVariance,gravityx,gravityy,maxParticles,maxRadius,maxRadiusVariance,minRadius,particleLifespan,particleLifespanVariance,radialAccelVariance,radialAcceleration,rotatePerSecond,rotatePerSecondVariance,rotationEnd,rotationEndVariance,rotationStart,rotationStartVariance,sourcePositionVariancex,sourcePositionVariancey,sourcePositionx,sourcePositiony,speed,speedVariance,startColorAlpha,startColorBlue,startColorGreen,startColorRed,startColorVarianceAlpha,startColorVarianceBlue,startColorVarianceGreen,startColorVarianceRed,startParticleSize,startParticleSizeVariance,tangentialAccelVariance,tangentialAcceleration,textureImageData
assets/res/raw-assets/10/108acf59-53c2-4995-b0a6-63994f4b50b6.png	202285	202285	1306090921	8c3bf7a4d1996a072418d838146e8debfa0ceb92c8738d2f079ce101a2913bf4	9a9000263f1de37d0b6912d70324edb1	png			
assets/res/raw-assets/10/10c0cd7a-1cca-4cf2-b62c-9f9b84fedaaf.png	224281	224281	1688867235	503abf59f576a3b45e1c58defcb1fc35a6f1b2c2e40c28752142ad83cad45b3b	23518f4d7ecf2f5d42bbe0e6b99fcf80	png			
assets/res/raw-assets/11/11a0f766-4443-4ebe-85b9-0fdfef55157a.mp3	8312	8312	3966198649	0ac98e4ba710a3eded6211f4c63da486e95dd6c168f36ce4a631c3f362132d43	0308e144ad43e2a8a91e3ecf0d35b35e	mp3			
assets/res/raw-assets/12/1280d36c8.png	37276	37276	3356793243	d6e389f805366ad306e47a66282f4b7620e2a1cd4cff17fe2ab7d3602c16b014	79102b03a504435f9332fa04ec689899	png			
assets/res/raw-assets/12/128bfc19-fd1a-46c7-adbc-29f79846d0b1.manifest	202	127	2088407167	da69e2ddb184825169005446a4ecc47a61a81113b7fe1b5c894e5704d2203593	90d60405979cbd71facaaa1e7ebc4f5a	manifest	2	ok	version,name,zhName,packageUrl,remoteManifestUrl
assets/res/raw-assets/12/12cc4cd8-4ded-4344-bd27-3388b2c1e586.png	25339	25339	993413337	f8ad94e1be325b086277af0fcd318e642d1e4a1abce83d76322dbf9e4be0c62e	81d95febd1fd838e37e4aa696ddce97c	png			
assets/res/raw-assets/13/1313c6a0-a236-4e16-be02-93c4025bd8fd.png	2553	2553	1660330987	ab6dce191e14dfd944c374046504543667d41fd891afcc51d6c445e80de1fde1	f59026a2e092363c787cc240e10efb52	png			
assets/res/raw-assets/13/131fb5c3-1396-474e-a9b7-daf1692359a3.png	16626	16626	2035417162	60458493137eca3bf489d94cbf9e85010c5493d3cddd7bcee9afb49bc4e8ded6	8d42f6849b77432ab973a2a328bd116a	png			
assets/res/raw-assets/13/139efa19-9217-4b08-a3a7-12ae61bfb183.png	17515	17515	3898345043	5d5357fc4d6e64f4f94071629002b0cd093ef6ff4af9e97dfefae2a56e155687	ab96915fd22c04a902dc489091abceff	png			
assets/res/raw-assets/14/1442cf659.png	85712	85712	988718759	f7af79a379dd16f5a36374e579d53dc2d56249b51fdf4a710c8468c674a0ac46	781e0a6b6dca9d05147a70fbca5b6fdd	png			
assets/res/raw-assets/14/145e3deeb.png	75607	75607	1577022296	0428a7a059cc958004f52edbd3a4913d3ed82f374852ef05184843dd3770adfc	5c0255a6856afe9118186043fb68094c	png			
assets/res/raw-assets/14/14756889-0a15-4f12-9408-be3d3ae09d7c.manifest	186	124	1146959931	15fab3bb8db3a4662c19fc68064bc7ff64d6b3f970f0cf11dea828168eb7b620	2232cac4e36d70995c5c74bf396e8b14	manifest	2	ok	version,name,zhName,packageUrl,remoteManifestUrl
assets/res/raw-assets/14/1482b4fc-8b72-44df-a753-67291621c296.manifest	246	133	2425897957	e3663fa9c83e07135882367a57d5ecce976b7717b11c5df73a33589916ac0c2b	52392bc026fc61befeb631664e4fddc5	manifest	2	ok	version,name,zhName,packageUrl,remoteManifestUrl
assets/res/raw-assets/16/160668e2a.png	41136	41136	1828578571	607e0d0f9e3047384833e0d66694f7d7b2e01b33781058a8951b9629b72d75d9	2bb7de42402456eac1af5fd5bf7da196	png			
assets/res/raw-assets/16/16386d0b8.png	58717	58717	1367786196	d20b396e07ffcc0391fcc68c3d7d80fab0307706799e644d861752e18cf27a02	02d818b7f897db6eaa1bb5d657738b88	png			
assets/res/raw-assets/16/1680fa1e0.png	49812	49812	2870713943	e6cdbb2498fdfa5ab12074de3a941c79c2afb2b59b943f39690a2e23535bab9e	2459d773ad010b898a7d1f4e0fa26970	png			
assets/res/raw-assets/16/16f7ac2b-1458-4901-8bbe-18984e4b705f.png	21273	21273	3127638334	d2c6f0cd890f65602b2a494a6a6f6e553108ba65cd27f45be00cbd43c20fa76f	f5e1a168248b1ed3f65c611d0d93124d	png			
assets/res/raw-assets/17/1732d6c30.png	27343	27343	2774906259	bd07ebb3ca9915403058f5d037aa8e4398bcaa42b3c00fbdf7a88c1c6e135e04	34b15310e9bd0ac13b83e7066fb5fd05	png			
assets/res/raw-assets/17/17f7f037-2ae2-4234-b6d1-7ffda73f912e.manifest	238	134	164641575	bce2e8b4cbd3cb224c45dd99a2452ba16b6cccd5affc637134b27c03819a0b7f	9f2d1f58a1b43b32f5273e09a8a906aa	manifest	2	ok	version,name,zhName,packageUrl,remoteManifestUrl
assets/res/raw-assets/18/185f25c6-d539-4ea7-8091-a98c97bd3681.manifest	234	133	405109255	fe54d0987250dab165b9afb76965448c87a8873729244f2ae90b1f2a5d38ced3	9d70d2907673eb2e65d4521d2a040c1a	manifest	2	ok	version,name,zhName,packageUrl,remoteManifestUrl
assets/res/raw-assets/18/189414e7-3003-4422-9907-d32f0919b8b9.png	1335	1335	1657102849	f6579263683e44b3a55a0a664e32d77dd61b3c147196bf592b04153e208972cb	d8277681b0dbc4567bd764595b1f65b3	png			
assets/res/raw-assets/18/18a2b13e-6efe-4331-9180-03c912d528a5.manifest	218	130	1289730590	9964fffe4e94da28270cea0dcc78da81126cfaa8b69c876714fe2d1cd8ed1ab2	466864538316d6b1fa6d1869d49bef27	manifest	2	ok	version,name,zhName,packageUrl,remoteManifestUrl
assets/res/raw-assets/18/18e06777-e500-425c-bd73-efbf4644209d.manifest	214	129	539583472	59a9904261561d7aa427e975945261aeb459ed500614774342807aaeaa150007	6bcdfa94b7e92d972da8076ba91988bd	manifest	2	ok	version,name,zhName,packageUrl,remoteManifestUrl
assets/res/raw-assets/18/18f892239.png	38089	38089	719597274	b5baff0167227796687c9e982bde4778b560cf561bb12cb789fc3d47e2df686b	7e01d9bc1db8b4bca29d8593346ea8e4	png			
assets/res/raw-assets/19/19767f34-e96e-4fd0-bdac-7914f3d0c9cf.manifest	198	126	2138130790	c5250da13563ec07fab0adf974b02a59443b4d9054cf9b2842c6ee603d0ca83a	6e4f57ed8d6d6a1a2663eedb5433e1ab	manifest	2	ok	version,name,zhName,packageUrl,remoteManifestUrl
assets/res/raw-assets/1a/1a261599-d513-4043-81dd-435d77e358c1.manifest	210	127	477439099	e417e8eb65c1f0b794131c3f253cb9f783e461aac91e48fdc60b0c8051c91647	e55f9a3e37d9530a8495b1da0faad852	manifest	2	ok	version,name,zhName,packageUrl,remoteManifestUrl
assets/res/raw-assets/1a/1a9bb0b01.png	52053	52053	3416402969	2de2740b841ad472deb675326adc6c50eb7f691448bc6e2893a93fc6964a850e	c20c40eafbfe26e36d51ba438ce1ce45	png			
assets/res/raw-assets/1a/1ad1a0c0f.png	253579	253579	3271644434	d3cec6919fd58085a57881e3945a55eb3226607cb4f2fd29b620c0d54b66423f	425f9911690eb88bb9d0e4778353c58b	png			
assets/res/raw-assets/1a/1ae9c855-ebcc-425c-8a0e-682e5d4f9d0e.manifest	220	139	121853699	ad812f63e6a683ca61817db109da48e9ab94da85eee0ef58dc6e62c5f9db5e14	65e47e4b5f0308bf8229333ee34f3811	manifest	2	ok	version,name,zhName,packageUrl,remoteManifestUrl
assets/res/raw-assets/1b/1b337676-8bdc-4d51-9504-b1a2cd3b73ca.manifest	198	125	3725972337	25dc7a62518eb1061c33e52c7390ed770892975d1869ede27313aca058724ee8	f49373484ab4d1d56622927e34bb3cb2	manifest	2	ok	version,name,zhName,packageUrl,remoteManifestUrl
assets/res/raw-assets/1c/1cf0e127-6fd0-414c-8c39-96464b94fdc1.png	88073	88073	1666924599	a0264102897c0c7a7ba7d2dc940b99d89874382ec515214b255dc79ae1f941ef	09ca7cb63e07075c1387165f142d686d	png			
assets/res/raw-assets/1e/1e22ab07-959e-4ed8-999d-5279afdd37a7.png	339106	339106	371361316	73ab35bef078d80d20088c526a6b9ebdb1aaaea7164b2dc8e5ff5f674325c725	f5fd64ecaf548194d0b54956c6dffd9e	png			
assets/res/raw-assets/1e/1e96b3d9-d626-4a2b-bd37-2aa0a266746f.manifest	222	131	2886132717	5127608f17a728d62e293ffb779c0aef7cd5b13909cdff73bcfdf6c479e46a62	f321ecd552d9b5636d9fe8098fa45760	manifest	2	ok	version,name,zhName,packageUrl,remoteManifestUrl
assets/res/raw-assets/1f/1f15a05da.png	93359	93359	1684712606	46fdd2b5d3e1a68e11ad8a5b65eb398b55ef29496a812d53b1b11e898f93eeae	64d1a85e19b6ec96ab1a01b267e9ffdb	png			
assets/res/raw-assets/1f/1f23fbe6-ae34-4840-80a0-1aa78ea396dc.manifest	202	127	1474752784	f9f60e100a65a4c7f1a6db6bb7e38ca3ae75332a9b87dc3a63891ce4d83f0b9c	ac9798e86ea36efa75a6ad4dd1e3ee3e	manifest	2	ok	version,name,zhName,packageUrl,remoteManifestUrl
assets/res/raw-assets/1f/1f6d64e2-aaf5-4327-bbc8-4179f1b6457e.manifest	210	128	2573131516	7c60bd13465647afa082b6370e914e019c9cf959592fcdbf123b8100384f7b53	7db29d9b06aee2d6d53ca3e16eb12257	manifest	2	ok	version,name,zhName,packageUrl,remoteManifestUrl
assets/res/raw-assets/20/206b8163-d2b9-4ce7-a864-e9ac16ed88d6.mp3	12884	12884	3335627339	ee7bbeb71cd2e7f63b61e46b0df23b18fe5ac5015931f7c5eafded01149f2f36	21c264a5f5ea0c2781430fd922a0f3b6	mp3			
assets/res/raw-assets/21/2127ad33-c925-4adb-9cec-50ce42e1d54a.png	31112	31112	2983898320	8f0f942652d83a1338d059adeeb76bd9a57641dfe61aa1cfae871c56e5b2f9c2	92e630e3e7eb427ccfebe842d0e87b06	png			
assets/res/raw-assets/21/2151eca4-6dfc-45b6-80e0-028ea660ff93.png	5761	5761	3968476367	b68103210aa6e82e78c90fbdf4a686e4700f8f19413ff18d9ac936469ce1a489	0d6d8392d4cc8126674a36f5720d02f9	png			
assets/res/raw-assets/21/216bb05d-c3ab-433e-b979-1250aa9f9b68.atlas	5745	970	3271160615	6558f29e56bdcb743dd46810654258906d3a3bbbe0918b6de1e0041814d957b9	130fa8c03a6c6ddea61f7658df96b186	atlas	406		
assets/res/raw-assets/21/21aa541c-b806-4cd1-a3d6-ce9eb6770d38.png	7155	7155	3416587834	d6f805b360ef470818fe8676e7f6c2bf5de5145492db2b4d9407c3c86c4c0330	2d8f162c24283c5e5f66afc0909fafeb	png			
assets/res/raw-assets/21/21e86993-22df-4cfc-898a-b9facd69bcdf.png	29920	29920	1082817663	197c765ef5c59e29a1adef0c6c75712d21c7311296bf1a25fbbf6fec7cfb37cd	d4d183033bdc498021d6aba7d405fbb7	png			
assets/res/raw-assets/21/21eeb02a-c428-4c1d-ac6e-3e0bee2b823b.manifest	222	131	2520064342	14775a4290df94497a4ce1f0a6a40b0ea1c0c59f154f23f3c2d15dc46b8a294a	77f1151282f8a1cd9183414e6d5fa24d	manifest	2	ok	version,name,zhName,packageUrl,remoteManifestUrl
assets/res/raw-assets/22/22169d7d-24d7-4620-9e62-8e842f755377.manifest	218	131	3592364054	4aaad955afd986de010bc5d1d89cb0cb54d23ea73630c0974aad579c98a0483b	3eeb365f967d8aeeda8418129cd4d83c	manifest	2	ok	version,name,zhName,packageUrl,remoteManifestUrl
assets/res/raw-assets/23/2351dedb-5764-4862-bcaf-0bef5bf9ff48.manifest	206	127	206833695	57841cc150ba39009f71d6a50382b9531e7684ff4b1b9aacb192635e374f067e	cb56a54a23cc5a660a472a97e1862ec9	manifest	2	ok	version,name,zhName,packageUrl,remoteManifestUrl
assets/res/raw-assets/23/237968af-6e9f-417f-b8ac-9824a26b1e80.png	786	786	2138521882	11c99eacc8b0187b84548ae60a920cf4f3e3e98be2762ceb2e62d7e820eba3de	cfcb63b1e791de7bd42d0b72bff62be3	png			
assets/res/raw-assets/24/2404dc24-6a00-478c-a59a-f826d8d2a7ea.mp3	7772	7772	1848283589	d432f7e5bcc5d21f49c833a56ccd5f53b80c6a4620b90527c59322365142150c	66abc25ada8e8c70f63cd4c34cbef144	mp3			
assets/res/raw-assets/24/246628f4-2416-4200-a1bd-43cf704821fc.png	36179	36179	2726725648	db3bf4d8d6a0814764a7cc95207345730ff634d3aad514686d18c8a6beebb341	149bb6eb0af46086ab9d5699649edaca	png			
assets/res/raw-assets/24/24783305-0d5e-43d6-a3ca-58e4dced91ca.manifest	218	129	1516561898	bf122f3c379e917d75f43f6ea1fa2b0507048d6949882935d8c3f05611076a56	aa544017f855b26d2025d3def0fe79d8	manifest	2	ok	version,name,zhName,packageUrl,remoteManifestUrl
assets/res/raw-assets/24/24bf34b7-116f-43fb-9972-a56d131c595f.manifest	196	139	3739644892	d3ef563381f6cd9276ba3381b4ef5aea1938d6b6e4ffaa61cc1e5142b240d22c	b9665dc3a244ae3a7cddc15f68dc57e9	manifest	2	ok	version,name,zhName,packageUrl,remoteManifestUrl
assets/res/raw-assets/25/255ed77e-7022-4e77-9506-37e6847fdc28.manifest	218	128	358466099	dbbc54f9a7707a686e7b878be5990bd5ce06b90843a5b2e3b08f2068bdffd769	4470fe27aa1b0f2a8ab6c6aacbd21145	manifest	2	ok	version,name,zhName,packageUrl,remoteManifestUrl
assets/res/raw-assets/25/2585352b-b1a7-4022-8976-fea744af42f8.manifest	198	126	1173362857	dce8a9e5a6663174e9bf6e571dd3a683b561478a1b12c74f44e2a6ed613e9b51	d9cb0478258b20eda7b40fb4b36607f7	manifest	2	ok	version,name,zhName,packageUrl,remoteManifestUrl
assets/res/raw-assets/26/2606a540-62c0-44c8-9a9c-d5c9ea48d44e.manifest	210	127	850544114	c307ceac00057268d9526713686991e1f05c6c4155fa73b0b91fcf008ea4550a	6b981ef1f639ef023e67fd4b66edb0a6	manifest	2	ok	version,name,zhName,packageUrl,remoteManifestUrl
assets/res/raw-assets/26/267fb4f9-02bc-41b2-9767-aafbc8de1d9a.png	94102	94102	2484194316	a45bb6d53f3477ae0660575de2e3f1b2e69a5d4acc8b7525e20b4f6717e99266	b80821d1d76fe4d0bfe7dc7e9fd00e5f	png			
assets/res/raw-assets/26/2687d2c1-ef2f-4e7f-8fe3-5a700c93df87.mp3	7772	7772	2861459472	03a96f05b21f49751e29e06036ca2014ff375c0f10e664361eb5fad04384fdfa	7ed8c6f32c04e1ef9cba9606aaeb0ef9	mp3			
assets/res/raw-assets/27/2751922d-df63-4a04-884a-93a84b7ae882.png	46215	46215	2928694964	55c11c957d7a57132d5b1fc6ed67f81509d0558f5c839122ffc8aa2480bda9a5	673b9ad110dc0a1caedf2285738e06c1	png			
assets/res/raw-assets/28/281db701-ddcd-4ea7-8278-8f0e5086010f.mp3	7772	7772	3374960520	2cf66523cbc997215e6f6ac13f7805e4b68ec9ef6019a06601fe3afcb3b84b94	ff756c16f0f1b0f36f9fb26bd9a0d21d	mp3			
assets/res/raw-assets/28/284c14ba-b668-4abe-9cde-64a717e46144.png	4669	4669	3436475849	981527d14b0dff9889307a6cad5484b9c18dad2394d13ca07dfe3212e6a5dcdc	0dc8b851a34b85adc90939364c9c5bda	png			
assets/res/raw-assets/29/2922c908-df92-4c6b-92f9-2b98c4abb307.manifest	214	144	3762057496	36da8a4296a21f70ce53ff54ec00a157d8379ffdb886cc63b865de960c313a4d	a525791941957d80e820bd9ab7c58fcf	manifest	2	ok	version,name,zhName,packageUrl,remoteManifestUrl
assets/res/raw-assets/29/297a79ee-c658-4437-aec6-2e7f7e4da7cf.manifest	202	128	4106410607	01a7abf4f60e5822cf2cb4d6f3a29b242f9cc60d84dce56d5a4936a6bb8e27aa	342f309215a634e8574415bd4df92476	manifest	2	ok	version,name,zhName,packageUrl,remoteManifestUrl
assets/res/raw-assets/29/29de62c1-b561-4fdf-ac9a-d5a4d1a6a002.manifest	205	140	3079122062	e38d29f79bf7467cdb75c644961f3243c8ff391697712b58bdad347f3456ea8e	44fd9a0c2c90daad06dc272f351ee0e5	manifest	2	ok	version,name,zhName,packageUrl,remoteManifestUrl
assets/res/raw-assets/2a/2a3d3668-f6a5-44e7-87ee-bb9cc4d9f89f.mp3	2496	2496	2126606525	98324535fc2747091af976b3645eb009900bcde368f565e4a2af33c14dbb2458	6eff0b5274613720bf0ee44f0746ce92	mp3			
assets/res/raw-assets/2a/2a939bfe-d905-4443-a3ef-166aabd8da4d.png	242149	242149	1793200617	187fcfb9e91b413ef4e7bf2c07ca25f2bf3f747e6d496f98db1cadb5383af698	e635fa9d6c94e4f734054be5723c2593	png			
assets/res/raw-assets/2a/2a98c32b-e3e5-4d9f-8105-206e81029e4e.manifest	198	126	770501700	282dc4d758d08fd3068974b76b83c2453a86abf10dfcee9509a992fe2ff9af2d	41e4ae459f00f7b910b802a61622da7d	manifest	2	ok	version,name,zhName,packageUrl,remoteManifestUrl
assets/res/raw-assets/2a/2abf6818-9331-4a5e-b50e-d9b43167bf47.atlas	5745	970	3271160615	6558f29e56bdcb743dd46810654258906d3a3bbbe0918b6de1e0041814d957b9	130fa8c03a6c6ddea61f7658df96b186	atlas	406		
assets/res/raw-assets/2a/2ac81cf3-af8d-49a0-acde-f789af716d62.manifest	214	130	1638439226	4cb941762564d9598c6753fe874e314df7f1fe7d10f97e44eee6f53e7efbc6ad	255ba90f2fec28d35bf4ccca5618ccc2	manifest	2	ok	version,name,zhName,packageUrl,remoteManifestUrl
assets/res/raw-assets/2a/2aef23db-15ee-497f-9349-c4c9dbc386f6.manifest	202	127	2609598369	5a12a52bbdd08469805da75ff2761a50902774b51aebff847e5c2e59faef1364	4fed03fb060ed8d44f97c3f2476b4615	manifest	2	ok	version,name,zhName,packageUrl,remoteManifestUrl
assets/res/raw-assets/2b/2b0e4354-0f81-436f-acff-ff6979858c6d.png	3860	3860	2591035716	4737752ffc42ca3753452c188dabf584373a4826fd93627b2326c9e1a8f4cd28	1cb9d8a29a041fec2875e2e38bafa087	png			
assets/res/raw-assets/2b/2bab6332-5b1d-4577-af97-e7bd26f2c297.manifest	206	127	2185802154	24a1744fb8b21d7b9e5d4103a96fa5279a7a380406b82adeac7e30865fb48d71	51273cd8fb32bd847b74c9c5f23aa663	manifest	2	ok	version,name,zhName,packageUrl,remoteManifestUrl
assets/res/raw-assets/2b/2be24ebf-8391-463b-b5e9-d52f05d6b577.png	80213	80213	1277012989	842539ed2883368131de0c00da94109290264995f6c025df37a9d7a0a3da6d46	d609d6fc09871b0807a22ba8155d2a0e	png			
assets/res/raw-assets/2c/2c9c7d50-cce0-4ed4-b86d-59ebadc01a18.png	16867	16867	818282130	74d5f4c8a51185d019040320480b7986cae38f168963cc4711c7f53bb3d31df9	ac163d4265c20c326a7f33536ed2c1e1	png			
assets/res/raw-assets/2c/2cd315e4-ec84-471c-96f5-b4b9aa100a0d.manifest	226	131	725037977	1a0920201486aa6819aad0845b25c04bb89941ee3e04423179e12b000f62c820	dcfec7191df7b6fd401ff4653d98e8c8	manifest	2	ok	version,name,zhName,packageUrl,remoteManifestUrl
assets/res/raw-assets/2d/2d0ef9d2-19b8-4c62-a4a2-2bbbd15dc2c4.mp3	20696	20696	3142993243	81c53b959a184ee5b1f34a4afe67be8cf09f4f438bba8c13fd863df32d9d7fb8	7687527355b4a92141561c3f6374f2da	mp3			
assets/res/raw-assets/2d/2dee90a9-0ec5-4524-9643-530b2cf252d9.manifest	214	129	466049388	a937d61f33a56de7ed8b69b62388ea3cbe35ebe018e3dcdf568ac8f8ddc4d1fd	323e38a84d2b87fdba3ab042ff3297bf	manifest	2	ok	version,name,zhName,packageUrl,remoteManifestUrl
assets/res/raw-assets/2e/2e11e3d6-49bc-467d-b64c-d58a8f6a905b.manifest	214	130	208209204	d0fd66c74811d9c26d670309684fd0d35e29064325cf7a1812dc1e692cb375c2	a224476c2ca98ad5d33f38ee1551959b	manifest	2	ok	version,name,zhName,packageUrl,remoteManifestUrl
assets/res/raw-assets/2e/2e8c4a71-9d35-4f6b-b812-0a7c3e5d9f28.manifest	202	142	3277706563	c69df2a1f233d7742db2cc9e94d2ece4c2faf96bce9766eb601e6a0c66cd87ea	8c932b0305dded62b3fe51ca1bea25cd	manifest	2	ok	version,name,zhName,packageUrl,remoteManifestUrl
assets/res/raw-assets/2e/2ef76439-d492-43a0-b430-c245cae9efaf.mp3	7772	7772	784760251	8ab3e60e7beb6ee20ba1133149cd698f269551da9cf9cf42ecd261dc54e8f7af	eb49fcc9ddc335c510e45ba8b154e34d	mp3			
assets/res/raw-assets/30/30354e79-aecc-44b8-a1f1-ea362ba57753.manifest	206	128	3029321986	6e15de3a88c860d0856c9c366a6a3789fdb3a414404d5b2294941cf72ed1562e	614a79965d84637cee48bfcc44e528cc	manifest	2	ok	version,name,zhName,packageUrl,remoteManifestUrl
assets/res/raw-assets/30/3068275e-bf04-448d-93bc-09706142ee5c.png	59796	59796	3466032941	0b0d1ac8adc402d3203f608fe6cef61845c97ef7818c2a9d8a004dcbbdd7de6c	5eeb671be5a85ba164041fc136cfff53	png			
assets/res/raw-assets/32/325b4ae4-f758-4303-9598-4cb43f4c59e8.manifest	214	131	633405725	20be017a74f78956345c41d5e2de08d51441a12b534d27074b31d0b23c3df8d8	90bad5d9cef488fb92c5a43956acb4b0	manifest	2	ok	version,name,zhName,packageUrl,remoteManifestUrl
assets/res/raw-assets/32/32f52bee-2df9-49f7-b775-8c7fed59030c.manifest	182	121	2026348310	1af8e63580c016f0e712329aaf907e1654f4346036307930b18d4231494a7aa0	6653d907127900af64576cec3c328cf8	manifest	2	ok	version,name,zhName,packageUrl,remoteManifestUrl
assets/res/raw-assets/34/34499a9b-fc7c-4b20-b9bb-c3ae0c140b3c.manifest	218	131	3852168341	bd85d4673581b10272d4f59a2a458f187375d459a7e8d0b8e28e03897c2fb150	3b48484405848817fe012392aa48dbce	manifest	2	ok	version,name,zhName,packageUrl,remoteManifestUrl
assets/res/raw-assets/34/34bc17fe-9842-4c45-a671-8ea7dba2e6f2.manifest	198	125	2195396303	a1682300a6d5e1c525c66b1e3d8e61aafda8d8522419e80eef6da7b1dadf41e5	09968ff419145ef53071a9b60dbbb839	manifest	2	ok	version,name,zhName,packageUrl,remoteManifestUrl
assets/res/raw-assets/34/34fd2ffe-aa83-43e9-98d9-a345b6f1e72b/default-font.ttf	243636	87087	1677892683	e198c6c79b360aba161c980f612f5f1816b3007067e3f98be4f4a17d88dcbb24	ef14c405a2d522d42955fa0e1d5ea6b2	ttf			
assets/res/raw-assets/35/352fafd5-f901-41a9-a478-9e4edd919886.manifest	217	149	2520515685	f25bece36f8bf1b7acb0f1233ce7d5d1dbcb98e2b87f7acab4ed761a4c7503c4	f734ed9837ecb8991eaa26fa463b9879	manifest	2	ok	version,name,zhName,packageUrl,remoteManifestUrl
assets/res/raw-assets/35/354ae739-3313-46cc-a06b-62de79837821.manifest	234	134	4267172572	e74003f4f73d5a691d4cd1baa7475f211356f6c49eaa85f96d94fe44134a7c97	01c0c2b9eae4d1e0b6303aa27d34c5d0	manifest	2	ok	version,name,zhName,packageUrl,remoteManifestUrl
assets/res/raw-assets/35/354b9f46-9621-44e8-bc09-9fd6fdc3b151.manifest	206	129	219630433	a575bc58ba5d59bf7b99ce363ef424916e5eeb6cd9612b910588fcf1513ba748	bbf7995a65ab0ba884cccd180e52820f	manifest	2	ok	version,name,zhName,packageUrl,remoteManifestUrl
assets/res/raw-assets/35/355a928e-261b-454c-9697-4dbcbac0deea.png	3469	3469	406350912	bf2de29f95ade8e9a478e90ed8a5fa885761285ebe3e5970a5d6833820ddc62b	2fd888930365ca5c598ad8a84e69cdd5	png			
assets/res/raw-assets/36/364d129e-f532-41b0-95bc-565aefe689d9.png	44905	44905	1881249072	8f47c7b03b1aa15106f659ddf8ea4606c33051af0af12078d7d7e5e47d5f1d55	fba1c46b5f04f79d7af3d8373827cdf1	png			
assets/res/raw-assets/36/36f47b6e-ffa7-47c3-ae02-3df44eaceac1.atlas	6664	1055	2281849796	55fa9a30a4e310f8f977432ca9a53db6955b54c94397b28a35e8c3cd1de317b4	07dc57f8d9df44d29e9ce9692275beb4	atlas	448		
assets/res/raw-assets/37/37044175-e779-40dc-b36d-e548b0425c74.mp3	7772	7772	1446004997	115dadfe55758954af05409a3eeaea349ca0fd088ddb8dc1b58713d8d82619ba	b4ce11c2537fb8a0b38aab3273a76561	mp3			
assets/res/raw-assets/37/374a7609-831a-468c-a7ce-0c00960bb7a0.manifest	210	128	790878225	497ff8c8cd4dcdab5d1570e802689d7a685988bb95b7ab25697e13d35fdd3f46	43ff657c54857798effb474e05c5b61f	manifest	2	ok	version,name,zhName,packageUrl,remoteManifestUrl
assets/res/raw-assets/38/387f172f-dda1-44c5-ae2b-0d6f7f6cff36.manifest	218	129	4013216095	a4bbf38d519f63af2e37f8b18d416e4a84e7fae08ed75991bf2a7d402e059739	57cd1182cfcbf629ed6024f89f513e35	manifest	2	ok	version,name,zhName,packageUrl,remoteManifestUrl
assets/res/raw-assets/39/394eb57f-90dd-4adc-9831-fb773e88d040.png	81361	81361	1113709529	9b5db45c7352acdb587072874b7bcfe2de8ae402d27ea37570d2124238c93e6a	b0d9893295a9b2c5b1d79278f36a34f1	png			
assets/res/raw-assets/39/3972b123-461e-4070-85b5-260d234e1ce3.png	621	621	1949745129	61067e5e67cab2d8c861b0763b2ba84b6e534088c3b558b98c772bbe48ef417c	87e4f182db30c8b917a6b9e6cb40413d	png			
assets/res/raw-assets/39/3977473b-9253-4603-a42d-a3200472eb3c.png	57467	57467	3403176109	04e3f7f425a5d975b5917bc89c4bb6e65e2a412462e0eb85b9eeeb76ed590204	c4b4e9c74b6e02a35bf860f85f85e954	png			
assets/res/raw-assets/39/399aef27-0301-4536-8086-c0c4c42377fd.png	13823	13823	283955306	c13754c7ea0cb6019213a17f49fd681daec2a035c25679d4965dbc7bd5198deb	e12cacd102e475b5aa055611b76e0987	png			
assets/res/raw-assets/3a/3a300bb4-3d87-4aa6-b012-ad5f9bbe868e.mp3	7772	7772	231179701	ab1e1af03627c47f2d42a5b503d1d20bdc3907431276a5f0ca0571d8088e4b08	6ab723c7809fe2d18236eb96519895db	mp3			
assets/res/raw-assets/3a/3a7f8cda-5288-49e2-8e34-6ca7232d8ef4.manifest	214	130	3256022951	7f5d5da9dc50d90d091fe08f918703e204da32260f4b1db4cb4f71a3ebe11cb8	ead3594a6c533e03de7672359d6c39e5	manifest	2	ok	version,name,zhName,packageUrl,remoteManifestUrl
assets/res/raw-assets/3a/3af95820-5b4e-441a-948a-2e249ab24521.manifest	190	124	3841290960	abb75d9f69cfaa73916374f5e97f77b00da6285573417eafe37563c10283a330	a350855d3ff00255c28624215eb4a806	manifest	2	ok	version,name,zhName,packageUrl,remoteManifestUrl
assets/res/raw-assets/3b/3b6e6deb-e57f-4c86-b522-ec7423a2dcfd.manifest	202	126	3384362879	9a308bacd5b3f2dbe45b3952627275a3b99f296b4042c999ee921d1279ec1c01	b44fd7eea7642201d024b0021a4edf58	manifest	2	ok	version,name,zhName,packageUrl,remoteManifestUrl
assets/res/raw-assets/3b/3bbdb0f6-c5f6-45de-9f33-8b5cbafb4d6d.bin	47136	21225	3375780732	43e732f9ca5439c0f4e0ae6a5a338a2c7d0a85526a73e39a44c5506fff7d730f	5593e30de095e746016b2e3e8bbe2be4	bin			
assets/res/raw-assets/3b/3bdd6854-0146-4c88-bd28-ad94c5997422.png	16670	16670	2063778347	77455716312dac05dc336b83a473bbd1c7905a4cf8badfeeb8735d94c89fe709	8106c8ac678f4bc89b2a254246b51f30	png			
assets/res/raw-assets/3c/3c437837-ff11-4ade-ba1f-f4f11cdac7d5.manifest	210	129	319867579	6902af209d0eb88e5be97c99941257b4b43fc27d74e045530fab8f1481661807	042d890785604eb1ce7ef971889cf226	manifest	2	ok	version,name,zhName,packageUrl,remoteManifestUrl
assets/res/raw-assets/3c/3cdeb669-744c-4d1c-9054-b291b9ef5452.atlas	259	139	2764246809	f84c896c99676cf079e9afdf5d2b411d1fa106869cd0041d9d06b0494038470e	5ad4de48d8ff9386e86848a35fc8ae51	atlas	21		
assets/res/raw-assets/3d/3d167ddd-08d4-4f72-999d-6d56ff809c6c.mp3	7772	7772	1524993108	2d4a34b0ead2e301db787904e9154b7104cc1a52552e1641bef0266c0c07956b	f4741f2923e157edc3fd6fec6ec41efd	mp3			
assets/res/raw-assets/3d/3d2bee9e-056b-4382-931f-c1c1591aea99.manifest	186	123	2794399273	9df9f9e39c6475d415d98bb9b37f8bcb296f0869766f1df894416092e0dfdf69	bbe13b4cd4150f3fc0ec5d1b2c6d6ec5	manifest	2	ok	version,name,zhName,packageUrl,remoteManifestUrl
assets/res/raw-assets/3d/3d336aa4-910c-45be-9cfa-0a3956f9ba26.mp3	139285	139285	808599351	6e6bb375857ec90b7ab62a6f58934280cdc456906c7bbb4e7de571950ba3af50	4fcf7f5d255308f3db78d41522a564ce	mp3			
assets/res/raw-assets/3d/3db8967a-c614-49d7-9621-637e22f53981.manifest	214	130	2334038875	850aeb6094c2bbb961ac7d869dcbf1d3ce7757d2974cad13f904a10f4aac0371	45df3865264d6fdc490d29ac0ddd7fbc	manifest	2	ok	version,name,zhName,packageUrl,remoteManifestUrl
assets/res/raw-assets/3e/3e8f2922-b590-467f-a0a3-662a018c4006.plist	11277	6870	1451702455	bd57a0c72463b6b99adead898e9d5565e86972068734c31dc7af813d585ab6e7	e943c55b669e88d38b94c2cbe46eff41	plist	108	ok	angle,angleVariance,blendFuncDestination,blendFuncSource,duration,emitterType,emissionRate,finishColorAlpha,finishColorBlue,finishColorGreen,finishColorRed,finishColorVarianceAlpha,finishColorVarianceBlue,finishColorVarianceGreen,finishColorVarianceRed,rotationStart,rotationStartVariance,rotationEnd,rotationEndVariance,finishParticleSize,finishParticleSizeVariance,gravityx,gravityy,maxParticles,maxRadius,maxRadiusVariance,minRadius,minRadiusVariance,particleLifespan,particleLifespanVariance,radialAcceleration,radialAccelVariance,rotatePerSecond,rotatePerSecondVariance,sourcePositionVariancex,sourcePositionVariancey,speed,speedVariance,startColorAlpha,startColorBlue,startColorGreen,startColorRed,startColorVarianceAlpha,startColorVarianceBlue,startColorVarianceGreen,startColorVarianceRed,startParticleSize,startParticleSizeVariance,tangentialAcceleration,tangentialAccelVariance,textureImageData
assets/res/raw-assets/3f/3f183c96-a1c7-4da6-9fa0-ae8a4b0ee343.png	4652	4652	1236088529	0ab5c3ca8fa4f5e60d12df0a44b2216169a3df01b04c36cc7985d57d82990432	d881aa4ab8b6320bf4af1a939802e3ae	png			
assets/res/raw-assets/3f/3f3106c0-c034-4833-8ca5-a33000c40c16.png	16005	16005	1329238456	ca6150624a1cf4721769f4e6926546d50ea1cef99b6c11e3bee1225c6f7b2fe7	da27bd6ca6c23cb40f42a12de61be0d5	png			
assets/res/raw-assets/3f/3ff03a29-5cd1-49f0-aaf1-babbb3893928.png	11584	11584	2334634605	cf6f3ebc3e20784fbbba2a9e76b73992a8c314f9048b0171145a5d3d1675f8b6	de9f94ec09ee7c913fd960af3ad873f1	png			
assets/res/raw-assets/40/405146ae-e5fe-4e06-8ee7-dd2d1e9ea3ba.mp3	7772	7772	2110175462	e3fad162b58229aad091886825b660cc4f09c73762f1ae40b75c117d86c010cc	b741a4fd0911b4cb72013961617f8827	mp3			
assets/res/raw-assets/40/40802965-9576-4167-be6d-58c932d24aab.mp3	55985	55985	3872195759	94dfa17a34694d0406c9dd51441eded3b2a2f823dd4a49c692e3b8e515f54250	9f89f649f862239e1480eb139c0654e3	mp3			
assets/res/raw-assets/41/41204fcd-4c6d-4360-bb3b-680ef82eb190.manifest	222	131	2365674670	453b64c29b398d624a68494b230575cdbb5acf9ef5d6702ec6c875406681ae3c	ebabde7108ddcfb3b5ddbbe5367de1c4	manifest	2	ok	version,name,zhName,packageUrl,remoteManifestUrl
assets/res/raw-assets/41/41ace276-8da3-4782-99f2-d6869dacbac7.manifest	206	128	3983078392	f8b36b6a367498df4bd33a9e1ae049f348cb6dd9c35560f55fe7fde6a0c17132	993ffef902a9ffc8ca8eee35e4192848	manifest	2	ok	version,name,zhName,packageUrl,remoteManifestUrl
assets/res/raw-assets/42/425ba3ac-1e96-49d8-907e-82b23b061459.mp3	13892	13892	821514114	510b660d76f39f3b02c497052da093608a9ebe3c1750e7d1e20aadeb9809fd7c	e444bd1a4815ef42872b1befc5d60dd8	mp3			
assets/res/raw-assets/42/42972b68-d128-4e1e-8744-9075a22e689f.mp3	7772	7772	1090171142	29da20a9c35e16f8deb1e0e29a9a4033d89835e4f2d8129854a98caa3caea88f	b0110a884535f45fb5d7fc7f28686836	mp3			
assets/res/raw-assets/42/42997e88-71df-4997-9e18-1aa9766fd46f.manifest	222	131	2361497432	8ac96a745884c06f1de4c4c71ed2dfd86da830ca138b8eb4958152984eae4056	e99c9cb4add92236ba415e7574d09a84	manifest	2	ok	version,name,zhName,packageUrl,remoteManifestUrl
assets/res/raw-assets/43/43cacac5-9751-4f81-adf6-ab7de18a4751.png	2048	2048	1541264208	90518caad79eb2624e3be2fcc868b500abdabb586c00e53d9ed83deaf03f0564	539d91f66d8e4b012e8e4a1c2b1ee743	png			
assets/res/raw-assets/43/43fd5620-aa5d-4e70-b785-287b539570ea.png	122360	122360	3828200261	c7aecb6a63ba989eeb1bdec7905de4555b4ead282556cb1c62f61c1a889c9f71	bbb533be41b8ea78556d3135bbae1353	png			
assets/res/raw-assets/44/44b90a42-715a-4bb0-9833-edfae698fde1.manifest	218	130	572285874	2f344d3478a1507db2adbdb9d0aa675621663af26057cd43b84313fb955dac66	8bc2c20f7ab0b97a6805a243c93a7377	manifest	2	ok	version,name,zhName,packageUrl,remoteManifestUrl
assets/res/raw-assets/44/44c6e595-87de-4ee2-84c6-fa8afcde3811.atlas	3592	690	30317876	847a587dfb6821765f5aba520e064675479b359da18f9e98952e34b34a1762a9	06280440b43ae45aac54ac7768f91186	atlas	245		
assets/res/raw-assets/45/45065e04-fa0c-4419-9f85-22da7e661844.mp3	7985	7985	645792104	6054d139ab57ba8f68374d09f7a8450439ee4ab3073821684a33819a7d1410a3	0864716f0895398de2eb73f3809c8749	mp3			
assets/res/raw-assets/45/45d692ee-0055-4c49-9dee-3fcc0093f921.manifest	210	129	2721998406	a85731df3bb29dcc9ba5f7fdbd06aea41964e5200afb5cc285f424b49f0797da	e60f248a8a4e2d7856c9d59f0887619f	manifest	2	ok	version,name,zhName,packageUrl,remoteManifestUrl
assets/res/raw-assets/46/468352f5-0049-4e59-a80e-52492838485e.png	68598	68598	1311171940	1f82ed01baf07357c1dd7ce128fc8b97672e1a397c9c3c4ad9707971410bbb9a	ddb20b9440832accba637e00052486ad	png			
assets/res/raw-assets/46/46f5d64c-bd40-431c-9d0d-f14ad2058dda.manifest	190	124	3237083912	e3422924ce6d5dc895306b34bb04374f46eaa2b47302a3b257d7ca16953a5669	439bcf9e620c3c147c58074e3ebd39ce	manifest	2	ok	version,name,zhName,packageUrl,remoteManifestUrl
assets/res/raw-assets/47/472019d8-81d8-431a-9657-2fde9ce65d88.png	3993	3993	975693434	1db6c263203e2d09f285e3fcdff459956fc400af2d1eff7bb2f5f1d5cb33dc16	d59f83775161020511566b0d427a1a42	png			
assets/res/raw-assets/48/48c29a9a-1668-4848-a262-419643ab9504.png	67731	67731	2596588766	e62a95069ff79ff29ff6711b1d197275f677dfcd30018aae8da9be3732566bc6	6cb4fc380fc30d979b07fa4c889b61c8	png			
assets/res/raw-assets/49/4920d172-2cbb-4013-8722-11456c209f11.png	34281	34281	309972662	19c5c7f08b0371265aeb14efc77bfaa6295c23b3bf551545dfceff9cf26a1496	6a0cfa25f943fc40f5e2f8924ee73e81	png			
assets/res/raw-assets/49/4938c469-f59b-484b-8a01-cc4da60c3658.mp3	11876	11876	3557179299	b40c9c948ded42152042651ea7f714518f285b5ff91ad71bc2022e1571c7c9a5	900f703e72c472638767ba2ae6eaf552	mp3			
assets/res/raw-assets/49/4979facc-983c-417e-8e90-e52f42424c6d.png	92991	92991	2319834191	74f9e1d9cd1a9f80e2efc247e539ea286ca38de0fe2ffe334f173cd29df91085	e93ebfae952d3134f9da72e57f4666ed	png			
assets/res/raw-assets/49/49b59613-69af-4034-b44c-90f9cf7c91ba.png	10561	10561	29678137	a6dbf6a03084f6bf30bdb990f82e70c444c83d34e5f41a90ead1f8aa719d50bf	0be76f1a8aeb9db4c6f8087234f00a22	png			
assets/res/raw-assets/49/49c66c7f-9ad5-45ac-a97f-5a0603e87380.png	50220	50220	247025522	96bde6566c9a469d3e6ce599f689edb4328045e6f0de7e848f6d153dee44f15e	ae0a0ea714e2c4560722cc3deabf0615	png			
assets/res/raw-assets/4a/4a38a519-c170-4dd1-9bc1-41f80826a8c2.png	20798	20798	3029781768	1cf7c795dad4480988bae86ca7e77592c96b034205db3e4cb610365470f51c3f	1f22f5ce7498dee2fbf464cf07aeadbf	png			
assets/res/raw-assets/4a/4a92f282-7c7c-4d96-a561-55330ad46554.png	23671	23671	501203318	45365c2791085f170798b5e2917d0ac910c75c99131295fb94cd13610d82e794	c0b4d42145c433b80c61128d675a567e	png			
assets/res/raw-assets/4a/4ac65d5e-58c7-4d4e-8761-8cb1caeef7b0.png	50211	50211	2243817358	3b3e1979ab3f6757bb81e23fcc1e5f85432648689b230fcdf48b77ae1aff5c7b	b515f2fae4bf0d190974cae7feb296cc	png			
assets/res/raw-assets/4b/4b8a7547-042e-4881-bd0b-7a2f412c8eca.manifest	217	152	3261634395	bbae674837f6507d0727d551c85a3b88f54f5a417b2354056e325384442aacac	442f54046678ff46af0b1d7caa57c7ca	manifest	2	ok	version,name,zhName,packageUrl,remoteManifestUrl
assets/res/raw-assets/4b/4bab67cb-18e6-4099-b840-355f0473f890.png	1179	1179	2039837670	1262ae90943949d73f5679b06a67bd9a0a9687826243e71645c16352bb608251	eb93218da4eb071a66152a5d5de2eb9f	png	4		
assets/res/raw-assets/4c/4c7d1aa3-bc4f-43cb-9629-effcf565c4eb.png	35100	35100	3916247268	55ad5d472ddba76bbf28a0f78ad861b9998d075fcc2d0263c7288333c0db7792	c9dac8536b8321ab3312394787da9c59	png			
assets/res/raw-assets/4c/4cd8d927-6a13-4f72-84d5-af82dbcbcae7.manifest	202	127	4186820932	769df8a926462298cc7fe750a4aeadd4b5af244b92b9f00ada61d4a047066e40	b7ec034977f0de301419be45b5b6b5c1	manifest	2	ok	version,name,zhName,packageUrl,remoteManifestUrl
assets/res/raw-assets/4e/4e1c516f-4b51-4ff9-b19c-3535ad566ce8.png	76020	76020	1206614042	f83e2d2e5117df0f5c8ef6674208909dc7ff223a5a18dc7fa7654ef1c293d353	7bf88810c621cda6258818913d2b6049	png			
assets/res/raw-assets/4e/4e593b44-26d8-4bb2-af1d-e59006a11135.png	14369	14369	51194603	74b3c28edeb830db6ba3ff8f7b79ff65a6cb61d6b822c85b767e24f18da7d703	9a9b5bc661d7b16e1e0dde9dd80f9f66	png			
assets/res/raw-assets/4e/4e953485-1ec5-49b5-b457-6ba4edee19dd.manifest	226	132	395756361	635f01f265f772b5140614cf6853d5e68513899949ba9bca6e3d0453ca17d037	825c938319b12fd84f585e17197d6fa9	manifest	2	ok	version,name,zhName,packageUrl,remoteManifestUrl
assets/res/raw-assets/4e/4ebf3595-889a-4765-b85b-fdfbd8dc8806.atlas	269	166	4043452981	044811eda64d87c2b3df97fccea1d8b1c5caf064dc1a9f8b23c3ac7b72befdf7	d517fd65ae412ff6686977e17249c216	atlas	21		
assets/res/raw-assets/50/502fcf61-e223-4113-b06a-490aa058b58e.manifest	198	125	1374227125	8d2aa90af8677f666c85eeb9e5d1da0a79d6cdb17c5775b899a0c1ea7f8a75eb	520688dfdfda009c02f21fae755ae095	manifest	2	ok	version,name,zhName,packageUrl,remoteManifestUrl
assets/res/raw-assets/50/50486608-f15e-44d3-92cb-7ac4a4c376a3.manifest	214	130	2940500852	89e8d926a63e97a094016e2cb15c2d0a94116a23be03a97d014f396aa87911eb	2862f631d599a6dc31e301e274f6e5f8	manifest	2	ok	version,name,zhName,packageUrl,remoteManifestUrl
assets/res/raw-assets/50/50de9776-ed22-4044-87ee-dd33670609b9.mp3	7772	7772	3395278868	c8c9de60c0cdb54103ec6b7dd76d4bbcf39b0b1a81ef7d1a08747de99cbdfc9a	c177fb27db34d33914fd4d8898d0b36e	mp3			
assets/res/raw-assets/50/50fcfc5e-fa04-43f6-a530-518d7f06aa8a.png	2001	2001	3260096404	a1910f9d2e5b70380647347e178c84364f429d6747e0aa06d52751d9c1cf4ce3	359d099556df8242830a49d0e4630092	png			
assets/res/raw-assets/51/511ae428-52cd-4111-b42e-c35196835c1e.manifest	238	133	2686881438	0080443f317e5702916d7e50fe39deee02bc802032e12ff9b8a52ee7eb44167d	785628c936c0ecb2ab87495418cdcea3	manifest	2	ok	version,name,zhName,packageUrl,remoteManifestUrl
assets/res/raw-assets/51/519c422e-6ca2-422b-9482-4847e9b42983.manifest	222	130	1502409544	7e63e574c88d4227f9574de915841026fc9b1996a6ee0c340ded6a1faffd2c2a	03137ec6bc70e04e2b17d549a6f6bbc3	manifest	2	ok	version,name,zhName,packageUrl,remoteManifestUrl
assets/res/raw-assets/52/5212d6d7-5d01-462a-b7dc-b304e2da0c22.manifest	214	129	2768311081	7ba4c53aea0e532563775333a7e7813f7feb1609223751a24b59d1907be6c268	a3c4426fc85bb22b08f4b3370b9592c4	manifest	2	ok	version,name,zhName,packageUrl,remoteManifestUrl
assets/res/raw-assets/53/53eb90e8-f500-4731-8f9c-088ee022db9e.png	4134	4134	4274991840	77e8d26d91a46730c3ec1b7a8604832802ce4f37c379c341c67526d980345dd0	877ebc8501f95fcd3f633d442e12cc3d	png			
assets/res/raw-assets/54/5464965c-60aa-480d-8ff3-e8e97fbe405e.png	17645	17645	491902118	5fcfd381fca431a58ce2651de181e53d1b8dc4a8cd0690fe2b7af7980333eaba	b2f3b3d0efd602fd94d5a2935e612e02	png			
assets/res/raw-assets/54/54e8a3bf-4941-4a10-95e8-425c71a5aa54.manifest	218	129	1598332144	fca8222b77cb6f336150e2014c92a201649b530f276f172d664ead02f629e840	dbe525e6957155f38499d6df7e7b8a80	manifest	2	ok	version,name,zhName,packageUrl,remoteManifestUrl
assets/res/raw-assets/56/567dcd80-8bf4-4535-8a5a-313f1caf078a.png	1676	1676	4262538347	795ec26970e5e886fd0a7b5cb63d9dce0b83050c13345677ca2cef7bf2a52360	53fb6d4f5922d688dd949b14ec18fef0	png			
assets/res/raw-assets/57/57454a56-f290-4f5f-a1cf-325935bd9e3f.manifest	214	129	3951927123	a561f2ed8dc4ae47db31987d9a8c3b066ac63c7655fda4048c11e6a30e6ee8fc	b4f04c99e87828d3726bbc930293289b	manifest	2	ok	version,name,zhName,packageUrl,remoteManifestUrl
assets/res/raw-assets/57/57563cda-780a-4acf-aa83-1f4fd9c30a96.png	251853	251853	1490041577	ead456845c4e816d3e258bfc8ca31292299100be858929faf8a14b026a9614af	e89aa6e1fcb054ac8393d8ef710bea7f	png			
assets/res/raw-assets/57/57a25e79-72ea-46df-b870-a8c834fb7c7d.manifest	210	129	2258901143	e9cacc9ab20beea4bc98126fdfbf0cfd57f49bc95a3fbca43da130d00030b152	c78e666e17bb3e1ae1befb4adf93c012	manifest	2	ok	version,name,zhName,packageUrl,remoteManifestUrl
assets/res/raw-assets/57/57c0fb2c-54ee-455c-b6c0-ea26fb056578.png	7348	7348	2671093285	f70ceac9fd30cdb875b6d82571028829567664b421de83c2caad47342472c051	628a0a46596f7409814b05bb3f1499b2	png			
assets/res/raw-assets/57/57fce1a7-2151-4ec5-ae9e-c7a5c1168100.png	29112	29112	4178074686	db569fbf6ce00fe94f26b1cc716e46509f49047245543847d6ebbd9c47571797	65c7ff517056acaff3972ac81c3c48fd	png			
assets/res/raw-assets/58/580ed5da-d1f0-4e38-be9c-27786939c46a.manifest	226	131	983893636	253fd66a328c5ca2da4a97ac9a0bd60ea5d0407a15496c3e0513224e06361d4d	1068ca3620390d6a4f464833f5f70d9b	manifest	2	ok	version,name,zhName,packageUrl,remoteManifestUrl
assets/res/raw-assets/58/58c8d359-c132-41bc-8123-3121448277aa.atlas	212	149	3323158742	0b1f852c92db106389eb66370b1fe305ca0901e4586a8cd2c117770c32046ca9	67e8e430e6b9a0b4eac1715b93ae6dcb	atlas	14		
assets/res/raw-assets/5a/5a26085e-62a9-4f33-8bdf-413ca1bb4e14.manifest	186	123	1481822475	f15901af8dff8a3c4eac78e71fc438f700e5635ce20e3d9d9ab748b9cff6b7a9	ead0f6857eb21012843167ad170132e0	manifest	2	ok	version,name,zhName,packageUrl,remoteManifestUrl
assets/res/raw-assets/5a/5a5fda75-a532-40c4-9ffc-2f7d26596c84.manifest	230	131	2285476933	d534e1530b6721556d282d64ac67cb76b15874f8d69745c3bfecd44d37520f94	f0c5a2e54191115fa61770db64febd3f	manifest	2	ok	version,name,zhName,packageUrl,remoteManifestUrl
assets/res/raw-assets/5b/5b2c6d7e-eed9-44f0-9d90-fac4eb445101.mp3	7772	7772	316801047	1073c7e5d9e597122e48a486d7fcad6a10b9e512b34dc6e1a11f9957cd87b678	e774ca49501c9ce18b76576fa10b9139	mp3			
assets/res/raw-assets/5b/5ba67114-af07-4c3d-82f8-1fcfafdb1aa4.mp3	21632	21632	1104409848	3a12b4431e554b11ae9989c4cf0731450e213446feed82b8a4ff0e1d17fc3755	fd318b3cd25b5eae7903db958920a5ca	mp3			
assets/res/raw-assets/5b/5bb279fe-c5d7-41f8-a1e3-08dc3185ab16.atlas	3910	752	3306643246	8101d7c1e20e9668f75e7a02ebfe5dc5b693ea4a712a09cbdc672bd4ec261825	666c19963e05d0634ead97202c34f71b	atlas	266		
assets/res/raw-assets/5c/5c7fa4ee-3373-4f65-99af-b1ff82aae31e.png	3331	3331	1524486607	f5e8a909095f76933c224e842d06c719bc93fe1a9123884ac48e00f93421ac5a	57fb4ff6ab236360c7b1b5b84aa4fd23	png			
assets/res/raw-assets/5c/5ccca336-2121-4b3e-bee8-324d87a6f091.png	6687	6687	430963488	62f806ec4d81242722efd7ccd9970509ee1ae887911bfd88d4469e2e24c55733	8c63a59100b3ed2e16c3165d6902f412	png			
assets/res/raw-assets/5c/5ce7825b-16d3-4d16-b7b8-f53344b64e04.atlas	5404	859	1846420749	9fa015e59b88125cd8821e6133162e7f01beae6c62975e2defde2ae901e580ee	1d274822343c9f5883fbf98da12035e5	atlas	378		
assets/res/raw-assets/5e/5e110549-e287-4182-bcdc-804898bd2f99.png	23474	23474	661201103	2279518293a504db635413856d0cda2d1cfbc8b071d362ddf3cba72fcd64bb37	4ace66a7add293faa6a3b433b4c45566	png			
assets/res/raw-assets/5e/5e3307e2-511c-4d1a-906c-b6faf1170498.manifest	220	148	1517616380	ed406322181dff724e988b2f280271b762644fefb68b36323e1e3639b3f23527	173be5d52964b26cc677d6875ebeac53	manifest	2	ok	version,name,zhName,packageUrl,remoteManifestUrl
assets/res/raw-assets/5e/5eb2e997-11d0-4016-a2f7-40b4d29d3a41.manifest	230	133	1877797664	ab6d5ec30570b7cd1665d45f4b7c283d6fe71d7306d6217d86c3441d45df73b6	691baafcf97c7ec96d3a96ae72d40786	manifest	2	ok	version,name,zhName,packageUrl,remoteManifestUrl
assets/res/raw-assets/60/600301aa-3357-4a10-b086-84f011fa32ba.png	7519	7519	4275137785	18a65b89eedd7e7972378356e0f06851ece604e409bed8a0f245949012aa42b1	4c01597501cd83f81b611332c9924a0a	png			
assets/res/raw-assets/61/61334a3d-88e8-4dd3-900c-2843d4cd7871.manifest	202	127	1274803388	b68d489a8f6b9579342bbcd6a8c2fe75a3d0afff0f2e1bc44288516ca1b6287d	817c4c5d54c40f33f9e8ddb69e5a28a5	manifest	2	ok	version,name,zhName,packageUrl,remoteManifestUrl
assets/res/raw-assets/61/617323dd-11f4-4dd3-8eec-0caf6b3b45b9.png	1188	1188	1298915467	9f035a557aa553e8cc3c0b3361a547e9545ef15c7df9b9484d827165477cfdb5	1f5f05ea8d669df8647555c7ab07c4cb	png	4		
assets/res/raw-assets/62/626eb18e-c6a5-48ac-a682-e629bc6537bb.png	15807	15807	2964562690	d400e3e1d056bc7a9119d2f057c38e73043f863d7a09b2108d128e2f67e12b0f	89be44d1a42e9be8acab5a3bc11660a0	png			
assets/res/raw-assets/62/628d58ad-1770-47c8-b23e-555e1a850e14.manifest	206	129	2007016667	93343c77e3ee9198630cb2b295c745c571d03b124bf26ca32e01379e7e2db7b4	7289fa98e32502e1649ff90dbb7b28ac	manifest	2	ok	version,name,zhName,packageUrl,remoteManifestUrl
assets/res/raw-assets/62/62d471a5-1320-4a57-806a-d0237e7f84d6.png	4604	4604	1235962635	f1a17d87ad56ae0aee4bae862204d4148461646560e52b910d413bf8af0f168b	292ca9b83810cc499c4a0fb56571244b	png			
assets/res/raw-assets/63/637c7230-9012-4ec1-89e4-8f4f41082f07.manifest	222	131	2663321172	8785366ef1fbf40d2db343640b2901007422aacb6b1887bcbb3639087d1ca792	7c77e06254e6d4c40b4a600d735df171	manifest	2	ok	version,name,zhName,packageUrl,remoteManifestUrl
assets/res/raw-assets/63/63d5d870-ca46-40b8-8155-1221efd399c0.atlas	3232	512	206396308	18e85f176472b089c00a5f1d4c60fd6395506e12c51c7e3c755724a9f4f357a9	c441a0a8b72b7ad0eb4565da6bc9237e	atlas	210		
assets/res/raw-assets/64/648a1be1-29db-4f7a-9734-3059fffda013.png	97860	97860	2856897898	53644d959d90f204b796d616866901744809959cc80c669f56c79cb6e7d67c5e	67690d1c2a7443eb898167d99ea155d9	png			
assets/res/raw-assets/64/64cf9ed9-01d6-481e-9ef8-49f1277dc4a8.manifest	198	125	1453413630	6bf462ce177595dbefe7841780fd3b0b62f7cb14a02bef6f9cd33fc621856438	88edbad1bbf0c834269e03e3fcef9fa2	manifest	2	ok	version,name,zhName,packageUrl,remoteManifestUrl
assets/res/raw-assets/65/654c283a-6584-4f13-915e-234c23978912.png	78635	78635	656380146	2330109c6e16787355efd7fbe6285c5597c7a70734e344fcfb7fc15d192a42d9	808acfef258d228d2f2a111966591060	png			
assets/res/raw-assets/66/666bb002-cdc3-41c4-beb9-91f05efdd64e.png	8070	8070	2019781175	d6f75154cec4603b4aca317d7071341cecc3a1605298bec9966069e968b93d5b	201299e65985d179e333a39b41c85db2	png			
assets/res/raw-assets/66/66c47899-5e14-42eb-a8a5-a0a311cf1273.manifest	186	124	1041396602	147a1647b82737149952e40a928d3174fb655a378c16dcc35ec119cac70f0019	ecab8389793be58a9ebaf7aef1f1d52f	manifest	2	ok	version,name,zhName,packageUrl,remoteManifestUrl
assets/res/raw-assets/68/6865b2bf-8673-4eb3-99c3-9d4ff1adb2ff.png	19006	19006	662145661	d29ca03c3dd7920bf9f3d6b22e9bfd7b679c754e61827a4dbc59989c58dec7a2	b66ea1929efaf3f3bbaee9f78c9a4035	png			
assets/res/raw-assets/69/690153fd-aa18-4c40-b277-e0c3dcf39e53.atlas	5225	846	1814715433	33473387b6a162e24688a5046aac3299e8f9911b6d2f71fe0e697e08050f57da	b383490b6c1f26a39291bb77feee7761	atlas	364		
assets/res/raw-assets/69/6924c498-cf3d-4dac-bdd6-38828fd7b43c.mp3	7149	7149	1688265680	829843dce00ea987850d90e955e44462f61a1dcfa605192b3cd17ee0ace10128	69fb020acbee850ab69b5b7553a6b3e6	mp3			
assets/res/raw-assets/6a/6aafc8c5-d119-4c2e-8346-e9e23a4d3a83.atlas	291	179	2431122215	b8900d28fb5cb8f24ce4db6f4235b1913b794f62dbe170cd255c8404c2e24e51	a177c340fc165c1f857ea1c4a26008b1	atlas	21		
assets/res/raw-assets/6b/6b409659-0ea5-42bc-bff3-ff827ecf4f75.png	6668	6668	3683836657	31c36f351b0e7f4252862f4e84410e5d01faf09e58de2bded5303e8f45dda51b	7e1fe7d93b90ae49cf3a687a03a8b0c2	png			
assets/res/raw-assets/6b/6b4560b9-ea56-4094-a7b8-30370fc2caf2.png	13507	13507	3074239894	1f6d5ba56c1bc4297d0820559d9a825dcc924532c1f0bc42cd79d2b224bc8e7b	dfe26da06c7c2b22768ca472bb2b9b6a	png			
assets/res/raw-assets/6d/6df35e4e-1e94-4c6a-9c3d-5b94455ad568.png	55972	55972	117091612	1c2c6f3b42451d070a9f26ea47d3869aad11d1b014d460cb5c7d369907b4072c	34c9e66c4649506bf3762895718189a3	png			
assets/res/raw-assets/6e/6e056173-d285-473c-b206-40a7fff5386e.png	1634	1634	3408182296	fa9271528e0506e3ac6727a10896b2cf308a4e9b96aac0d6951c97cbde83975b	a40a8c502180f6d3f9677b933f9c7908	png			
assets/res/raw-assets/6e/6e959e52-746b-4422-acc4-96196fad05fa.manifest	186	122	4058876221	3ea9167aced60d022dc44e0acb50f1c8ae92e0846ec1917cccd5f772f416dacc	20225434074b3597d3d5ea4ef7e4092f	manifest	2	ok	version,name,zhName,packageUrl,remoteManifestUrl
assets/res/raw-assets/6f/6f4a86b4-4d37-4b2e-a435-fb974a54b5ca.png	14752	14752	737372290	4100114c203559c520133b77cb12a7f35515322f400789c520713767d56e208b	970ecefdb0c0d676f5f5ca6c00d10a53	png			
assets/res/raw-assets/6f/6f8b26d3-2773-4551-9baa-4878493d864a.manifest	226	131	487601209	25bcb5fdd5f4dfb293f7346cb73f6dc8b1e537a326d39a0d65584851bd54e8b0	42bd60f8f1f99ff7c317c137ec3661e0	manifest	2	ok	version,name,zhName,packageUrl,remoteManifestUrl
assets/res/raw-assets/6f/6f8b923f-7826-4d34-b84e-e59cd6ffdc1c.png	86	86	3575463035	69d61d2c0a6aacbd1969ebd6701367b792c64f4157a14dfab0bc35e5f1837af7	0f3946874ef955f72cca181c5f327959	png			
assets/res/raw-assets/6f/6f96ad26-4c8a-4835-be8e-83ea7a930130.png	17937	17937	2591027439	c4ebd428a9b54094a50fd3b009ad262479eabfe37cabe40cf5aed5b7e47e6b8e	48c61a387a97758501e02d6b32ec360c	png			
assets/res/raw-assets/6f/6fa22766-cfe3-457c-b820-ba6581001ec1.mp3	7923	7923	2489369306	1296f97bde9a2fcc1c3f053d9413552d5a7d8354d5e372970ce98d80ae8fd91a	41533316257634656e81cb611c1994b5	mp3			
assets/res/raw-assets/6f/6feea0b8-905e-463a-b2fc-d03a708d975f.manifest	210	127	1268846139	6d214d9e9a1d8db53b9e21036f72597caa9f0368a857903342bae7544c0914cd	ec180c0d1fb1a234fd570d96e5d81d21	manifest	2	ok	version,name,zhName,packageUrl,remoteManifestUrl
assets/res/raw-assets/70/702efd35-df4e-4505-941c-5a8a5f36946b.manifest	206	129	3993909903	3b8eb6f00baf1fbb0be8083e73666a656332e9bbe54fc60288deb8f422cd387b	ddf3ae782cd2fb86d3520fab263e114d	manifest	2	ok	version,name,zhName,packageUrl,remoteManifestUrl
assets/res/raw-assets/70/70ad8aa6-0d5e-44c0-80f8-7ddfc8f1cc80.manifest	206	129	1568056930	806b10bdcb23ba550e39195d3e03db3bd4423ae0a18a0b07d7b772097d49b585	2aef1a1ed9b0f54ace7d9803d9d4f6b7	manifest	2	ok	version,name,zhName,packageUrl,remoteManifestUrl
assets/res/raw-assets/70/70eb5788-0637-473d-ae29-ad4f077fbeae.png	28794	28794	148273537	3cef9a385980df29b04535d794146cbd0829cf34aaef2ab63b9840000c33a3b3	e37970d0375babbba5256cc4fe41a874	png			
assets/res/raw-assets/70/70f3e0df-280e-43fe-bf30-79f68f0f6a33.manifest	194	125	3595289799	70a3772a341b06185f769002ca56ba5a843b98bb864356911f7320d46e9cdf03	25d503c0653093f7b0725e930390b67c	manifest	2	ok	version,name,zhName,packageUrl,remoteManifestUrl
assets/res/raw-assets/70/70f91277-5a95-44b1-9ecf-71600e58e2ac.manifest	206	127	3322657831	b877466e414392c2e0e4f841f5a6a1b20035c2716356e393399c139a5372f14d	8748173b27dbca358a991f35f87c5d40	manifest	2	ok	version,name,zhName,packageUrl,remoteManifestUrl
assets/res/raw-assets/71/71561142-4c83-4933-afca-cb7a17f67053.png	1051	1051	4232047205	93b95ab5da78de9689309b2d0a2b84942cd0261bea1d288a3c383cbf76d3df79	e7ca95331f54f2d6a379554d975fb676	png	1		
assets/res/raw-assets/71/7182c53e-6100-4a01-9e8b-24d1c3450d6f.manifest	198	126	1009359393	31e7740872253f705658128ed1161be218aad20b7167d1aee6f842bd4ac9cfea	4076f73a61244e1c01ef5325ef223558	manifest	2	ok	version,name,zhName,packageUrl,remoteManifestUrl
assets/res/raw-assets/71/71ba0df8-f44e-44b6-b859-4d2f78b14fee.png	29476	29476	3149489153	10851356d21b3a47360d7fc2ca759b2599ae76dc33ff9919bb41c388e90b4641	ad8281bd1b4bbdc06a8f579f70516f18	png			
assets/res/raw-assets/72/722f633c-2246-4a30-bd8a-fd399e3fb72f.png	11377	11377	896455847	13d899d0bfbd1ddad70653c6f78c189b761e269d3bfd6b111ee57c36e0cd02fc	00228dc385d05fe52be5ce6315f18f54	png			
assets/res/raw-assets/73/730e1bec-48ac-466a-a362-6574c5deaa5c.png	6108	6108	4085658116	384937cd7421a9989d471121c2b99df2d29497489b03a43c0c8afb5966f5d8bc	a1f956651c3fde15c57f73838ccf8b1d	png			
assets/res/raw-assets/73/731dbb29-0473-475a-b5b2-3b45c36b713f.png	236119	236119	2115779780	5d8897bde8043f2f478a870019e61c5dd50286f377e844373436107d754fb7f3	2896a9438f42cd4b7163e47e03f4e3d1	png			
assets/res/raw-assets/73/732004f9-7731-4034-9a5d-bc5707600a02.mp3	14900	14900	2682050905	bbc3a756bdd50b3e2452f8facdc17c80f4a6326bbbef9760006fdcf13f0091b1	82c46131c095fb9e839d69d19f3fb8e7	mp3			
assets/res/raw-assets/73/73518c6d-138a-4727-ba1d-48715fc457b3.mp3	13014	13014	614069073	02b5ad0a7f7fe510e96333df93903e10bae15b1156d59ed5f92b1caeb0df5c70	a90fc5318e3ad215db71c0d444ba1658	mp3			
assets/res/raw-assets/73/73a0903d-d80e-4e3c-aa67-f999543c08f5.png	1423	1423	573416602	ddf87c8d938f6122cb93a9eb2e0876257cdad425fa0704808101c5b2e1ab6b70	b5e649542b6cda8cf01f141dae06941f	png			
assets/res/raw-assets/73/73b4d6de-85ac-47e2-ae6a-ef5474b0c899.png	35635	35635	4025641490	4c0137f73ae026dc0c1ee76d7f2447618f45702ecd14d831bca2d95e315e194d	625b9ee2cfaf8cae4d4584ae972c1a9e	png			
assets/res/raw-assets/73/73ea0597-cf24-4080-b928-54626e47c75a.png	4200	4200	1603366704	a97dc873cd30503d8298dab13e03e4b85c7b1cf45adf8affbdaae3a9946f9db5	2e258f9b0637c07e55a49ff682835dd0	png			
assets/res/raw-assets/74/74531c05-b12a-4e1d-a985-237819f9f4b4.mp3	7772	7772	443221089	4013468ed0676236e35a7d2a8943d57b595e4e2d586de27610ced8a0efdb0516	13c001339856762cee65f76bfa9dd3fd	mp3			
assets/res/raw-assets/75/752e6c8e-79d7-4c8d-ac13-b858c30ff60b.mp3	25839	25839	3200723375	0e6ddec19adce9d18cb1eb40dc52a467f8bd3996e79db1cd86d194b455021c42	a67311dfa55624d33fe4b2ec44b963c1	mp3			
assets/res/raw-assets/75/754b8944-adf6-4d41-8f10-528e411a5e7f.manifest	182	122	1510769163	f7f5919068e2df7e7a4986858a36b496169ff56896ffc89e95408aeb5217c311	005899ebcc4415e29a4772a24643215f	manifest	2	ok	version,name,zhName,packageUrl,remoteManifestUrl
assets/res/raw-assets/76/762185ae-726f-4ddc-afa6-fe3f8c073429.manifest	210	128	4057793464	5e679b5cda8c12f7e09995e17e15ae0a0c381ec7d20d084f2930b5a73b068d65	b5b24ed4e71ebf5018e691204a203cfc	manifest	2	ok	version,name,zhName,packageUrl,remoteManifestUrl
assets/res/raw-assets/76/7675c344-e8d6-4103-ad9f-04f4b8c4b4ab.mp3	42080	42080	3238331682	ff31ca25f87cf35ef35b08ed2965d6482979876c667388a0fbffd8d01c357bf3	6906dab4fc0df1a40dc7d9b826933b16	mp3			
assets/res/raw-assets/76/76e34013-d861-4bb2-8dde-f3b504908f21.manifest	210	128	852580349	168f81b592308d96b40ccff6e6729273144b66f500cb5d69979c3264cd9c18f4	a64d7ae61fafb332b46466f2a8a96952	manifest	2	ok	version,name,zhName,packageUrl,remoteManifestUrl
assets/res/raw-assets/78/789838ad-e35e-4579-822f-fd41e2cc9a07.png	9585	9585	2596144262	408b9a62864d26d95913f9ec8e327ccb2c7560c27178ee35791874ff7549a55e	b0fe157b8536925c8171724f3b2dc7d1	png			
assets/res/raw-assets/79/79b115cf-4df9-46f4-852e-0b8a2573dc4b.manifest	214	130	3315761477	d48a6cdd386248c2a4eaf92a8b788bce2c5eb5cbaf944b777a6705bb4be1b95e	fcaaa57b310f885ad526179aabbee393	manifest	2	ok	version,name,zhName,packageUrl,remoteManifestUrl
assets/res/raw-assets/79/79e0625b-a4d4-44e2-bacd-4170d507a002.manifest	226	130	4135421163	2676717982ab354052129020fa11bdb39070e2dd3e3b6039dda4493a2c3de5c7	1f9a541ee3b41e92e9ef45c33077a1e2	manifest	2	ok	version,name,zhName,packageUrl,remoteManifestUrl
assets/res/raw-assets/7a/7a1e7143-10c7-407d-a40f-b62630da8322.png	2241	2241	1089495444	35eb9d8fdcd74293630f6283f52855ed7ee92798dcec1c22cd9393079b5cc822	a8652934357d672630c9adf2652185d7	png			
assets/res/raw-assets/7a/7a32619f-24bf-43f8-9b67-58c2ca0020f5.manifest	226	131	4121815179	88b48f6f0cb3407c1241e39be0254600ca32404e3907c0cd771f12c8c2880cd5	ca78d4710d63380e6e3e40a8aee3f485	manifest	2	ok	version,name,zhName,packageUrl,remoteManifestUrl
assets/res/raw-assets/7a/7a35d993-ffc4-4602-a3c1-d7781c4d6e25.plist	20720	14048	2519260179	3e3e1e3f0758f7226551916f146e523709fe7e8fa7b4a8f515fefb46185865ab	39ebd0c3fd5a8cb93c4790cf4a2de3d3	plist	108	ok	angle,angleVariance,blendFuncDestination,blendFuncSource,duration,emitterType,finishColorAlpha,finishColorBlue,finishColorGreen,finishColorRed,finishColorVarianceAlpha,finishColorVarianceBlue,finishColorVarianceGreen,finishColorVarianceRed,finishParticleSize,finishParticleSizeVariance,gravityx,gravityy,maxParticles,maxRadius,maxRadiusVariance,minRadius,particleLifespan,particleLifespanVariance,radialAccelVariance,radialAcceleration,rotatePerSecond,rotatePerSecondVariance,rotationEnd,rotationEndVariance,rotationStart,rotationStartVariance,sourcePositionVariancex,sourcePositionVariancey,sourcePositionx,sourcePositiony,speed,speedVariance,startColorAlpha,startColorBlue,startColorGreen,startColorRed,startColorVarianceAlpha,startColorVarianceBlue,startColorVarianceGreen,startColorVarianceRed,startParticleSize,startParticleSizeVariance,tangentialAccelVariance,tangentialAcceleration,textureImageData
assets/res/raw-assets/7a/7a94e381-9776-4d07-af84-b59e8cf3edcf.manifest	190	124	2899148600	6009dbb49ba85e2c2c2fad13a31ab1367537f838ff64fbf79145e5fc25fceec1	1754c47377103aea1b0af28f83bc7e6f	manifest	2	ok	version,name,zhName,packageUrl,remoteManifestUrl
assets/res/raw-assets/7a/7ad5a6f8-d605-4ed3-9f75-21ac4afee16f.manifest	212	137	2285355167	9efb94ece6f63e5713899dffff727d94bdbd4e75cd9057841dea9836f5c9eb5e	26f9e59527a0b883cc4170ace1452a2f	manifest	2	ok	version,name,zhName,packageUrl,remoteManifestUrl
assets/res/raw-assets/7b/7b0f368d-07a4-4db4-abd2-558522c29409.atlas	3240	512	2300389743	b7bd86203ecd7db14b045d1c5bf929629b3c332514efb0e8f935432ec28ca870	4277c7d7ac44f24169bbc97b73ed929c	atlas	217		
assets/res/raw-assets/7b/7b2d49b3-db70-4c86-8619-1426c13f2cce.png	36533	36533	109309483	713d4d910769ec677a250c29cd5049e43ca4f7426b8444aec89ecde62c680bc9	0de48e3b362994858ba85600cf51306f	png			
assets/res/raw-assets/7b/7bd1fa47-eb2b-4100-a0ce-ec5bdfe8e127.atlas	5745	970	3271160615	6558f29e56bdcb743dd46810654258906d3a3bbbe0918b6de1e0041814d957b9	130fa8c03a6c6ddea61f7658df96b186	atlas	406		
assets/res/raw-assets/7b/7be8e857-ef0b-471f-a9bc-1ccf670efef0.mp3	22172	22172	275031397	3aa18a985c5379e27110ad1f97a0d3d97cc2e325979b0b56f550f19611eb6aff	fdce312d6be86651a3c4a34e5d21bb56	mp3			
assets/res/raw-assets/7b/7bed5dd0-5eb7-4f0b-8d21-1f6ddd79b767.png	2270	2270	1002033700	720ba6bea8c6a8b7736290c7fc228af24690f60b37b70dbcb3f0fd9c4171fa0a	6610cc63f78ff21ce6abfee84009e7a3	png			
assets/res/raw-assets/7c/7c54c32b-ee82-4bde-92b6-7fec0615a6db.manifest	214	130	4147195774	1c98320f8cf4ec08f8335f01d712e50e1210461dbb7111d495f223033e04c261	c82371a87e787c2f3ffe56248cc5334b	manifest	2	ok	version,name,zhName,packageUrl,remoteManifestUrl
assets/res/raw-assets/7c/7ce0a00a-1b63-4f44-873b-450d11b83327.manifest	218	130	2236077186	da1b25529ddd79c01de7a625d6dbf0a02eee3948c05fd1c563993e3039120ded	1bfb374ebc3b5a9da905781484991f9c	manifest	2	ok	version,name,zhName,packageUrl,remoteManifestUrl
assets/res/raw-assets/7d/7d36e207-0678-4229-bb8f-5e0befa27582.manifest	214	146	312319708	6a0355226426310b8e24006980a8dd405ed3cb93ef854f1defbfb9ec140259ec	489bbbded48d74cf95407b9b600177fe	manifest	2	ok	version,name,zhName,packageUrl,remoteManifestUrl
assets/res/raw-assets/7d/7d75fbc6-77f6-40da-b415-89ca0acdf574.png	9322	9322	1929604106	6d7d3270227b7b19a2719030789f7cd3f56632e76511574fb9ecee219cdf923f	29e52dd681d19f218d4320f3a27b4a5c	png			
assets/res/raw-assets/7d/7d7b0e9c-1c97-45a7-a48b-f7475575571d.png	45779	45779	2742396787	8c4cfd6cdd1cabaeedbab241472c9048233fba27172d3ec0e21e8484430646c3	92d160c29ddb98658401bea5f7a61623	png			
assets/res/raw-assets/7d/7dc3b32e-392f-4915-89da-2ce9d02560a8.png	26166	26166	1548847910	af4b7cdf940413ed6215bbf3eca5240170bdaea04fdaa44da6fef63c02ae50db	acd5ee44cc386dbcd91944c250e98b0c	png			
assets/res/raw-assets/7d/7dfcc304-ee31-4a99-8e68-43d14e96c700.png	7705	7705	1730031803	b1aa4b1d4204a9dc6221208cf9472319ec912d0f87080b288996e3f22cb59435	1ecd92589c4959988b2c00820263e155	png			
assets/res/raw-assets/7e/7e52db12-d208-442a-97b4-05cef7c1a693.png	43194	43194	2189245869	ec2c44893d7813ff5c81cb6f885671e03cdfce5a98a186a53a80e616f7c510e8	11b47d464481919f6cb8953e2a6f6099	png			
assets/res/raw-assets/7e/7e729cdb-9f65-423f-b107-4b4ab437317a.png	244872	244872	3264445451	d83e785602b30f58a2d3abcf99230bc69bc5e5e38dafaed538ad1e8ad3fb4551	272d41951c94b810e80bebd9c4e27477	png			
assets/res/raw-assets/7f/7f1024bb-3513-434a-92a8-ef03f7f75dc2.png	27199	27199	3034112665	cd163bd3269ba171c36702863aacdd62c0ec2b5bc5d5b1ab4cfe4ef3d36c17ba	b37c3960c1e6e7b8f5ed4e6932b36544	png			
assets/res/raw-assets/80/809f9773-b8b0-409f-8f39-be17bc13dc8a.manifest	194	125	3339924203	b97ee3a49245afec310ccae5b01a566423b77952208dca56dced8615151bf6e8	7b7bab753b703c4da262e313827650e9	manifest	2	ok	version,name,zhName,packageUrl,remoteManifestUrl
assets/res/raw-assets/82/821cbf1f-5892-43d2-8c14-eb22811bcf47.mp3	14648	14648	3924065241	78cc03e888e697a8045ad91ea6bb7ddf6f9171240827a4c14ca3e79c782dd5b8	ce21fd5cf7cb96d8deeacc88e7e36c3f	mp3			
assets/res/raw-assets/82/822ed93b-78b0-4574-99a7-1bdb4c62f2ff.manifest	218	130	2012694171	cf8d159a5770f254110a9241c72b0e80a0f04722916261051ca91df71625678a	86ca186e1cdbe956f3bc363182eb718b	manifest	2	ok	version,name,zhName,packageUrl,remoteManifestUrl
assets/res/raw-assets/82/82574817-7a4f-4fb2-b4e8-c2754e1a25c1.png	8474	8474	1797601743	45e124ba22bca9c4e18e941dca0411d54f493525f7912515fc418e0ef8fd86b5	b332c0be7f5e1d48c21b62a5e6cfe901	png			
assets/res/raw-assets/83/83380dfc-a208-4667-af97-3382d937838d.manifest	210	128	1294888076	2d297a9b02bba32cb630e4c296d4d15be9d8269c7076aab035557de44ec91247	f071fc1091298921c7db0b8074e5b08c	manifest	2	ok	version,name,zhName,packageUrl,remoteManifestUrl
assets/res/raw-assets/83/83410d64-b184-433b-92a4-da1804c7cb80.png	27157	27157	3630450815	9cd27b81dc17926de4997b346cdd4363e60c2cc031b74866ae84691916ba9ffc	e9f4c4def2e229a32d906df0e1ae07f2	png			
assets/res/raw-assets/83/83d327af-d0c1-439f-ae17-f97e63f8e55b.manifest	218	131	1795483416	0120fb91fc47648ddcc40ead6f5e097bb1245655f57adde4b1e29cb6a4189bf5	99f0998be3dfd61ab750112934bb0c34	manifest	2	ok	version,name,zhName,packageUrl,remoteManifestUrl
assets/res/raw-assets/83/83f0fb9a-69a2-4210-86f5-f6cbba19a5b9.png	36714	36714	3367552310	88b79ae14fcf01736f8d9ecbdceb64797cfe98d21a6e86cbb2fa374db7f6a0a4	5a280b9c686f60b09559c583fb178614	png			
assets/res/raw-assets/84/84869634-c4ac-476b-82f2-31986db34547.png	684	684	1937659839	bcc06d60cfa6b86e4c58267301a9dcc789ee2f407fc2ec88d2e6b5ad50fb3ac3	f6a3419836e12a9e8682eca0f47fb0f5	png			
assets/res/raw-assets/84/84c5570d-56fe-4b22-a544-49157ec94792.manifest	218	129	3338513230	a9b99beebae8527b0d22f1437122555f892146c65ac07b8fd5b58416c3fa450e	22d6f75da96729396552255596d9d4a7	manifest	2	ok	version,name,zhName,packageUrl,remoteManifestUrl
assets/res/raw-assets/85/850ff4a8-4ee3-4276-9a40-dc7109762d24.png	11721	11721	2270036288	1fc1918da7a028909d3c533fed953042514b555023b40ab6f4e7ef3ba1f0b3a3	00f9daa6d667b088b380955dbb464763	png			
assets/res/raw-assets/85/85657699-5790-4caf-8142-9e2d848eb9d9.atlas	2263	460	1389105307	db731c963b46ca4e5e14e52d2815a6fd6f58b29e13ec0e93bdd7ca89b7a182e3	00a52149de2be1f4583a190c66984e22	atlas	154		
assets/res/raw-assets/85/85a8f0a1-9f5d-4acd-a3bd-2fbbdd189ec5.png	66374	66374	2340735018	1fbe31344c843bfffe53f1e1f86c9a0cd2002f8aa48fbd4154e7662a18b2530c	0745b933354499514895e5b401541a28	png			
assets/res/raw-assets/85/85cb3283-df0b-4bb7-8215-a25956c33980.manifest	211	145	598668801	3cfa334daaa982917d24f86918e2415f809ef471b0bc70f7fc2814e36902a31c	863f1c838e53105b96848f01ff54f62e	manifest	2	ok	version,name,zhName,packageUrl,remoteManifestUrl
assets/res/raw-assets/85/85de80f7-a503-4c2e-b58d-942d234bc251.pem	215556	122104	1280372281	79ea479e9f329de7075c40154c591b51eb056d458bc4dff76d9a4b9c6c4f6d0b	2c43548519379c083d60dd9e84a1b724	pem	3339		
assets/res/raw-assets/86/86095591-5af7-4184-9527-335f40773578.manifest	178	118	1010550993	0f4450793f887744c0cfc95b50a8d32711725b566865f5e97de47c8a26d1961e	48e6f1189f1276ccae949508be171d67	manifest	2	ok	version,name,zhName,packageUrl,remoteManifestUrl
assets/res/raw-assets/86/8663b78e-e211-4a5b-9a4d-b60ae6af8f7c.manifest	190	123	3244790419	7cf043bc893f88524dd1b4c5101f5e64cbd7080fe6318e521166ca0bce0d70e8	559678049625a4aac458277b6302e115	manifest	2	ok	version,name,zhName,packageUrl,remoteManifestUrl
assets/res/raw-assets/87/87a00793-3299-4efe-9f6f-bc9f02922c5e.png	7939	7939	4151174303	4086103c2d974bb90b2d8fa1170567af8d69663814740d9faec18560f5e3d2cd	20213eb54b66ea64f700abe95eaa4edd	png			
assets/res/raw-assets/87/87bc35fd-4cfa-4549-9342-eee034e1531b.manifest	206	127	3003599183	a3434e767e310ff555de4e3f50fd922450caa136eee019acc9ba10e33f0d2002	e55c7301ab770c88ef158484a7c193d0	manifest	2	ok	version,name,zhName,packageUrl,remoteManifestUrl
assets/res/raw-assets/89/89854930-002c-44c7-bf3a-e4efe70d7269.png	48745	48745	3551926330	0aa9e2959ce1e4c547400083d11fac27e238ed3ba01f6a54ef1b467d0b94ccea	509028e98620708cf173866e23f90cfb	png			
assets/res/raw-assets/8a/8a0effe2-ab17-45c2-bca2-eaafd489b633.manifest	198	125	3208124874	77f541a0e8975c079aa74b37ae5dcc315a77e58c59e5fb904ca7260d6429db78	4d58954292f0e8831362f6a322f949ec	manifest	2	ok	version,name,zhName,packageUrl,remoteManifestUrl
assets/res/raw-assets/8a/8a1a3d4b-24d4-49d9-b4ef-451703941f76.manifest	182	122	2359927139	2de4a45d0268bfa9da15203fc34364e05c47292229ea8d9de2d2e276e72c1704	9fb20a0f8610ca9813e73ae3e510ed14	manifest	2	ok	version,name,zhName,packageUrl,remoteManifestUrl
assets/res/raw-assets/8a/8a96b965-2dc0-4e03-aa90-3b79cb93b5b4.png	1440	1440	2044128497	4e72176086babd7b7a978da5e0438e2069f91a5608210e937df1d670cbb43bac	e5fdfbdb796363e55b8a86df59a08ffb	png			
assets/res/raw-assets/8a/8ac81666-33af-40c0-a4c3-99a0c2eccc74.manifest	214	129	1349842045	78f729289559f3299ca2fa5fcde667e2a23bd4cde9a320509b1a42610e377cdc	2a609c5cd1398e5bf59c03b63214d444	manifest	2	ok	version,name,zhName,packageUrl,remoteManifestUrl
assets/res/raw-assets/8a/8adb20da-2ccf-401c-a289-34b1b0e633d4.manifest	186	122	4029461294	2758ef34c329085af788854343f53545eed9edefea8b79bcb7c76c605d526a28	d5bcbe023bc969bde766e277323356b0	manifest	2	ok	version,name,zhName,packageUrl,remoteManifestUrl
assets/res/raw-assets/8b/8bbf0b33-6b38-468d-9341-801563280a19.png	2820	2820	1177687483	55528e1b045a3417f7174f810c69a42a26405c72a14339bbd167ae68469c2ecf	2dc5748c6bfe388f961dead62374a2fb	png			
assets/res/raw-assets/8b/8bd89559-6a3d-4213-9983-e76d00644521.manifest	198	126	1557597352	ab81722d7ec70357183db81df3580b9626f85cb75a28a4823a9469a8a5095e15	714605c52c1326104f6c798abc264711	manifest	2	ok	version,name,zhName,packageUrl,remoteManifestUrl
assets/res/raw-assets/8c/8c31d8bb-449a-49f5-8bd4-88961d118cde.manifest	214	128	1831074836	87c263f42c4a59c8c0bfff173233c2f6a6f1787c5e3db9806de9731afe8e870d	d11c4c0173590fd41e52b80e7ef10e66	manifest	2	ok	version,name,zhName,packageUrl,remoteManifestUrl
assets/res/raw-assets/8c/8c7ae5ed-ac6e-4cad-951f-d4708e60fca6.manifest	182	122	1957370928	1c6fe0e242d6e944d71fff5d2e2a85d10be49d933386dde5daf7e043413c6876	fdffed1dd95aea8bf4e1bad4284f8446	manifest	2	ok	version,name,zhName,packageUrl,remoteManifestUrl
assets/res/raw-assets/8c/8cec98a3-d1b2-4a09-ac11-4fe2e703f8f7.manifest	202	125	3412201104	a68596c070848884573fa7affcb5d83a41a795182f29c736c245b0e0b3f49f13	f81e51d5170c8704544e6c1c7bf3b357	manifest	2	ok	version,name,zhName,packageUrl,remoteManifestUrl
assets/res/raw-assets/8d/8d7393a7-6b57-48da-a28d-0bb9cf34477e.manifest	193	141	1455148661	877980690c699fcbdaa8012ce4c3720bae2a133a49600358014996f8e14b6a48	f0f6e851a63aa654cd66f3f578861e62	manifest	2	ok	version,name,zhName,packageUrl,remoteManifestUrl
assets/res/raw-assets/8e/8e135bca-c3ca-4e12-b9b3-8512c70b3f24.manifest	202	126	3494244811	b2e1f13543fa73e0d1b5c5eeb34546b503dd6b669f7b5590cf245db9008adabb	eec1a2710359de35b791a5d20be8427a	manifest	2	ok	version,name,zhName,packageUrl,remoteManifestUrl
assets/res/raw-assets/8e/8e21633b-dffa-4bdf-a72d-7a8df83f95fa.manifest	190	124	865616950	e4d7cc34c21c9f2a4f61a5b7b46f3447d1c6d60572f91f60e675ce6858e88d15	dc209d0b9ea3d5c0cdffcfcf1ef7e241	manifest	2	ok	version,name,zhName,packageUrl,remoteManifestUrl
assets/res/raw-assets/8f/8f1adfac-a41e-4b1b-989f-402610f23d5b.manifest	210	129	272169124	c637e2f275c9f195ddd0405d08d5f4b9abc1d65467174046019bcfa6aceccde9	032f91a91a8933688cf5ac238e4c3d30	manifest	2	ok	version,name,zhName,packageUrl,remoteManifestUrl
assets/res/raw-assets/8f/8f1cb4b4-907e-44e3-b3b0-2f38f5e66b67.jpg	127165	127165	3737218337	62d68aa83d9434a789bab49e2ca028a5471474491a1943b5ea58f08ec9bf027d	e7bebfe0233726e3ba1229ea0d60a430	jpg			
assets/res/raw-assets/8f/8f34229b-9d6f-437d-b67e-8a98b18a85bb.png	203520	203520	3569546619	38aa6ff8644e5d34d87c0ab47adddaed078c74a4b94935c4ca84153db824b6d2	8271eea12fecaf8e64cfdb18fb043ba9	png			
assets/res/raw-assets/8f/8f7816a8-5b97-4e45-97fa-5de0419c9ed6.manifest	222	131	2657881860	4b8d714e8b2d52bdbf4c3fd762784756127b98dd5c3fe9e085398607a7004517	8ed9a1648f62f2f9606d650a227bd42b	manifest	2	ok	version,name,zhName,packageUrl,remoteManifestUrl
assets/res/raw-assets/8f/8fdda90e-9515-4ee8-9302-d59cf50833f2.manifest	194	125	1628737745	57e7b8214015aed5c6f2987dc58c6111d5c79d9b1bccc111771a8492bcce218f	434ac422b848baf40ed1dc27e92fbda4	manifest	2	ok	version,name,zhName,packageUrl,remoteManifestUrl
assets/res/raw-assets/8f/8fec4428-032b-4550-9d37-2498008fd8ce.png	10262	10262	3006778634	8cb6710db2645bd3d04ff35210b8c61899008a4b27a984452e7f15e7f3d4fdcf	f4ff3e0c8b4d566d620a4b2228c65860	png			
assets/res/raw-assets/8f/8ffdc729-6c03-479a-a1bf-baeb7d618bcf.manifest	12639	7276	196989230	851f54a584b8c32d5f5813eed7b2fc8537bdbb0f50fd53f1573e396d015aeb45	861c3b798025fd8ebba4fc20edb917ec	manifest	2	ok	version,name,zhName,packageUrl,remoteVersionUrl,remoteManifestUrl,ios_review_version,android_app_version,ios_app_version,androidAppUrl,iosAppUrl,subVer
assets/res/raw-assets/90/903b873f-dc01-4ece-8c63-93ab3a6d4e54.jpeg	478012	478012	2837522625	ef14c17c156b96d469df03eb665b4e71726a63892d5428b3c6a25e0dc49572f9	4c960cc7750eee5141603f640815f763	jpeg			
assets/res/raw-assets/90/90e5bb5c-f6b2-494f-9bb3-82f05685ddf1.manifest	198	126	3563236001	e1e0f63ece5fc0e4ee2a9059ebc603080065f08f41384a509405d8469b39b21b	7916a7ea6ce0967564a3d4d9db3a4254	manifest	2	ok	version,name,zhName,packageUrl,remoteManifestUrl
assets/res/raw-assets/91/9140c7d6-d53c-4652-bd77-65acf6fad39b.png	14499	14499	2576790129	9601f3321f60e3ab873667dcae0427a520eedaa856321e56b322cea0fddfb2f9	f07f3a6e5b995799f44f11c7b13260b1	png			
assets/res/raw-assets/92/9238f021-59c1-4b7b-a3ac-3be0c776fbb0.manifest	184	133	1771758106	4f279b8b1df18003ea7c03bf6bc7088bd8994ed95564583ac2173dc980239e07	4b5cc890b5607e098fd4168aec5e6d6a	manifest	2	ok	version,name,zhName,packageUrl,remoteManifestUrl
assets/res/raw-assets/92/928049f6-b144-4038-a96a-e6c2d3549f76.mp3	7088	7088	2237443324	7836bc1349ce9dd8037681fbec641c95d97d345c5c9af3724b4d7ddd1e43ecab	a07d60e22b25042fdda47ea15cfadbd3	mp3			
assets/res/raw-assets/92/9299f60d-2cd9-4a9d-8291-d6d18e005c73.png	27379	27379	3252274598	d903908cd9631cbd48e4c80e99d166321300bf1446072e63ec35ed73d16cf27f	3b56640fcb159854b5ab44dfb1d09755	png			
assets/res/raw-assets/92/929ddff0-fe22-4e5f-9284-a8cd3b3b8782.manifest	210	128	1777140946	7678887b5395edb96000ef801894955182208893049099e8207627ce6a820a95	7acd94b973b63f5666493246dfa3a464	manifest	2	ok	version,name,zhName,packageUrl,remoteManifestUrl
assets/res/raw-assets/93/931406ea-9df4-406f-a5d3-953ae1234089.manifest	210	129	2182841374	48fe181901ce4ec9da306656bf465ed75354fe56754cd46481f701d998fe3c99	18707b31d91d8f9883da71b3d0c2d58c	manifest	2	ok	version,name,zhName,packageUrl,remoteManifestUrl
assets/res/raw-assets/93/931501b2-d632-4318-9027-0a61e40cf7f9.png	12217	12217	958484883	98305d7d44a891c0979c2b413596dd62c33f2394f91d6d594dce1a34fc2f5045	3466132d99218f3bce7a6c49f3ca1324	png			
assets/res/raw-assets/93/932f7649-59df-417a-9e78-e1b6998aa491.manifest	190	124	1083394168	b4cae141d6d7853736ef9702651aab358f3993077ef3c59e5913fa877fc9c0fe	a8b7df64ebff03e5589c6fe508e80141	manifest	2	ok	version,name,zhName,packageUrl,remoteManifestUrl
assets/res/raw-assets/93/93758ba6-04e0-4b08-abb2-f72a0319aa50.manifest	194	124	1500209788	2bd4e869732d83f995f265e9b11061a9642f35e5d88e6db2f6971b3b0e8f8420	c0a2e5a5f3f069051afd10f2539ffd2f	manifest	2	ok	version,name,zhName,packageUrl,remoteManifestUrl
assets/res/raw-assets/94/943d3783-e4d3-4219-b945-8e2133e48229.png	5399	5399	2081078250	fdeeac4129035f72c69eb5551d5cdfe5fbd26af17fc9f9c2f55ec355e8608e9a	e30379237c54200097ecba8e7859a605	png			
assets/res/raw-assets/95/9510383b-cab3-4dbb-a331-5e8e96b1f7f8.atlas	5745	970	3271160615	6558f29e56bdcb743dd46810654258906d3a3bbbe0918b6de1e0041814d957b9	130fa8c03a6c6ddea61f7658df96b186	atlas	406		
assets/res/raw-assets/95/956b3cf9-2f13-4850-9ba5-7b90a630c8b2.png	7099	7099	2201261810	c085af64d11782414f2e18aa74b036af0a0db02246dcef2911a111e9b6723921	ac60e2ec60100daebc39cbdcbb2efdf8	png			
assets/res/raw-assets/96/9604032e-cc98-4e88-ab54-f754990ba749.atlas	2410	489	1647136680	0b3f735835439057cccdf1bd5f1bbb693486d01b2bc57dc0181c880694218aaf	f8d3c6e28d0251f11795b26a935caeb8	atlas	168		
assets/res/raw-assets/96/96144146-e10a-471b-b893-ef01aaa21669.png	2459	2459	2018270453	200d3eead4a4255bfd162f721689ecdb547fc7a229ffcee9600984e3ef00f52c	7cef3e8601a832e9c126fcb9d5823241	png			
assets/res/raw-assets/96/96b24541-d844-41dc-8e72-45a69adcbf06.manifest	206	126	2405446716	f3c8a584dbd22ce73c1626d952069601be1c52fc0e2f32d63d1ea8d6e84054b9	0f8e4eb834795580c3586f67efa2ca56	manifest	2	ok	version,name,zhName,packageUrl,remoteManifestUrl
assets/res/raw-assets/97/971223db-a03d-4b2e-84b6-9dae9cc28a91.manifest	198	126	1478714520	27b93e6b7278c0ecba9c2a26f53fdcb9d6f5de09c28beaaf8404122b6e734ee6	f8387f116135b62296a572e8700774b0	manifest	2	ok	version,name,zhName,packageUrl,remoteManifestUrl
assets/res/raw-assets/97/975591d2-878f-4c37-9d9c-61f6dcaad6ef.manifest	206	129	2323068968	c9933a2c164c657b4c7df9944486d3bf64e821e9c02a03f8550739f1ac9207a2	883c116f27f60a6b1d3b8383e8100bbe	manifest	2	ok	version,name,zhName,packageUrl,remoteManifestUrl
assets/res/raw-assets/98/9814c355-d620-4a7f-8b2d-20e5db282e5a.atlas	253	154	1452197700	201dd096fc7ea8efa80158fd67fa38ed6cda6e369dbb19aaeeb39572725eea90	384a5718253ad73ecc0bc6923e99fcd4	atlas	21		
assets/res/raw-assets/98/989a623e-1a44-44f7-8dbd-65b87d656a1a.png	17884	17884	1301087666	abe2c1d04cc80b90586cd464c76b9f8e31103ea011a4ddd5137f29b0a2fa56fe	5f259860a5bdc225b3e752ca798f44ce	png			
assets/res/raw-assets/99/991777b8-cd38-4d30-a239-c0b4ec9697e4.png	191626	191626	2910203765	17cca006b583a8e371a76b5b07d13fe43cd4adb1c2c0cb1616c60048a3e8018a	570d680323efa95624ee0c363bdabd4c	png			
assets/res/raw-assets/99/999bd4d9-db8f-4a07-801a-780c9bb1575a.png	97059	97059	860427416	e30e3522b0710f813c24189707e1492ae5dfe933a8cd2b6bc74326563a68b3e1	3279f3939902d957bdf90d5c63ae56ce	png			
assets/res/raw-assets/99/99d32e12-d611-45c5-b46b-90c424234d30.manifest	182	122	2942898252	ab2fce49749314330f4191a72e2489773b9f5140463e5395e3e44e919e3770f8	fe3bc23494f9acb21717ba701258cfbe	manifest	2	ok	version,name,zhName,packageUrl,remoteManifestUrl
assets/res/raw-assets/9a/9a0475fe-44ba-4439-95ae-813be5af0179.mp3	8312	8312	999114775	b2e22a0cd9c0e5b73e7afc216a0115c5bbadc64a9391dc32f4910deea7750fe5	53f6e8e9a0cae16a0c505e2b6b8d74b4	mp3			
assets/res/raw-assets/9a/9a22b2f2-f6a4-4152-a08d-1e172e8dc4df.manifest	198	125	3408843629	e75d39750baad0fb8a3b3cb98ec046e9227ffb63201e4b21dee7ea8e695e7001	32874facf0f3c56263fe98a13b72ec96	manifest	2	ok	version,name,zhName,packageUrl,remoteManifestUrl
assets/res/raw-assets/9a/9a30cf08-ceaa-4433-bc49-8c3f472ab697.png	33432	33432	3949129665	391c8f4d04c050e9330fa069a5017fd3cea1d04846266bf0392af9d24d3a4966	5b5109b9cbe7e687058590f2567663d3	png			
assets/res/raw-assets/9a/9a8eb2c2-1d99-460a-bc93-b12c70a9baf6.manifest	194	124	3874623348	7ae3bf2bd3884a4e534f621d0b78666c6c64d22a292a5f28e2e05118bf99ac15	44a4ca7b31bd419669c9de9ba3d31e1b	manifest	2	ok	version,name,zhName,packageUrl,remoteManifestUrl
assets/res/raw-assets/9a/9aac7cd0-bc03-4516-aacb-c41019fe69cf.mp3	4175	4175	2572353835	e9431d237a14fe072f50c90b1020f5dd682ab4ab88130fce939ab05c154d4315	760b1185b6f7173e429de56b05decf1a	mp3			
assets/res/raw-assets/9b/9b0824b8-b628-4a5f-89f4-9b443272e7b7.atlas	780	273	2992719943	7d5d0e482266286b6f0bf70ebfa1a64319b2069407baa580a1c55ec93fcbc8b4	5633032d7d6859a2058f8614f6d3111c	atlas	56		
assets/res/raw-assets/9b/9b380ced-6ecc-42dc-907f-e1e82693be40.manifest	202	127	2600227354	7b023c298a93d081a9dc1f36d4407aa92012e9d979a7d4bc7b38bb91d23ff7d6	1654742f5590d91a76b735dd703e69ff	manifest	2	ok	version,name,zhName,packageUrl,remoteManifestUrl
assets/res/raw-assets/9c/9c08f79d-ff4c-4c64-8e88-0ef6619fb73c.png	7187	7187	3910536098	4d2d54baa514152ee261defaa073b6dfa796496c95d725fd8289f9051a725c9e	58243db4a3557cc3bd53fc400dff4f7b	png			
assets/res/raw-assets/9c/9c2346cd-7d29-4162-9e93-518682ee7400.atlas	3936	578	2416918558	c330332992ab8445b1b0a97754c5585650c79ded7a1bcd75e729d0a6241b789d	6b1d37254f49bbd852c68d6090dffc3a	atlas	231		
assets/res/raw-assets/9c/9c53e074-20e2-47c4-a91d-85d3b10d9f47.png	26114	26114	3170918883	48f9499260d7c9750ead568f524879cf6bd13d7c95ee0c6d1d9b4e2f9d03a80a	92b6a2c4be69236629987e4bc7d8afab	png			
assets/res/raw-assets/9c/9c61bdf6-013f-4c96-841d-b487ecb0882b.manifest	217	143	665888188	b72b3d9f4b2268005d65b49a120f3901e71edef7c14cf2110e2ed618c25463cd	8ba7158c47e5934af32659d714f5aa70	manifest	2	ok	version,name,zhName,packageUrl,remoteManifestUrl
assets/res/raw-assets/9d/9d4278a9-1084-4a1e-8398-0c5ba2d9b710.png	2080	2080	1732446432	395aaed40b4a486c7135559573b381e1a485b007de00dbb93b3eabcdd666d44e	e07eb8d022f21c91a85d72ee2daf6cdc	png			
assets/res/raw-assets/9d/9d7023ff-6130-4712-bd31-beff7cfa0a78.manifest	198	125	1164261949	e1f6b438cca440d4e1b7cd330335f45556686884dc7f40168b040b651562d3a1	7b0a9cfcd0c18cde9162beb2e584de9e	manifest	2	ok	version,name,zhName,packageUrl,remoteManifestUrl
assets/res/raw-assets/9e/9eb098ef-c99d-416b-a581-b1b3719e6f92.png	68968	68968	1597495408	0660959cc95004fe1159efa6b13b64c69aeba3e63d2ed812a8a6eda5b358b7ab	40f7d69c07d0b4dc1bf8373163231e54	png			
assets/res/raw-assets/9f/9f19a6c5-bb9d-4c9d-95da-4952ceb6b2ff.png	11852	11852	2026722633	0521222437be20ddf4d5aca510b69ea23fbc22a9f23827d44be16298c538b2cd	1ff5bbdbf5a5e2a025b0ac47979ee75e	png			
assets/res/raw-assets/9f/9f262a8e-7d7e-4a6e-86e2-893abb3d26ed.mp3	7772	7772	3205849467	f0316cdee8c6e3535e4e731b7d033c6e96d6d2a6dc385b2420ba87b901745a66	6c451d3e82f8c7b5ee78f1ba0e68c2ac	mp3			
assets/res/raw-assets/9f/9f6b9128-6e8b-46f5-929e-1b79101bc844.manifest	194	124	2927496454	c2e49b160029165638f520876a9f46092bd929329f0f7246ed17e9d261cd47d6	986ab4de445826bd681e7aedb9b65127	manifest	2	ok	version,name,zhName,packageUrl,remoteManifestUrl
assets/res/raw-assets/9f/9fc6cd89-69db-4aed-8e6a-06c1476c5158.mp3	7772	7772	613968615	5dc29539e2e6cdd8a237b0a1b16ef69f1eefb327e72d6f58d144aab7bf9facfd	2a65857b377a0b1409fe9f12545b895f	mp3			
assets/res/raw-assets/a0/a01f8a68-6e25-47cd-b01b-707d81763646.jpg	178905	178905	3987928723	c42a325a86730ebfd680892c75ccdff23ece00e4bbe69197a84be489313203c8	78cddfa7710ab5873c31e05a9da8d63f	jpg			
assets/res/raw-assets/a0/a06b7e78-e772-43e2-ad2d-e6b729501a5c.png	33492	33492	4126147433	2f7d6ad126344691a92c58775c3a8326e818726b7522746c19eb7f91ce01ce54	266b423b00825614750d8d808bb33172	png			
assets/res/raw-assets/a1/a12240e6-446b-49c9-b58e-a2f280b084ae.manifest	211	145	1724996801	1229d1fbcd331af4347b012d2edbd4d766e81dc1b10ab874225dcdaca844dbf9	dcb457b1585493d05607e0ea9df3bc36	manifest	2	ok	version,name,zhName,packageUrl,remoteManifestUrl
assets/res/raw-assets/a1/a18a65e3-8522-4c71-907a-44d7abe0cf2c.manifest	204	134	3570675661	47520e38f2d54d233a9c1dc287a2d93cadce9e72985f2a59b05ad6427f86e85c	4400cfef73096b5ec2867622ba33028f	manifest	2	ok	version,name,zhName,packageUrl,remoteManifestUrl
assets/res/raw-assets/a1/a1ef2fc9-9c57-418a-8f69-6bed9a7a0e7f.bin	5072	1381	2169339740	d36e9336918ece7f41e4c47d9b975f7f3577b78261f3adc7779edf449f43eaef	aab5ce245be509d9b9b08ab83dc4fe37	bin			
assets/res/raw-assets/a2/a25f2592-77db-4efd-8f8b-5668ac4f94fe.manifest	198	125	946965928	e9ae5ed4e98e1599e9ff1a609c800d059be48f62992ab4ea391f20af6592da13	ec3624294412da9ea2531e05d2d6b9e4	manifest	2	ok	version,name,zhName,packageUrl,remoteManifestUrl
assets/res/raw-assets/a3/a325970c-736a-493c-8c85-9564bcdbab02.png	3887	3887	307223171	df23c276a0b4a732c0dba82698b709960e908aa61dc6a1423ce4585d2cc5495c	e540c156548e01e10763dfd122cdf5ca	png			
assets/res/raw-assets/a3/a32ca070-9835-453c-a040-d55d49659203.manifest	200	138	2036836947	fa0b157ce83ee51b85cd0659d50abd6e42a48a52c17031057c3754b5cc45528f	d1affdf785c94a286f5e95ce71ed49d9	manifest	2	ok	version,name,zhName,packageUrl,remoteManifestUrl
assets/res/raw-assets/a3/a3a04cf1-e82b-47a3-aa4e-0192686d416d.manifest	218	129	2559008690	7eedfbaec9c4dbe19d636d5523c5a2463bfc65e61dbd260931c2665562f7070c	b0a8558356e2151d0630561a892cf903	manifest	2	ok	version,name,zhName,packageUrl,remoteManifestUrl
assets/res/raw-assets/a4/a4e22a9b-5f64-4385-a4b1-ad4d7c01c560.manifest	214	129	2467744017	b96e0319ab55ec2e41c4a57fb34abed331f2aa391ac89855591f24afb9c0acb2	cff9b9f8ea287a387bf73a712520690d	manifest	2	ok	version,name,zhName,packageUrl,remoteManifestUrl
assets/res/raw-assets/a5/a55804c2-12af-4a0d-94c7-64557c4172a2.atlas	3584	688	2864280680	617a7ec8284936ae8863a8ea788d09586fb584edb580b731f5f25af2eac3155a	295a5d0248b33b40245ad49ca1fff1ad	atlas	252		
assets/res/raw-assets/a5/a5ccd464-39bf-40fc-a4f1-a967e091e3f1.png	36194	36194	3419779437	2af83c0d5894fb83d82c74b498a934a8a89de70ed6fbb984b7cd4fd6b0545b35	8e725019499d700cb6b6b24798b44ac2	png			
assets/res/raw-assets/a7/a72cd3f4-cf62-4c71-a474-eff5f16185b7.manifest	214	130	2762185987	89ba4aa343d8c61b3ec762b60a01e2ae6cbe13e4a409b34d321c82e7273b236b	072bab054f2827247e8427d4914e0644	manifest	2	ok	version,name,zhName,packageUrl,remoteManifestUrl
assets/res/raw-assets/a7/a7334bc8-69f6-42f9-bbf9-7cacb720d31e.manifest	202	127	2409302809	5eba0d6ec258ba3f009155dc8426810fbcd47aa6ddc819aeb414e05d85f5b319	bc96a192fafb4e8574d272bd105fae09	manifest	2	ok	version,name,zhName,packageUrl,remoteManifestUrl
assets/res/raw-assets/a8/a88b5780-04b4-47e7-ab4c-0e8236682439.manifest	230	132	1102012215	da6c7850f00346227f56da8ded03dfb173954d5881ccfd2dc6d95398d54209cf	0cb070ab6a8fe94d2cce6a756b38a0a8	manifest	2	ok	version,name,zhName,packageUrl,remoteManifestUrl
assets/res/raw-assets/a8/a8df4d98-ba70-45b6-88f3-3067980463b2.png	133815	133815	1478058678	10a8e16de6cd2b386ba2f74a5f5f92d44cdf00ca2e17c4f9131ad4077fe3db10	0f9bb725a00c1eb702ad26aa6d9c8fc7	png			
assets/res/raw-assets/a9/a90fb572-44b0-4bf9-b82a-783a6404451f.manifest	208	136	1313968757	56d17e57d0844303a98f9ed1b716294c50c2742be2490c1e7be46062aeac308d	c3568c9dfd031bf7d22e7985b4b7f93f	manifest	2	ok	version,name,zhName,packageUrl,remoteManifestUrl
assets/res/raw-assets/a9/a93a4b6f-f0f6-4c27-805e-fdf726669e6c.manifest	214	130	336483618	a097463d0dfc1c70a7182563395af38254dd61ed4127da345ba68b94ee99cd82	680e148856d38d599058c0a4634d8bd1	manifest	2	ok	version,name,zhName,packageUrl,remoteManifestUrl
assets/res/raw-assets/a9/a93f3fe8-86ff-4cbe-8261-955d49cd78b2.png	137486	137486	3142242224	7c2439fd82fd957d0524b4c1c1977cbfb8c2247b82ad3ec745fd7dd08229b0fa	b5db290f6b718f1fb057522536a9cc77	png			
assets/res/raw-assets/a9/a95a2b21-8ba1-4492-90ba-7d02fc1f5aec.atlas	379	193	2531093576	9bef226e9b3c87914933bfb56435601bf156c9fed675904a0552cffee62983d3	be6d49d3ab5fe249bd5ec565db9b660b	atlas	28		
assets/res/raw-assets/aa/aaa4f37b-49ac-4725-b535-4c9c724ebfd6.manifest	71551	29318	186855850	80747c832b50ad6aadcaf4c088d7159352f02d101845d2d0228dd392e220aa3d	03b9b2a39ce2b0c846339d948411991e	manifest	2	ok	version,name,zhName,packageUrl,remoteVersionUrl,remoteManifestUrl,assets
assets/res/raw-assets/aa/aad24d50-524f-41c9-8c83-82bad5f77472.manifest	214	130	1523415049	f7885e45bb057c434135568faec8f3e7e6234dbda2ac81696b925d9ba7295dee	17b9efade5ac23b0b82fcb89a06c8350	manifest	2	ok	version,name,zhName,packageUrl,remoteManifestUrl
assets/res/raw-assets/ab/ab4ba300-96f7-4f26-984c-167c0df4f679.png	193764	193764	3724600215	3982cbf078c514ce775a4d2c178339dcf631d7276b7d9e0628c0ffb17b3cc58c	e634c043e52cb7f881662355f010f9ae	png			
assets/res/raw-assets/ab/ab4f0706-ee3c-46c2-9244-3804da18be5c.png	97532	97532	1588917759	49dfb7a8fe1ea50a321923f7f2417de1fc21b15f40ad87cc54a1f5be50be4351	0042fe78e3d46ef8e5526808dd74c23d	png			
assets/res/raw-assets/ab/abce688d-54ed-4545-bc4b-6a82167ffe21.manifest	218	130	2513314584	84158cf59c15090d42e22c70a9eba0e4553cb21025b987f2c2f806de193fbf40	a10f52f422e5b8c0271e419a6515fbad	manifest	2	ok	version,name,zhName,packageUrl,remoteManifestUrl
assets/res/raw-assets/ac/ac56970c-6c73-4be6-b32a-36be63c1b559.manifest	218	131	3896209341	ad7dedbbaf57deb821f0a1ed8c429b063dc63eae27b341bb8911dd44c2f020f4	420b52fa1441e83a647400cda1faa956	manifest	2	ok	version,name,zhName,packageUrl,remoteManifestUrl
assets/res/raw-assets/ac/acec176b-2fc3-45df-a888-8c189beaf082.manifest	218	130	2771155371	6c43947ef22ae6ff088761d12ebc7129042c7c2ccafbe04059f0a6927ebf8f37	4d19628e1821b0eddae5404586cdbcba	manifest	2	ok	version,name,zhName,packageUrl,remoteManifestUrl
assets/res/raw-assets/ad/ada4fdb8-689e-4a03-af5c-67e0b1da944e.manifest	210	128	2049544336	87aad0be15701f3afb8c84a2964ed5e678e404fac64d2530719cb4b75bfa55d5	b9571caae4c2d852690e604d4c42c715	manifest	2	ok	version,name,zhName,packageUrl,remoteManifestUrl
assets/res/raw-assets/ad/ade9e6f2-fc31-4eec-955c-6319b7005318.manifest	194	124	1462993224	2331e0b8d70c8691eac8f525ce3d98c47d35ad68a2a195504806f80b1bd4ddd0	ef3ccf1fc79f017a4a6c1552c3871ab9	manifest	2	ok	version,name,zhName,packageUrl,remoteManifestUrl
assets/res/raw-assets/ae/ae4f5108-bce3-4de0-a117-f11f523a0fbb.manifest	186	122	1859787810	5cdf5bd1719e309c3b3bc3aae6b7eef480b50e3811fb8e24cc4a31b39bd67873	24f3d80aa6a7b5aae430b9dd83e2bb22	manifest	2	ok	version,name,zhName,packageUrl,remoteManifestUrl
assets/res/raw-assets/ae/ae642d90-8e2a-4fdb-9f30-56d5b2d1ea0b.atlas	4475	696	2785685291	4e89980dfb76fbdc16a0241e91cef08166b0b1785967af03c86fe15461a383de	28b635ba5b5da36750e1475ca386109f	atlas	301		
assets/res/raw-assets/ae/aeef4b55-9036-4366-9b74-b1682157f73c.manifest	214	130	3365603926	89db929cc6dd35c412db83c543fef58f1d4732f7ce3aaa33ce400a1ee207abf7	4f7892476931000c8dd2f70186e9ae4a	manifest	2	ok	version,name,zhName,packageUrl,remoteManifestUrl
assets/res/raw-assets/af/af2eee1e-5811-4642-a18a-41ccb504a44c.png	79959	79959	4284175754	4c00c259977881d521c145723f654224408d8415b05d118220d04676fb08bf4e	61f892c7d5ef71a9e45a31f634882109	png			
assets/res/raw-assets/af/af920e9f-5ca9-4ca9-b585-eb1dee008541.png	62069	62069	3112143769	9b3690490d227ea6724c8a71af8519052f74f187a151371b07b307bd82803929	2276f1d2074ea012a5087dd285405d70	png			
assets/res/raw-assets/b0/b01c73af-7dd5-47f6-b90e-d38924e5fd58.png	16787	16787	1084012126	556f5a833c5d737c9e67c952803ed6c09faeead6d51e406dca3c0fe30069bd33	e23358175a6496b6f547031e931bcf56	png			
assets/res/raw-assets/b0/b0449e19-2cb1-425f-9bc1-7623f12939d8.mp3	26466	26466	3862427134	bd8ce7d76866fc67b1f5c2b28f78edf01215ca3d1b371908b774d198cc173c25	9e2cb9fb1ac524611b27bf56ea1ef861	mp3			
assets/res/raw-assets/b0/b071d29e-c201-4adb-b97a-7b2f5a35f228.mp3	7772	7772	3110079278	10d2689e38009124c73e92d6b8e0c54e05634d4a683e7d16e9cca73f3b91c98c	c9e146734082c678fd5a6ddfc340ba70	mp3			
assets/res/raw-assets/b1/b12fb9be-c864-4ad5-b0ba-5af6f53c2f62.atlas	5745	970	3271160615	6558f29e56bdcb743dd46810654258906d3a3bbbe0918b6de1e0041814d957b9	130fa8c03a6c6ddea61f7658df96b186	atlas	406		
assets/res/raw-assets/b1/b1a7c847-dcbf-42c9-9990-93518e29e2a1.png	334854	334854	961794870	1748592ba89acb7f5f8ad2ce9d19d0508be5e4db3dbb0ece227f69b5ed648fa5	458fc9001518231a8e4047c9d9a2bfdb	png			
assets/res/raw-assets/b2/b2687ac4-099e-403c-a192-ff477686f4f5.plist	3479	891	1684999089	e2626a7340d4fd01dfc78052049856bcbe61a9153693ed00dcfc9921dc6de10a	2bf0b1e408b15aeae5a1dd58f889cc34	plist	108	ok	angle,angleVariance,blendFuncDestination,blendFuncSource,duration,emitterType,finishColorAlpha,finishColorBlue,finishColorGreen,finishColorRed,finishColorVarianceAlpha,finishColorVarianceBlue,finishColorVarianceGreen,finishColorVarianceRed,finishParticleSize,finishParticleSizeVariance,gravityx,gravityy,maxParticles,maxRadius,maxRadiusVariance,minRadius,particleLifespan,particleLifespanVariance,radialAccelVariance,radialAcceleration,rotatePerSecond,rotatePerSecondVariance,rotationEnd,rotationEndVariance,rotationStart,rotationStartVariance,sourcePositionVariancex,sourcePositionVariancey,sourcePositionx,sourcePositiony,speed,speedVariance,startColorAlpha,startColorBlue,startColorGreen,startColorRed,startColorVarianceAlpha,startColorVarianceBlue,startColorVarianceGreen,startColorVarianceRed,startParticleSize,startParticleSizeVariance,tangentialAccelVariance,tangentialAcceleration,spriteFrameUuid
assets/res/raw-assets/b2/b2c1d479-718d-4c04-b79b-0bf783aefe3b.png	181940	181940	1060675788	23e47c355fb0f3693c7c247d13cb5ef7d6c46fba23f8a723d3066bc72f052b0f	fb202f597b4a35cb05fcf8501d437245	png			
assets/res/raw-assets/b4/b43ff3c2-02bb-4874-81f7-f2dea6970f18.png	1115	1115	1283970909	1852fa3a3f2ea2d92a2f6895fbf828f7b293df8172cc4f9b8680c8072dcf65b9	7f1eda273e3e7a9c3e7fb5c7bc447eda	png	1		
assets/res/raw-assets/b4/b4873f64-3294-483f-9fa4-aaa58e62a55d.manifest	210	129	2635877102	33fe907174495e6357f2ec74b3f49f9c1eefd622afbe0390fcdef69a789aed9d	9b00351381e48a68d396a2dd0c75c5ac	manifest	2	ok	version,name,zhName,packageUrl,remoteManifestUrl
assets/res/raw-assets/b4/b48de42b-282d-471a-9964-4da542c8ff10.manifest	210	128	1371327236	3de51ee60675b8a865371256400e7a272f216a148c326ebc8d204f54a79433fb	a2ba9d9d64ccf390d21e8460d116e806	manifest	2	ok	version,name,zhName,packageUrl,remoteManifestUrl
assets/res/raw-assets/b5/b5411440-7560-4c88-b5ae-b427274aad7d.png	2606	2606	3707867944	29581beb9cbc8db5314549849216637917bec5dd5eb04f10cdc42b5560c87e14	4465118e62370a4c1444238de1138669	png			
assets/res/raw-assets/b5/b5bfaf9b-1faa-466c-953f-a5fc9d3c23e4.png	8961	8961	3603455531	e0c4964a769b7f6fa1174c4489964c1c5b0be6a3e333d766f063694d1b2a0c22	a1e2dbcbb0b618352abec082e59fbbc5	png			
assets/res/raw-assets/b5/b5cd9cae-dce4-427f-95bb-6cf032b22732.manifest	210	128	2437125436	17cba2a44d6856758a80eccfdcfa7e329bf9cda628065c2f26dbfffd22968bef	49f5e1808002f53b5038bca7f90d44d7	manifest	2	ok	version,name,zhName,packageUrl,remoteManifestUrl
assets/res/raw-assets/b6/b605b42f-5fca-4d21-b466-a443de834883.png	10365	10365	3319620625	32fdfb7f9373c9a072bc618a6c620d93a0b32fe3d31e4df87eb7eb67560bb823	3b7ec00f3d67590d5b8ecaa75f040332	png			
assets/res/raw-assets/b6/b66e6a44-f9fa-41cb-b0c9-09b036516965.manifest	234	135	2952358007	12c7aa16769c357185aa91a22040b4b4a7f6ee50eec9a578f74b63876e89326a	8ff11b3ec6faf29abbd321f915a03a1d	manifest	2	ok	version,name,zhName,packageUrl,remoteManifestUrl
assets/res/raw-assets/b6/b6a08375-3d12-4e76-9046-64468705291f.png	35819	35819	1982390685	2f08d5248d5c6a5107b897d39687f0dc0e3185937bc042712c8f119f362d2901	9e29a260fbe3d55ed2e51348f4779d20	png			
assets/res/raw-assets/b6/b6d33a47-c4f8-4b6b-acd4-2c18a741aa8d.manifest	182	121	1865191088	c03ae23bcd7b904e2fcea9512cb148f7cda77edf684bd7aec3e1eeea366b930d	fe1f6d68b0e85c439ebfbea671b23a4d	manifest	2	ok	version,name,zhName,packageUrl,remoteManifestUrl
assets/res/raw-assets/b7/b760b684-c793-45b0-b2be-546dc694ae5c.mp3	20204	20204	1989533550	905d5a4b62eed5c0a934152c58a84ca07554196d2336ae11cf5f40e25034f5e7	87a730f859e7eb260725906bb474ae4b	mp3			
assets/res/raw-assets/b8/b832a34b-37cb-46ee-9623-3e1e42079a7f.mp3	10112	10112	2668574195	04f756b0786770899fade71ee567053e95bcaf0df9d592044d8c1a27ba4a9539	9e963d54bf7fc8661f6fe37cfe8e0f3a	mp3			
assets/res/raw-assets/b9/b9252683-f8f9-4d75-9597-766056c20bbd.atlas	213	150	2007603020	07dee924fa31960e2c29dd68f41baacd75a693e676e5b00d1febcb64792419f9	af851e97cf752d8e6af6976582f0f315	atlas	14		
assets/res/raw-assets/b9/b9458477-fee6-4d33-9476-4238fdef20df.atlas	398	176	1678828239	eb50e614f08554edf57162db839800289f3b149342b6b634d7a15b5107d744c2	d490bc82f6490390cf7f7938b8f9933d	atlas	28		
assets/res/raw-assets/b9/b951a1ed-f34d-403a-91f0-7b166da12a68.manifest	214	151	3961115389	0338871947225ff61b53a9e13d6288a60c4823db6ee673329b475113b845eb0b	2d8dc1f06b8016ae6f614389c885355d	manifest	2	ok	version,name,zhName,packageUrl,remoteManifestUrl
assets/res/raw-assets/b9/b9565bb1-10dc-4c89-ad7c-adaf1241900b.manifest	214	131	3935491333	f798439d1bc8968fe00538470a8138901d851aa4c268705806b331b4a543373c	383692d45f22bdbd8315d9d10addecd7	manifest	2	ok	version,name,zhName,packageUrl,remoteManifestUrl
assets/res/raw-assets/bb/bb525ea6-fc29-4c99-85b4-d83e39402555.png	8324	8324	1734151203	98aa78131be3ad7d1d0750b40c73308acaebd32ac3fb65779036ab769cae2c9f	65fd6b1dedc912327fd47600e8350d9b	png			
assets/res/raw-assets/bb/bb94b1f2-81fa-41af-9a12-e282341c252a.manifest	202	127	637818655	340fff523794a25231e9ef24e78ed9d6fb7d4b1ca18c6465586fa05469e689c0	e990ab9bde72a7e8b3f17dfb70169004	manifest	2	ok	version,name,zhName,packageUrl,remoteManifestUrl
assets/res/raw-assets/bc/bc5027ab-5976-4e8c-8309-66969b2de86e.png	9599	9599	698148014	6465c84341a9cf3e264df2d4ba7cf4c9c89cf64ef27a3d33811ce1ea118c230c	8f18fe01c99b123ccdec66d7efafe3b8	png			
assets/res/raw-assets/bd/bd016f27-7ffa-4f56-b1ac-942626760b26.manifest	190	125	646535119	352bf0190a51724a260837e2f9c4d9fdddf797aeb6923d75ae275446775944fa	bdf5121d3e0ee76a84a7df0d8cb75358	manifest	2	ok	version,name,zhName,packageUrl,remoteManifestUrl
assets/res/raw-assets/bd/bd9c620a-b5c8-4101-8e40-905ed55a7409.manifest	186	123	1366961614	72e0439916d1a9c0bfed67bf813151cf805572e7309506825bfc1711d4552258	436609e0f606933b2ee68572d99c2358	manifest	2	ok	version,name,zhName,packageUrl,remoteManifestUrl
assets/res/raw-assets/be/be14347d-e3d1-4da2-bc1f-2db4177f3dc7.png	6117	6117	784216632	1212bc8f54b98e54c395f739ae2a169f2146f3116fc9ea40d8e8ed0861fb2e1f	4271e454250b3c13467dab77f8443d22	png			
assets/res/raw-assets/be/be3817ab-e442-4357-ae46-dd22cd2b11f8.png	2139	2139	287060637	a7d138361bb449979b05a14762006ed2928f83e0942f2b780ccd402b3e75e85f	7f80be9b69e61403537e81cc9bc841db	png			
assets/res/raw-assets/be/be70571a-8bba-449f-8fdc-60b30cfced5e.manifest	218	129	4203452039	c86b2643f22736eb1ed036177876a8c41447211aab32bb604b9971aa10f91487	29bb2fff01f8b71ef1a7d2f7417e9adb	manifest	2	ok	version,name,zhName,packageUrl,remoteManifestUrl
assets/res/raw-assets/bf/bf33b481-3440-42a8-97f6-db195660135b.manifest	190	124	4121743068	2cde5ee1b3c9e056e61e73babc16585ef37cd6dd61ca0f836560371f0b5281c9	6b0886d26552c282c7114dbcc81f56fb	manifest	2	ok	version,name,zhName,packageUrl,remoteManifestUrl
assets/res/raw-assets/c0/c0345a96-84df-4ac8-b0ba-802581a0025b.manifest	238	134	2477040463	be43256d74131ad46b75febeccc8fcd91c0c7a09813d33c9baff11138e9a4c4c	942edec80537ca7441f9ba84f9af8d98	manifest	2	ok	version,name,zhName,packageUrl,remoteManifestUrl
assets/res/raw-assets/c1/c107f314-25a5-4ab8-8a6b-96ad6467727b.atlas	1785	256	2192226873	15a2dccc04d96dacebbe24fb9bce47ba16a186373dea79f8f8817b4a1358de31	bd7b30776588a42e5bb02717def8951c	atlas	119		
assets/res/raw-assets/c1/c134e293-8daa-4afe-9753-c79dc3f71e3a.manifest	210	128	3757990778	7adccd9b50e0321d306e851ed839eead9a4212c2e82625f6c0ddfb7bcdb685e7	d1c67eae110dd1bebdbd1ed6846d07da	manifest	2	ok	version,name,zhName,packageUrl,remoteManifestUrl
assets/res/raw-assets/c1/c17c1d5c-c23d-4ae9-9741-8699b4596f49.manifest	214	130	3066693271	b238f452190ca8fa63afdf0649f63b0c185df911a7bee6ab5ef36801eb146d6d	9057a5928ce46bce447af83d76f264ad	manifest	2	ok	version,name,zhName,packageUrl,remoteManifestUrl
assets/res/raw-assets/c1/c18df571-46dc-46cb-886c-b0f0606a14c1.png	193075	193075	3689795052	6c77f2b6378f59e610ee7db60a5487654195ed38f7c8bd58e67f88191e8a82a0	7e76bb03f52f36f92b3707214671b269	png			
assets/res/raw-assets/c2/c204947a-699f-4637-996d-3643a1b10da3.atlas	161	128	2754238288	039f1c904fe964d4c15aea9adc05b79a5f2f82d05d23197fe2f49d042cd910f1	0ee5f093dae8793c77da86be0120a0b4	atlas	14		
assets/res/raw-assets/c2/c221ff76-7296-4948-b076-e49cc6f8dea7.manifest	224	141	3809401988	67b7292bd7a8dc8f7996e12b7b8a174f23c4ee4ebc00ab9d7b5e586d273564b9	77e8524bae89ddd63a26cae75537ce7a	manifest	2	ok	version,name,zhName,packageUrl,remoteManifestUrl
assets/res/raw-assets/c2/c234305b-d9aa-46c7-b942-edd2b6c9ba59.manifest	214	129	1793300268	214d3aafc785e3cb77cf888ba9d38dc3c1e8b7a6d82687f5d55bf3896426ca4e	6458514ac664bc5d707e0a4413b9841c	manifest	2	ok	version,name,zhName,packageUrl,remoteManifestUrl
assets/res/raw-assets/c3/c31a53ba-ccd0-480a-b891-caed8d78762d.manifest	210	126	2784765252	946c0c49ff99a75ba86d0bb8685f990fa82eb5fa64fdd92bc32cf5c19e781420	7b171f84ddb4474406590e0778f8550f	manifest	2	ok	version,name,zhName,packageUrl,remoteManifestUrl
assets/res/raw-assets/c3/c34b3036-795d-4ad0-ae1a-75c93229c1d1.manifest	214	130	1165977208	c72325ca8e7851936284b2da0cf839c6379594a087849b32965716093f608b95	6786aaa0bf86261af4f46bf75ea79cf3	manifest	2	ok	version,name,zhName,packageUrl,remoteManifestUrl
assets/res/raw-assets/c3/c3817814-3c33-49f2-b9d9-225d3f822b2a.png	93775	93775	64076959	bb6b0dc7fb42da5f9edbd7158a33d069219e8df2943d09d4da41fde030da055c	c2c7a0276b0b5280050aba2c00ca752e	png			
assets/res/raw-assets/c3/c3f0a0e8-b38f-46f6-986c-c93a8cfd18d1.png	217740	217740	2410929292	8956d7b3231ecf8fa2d990cf3a52c05cc91f49ad927649b79122b774fd30aef5	6ffb5357efb356cc107fff4cad76594a	png			
assets/res/raw-assets/c4/c41c531c-bdd7-4f9d-9140-20e0ade2459c.manifest	210	128	3668904397	4b5f23367f879c0fbd785253bc0f0c14f8f47a163576f872ca4bcc059c7db23b	1ca7822f869b82bf645bc95e01f69789	manifest	2	ok	version,name,zhName,packageUrl,remoteManifestUrl
assets/res/raw-assets/c4/c4398e52-c728-4b70-8c4f-f7ee9ff97996.png	20780	20780	1285721822	8a2af27b7025ed7b84d4e1c43ff4806485ed7dd1d123d668301eda53c63952c7	1e245177c36ac36ed7e4c9f27ea8f40e	png			
assets/res/raw-assets/c4/c44a9508-f4cb-4fe5-aa30-bed997aeb711.manifest	202	127	3244298108	a1e1fcc5a465db2ae9b566fe32025a7fb76d0ee343c67707ea818b398e1d6fe7	c06f250eb8b5df8c82102c7d9ead9169	manifest	2	ok	version,name,zhName,packageUrl,remoteManifestUrl
assets/res/raw-assets/c5/c56a5c2c-d6f2-41a9-8bd6-20a59f67308e.manifest	234	133	1994276420	956e9d6e887ce3d9ec96582e343bd05749089b2eeaf858f11030eb082bcc6a2f	d82b57a4933fd8e4dc97eb444e0f7a46	manifest	2	ok	version,name,zhName,packageUrl,remoteManifestUrl
assets/res/raw-assets/c5/c56f543c-39ee-4022-93c2-e8bc1db156ef.mp3	7772	7772	4114362825	91fe4951e5123baee98181c492281e8a26bbe05d88bce6d1f37540fd73698115	fceee67f109ada542c299010b17846c6	mp3			
assets/res/raw-assets/c6/c632c579-5e6b-481d-8a25-d66b555fb6c4.png	583563	583563	1023436428	f1afd010034f63e37789f6bae4e0b3c66f9ffaa31f75bd030f379f408f5eac9d	a5916fd7780f86c57707745a5bebc569	png			
assets/res/raw-assets/c6/c67626ed-6295-499e-a6c0-a1b0e9e8a0e5.manifest	193	137	1056128903	4636ff008b0828b2d84a3d169c4156c107596b0cb0916f981f271acd2a0dea00	fe50b469e56c0862a7a5798b11faec33	manifest	2	ok	version,name,zhName,packageUrl,remoteManifestUrl
assets/res/raw-assets/c6/c696f209-5ae1-4f86-bf59-10f04d2c8c12.plist	11279	6945	3583368031	6672d1c911a2ef47b7d85af3e5707ba2ac458d18f1dfce717d3ba8d7fd8b94de	f84e474962205dabf655feb69d09bc81	plist	108	ok	angle,angleVariance,blendFuncDestination,blendFuncSource,duration,emitterType,emissionRate,finishColorAlpha,finishColorBlue,finishColorGreen,finishColorRed,finishColorVarianceAlpha,finishColorVarianceBlue,finishColorVarianceGreen,finishColorVarianceRed,rotationStart,rotationStartVariance,rotationEnd,rotationEndVariance,finishParticleSize,finishParticleSizeVariance,gravityx,gravityy,maxParticles,maxRadius,maxRadiusVariance,minRadius,minRadiusVariance,particleLifespan,particleLifespanVariance,radialAcceleration,radialAccelVariance,rotatePerSecond,rotatePerSecondVariance,sourcePositionVariancex,sourcePositionVariancey,speed,speedVariance,startColorAlpha,startColorBlue,startColorGreen,startColorRed,startColorVarianceAlpha,startColorVarianceBlue,startColorVarianceGreen,startColorVarianceRed,startParticleSize,startParticleSizeVariance,tangentialAcceleration,tangentialAccelVariance,textureImageData
assets/res/raw-assets/c8/c8ff4fd9-16b9-4161-916c-3e71bb26add3.png	203337	203337	3252456698	2cb8001e09943d752864f4caafbeda869af64c40f67082b30e47ad7098d563c0	c2cdfa42fa052be42df0086aaf017aff	png			
assets/res/raw-assets/c9/c93d9724-5c77-4c63-9ffe-9f52ae9ff490.png	4985	4985	3880013926	ed38afcc500927595899d2f18a260e167aeed7bf9e76261a6a3e315fef65a202	e434fbf54f038afebae01a60fbdd4272	png			
assets/res/raw-assets/c9/c9cdf861-2a96-43d0-9608-547895121a5a.png	8472	8472	3810969200	88484b5514d7b2a7962295e33d1331d900b9a3270db9b83cd3ad0890c5aee9d3	a88dc1761cfbe67a24fc0fba011d37d8	png			
assets/res/raw-assets/ca/ca168d3a-b322-41c9-a90c-4064fb8f45e9.mp3	7772	7772	3684928362	b1d2e13fe5bc1cd80e478c3e4c585ee7af841db682a9af2829f5bc0a2e6b3280	f6394b8ac941cfbe3ec353aa59ced6c7	mp3			
assets/res/raw-assets/cb/cb17241a-31bc-4487-b919-c8591d0d907a.manifest	202	127	3755133473	2422e8ba76cb9666b4d657ad57c1460268faa577bbc2a60319c9db2ed6c65d28	5ffd492997b1690cd44c9c97bb9df97f	manifest	2	ok	version,name,zhName,packageUrl,remoteManifestUrl
assets/res/raw-assets/cb/cb231d43-0f96-4a18-8c47-e255db8843a7.manifest	210	128	459219941	d0360419959ac13b8455ed11d1d87e68f70056374ac58c2742b95dc6f362ce33	355ccc57d9952416d95bf0e602096ce5	manifest	2	ok	version,name,zhName,packageUrl,remoteManifestUrl
assets/res/raw-assets/cb/cb8ba1ab-df2a-43e4-88cb-1b76a2e34c0f.manifest	226	131	1169820085	bef00519bab36b9252ead9b69f90455baa0727b62466197169b6347c6e6e947c	68530a2f5c07ce27cf6da0adbd656994	manifest	2	ok	version,name,zhName,packageUrl,remoteManifestUrl
assets/res/raw-assets/cb/cba1a2a5-1c83-4dd6-b938-e5ab6a6cc087.manifest	206	129	3246043482	bfebb2ee8477a3043ead1be0820b77329d11328ddecec3f33a3955c5fcdff721	e0f1ac709849f50fdd35d732b9fbb2a6	manifest	2	ok	version,name,zhName,packageUrl,remoteManifestUrl
assets/res/raw-assets/cc/cc0b5a76-3dd2-4965-a796-baae198b3239.manifest	194	125	456017196	e745df1fad231adec7e3704d6bb30be380a250afd377c123551e1abe80cf2422	84dfd30f6529ef6001305cdf90ecf1b6	manifest	2	ok	version,name,zhName,packageUrl,remoteManifestUrl
assets/res/raw-assets/cc/cc10eefa-0c0c-4cc5-a6dd-dea67e83d01a.png	10592	10592	3294969550	be3869358f1dfca829fe25f9e32f92f2ff58984d6ac2c462cb9c7e26a4738424	5afaa1fd6a8bcfb334b844f130602c70	png			
assets/res/raw-assets/cc/cc319b12-3f5a-4cc8-a745-81f923fb11d7.atlas	2330	518	3701085747	f224ebf251629aeb0bc22137acd07dd729396639aff7218c9fafee2cfac3fb4a	01556b26e4928f40bc9851bf928701b1	atlas	161		
assets/res/raw-assets/cc/cc334795-ac12-4918-8440-b3d1d67bb83b.png	33777	33777	3591915586	3f6de98b4662306875aa6e1c21c909be989a51a5f72f23b1d9c2527b675209cc	c0cd513a6131cd73e3e4d6ea591dd15e	png			
assets/res/raw-assets/cd/cd11d4b1-2b3f-4e52-8ce6-1625c091d928.mp3	7772	7772	3005227041	8ff5fe9a5c39de460970155a7027feb23dd982cca386f3a065b74cb2b5edfb2d	7ce485f623231d441f7723da6db28841	mp3			
assets/res/raw-assets/cd/cd179bcb-31c5-493c-aaea-22ab13607876.manifest	238	134	4278396376	6f5f174a2ed6fe1ca4acf4741dcae2e93167f74aec0e6394db89628c0c229100	7cd12ec5b13ca96f30fcdc223019f570	manifest	2	ok	version,name,zhName,packageUrl,remoteManifestUrl
assets/res/raw-assets/ce/ce851282-9d98-415b-a5df-607bd4e97a9c.manifest	190	124	2303008948	fadaa01fa1669336dd19ca8ee16892c064a91baeffb0c6905aa433efa5738317	14d529848c0de1fc23517431022ec2e2	manifest	2	ok	version,name,zhName,packageUrl,remoteManifestUrl
assets/res/raw-assets/ce/ce8e57a3-0c38-4fe8-b9f5-d6db2d986477.manifest	210	128	983478255	5649048ce9f39fa663a77a4583ed63854f27db266af5ef803673b4c5b2a854a5	3c9087dbd28d8b4c1c240887d6ddc526	manifest	2	ok	version,name,zhName,packageUrl,remoteManifestUrl
assets/res/raw-assets/cf/cf971876-6bfb-4ac1-864a-03295f543866.plist	11281	6938	125161547	07ede959ae0f36354ec2a87e90f902401cbe81164264b9a0d9d3d6a1a7de468e	0b2f5867fa2342bf6737e0d3cae8dbcf	plist	108	ok	angle,angleVariance,blendFuncDestination,blendFuncSource,duration,emitterType,emissionRate,finishColorAlpha,finishColorBlue,finishColorGreen,finishColorRed,finishColorVarianceAlpha,finishColorVarianceBlue,finishColorVarianceGreen,finishColorVarianceRed,rotationStart,rotationStartVariance,rotationEnd,rotationEndVariance,finishParticleSize,finishParticleSizeVariance,gravityx,gravityy,maxParticles,maxRadius,maxRadiusVariance,minRadius,minRadiusVariance,particleLifespan,particleLifespanVariance,radialAcceleration,radialAccelVariance,rotatePerSecond,rotatePerSecondVariance,sourcePositionVariancex,sourcePositionVariancey,speed,speedVariance,startColorAlpha,startColorBlue,startColorGreen,startColorRed,startColorVarianceAlpha,startColorVarianceBlue,startColorVarianceGreen,startColorVarianceRed,startParticleSize,startParticleSizeVariance,tangentialAcceleration,tangentialAccelVariance,textureImageData
assets/res/raw-assets/cf/cfe3c9fd-92ca-443b-9312-b277ae276f54.manifest	206	128	476312120	554a18882b393bfecb42d2467d837ac1e4fd20bf23768ba95717e0f5c2d760a3	c1d0fecaa93d61f5533767c8e4f942da	manifest	2	ok	version,name,zhName,packageUrl,remoteManifestUrl
assets/res/raw-assets/cf/cfef78f1-c8df-49b7-8ed0-4c953ace2621.png	1141	1141	2069538723	c2277aad3b6552570f40fc46351b2f887f5b5ced0e6ed3d82bb32c576e60bb2b	17213774b7e14fc21d8101d39787e58f	png	3		
assets/res/raw-assets/d0/d0113187-6f35-461d-a2e6-fad9932a4239.manifest	210	128	1114064082	02059546dc7c87d004b98740b75fdd9995424f18ce917f31b8beb4aa5822df52	0e3804e7e4bc303e3a5bc4a8ce8d3c0e	manifest	2	ok	version,name,zhName,packageUrl,remoteManifestUrl
assets/res/raw-assets/d0/d027c5a9-3567-4bf3-86c1-d8ca69b0f4a1.mp3	14144	14144	1933562346	e9249135a14b5b25bfa7bde08033143d479bceac8918520250ab51c3ad0bf650	dcd12c04b485a08bbafa4aec4bcb2ad0	mp3			
assets/res/raw-assets/d0/d0a82d39-bede-46c4-b698-c81ff0dedfff.png	1440	1440	2044128497	4e72176086babd7b7a978da5e0438e2069f91a5608210e937df1d670cbb43bac	e5fdfbdb796363e55b8a86df59a08ffb	png			
assets/res/raw-assets/d0/d0cf8c7f-33f7-4e9e-a42c-63901f8c44ea.png	180504	180504	2135727939	d285928b20b55db558361f8c70102e3e14b45aaaab122ca5fb372f980680338c	867493f705db4a08ad9d93792d94b0d1	png			
assets/res/raw-assets/d0/d0db6819-cc9f-4b88-9dc9-4a53ff9d169a.png	371	371	3756271845	32e3fa95e5caa1fed41cd042716dd774ea96930a05eb72e6022a2e0493f44c20	cbb04666028f2944106991993997881b	png			
assets/res/raw-assets/d0/d0f8ed4c-b274-463a-8322-4f88871cf1cc.manifest	198	125	754725888	4c3ea2e19c735961eb176d691cf105379d0afef45eb0a9ea1fd340b7b565f9cb	add797fa41716196d3f514b65608db61	manifest	2	ok	version,name,zhName,packageUrl,remoteManifestUrl
assets/res/raw-assets/d1/d1b17023-a25c-4aa9-b2b0-8b27190561fe.atlas	3268	636	2360094171	4f60592f9016ea113ccb0d08f3dd16808250293630db0e66cf0fdf88400e982f	8492aed36929e5d0baa75909e6b26e8c	atlas	224		
assets/res/raw-assets/d1/d1cf7c6e-75f7-4c37-a084-45f7e6337a15.manifest	222	132	262454139	0fa90a04e5bbf24bbf727a20e4fa01d833768e00790206999895c035c96b8b00	75d933fd491ff1513c3fd5eb6ae598af	manifest	2	ok	version,name,zhName,packageUrl,remoteManifestUrl
assets/res/raw-assets/d1/d1fd1073-a32e-435d-a6f1-7cd1c628a610.manifest	206	128	383925228	ad7ed3ba29cd1fef5b7c9a1314a1756fccc61ad660c630ab5cb147cf30ffd725	188e0b9a0989f704f46a58768c79aed3	manifest	2	ok	version,name,zhName,packageUrl,remoteManifestUrl
assets/res/raw-assets/d2/d26c3009-f50b-4db6-8f07-7294c104363b.manifest	214	131	2545006584	6bbf4c9f65ccd2ed4297a707983fe5758742e4eef7131e77b36c7fb96c03375e	43bf8a51821a9a1cb56c947ac683bc39	manifest	2	ok	version,name,zhName,packageUrl,remoteManifestUrl
assets/res/raw-assets/d2/d2ddaf46-0eb2-4225-99db-675190840717.manifest	202	128	3913764002	b5bfd4c26e92c56d827c84022d4372c0e9f8576235c838863a6249f19d032b30	1d770f5c9b74a2f9ae85f4f84824f0d6	manifest	2	ok	version,name,zhName,packageUrl,remoteManifestUrl
assets/res/raw-assets/d3/d35dfacb-82a1-42c2-92cb-51ce0c3e918b.png	47405	47405	1837350459	153624ee32d631df1817618a786bd3c418217de54578d7ae0ac7432507a82c11	8560bec7eb784ca0476e248ade04fa12	png			
assets/res/raw-assets/d3/d3b204f6-bf8d-47a2-9ee7-69d2082cf8bf.mp3	7772	7772	4263520393	75bdd28416526c86b4f3edd07b18832ceca0184025feea71a6c57cd258620beb	478a295188917d075cb454e2d5cd5b1f	mp3			
assets/res/raw-assets/d4/d49c668a-28de-421c-acd6-67a9899d1f04.png	30109	30109	3424841956	4ae6074713b03de3e026665e18e42b188c892867b9e46adc3f288cb812e21a84	dcf0a2a5d55bd73e180f1b886c5aacd3	png			
assets/res/raw-assets/d5/d5240e3c-6802-4af5-9abb-948044d03cb4.atlas	199	141	3980512594	772994d6f00785faa596560907485303ef80f32fc8710a076990e0383b3119de	7ac5545a28ff21c07a10ee3cbefc51de	atlas	14		
assets/res/raw-assets/d6/d6d3ca85-4681-47c1-b5dd-d036a9d39ea2.png	1048	1048	1178761711	0912545699b7de1c82cd765df040d32fc7850a032a6c61db1759da104f798f7d	1f6403decf612d90fc2e9d3eb9fb581d	png	2		
assets/res/raw-assets/d8/d81ec8ad-247c-4e62-aa3c-d35c4193c7af.png	159	159	2858873808	6dd8106dcc07246b3cb4d339fa4b5ca0e0d9572626e9b3007be2774137ffc234	f950b7eb614f92028c7b051b18ff425b	png			
assets/res/raw-assets/d8/d8401f6f-0024-4248-86dc-d6f0afd4ba4e.png	19504	19504	2166299944	c5844aea9140b5bd8a42328d5e8ff53643fc333dc875385d9b4951eb6fbe6655	6f976ec7cd5c336aad9999f20d0e1f08	png			
assets/res/raw-assets/d9/d9167664-0718-41fd-ad78-b5c479ec05e9.atlas	210	140	561928528	a405dbe2e244edaca663d6d456f5e92ef43f7c750e34b7c613ad9017b9226410	d39e62672c1304f4ef288c3c9cb464dc	atlas	14		
assets/res/raw-assets/d9/d9cb6124-4a47-4eef-a0c0-0cf12c362715.png	126618	126618	4028778302	ee8b74dbc10f44ed05045f8821402ce254b6eee0bb448c232ddbe00dcd237791	8552ecf70f97ce2345c8a29e71180cc8	png			
assets/res/raw-assets/d9/d9d2540d-f48c-4982-babc-6a4e36f20528.mp3	12831	12831	216960944	f0d7c9f8c99110c9e413bc3583cc3d0d59d8a01b6adaad09d7e796ec50966a87	9b5a88f56383cbdd37e4199ae365fcfa	mp3			
assets/res/raw-assets/da/da2030d2-fa24-4313-be72-a2a369de7585.manifest	206	128	2258481701	bfe2754d55050ae84721d1c78722b8ef9647e0c1dff6c0d22f6b403ef7a3d33f	78f5c4513d7d40edcef2048293c67102	manifest	2	ok	version,name,zhName,packageUrl,remoteManifestUrl
assets/res/raw-assets/da/da50a3b4-0783-4c5e-8a2c-8db3495a15ef.manifest	218	131	810687401	f2b588e366adcb8b9389847f77b21f3f05f695fb9de0ca22fe041fea06258be4	60345e22e507bc4b0273248bac6376b5	manifest	2	ok	version,name,zhName,packageUrl,remoteManifestUrl
assets/res/raw-assets/da/daea1933-6981-4541-a137-e60cf86cbddb.png	1881	1881	4283348345	66053c5d4648eb43e1ec9634fc3a6b670476c38603938de13fe85e16c42bacdc	a8586234421adf0e4f69ff6233879ba6	png			
assets/res/raw-assets/da/daf4cfa4-bcb9-44b2-bddd-94414bc2fa97.manifest	186	123	2400079431	e0998cd25cb6143554139ba3fdbda4f698417d86baaed5036bf75bd87e722b1e	eedd2bd0c54534c541221e644d21454d	manifest	2	ok	version,name,zhName,packageUrl,remoteManifestUrl
assets/res/raw-assets/db/db5dd133-2c65-4038-9526-80b184d71315.manifest	234	133	923282500	8e92c829cc82fa80a8d0ee3430a51073b2850c4115f3e30d5a736159978ac5f5	a3ba199bd5c9e16d3f0a70aa7b05a246	manifest	2	ok	version,name,zhName,packageUrl,remoteManifestUrl
assets/res/raw-assets/dc/dc88a649-004e-40e7-8417-7660ab6f9b3b.manifest	222	131	3664216916	c919a3a8cafa743cfaea1aab8d9c7bedb2ed87ccefa8fe62da3cdcf2bfcd4365	3766576c945e1c32c42db38c853889c8	manifest	2	ok	version,name,zhName,packageUrl,remoteManifestUrl
assets/res/raw-assets/dc/dc91f57c-243f-47ca-8323-0f5812eb9a28.mp3	11232	11232	1022481006	ed8cbe0bf31840238fd49b17dd081bfbbf7e565248a033ed29d28446613261eb	6477769b7de91852af4ee996a320d65e	mp3			
assets/res/raw-assets/dc/dcb52222-124b-4eb2-9ee8-a07283054923.manifest	194	125	1685172712	c96c5ae8e84642714e7896bab89f489ba760e6467674a7908e29862f918c7eb7	5a7c02fa35f118eac9b3b6257b82f8e9	manifest	2	ok	version,name,zhName,packageUrl,remoteManifestUrl
assets/res/raw-assets/dc/dcbbd31e-9fa7-445d-88d6-6432f0c434de.mp3	15208	15208	3313402668	8b84b575e4d2aa53e5c5f738c06af1bc23ac162e5f99708754a236286bcd1a97	b6714e6969178e8107899781328a7801	mp3			
assets/res/raw-assets/dc/dccb9783-9e9d-465a-94c9-203da94b1a25.mp3	7772	7772	1087676291	a597eda8e976cd74f9f6716f53b01595389dec260c73c4d5ac8e83cdca1c6798	9dd774f8ff4151cf7d41ea0081d453b9	mp3			
assets/res/raw-assets/dd/dd367d69-79a0-4d39-9a24-d7b45db7a4e7.png	28838	28838	2678826857	f9ad17b9768b6a118046b95f9b18e282b712150c1a66627446a13588d6d7faa7	185ae1dd398117b364cf42857a3b26da	png			
assets/res/raw-assets/de/de33989e-77ab-4a9d-b459-f52259eb97d0.png	242995	242995	4232292856	8dbecc81a7c33675b2c3562c89ef78d78e9c85de8ac903d2d96c9887da105096	3defb33cc08e4deced214f0a07241f46	png			
assets/res/raw-assets/de/de4d2d68-6ce9-4981-8c35-e8f7b66c34f9.manifest	198	126	1934309238	66b6d8a5a123a09abbf3e3724a283982e9241da6c373a394d306eb13b3e40936	82aa19a7cb0264552004a104dfad7fa7	manifest	2	ok	version,name,zhName,packageUrl,remoteManifestUrl
assets/res/raw-assets/de/de4d55cc-d8c5-4360-a7e1-0358bc7f208e.png	39798	39798	2699154219	74f20cfa5ed557fffabf8116334ea92563e6408831f62331592a05f551437875	406e9569b8d2e59ba24403a63a443d6d	png			
assets/res/raw-assets/de/deaa336c-97f3-488f-868f-b7064d5e0c58.png	8291	8291	2059995789	0d174478452e01a6044ff091d3b9983a866ae7f9d2e9231f379b60723583700b	2906647bf89e6d23be1108f08662fe4c	png			
assets/res/raw-assets/df/df2b2682-475f-4e9b-afe7-fc2b9e766f13.png	9894	9894	2005070517	15358d622474d36a012138ec78ea7cbec64dd10331f0805365c1274ae5e70a50	3a9c77363697dbbdf08993174f21b0d1	png			
assets/res/raw-assets/df/dfda441b-35d8-4799-8f65-74da8de1b091.manifest	222	131	1952978913	da28d74825d391fa43df2f9514499d07fdea131797cf25d922020cf54c3b1d0c	dff5a1cd6529d1c90ef08c454b33af3f	manifest	2	ok	version,name,zhName,packageUrl,remoteManifestUrl
assets/res/raw-assets/df/dfeaefd1-8b8d-465e-bc18-095ef68d647a.manifest	198	125	2007821825	6b61746cf9baea32936e47860922caa1e631bdacfe226656ffb4a342ac6d9497	adebfeb35ce17776147c1eb7d9fc13ea	manifest	2	ok	version,name,zhName,packageUrl,remoteManifestUrl
assets/res/raw-assets/e0/e0003ff9-7af0-4219-ab74-8e683823e79a.manifest	214	130	3275411756	4b15bd837ec177d49455f2d40201036d91b9daf3edefdae7d69f76a8ded4eacf	203e6a3f93a167dbb34de2bd546bd3ad	manifest	2	ok	version,name,zhName,packageUrl,remoteManifestUrl
assets/res/raw-assets/e0/e0240628-5885-4952-a3e0-9142c667ad82.manifest	210	129	1688928875	ce5b3c123c9e04204bae1bf0df938ba9a08b6170fc3dee82b6261686a108ca22	bc44d22f6b9aa56df5e4c394b943a915	manifest	2	ok	version,name,zhName,packageUrl,remoteManifestUrl
assets/res/raw-assets/e0/e08fcf90-fc11-4c71-93af-97225bebc2ae.manifest	200	134	1363347928	5f0adb8d2482a7fe8e8cc22e2e53627cdbfb08398d05b36c24fa2fce5f691491	cd724b15bce6a3f6cf0d047ebed114c4	manifest	2	ok	version,name,zhName,packageUrl,remoteManifestUrl
assets/res/raw-assets/e1/e19be600-e1f7-4910-8684-042f6250afff.manifest	206	127	3533073901	9e1b1aff896985cfe708a7b9c75e71db5a82b6a0c7a5061dbd9024dde6581b4d	b1ceea78c2fa2a400153f98dc7a16c87	manifest	2	ok	version,name,zhName,packageUrl,remoteManifestUrl
assets/res/raw-assets/e2/e231f34b-3496-4e2e-baa6-34b8b027c51c.manifest	222	133	4269874165	fcc615c72acdc2d6fb78e53b2be5b80124b7124ec838bd48e9cd4be92789d723	98011ea8a96758b97deff06069cad047	manifest	2	ok	version,name,zhName,packageUrl,remoteManifestUrl
assets/res/raw-assets/e2/e244a94b-527d-4a00-aa45-ddf38e050603.png	226448	226448	4040281292	b0d7c3052759bf815df744d6981c248ee8c2e159f942bb2cbab5847e27328f71	5f303e20bd912fcc5f49ebfdb8300dec	png			
assets/res/raw-assets/e2/e2aee4e2-801c-4eb9-9721-a7716119d88a.png	76947	76947	4147700718	9f7ad0648dbfeb3d1f4230401dda0ac52788d3da86ee024ee002e8e6228bd560	77ade8a59b3aad08940def858d3cb216	png			
assets/res/raw-assets/e2/e2e2206c-98e3-4df0-ac4a-a3b46a89a124.mp3	15908	15908	1672781824	307f59bf5aad2fcf3cefe5c3d1e7dc29b71e08151e0af9b6c7f507f0476fcc05	3709cffb9f6ac82748fa40a452e4d69f	mp3			
assets/res/raw-assets/e2/e2fc92a6-34dd-468a-9e15-3101ad9a1405.png	79543	79543	3643961994	f291e5aca921f70a5d00e0a941a162ea9c14bdb6204ce10cc9c5d8a8454dd633	c03b7c192ba1cec0c560c866ccca7457	png			
assets/res/raw-assets/e4/e41b5469-e5ea-4866-83df-8c1c224e070a.manifest	198	126	1437056036	fc14a72168c37ea06576d5a4e60ee04fec2385895f63d178048c3c0f5ef13fef	448af92b2ec410bbb48da1e7a8c36a9c	manifest	2	ok	version,name,zhName,packageUrl,remoteManifestUrl
assets/res/raw-assets/e4/e451d7ec-18f1-4722-8c2e-b2839b708f7f.manifest	190	124	1912817880	c8ab1805349fabb691df4556b0a768cc4cdf79e035fce42de745fcc553de7c1a	02498ee2804ded7d587c6d0b8d8ce3c9	manifest	2	ok	version,name,zhName,packageUrl,remoteManifestUrl
assets/res/raw-assets/e4/e47082d1-7475-44fb-b22d-5bafad594e00.png	43764	43764	1945544234	00e64a7e913386f0baf94d9609b835a69beaea6bfd4f84253f766bfa853e977e	ac9df0e97447a9e043e693c12b3a818b	png			
assets/res/raw-assets/e4/e4cef059-8212-43c8-b4d0-2946bce4251d.mp3	7772	7772	3800801794	0e2f80e829ec3dd974f3b397c92847b241af352755614fb5d40bdda87a20d0d2	a72e869d7f2fc02872f37ff7d7339df2	mp3			
assets/res/raw-assets/e4/e4dea3cf-607f-428f-8c6a-e8d41bc1b15b.png	143021	143021	346378342	0892bd6a3b86fc97a5650c9c61319c7aa26088c5d1962405af1f8d8fe28a79e4	cd5af91706819572e74f4e2ed66df3cc	png			
assets/res/raw-assets/e4/e4e5e9a1-958e-4b41-9a61-52e2041fa4d7.atlas	5516	877	1907741733	f83b2e628246613a22f7d68db379406b952c39d95dc4363b1abbd731223af629	69b5f191255b47bd086e78a96333e19c	atlas	385		
assets/res/raw-assets/e5/e5a1b11e-2b88-4c09-a77c-cf2e4276cfc0.manifest	198	126	3310143023	649e599c7244b0a904442b92147059e781e0751a5f5a9df166c9839060b00487	f21d82aea62470782eae5a3927660cad	manifest	2	ok	version,name,zhName,packageUrl,remoteManifestUrl
assets/res/raw-assets/e5/e5b4029b-7282-4002-8eac-4a042e653c37.manifest	206	128	3261706545	0c26d2fa651897ad9cae31811efe9aaf96461318f49f931fe93b6762dfefa7ba	7a834b97e08b0586ec6d3698363ac3b7	manifest	2	ok	version,name,zhName,packageUrl,remoteManifestUrl
assets/res/raw-assets/e5/e5f64353-1b5d-4f26-8170-1b9303dae020.manifest	198	126	972089	06f7b44c656b81a710c222d16c44619abfc8c269fa5a8b31417d0a9ad9936b98	36c450a98ede72da75ef524b8375ea13	manifest	2	ok	version,name,zhName,packageUrl,remoteManifestUrl
assets/res/raw-assets/e6/e6862cf6-6209-4560-b1b1-23371caa232f.png	43226	43226	4108287050	27829882f77f8b811b8e41f594f66354bada6ac46049991c47f0f0a56b98fe1e	23c5de8195a2ef5adebe0f52750ccf50	png			
assets/res/raw-assets/e7/e7345331-4e0a-42ef-ac6a-fe8a324fbba1.png	2379	2379	3773788012	4e49e09a0b632ecc07b092642ae56f5a1eab34d92534e634f9afd8b518e58d81	00d053d5d2df0288617c03a78d9cdaa2	png			
assets/res/raw-assets/e7/e74be989-1d0a-45e8-8ef6-82dae200afc1.manifest	223	149	3131585304	67b69c8279acb684592064c1062acb9eefb73096ea1145bf7055e92b836f48e6	0d9c89659431de532a295fbef1809557	manifest	2	ok	version,name,zhName,packageUrl,remoteManifestUrl
assets/res/raw-assets/e7/e7829c92-f5a5-409a-af90-b7b3fb4fb886.png	31736	31736	1013767899	7e5b3b58e1dea3c817967fee8aa45c323736b24ed44a68de5ac365c0ffb6af4d	3bf72767fb7fcb4120dcaf3d52813067	png			
assets/res/raw-assets/e7/e7dd6327-3107-43ac-88bb-0b54522ce513.png	8761	8761	262011972	aa587a425e9d3a787bc972737e9dedb38ebc832f54740c2bdc6fff0e5a64967f	068ee030ed005cd837a9dc99fc2714b0	png			
assets/res/raw-assets/e8/e831a809-0157-4191-ae29-b42b4c6b88b6.manifest	193	136	413742398	8ad068b7234ceec455ba58f70d9854de16abe2f74084140970bf28fb8f4be56e	46f7d3c4dda381754c526c7cc5e4dbad	manifest	2	ok	version,name,zhName,packageUrl,remoteManifestUrl
assets/res/raw-assets/e8/e851e89b-faa2-4484-bea6-5c01dd9f06e2.png	1083	1083	3939597593	325105ccabfc6ac9f30f967930095c74ad2def5ff13f61ab463ccd4dbc353cea	ab82ba15136dc8d3bb03cc92513efec0	png	2		
assets/res/raw-assets/e8/e8765cb2-9bb8-498a-a632-4942c46f26b9.png	21112	21112	701832343	9d77b7468c2e838c88be2647473e1ddb387d138ba6675b0021910fea782e5d25	7841518dc5ce25e748cc3078f9d80d52	png			
assets/res/raw-assets/e8/e87e25d9-4c2e-4f28-9a99-26d064b60361.png	106925	106925	3734068678	2a2b6463ab87258f73e3423a32f1a1843d0215c8099f1491aa57ded7f18c5282	79ca574488afee4d602f637000b42dd2	png			
assets/res/raw-assets/e8/e8e6fa07-7519-4a4c-bb37-2298b93cd241.png	289034	289034	717577904	331cee6adf3fa31b4cfa8e2f846cb4f8fd46cbb232b78aa07e75d400ceed4ab9	b5d73efd790a21a9e6f1f9d78741a7fa	png			
assets/res/raw-assets/ea/ea19e3aa-91a4-451c-8670-d0af26e3e364.atlas	5745	970	3271160615	6558f29e56bdcb743dd46810654258906d3a3bbbe0918b6de1e0041814d957b9	130fa8c03a6c6ddea61f7658df96b186	atlas	406		
assets/res/raw-assets/ea/ea4f08f9-5bf9-4eb7-8d3a-cf3651ab0d15.manifest	206	127	1505484779	2ae80f09b98b8a01068edb62c0c171a8024512638b206d0680f2d1cf1d3cd4d2	e2064691cb1194dbaf1e44525e249c6a	manifest	2	ok	version,name,zhName,packageUrl,remoteManifestUrl
assets/res/raw-assets/ea/ead386f4-c82f-4357-b610-1e62f5192995.mp3	7772	7772	2068331501	9d4aebac4f422bce4181d8bf79884d3701bb75617fee75db1bc653950cbbb551	0e5de4b3bcd1b6904fcb9fba11b051e0	mp3			
assets/res/raw-assets/eb/eb5613f5-13a5-4427-94ea-3224f02dfb7f.png	13377	13377	803775357	b15875f6e757fbc001a388e01daa49b44a2a3fc36b2cd89676b8e7352eaf9d58	8d5765447a96c54cb1c944ab2d789773	png			
assets/res/raw-assets/ec/ec097336-7c17-4fe1-a370-15f5c49a7aaa.manifest	206	127	3983015328	9316d81c610dc0f2fdb36b175ff3f89ea5f12539a3796ce629076d3877e8283f	ab8f3a0a816f6c008748ec0fb57e103c	manifest	2	ok	version,name,zhName,packageUrl,remoteManifestUrl
assets/res/raw-assets/ec/ece1bf8c-2ca1-4612-8222-5c8d0ab419e2.manifest	210	128	138593406	123567a6c8d8c33f185fcf3986f00203ed3aa6387326d2e6deb43a90a2be3484	eb22716f1acff76527a944e6ade17411	manifest	2	ok	version,name,zhName,packageUrl,remoteManifestUrl
assets/res/raw-assets/ed/ed252393-b6db-49ca-b016-4d8c39453993.manifest	210	127	1053650646	9ab786335bc5494735c9621c6cfceede89dd806452562239e29d80dadb87de84	27e02f6544e7f8a4ebfc9abe7f8e1385	manifest	2	ok	version,name,zhName,packageUrl,remoteManifestUrl
assets/res/raw-assets/ed/edd215b9-2796-4a05-aaf5-81f96c9281ce.png	1039	1039	3347173014	67a907f0a69b43daec2b99acf3eaa52cd0a04c64754b5a551579b6399aa76841	dcafc2ccccda653affdb0bac6f1a3a22	png	1		
assets/res/raw-assets/ee/ee903b4f-61dc-47e6-8c9d-b1ee21b4022d.png	94140	94140	3486434398	def0c052d7f76d8b676c64e5d84b485b35e515ba7190d1448ac59ecd830b9259	5bfde37e413afe7d161223f0ceab19d9	png			
assets/res/raw-assets/ee/eeba7468-abad-459e-8600-ff60241b977a.png	5061	5061	645158028	50de3117f806a13ce7ebd287f60508a4530555d9dcaaf421991f58d54a7abddc	58ae3935046a5eee8b96ce7f146aaa10	png			
assets/res/raw-assets/ee/eed12067-e073-4d0c-8309-de56cb9af58b.manifest	218	131	3981207212	a4cfcd649d415fdb875dff69e34d4b14f2ba9958ddfad745e3e42365c12de7c3	a8f2c480cf34885f1b2390ec2202ed43	manifest	2	ok	version,name,zhName,packageUrl,remoteManifestUrl
assets/res/raw-assets/ef/ef587cc4-ad53-4f66-b943-a9b9f81420d8.manifest	202	127	3578025818	dbd84db65d96da42a6725224e80a0ced43b87a63603537eb658d7e5a72ef891e	9867965484ba831b913ac889f46b31f5	manifest	2	ok	version,name,zhName,packageUrl,remoteManifestUrl
assets/res/raw-assets/f0/f052fd1e-38f0-41a9-8d0d-802c239cac14.mp3	7772	7772	2524614193	4996b64e3769a587bc6e747f618e71bfaf83dde3f3d3a55a6f7f810b43b39b06	fee29dc8f8da9542c46812f55816c1b1	mp3			
assets/res/raw-assets/f0/f08bb9e7-aecf-4e15-b50c-c8efa4dca527.manifest	212	136	1569102032	726137907e77f4922cca84ff122bdaedada983e32cc538dc10a99eecb25c7390	3e085cbe941f7e664727e85317080561	manifest	2	ok	version,name,zhName,packageUrl,remoteManifestUrl
assets/res/raw-assets/f1/f1266658-2b3d-421e-932b-57666db094ea.manifest	210	128	2137969479	0359e6a907a9ecb395a9608435b556927b681a4a5d8c7f9e077a21710f49f4bb	5aa0bf1a3be60c35afa0cfdabfc837f5	manifest	2	ok	version,name,zhName,packageUrl,remoteManifestUrl
assets/res/raw-assets/f1/f1aaf42d-2bb1-437a-8197-f14a0aaa9753.manifest	206	129	3267239522	8e08ae08aaf4422c889a15e10e5b17ea98ec757c2b781f747e59a2f03132e33d	f4d92bf905a23518169df18dedc5c176	manifest	2	ok	version,name,zhName,packageUrl,remoteManifestUrl
assets/res/raw-assets/f2/f2d32d73-6233-400b-ba45-8b7ae4ddf582.png	625	625	3345830516	a1793ee14d778ac7e56806f28134b3419990c5c63e8ddd565c7f84576936f811	e8c0aebc6121e71107973619b3336d9c	png			
assets/res/raw-assets/f2/f2ffce72-3c85-43f4-9eda-978f629ee492.png	2415	2415	3623922147	55d4f08044b0284d77986a389fb16215b787e3cb9fa5ab1f32529e707e72dd37	9954b63e7ce70a39da2ad7d5cfd221c4	png			
assets/res/raw-assets/f3/f34c8622-598a-437d-baf1-0099bbc368aa.manifest	211	151	3093060724	8943a6324ff6e28fa8090aae6ea0310fc2d97ab4d2fb56a3fdc34a4fa1f7993b	3f589b158b833e85ccd7d5b05b2e5b6c	manifest	2	ok	version,name,zhName,packageUrl,remoteManifestUrl
assets/res/raw-assets/f3/f3ab472a-b55e-4386-9728-ee363083f591.manifest	206	127	1494954967	91e723420a17daefff650c8fb4dbb8501711d4249e432191b5b4e760c82b97d1	2bee8cecd0628d5e002fc759e363e1ae	manifest	2	ok	version,name,zhName,packageUrl,remoteManifestUrl
assets/res/raw-assets/f4/f41c2176-0690-4225-afd7-7149258069bf.png	6795	6795	168905430	72b3b4e08ea3d388ad41ba556af015b089a6d506e5e5645722f2c9a20015a8a1	3510744a14213582a30241a453619c61	png			
assets/res/raw-assets/f4/f4c06640-9fdc-4e34-8303-a1cdb3c10e9b.manifest	230	132	311247355	185ddc61722bf03baa58c6cafccffdb0152982a3b3759ebb815bc35729ca6cd0	44b0e4f5cf3bf2f26f85a312f8f3de6d	manifest	2	ok	version,name,zhName,packageUrl,remoteManifestUrl
assets/res/raw-assets/f4/f4f74228-c4df-4f97-b547-55618b1d0719.manifest	222	131	334279755	399645ec7efd53e8e97fda87a06522cb4e78083a7bfd876680023a592c0c540f	26301324f2a4fa45ad13ac9356ebe681	manifest	2	ok	version,name,zhName,packageUrl,remoteManifestUrl
assets/res/raw-assets/f5/f56e20c8-19c7-4cf1-9252-eedfae4e361b.atlas	5745	970	3271160615	6558f29e56bdcb743dd46810654258906d3a3bbbe0918b6de1e0041814d957b9	130fa8c03a6c6ddea61f7658df96b186	atlas	406		
assets/res/raw-assets/f6/f6eaa76e-cbfb-4fba-8a4e-c4822c4c0b98.manifest	230	133	2740639656	e87e7d002cc50090cb585a0bc8769a0a8afeec491c758858921554c5d96de669	e156ee8cb2b996549ac9877274d1f0c0	manifest	2	ok	version,name,zhName,packageUrl,remoteManifestUrl
assets/res/raw-assets/f8/f836ca13-a720-4da3-b132-878f3d336b01.manifest	226	130	3615931664	085078326d28c25afb3a451caa2f009384eecb953fdb1517bde25b91f2a4fe7c	0fe31495372b3314a95f38ba139d32f8	manifest	2	ok	version,name,zhName,packageUrl,remoteManifestUrl
assets/res/raw-assets/f8/f87a203c-803e-4440-ae94-cb6b66592911.manifest	214	128	381132429	6baf79388aa181f712f0c641af5ee97192770be407c7eecac4b09aaa9e6b9731	018ca68c9d984b3278ea5c986dba834a	manifest	2	ok	version,name,zhName,packageUrl,remoteManifestUrl
assets/res/raw-assets/f8/f87f1410-22bb-475c-9514-9e8a0ab95c39.manifest	214	131	2782926737	96fae0d0fe6c4f5fa88f73f06f5213637ec5b34d427b31365baec530af0eab6e	b4a6209af4af5a9712b9087dcf3d7f73	manifest	2	ok	version,name,zhName,packageUrl,remoteManifestUrl
assets/res/raw-assets/f9/f9152319-cb19-46fa-a1cf-333cac87072f.manifest	222	132	1158493328	05ae3bd2abf0faca69fbd4cc0604ca5f71864d5bb2ee3569ece377753246e49a	5b41b6be083087280afc106d74392c84	manifest	2	ok	version,name,zhName,packageUrl,remoteManifestUrl
assets/res/raw-assets/f9/f92ea7c7-1438-46b5-9e02-3d876912b89e.png	189798	189798	1087033933	6cb95d7cbaed56043032acb801683031005b4f61f445d44dfe946a4d3f93325c	7fdd515e85368a1481a0ed3b6c3c83fc	png			
assets/res/raw-assets/f9/f99abf2e-5915-4fb5-8547-8179a2646914.manifest	218	129	281036828	78cac6c98bf9438dedb6819a0d50c45e35af44bb7e5b323a2d9828460b8cc4c6	022d0b5980c2dac43e7236cfc6771c99	manifest	2	ok	version,name,zhName,packageUrl,remoteManifestUrl
assets/res/raw-assets/fa/fa5c662b-c0db-4175-bdd3-bb5f4bb98014.png	1002	1002	3159786489	cdf9658b23f37dc30cd45070d56b975e6104d9539b2789d92940d3c7652bb201	964f47e82749b2bebe1a79c15de07f7b	png			
assets/res/raw-assets/fa/fa8d1714-675b-4606-90c3-210be108f4fb.atlas	381	190	3900478073	4994b9a0a01617aa8053fa199057dc4c7596251a13750c4979ac50366d5fbdf2	4f6c53b49ab00a8a564b33d3ea08c469	atlas	28		
assets/res/raw-assets/fa/fad1c25b-4cac-401c-a214-131d6edffb95.png	514297	514297	2715758754	55e4248d236d130cb327b706e3bdc4de9295ec63bf73c27c0994eb3f8731a10e	9f2e86dff3ad67f11a507c7416231dde	png			
assets/res/raw-assets/fa/fae81c59-2e3c-4e8b-8d28-fb592f93aba0.png	23832	23832	975403688	371f31f25c27535781b4a34f8656248282f814ffcfb2f9392eac4243afe8cfd8	5349308168abae99d98081030ead6ad7	png			
assets/res/raw-assets/fb/fb1d2b6b-f0bd-4f02-8acd-792fe6196440.manifest	186	124	3767181666	20b4ba717e8be61481e2af8130ed66845036dc3d0ca5894d47213ab0acd77b36	4338856fc6f655b707179695c8e8566d	manifest	2	ok	version,name,zhName,packageUrl,remoteManifestUrl
assets/res/raw-assets/fb/fbc82027-8a9a-4a9f-bd71-a42c02a1d18d.png	15689	15689	4034154868	2a66a897aa97b7ff7484a2e76ced5307a94da2e20825e6c7f506647ed85b247d	bcb51928b408e2f3e362c82201e6f43b	png			
assets/res/raw-assets/fc/fc8921b9-b509-4aa9-8d9d-0e3f2444c60d.manifest	202	127	2391503740	91fdf1b7ddcdf3a07ea790868054b88cdbd4c5671bfd245862945d706bd64463	063299c5ae8fad8cfd22906937c3032e	manifest	2	ok	version,name,zhName,packageUrl,remoteManifestUrl
assets/res/raw-assets/fc/fce6d79e-7806-4a18-92f3-a576fbbc5da2.manifest	218	131	1580507977	4e404ad67e17f76f18ea79153c66539aeca752657c25b08fc12adf07d88413df	e60c7567e7dfcf54be204654568a259f	manifest	2	ok	version,name,zhName,packageUrl,remoteManifestUrl
assets/res/raw-assets/fd/fd16dd45-57c6-4e56-a255-97b2d5027b67.manifest	210	129	4155778953	464a637c5b103731de4efb9ed8a5d9e554c1edd0d2430de45f5acd02483f3fdd	cff39c2ea0f9d81820b6a94bf37ac213	manifest	2	ok	version,name,zhName,packageUrl,remoteManifestUrl
assets/res/raw-assets/fd/fd5d19ef-5f66-4e8a-a58e-d96ce5146e26.png	21648	21648	367364022	0e94b4fb68c4707d84ddac2f9cf51f29247fc5eb10650a1e5d6a0e6c156ef090	518a5e743f7335e028b4b7a8b9028ea5	png			
assets/res/raw-assets/fd/fd6a332a-8045-42e5-a415-dd843fd1974e.mp3	15152	15152	2588027574	9f9c3224a605355d3db4fc5e002a93d77d98c28edfef90f90747e7a5233907c8	fdc2149e55309092a02ab39e186b6585	mp3			
assets/res/raw-assets/fd/fd9a45f1-7dc1-4b45-9956-85ac883f35ef.manifest	214	129	3066770896	2fbe32bdfc7032f22a5682f44877f6d4daa183c3bfa773151fb0403f3b9f4d53	9cbd9a3758f65e345ba40ffc2c2a10a9	manifest	2	ok	version,name,zhName,packageUrl,remoteManifestUrl
assets/res/raw-assets/fd/fdcf23c1-a10a-4e64-91f9-cc14848b3e63.png	4828	4828	1548082106	6c28cde7bcc5562a2f9eb9b31d97dd5494f5edf8751caa7c801ffca1e508c1ca	f93e3e4fa3f9fcfc4d9168b00a378f6b	png			
assets/res/raw-assets/fd/fdfd3b2f-b199-40c7-8a81-9fffdcda4127.atlas	212	148	3718094066	e217bb461f5cccde8425897974c5b54618d8ced4107459eb88657562ff48b575	31901ff555bf20e4be301824bfb4174f	atlas	14		
assets/res/raw-assets/fe/fe892b77-a7c2-4121-bb45-d4ffaf740fbd.manifest	210	128	888490085	4481be8d872ecc448d22d17d2a78cb18ab9b22a1b30bd87e403a5417b120bc03	4bde6c4efa2e80e78fd2275c8d203883	manifest	2	ok	version,name,zhName,packageUrl,remoteManifestUrl
assets/res/raw-assets/fe/fea05297-0671-4956-ae09-ed5ac2be6a36.mp3	7772	7772	627391785	7db900fd8a2be92d0f6c3282b3108206aadb7c4e4500df633fc743cf1edbdf33	e142f0d5558963d6ba1539b7ce9a9a28	mp3			
assets/res/raw-assets/fe/fec53d0a-ddda-474b-853a-2fb043a2dfcb.manifest	186	123	2128972014	771d4d9cdd5af18ea74d04e149743292c6191b69b102a36fbb43ef507d9b878f	ed90c95c4fee104cc4705b7d8e545e7b	manifest	2	ok	version,name,zhName,packageUrl,remoteManifestUrl
assets/res/raw-assets/ff/ff300957-62be-43ec-b422-60ec076ee818.png	70942	70942	1223017127	4d95746daaf59d65de82a9915df17848c2b87ebc2ed548b296a751dce8cb019e	2e244b093e4bd07c08d08593fed23aec	png			
assets/src/assets/framework/script/3rdparty/md5.min.jsc	1688	1693	1490931105	32be34078e7e94da315c649fa25e0b897f7faea4524c0366fb910ca5633c0805	176d1af144f3b1d3058a9d9bbb0796d0	jsc			
assets/src/assets/framework/script/3rdparty/sha512.min.jsc	6528	6533	3438569033	c271dcac6e21278870acc1f4500a59388fd249804c4863e3ff30020399b8340c	993be0632cd51e42db7d498853678718	jsc			
assets/src/assets/framework/script/qrcode/qrcode.jsc	4040	4045	1139907964	eba1db94b6f644c751d6c5a0d7dd0a416bcf182c5009e09c7e992fec99513ab3	a02ac2bff7345a5801c69dd606f10f12	jsc			
assets/src/assets/libs/async.min.jsc	8076	8081	3793750823	711a2722a044264c4b858b0a6781a290db1e4249e48abaf4ab00b45d87a4ef58	bc4ddd50c0fbf6523ba44a8a8c356c9c	jsc			
assets/src/assets/libs/runtime.jsc	2528	2533	2204132972	05fc27c31951061f9c480d798bac4afea1aedde583051b5497d1f85f700c6d63	81e24a3550112e70fb10c46d1b106a42	jsc			
assets/src/cocos2d-jsb.jsc	395868	395993	3276815206	15d8fa4754e05b5a0237a74267324a2d2820c354559bc85927672c535a6a90de	deb782ee4183055b9e1433eed4d55bf9	jsc			
assets/src/physics.jsc	52056	52076	1795304860	1357db1785bab24c49724aae246cb1288cb22ab8fe4ca866b4cc66650ecb4894	0cd9f51494bea630e86c23355a4ea33e	jsc			
assets/src/project.jsc	674172	674382	33673571	3cc575a504d96e5f4e728ba8647194aa8a366c8bb1806d02f23d2a8b386147f0	d665d064d0b2e2268ebcf5d6f43ac2b5	jsc			
assets/src/settings.jsc	2395304	2396039	1867496638	72174a33bf3cc18c19724cb4db24c219316ba1eeb37fb6f0fd3bd6b3facaac4c	0890e793627782a87c23db2fa471b413	jsc			
META-INF/androidx.arch.core_core-runtime.version	6	8	2078988998	c28fcca53637bc88e124af1725df13cb98c69dedefd62fb3cdbe1cdb6b760624	56556c1dc82a2b1cb6b202d639294580	version	2		
META-INF/androidx.asynclayoutinflater_asynclayoutinflater.version	6	8	4252936296	59854984853104df5c353e2f681a15fc7924742f9a2e468c29af248dce45ce03	c9e47dbb0e1927076ed7b2e1ec157be7	version	2		
META-INF/androidx.coordinatorlayout_coordinatorlayout.version	6	8	4252936296	59854984853104df5c353e2f681a15fc7924742f9a2e468c29af248dce45ce03	c9e47dbb0e1927076ed7b2e1ec157be7	version	2		
META-INF/androidx.core_core.version	6	8	1467441379	1e5b51cde515396a9fa762909cf8ca6584ccc564b325d2eebeea76175fe95c4d	4049400e232490d58f1e26d9ab973a03	version	2		
META-INF/androidx.cursoradapter_cursoradapter.version	6	8	4252936296	59854984853104df5c353e2f681a15fc7924742f9a2e468c29af248dce45ce03	c9e47dbb0e1927076ed7b2e1ec157be7	version	2		
META-INF/androidx.customview_customview.version	6	8	4252936296	59854984853104df5c353e2f681a15fc7924742f9a2e468c29af248dce45ce03	c9e47dbb0e1927076ed7b2e1ec157be7	version	2		
META-INF/androidx.documentfile_documentfile.version	6	8	4252936296	59854984853104df5c353e2f681a15fc7924742f9a2e468c29af248dce45ce03	c9e47dbb0e1927076ed7b2e1ec157be7	version	2		
META-INF/androidx.drawerlayout_drawerlayout.version	6	8	4252936296	59854984853104df5c353e2f681a15fc7924742f9a2e468c29af248dce45ce03	c9e47dbb0e1927076ed7b2e1ec157be7	version	2		
META-INF/androidx.fragment_fragment.version	6	8	4252936296	59854984853104df5c353e2f681a15fc7924742f9a2e468c29af248dce45ce03	c9e47dbb0e1927076ed7b2e1ec157be7	version	2		
META-INF/androidx.interpolator_interpolator.version	6	8	4252936296	59854984853104df5c353e2f681a15fc7924742f9a2e468c29af248dce45ce03	c9e47dbb0e1927076ed7b2e1ec157be7	version	2		
META-INF/androidx.legacy_legacy-support-core-ui.version	6	8	4252936296	59854984853104df5c353e2f681a15fc7924742f9a2e468c29af248dce45ce03	c9e47dbb0e1927076ed7b2e1ec157be7	version	2		
META-INF/androidx.legacy_legacy-support-core-utils.version	6	8	4252936296	59854984853104df5c353e2f681a15fc7924742f9a2e468c29af248dce45ce03	c9e47dbb0e1927076ed7b2e1ec157be7	version	2		
META-INF/androidx.lifecycle_lifecycle-livedata-core.version	6	8	2078988998	c28fcca53637bc88e124af1725df13cb98c69dedefd62fb3cdbe1cdb6b760624	56556c1dc82a2b1cb6b202d639294580	version	2		
META-INF/androidx.lifecycle_lifecycle-livedata.version	6	8	2078988998	c28fcca53637bc88e124af1725df13cb98c69dedefd62fb3cdbe1cdb6b760624	56556c1dc82a2b1cb6b202d639294580	version	2		
META-INF/androidx.lifecycle_lifecycle-runtime.version	6	8	2078988998	c28fcca53637bc88e124af1725df13cb98c69dedefd62fb3cdbe1cdb6b760624	56556c1dc82a2b1cb6b202d639294580	version	2		
META-INF/androidx.lifecycle_lifecycle-viewmodel.version	6	8	2078988998	c28fcca53637bc88e124af1725df13cb98c69dedefd62fb3cdbe1cdb6b760624	56556c1dc82a2b1cb6b202d639294580	version	2		
META-INF/androidx.loader_loader.version	6	8	4252936296	59854984853104df5c353e2f681a15fc7924742f9a2e468c29af248dce45ce03	c9e47dbb0e1927076ed7b2e1ec157be7	version	2		
META-INF/androidx.localbroadcastmanager_localbroadcastmanager.version	6	8	4252936296	59854984853104df5c353e2f681a15fc7924742f9a2e468c29af248dce45ce03	c9e47dbb0e1927076ed7b2e1ec157be7	version	2		
META-INF/androidx.print_print.version	6	8	4252936296	59854984853104df5c353e2f681a15fc7924742f9a2e468c29af248dce45ce03	c9e47dbb0e1927076ed7b2e1ec157be7	version	2		
META-INF/androidx.slidingpanelayout_slidingpanelayout.version	6	8	4252936296	59854984853104df5c353e2f681a15fc7924742f9a2e468c29af248dce45ce03	c9e47dbb0e1927076ed7b2e1ec157be7	version	2		
META-INF/androidx.swiperefreshlayout_swiperefreshlayout.version	6	8	4252936296	59854984853104df5c353e2f681a15fc7924742f9a2e468c29af248dce45ce03	c9e47dbb0e1927076ed7b2e1ec157be7	version	2		
META-INF/androidx.versionedparcelable_versionedparcelable.version	6	8	1170394893	1575e1af4a95f12f70b4ee6a6adce8160953d93ea17dc2611b90883ccc3ad3b8	30a04cf33ee91a3ecf4b75c71268f316	version	2		
META-INF/androidx.viewpager_viewpager.version	6	8	4252936296	59854984853104df5c353e2f681a15fc7924742f9a2e468c29af248dce45ce03	c9e47dbb0e1927076ed7b2e1ec157be7	version	2		
firebase-analytics.properties	74	50	2937463986	d1740ef262a6a771be3a7af7c90531b1df69aa9758a84881fbf4a61bf55b0dda	c0716f5d26b56eb20870563309d82f71	properties	4		
firebase-annotations.properties	78	51	2681559477	d6dcd1e0128bea88e690f9ce4b3e98ccdea3076e921d8c3659c080683085b39e	21dc07889978b7f2c0c98a1d3cf16267	properties	4		
firebase-common.properties	68	47	3456460933	9db2a0751f72d35a7ea9ff46b52210322ad5d4637cd008e4b81645830844d879	321bce06182e292e4b68e7d17c7e886b	properties	4		
firebase-components.properties	76	50	2613683304	153a06eef716a831dea5275189279e071c5aad997d9d98203a442eddd96b5409	b283a72029c5f5db9655e67dd03385f7	properties	4		
firebase-datatransport.properties	82	54	2253659150	4069840a28dc742887b96b18fd35330f6e0a5fe6b8b16a2d93b832c7c10c5075	cc2a70b8cbc14ecd9e7df74fcf368469	properties	4		
firebase-encoders-json.properties	82	53	351203705	354e4def95204eb991b805e8f8e2319651e0ed590d1ad6ffe8a5cd4b9ec65db7	27c903369eb192a72fc7041493a11bbb	properties	4		
firebase-encoders-proto.properties	84	54	2715400393	eba792be6ea03f3b6d68eccfd25f3f53a0767657ec12b1b90996b5d5b34a9688	55435b858788b7887b1744a887bb8c03	properties	4		
firebase-encoders.properties	72	48	2113035709	527438e526e7befb6c04dc394f4e36824a11019c7d6d687c2772a435d22c0e9f	14948aae911ae0dcbc9cc482c35310b5	properties	4		
firebase-iid-interop.properties	78	52	624148363	a2862ae5811a268630807c645d5dadc1f15e85b922a2ab0408e984ea5548e102	aed2a130dfbf509bb885087936f53d97	properties	4		
firebase-installations-interop.properties	98	60	1957206297	66afc93820a5bf9a4231264bb4c3a5c170c6a917e3fe23f94b24da8715db68ce	9a9a93ec484c17827cd9272f8c55dc7f	properties	4		
firebase-installations.properties	82	53	1731672062	22dab543948304655c9135e153fe2209f6c1873c73361477e817fca430cac7a6	4650a48c6a70ad0595f363023bfeebbb	properties	4		
firebase-measurement-connector.properties	98	61	1506388927	ca7d9dd559c3cf48a087b9d4fc5b7c6eded0c99892297b59758093459d98463a	6584c64939a2236e547ca1f078f19999	properties	4		
firebase-messaging.properties	74	50	1361972587	28bde0f4719b0ffb7be65ea8214a20c901f62845c9ae90b9a316310ddcc02247	479ad2ab09a7b973ab832f2fa0049b7c	properties	4		
org/cocos2dx/okhttp3/internal/publicsuffix/publicsuffixes.gz	34000	34015	1607255934	be8da686d208b34e4b3f0bf90aa2e0b7638295641132c3f0caa81b03499032ff	1846069883f33a8375ab714eb3927194	gz			
play-services-ads-identifier.properties	94	59	3840940618	e62509e4ccec3ae9361c036260befb5208709627bc82b1d6f5a7b12813875181	d7fc674b3e0d41a6e60e62947322c97b	properties	4		
play-services-base.properties	74	50	2714674829	48cb4e22a7ff14b9a5aae691f3119d72fb63f17ff1e427b4f118417b36bbb08b	c6b5ff2ac58ea47d5b7689a7da5a7a9c	properties	4		
play-services-basement.properties	82	53	4074748317	d97351f73a01b039488790a20c550a0985fed6ce6af25fbd14553b6d7788c6e0	c6b35c6eaf10059f8574df62436b95bd	properties	4		
play-services-cloud-messaging.properties	96	61	2528999456	f8ef7565db66da4890f4be15b2ebc62ac05833f4f5bbbb7deb02eabd5a324021	c2ad33c0812d49e92cb55af5bb59daf7	properties	4		
play-services-measurement-api.properties	96	60	3011344322	9bf486877f58c3267f8b7dbdddd1fcce05bf9bc7fd7d7cfe31cadb6f0450f66b	ccfba182a1f7e58ac58857037c11f568	properties	4		
play-services-measurement-base.properties	98	61	1049471628	b2c892a80755129fedf0279c8a5617b3f775ac5a479b721e5c4f2f8feeb6516e	155b450d45a05d8b37473b29721d428f	properties	4		
play-services-measurement-impl.properties	98	61	2289785238	884b4930ebbf7897895704df6ea44c6efa281aa789be5ec5b2bae972104e334b	c72773265c601f4ead729389bca8bb86	properties	4		
play-services-measurement-sdk-api.properties	104	64	1926550333	a6f49840e05871fb64537b5c0b421569e35ae4185c424c37cf895c85f39c72b2	fa99e28abf03f97e62eded90a5d70b47	properties	4		
play-services-measurement-sdk.properties	96	60	3444536980	764cf3988ded6438b1916f9e6741bef95f0bfbbcfd2d9072188e264d9e36f3fa	0f3ac7b70bf58c403f4d1c3d7e3af12d	properties	4		
play-services-measurement.properties	88	56	2873201787	78202f05377230acd847445516abc55fb143b55fef31357bcb42081b83b43be7	fa6ee73681f7c6cfcff4d8b9ac598d6a	properties	4		
play-services-stats.properties	76	51	1146277826	6b751c654deb3ac65a878025d2ff2b89fabfa0ebe00ac4152ad3f7a361aed107	14827d026192458a9369029fe0693104	properties	4		
play-services-tasks.properties	76	51	3205472178	b788e0e048e141d7f424503b35efb0eebd071aef557b2704c2ee85920829eef5	113687756dc930743b3aca48c13d4096	properties	4		
transport-api.properties	62	44	3292473858	e75f0a43308c145c5470418f30b7705738845c39c83bdb694ca5847b56a175bb	f1782375cab918d150411e03b0cdbdf9	properties	4		
transport-backend-cct.properties	78	52	1843637239	1ed039ee49f0d7dd101964776aced73dcdf0b2335d24db4ca5330f7ce629b2d6	0bfd8d9159c54fbb6c9a935b276320a2	properties	4		
transport-runtime.properties	70	48	4124340971	cc9fd0b49140b730b541af9b1fbcecbe714277ac80c207f76bb07f95daa33c19	55b5b9b8bef3737ce8fef14c4fb11672	properties	4		
AndroidManifest.xml	12640	3040	1520486722	6700cd5da5a61c1f2a968363080a013ec19abffcf4ebe066006cada1306d3ef9	bc34abde0f7cd527256b464c2aa9367a	xml	4		
res/-p.png	982	982	3154794586	90c44675525e290332f7dba6adb97c7af3b8299e56cf5211e893d0e1dec41547	b02ad79156c6f7db58a918d7a5a0c11a	png			
res/2K.9.png	225	225	1348069157	42aee0b03883e94df5e543348a397d1302c1b8221895871a83b81899f5a9647b	c6fa848c63bc03f96c6d35c7c120b10e	png			
res/5c.png	138	138	72836353	b44eeda34d7a529c2fe55719eb098fa29707caa91d18de06a7a775d6e6bcf973	e5e0e446cc8c3c56990cd94799d65598	png			
res/7R.png	516	516	3992036987	6083523032ab5df9e6cb82e4ff3d48af7738900a2e9b23d991beaa2eba7862e9	86bcab997776d72f35454026a0f17f12	png			
res/8G.xml	264	147	1162345763	f4861a2727f78aa4a30a4dc82308b1ec645dcce1ed7ab8aa05e806684b4dbee7	21f8a1f682db7ef1629b4c9224f8b14c	xml	1		
res/8m.xml	684	283	1144594413	155a405208c68129607b16b0fa968bb7a68527b8f78a18a27afa3fe9a6f97cf1	395fe829338fb73f43b0c6caece745fc	xml	5		
res/9m.xml	304	173	3983462139	1b9df1601dff62ef401af339f35a100a097134a9a64f337037ab6aea74f1df35	37c792f42aad10ab5415cd72efc02891	xml	1		
res/9w.png	4603	4603	2131063870	521097a55a1a1f3617d7f5b849d937a315c27a3df16654878d0f4d4e422e28d9	fedec206edb6ead93dfa24595c3a3478	png			
res/C_.9.png	215	215	3241529748	a8676a1793ac8310ffb12986232df66df092d29c242aeedc2b73556c010d38dc	b9272156e69985c12fb792d602828b8d	png			
res/Dd.png	281	281	4200621726	7c1e1629c95fb2603fbdeab93a8fbf30b9c80be11ef483d497f8a88e8f67bd6b	9035604c19b406cf90cd58c3cc9267db	png			
res/Eh.png	410	410	213222193	f73508090d3e6bbc3e39ba768e71855aad52ecaaaccda676d43a1860010cc557	b2e81d3d713aaef590b669d62d62c34c	png			
res/FS.png	11447	11447	199820968	adc0f20123e65e1a02c6524702714967efc1032462820086db000476badc50e7	479b38f9ba79be84d3086fe90149e981	png			
res/Kr.xml	764	320	1167218823	d4d169a276a872a55c24997fb964afd580b3a30af8fc426b84adc221a0400755	43609807d4cb8a9f61cf6d2edd3c6ab2	xml	4		
res/Ma.9.png	247	247	3264922968	d27af435101ca4cbec0c840bd30687918cd39eb83aab1487420855623a45998b	d422e95d716d1d1582fbcac1149fdb04	png			
res/RJ.png	19058	19058	3258516133	0ec453fba610f820750d0b3fa336784e5c621b23cf775f567318d36db509b694	ed3f8606694c1aea9c9ba3dfcb3b3a12	png			
res/S8.xml	1052	486	1902130386	ad1f544bea1e8018e8de54f5fef8e247a0e802b5ba2339ed1ffae325bc190655	4423872ecf51ba08f3b3d0f6bbd03c0b	xml	3		
res/Tv.png	4226	4226	744276944	1a7472436ca9b61f1719acb6c4f1b0b0bdae1c3c07a2f6bd9d5368cda63540b2	059af22930c89ab8ae8158e78dede130	png			
res/U-.9.png	223	223	3087982136	e17761ed280edd93d7141bd504b70f9e9e15a8652288d9e6333bf4ce964ef844	b79ea884b65b3060c829eef49687391d	png			
res/VZ.png	1642	1642	1234501036	26b6e79c113b055f67aedcd2449f4ece12870c9482d11f5a85e55fd3d8468885	d3c21b4bbb3e51c8302095dc569e478b	png			
res/Ws.xml	1180	468	2650651508	df4a685b2d8fdf7bd28d9fcf450f39553d91693fdf45e7bc2c11a48c633e42bd	467c96bd4308ab7980c3e32a92e1c899	xml	2		
res/ZI.png	681	681	988198958	e8e2fecfbf111cc5ef65dbb6c7395a5ae16a68f7e0922738d0c802b26e866e49	d1423840d77a5d00b499c0d2749170a4	png			
res/_p.png	1441	1441	3786580475	549a81cda776769840f37f184d34eb673ff9e5c0671c67172818e91273753e1a	c1f13c62e868c4155d8c7f122016af71	png			
res/a0.xml	1228	536	3744061644	88e46046333b956b60d854489b3fb627dba614c9ceff4b7ce352b6c6b8f32ac2	1fdb943227def82dc8211a916f35fc19	xml	3		
res/c6.xml	372	185	380941137	d1c99c724062e35b4c91092f6d1651caac83d0528555c2282969ffceeb7727b1	31d16131391c359ffbe68a74945675aa	xml	1		
res/cV.xml	440	262	4250983196	393430c84a9479c962dac29ce4350109a34aea03a8e90f3f4dbae244940ea507	7e04fa7632fa1156da3ebca171064475	xml	1		
res/df.xml	532	252	1019867434	4b1f1f8350205cd89d2cad4de2372c0baf59565a2d4b2c22ebfc664980735090	5544822e6477b569ceb281ea246d5169	xml	1		
res/f9.png	562	562	1980127520	788a3b9472e9a46e1b6b68d918cd1571914b732e93aab014d77f20be5374e9de	22a6d622bac9036d1475a977dfabf57d	png			
res/fw.png	7136	7136	1305903045	14dc8f5be540775a31081754aea740abe7c0b1f37512ff656e7f3a5115792a11	b00e28299e4eb9149cf382cb6f18c9dd	png			
res/gK.9.png	215	215	3657061815	2f7fbda0ba6e53e9a47e2fc0e24e32c447c613a5808c2d6285dc651e83a07ad7	becfcdc666bad2da32848991e97e1475	png			
res/gl.png	2928	2928	2998434640	6c74f519af359a392fea5655f13c0a9c16beddd6ce3629538ce7f1c34b9b6b05	b1d57fe608ca1153044f11dcdc1b51cc	png			
res/iQ.png	489	489	3430853609	e816dc0998f4ee90d7b630f17e16fcc2e72d91078c5315adaac4bc2da4c226d7	882a43607ffe9b1fea2a9fe288d10b96	png			
res/iQ.xml	988	418	1129200489	d8dd8557252e861c650b70a0150cc7927d8ded78a9d0a90556dff95b15a1bcc5	6c3adfdacba19c0d1f0e6e302c6156e9	xml	3		
res/iW.png	808	808	2103637412	f221f962a62c954a11b1734e9631fc8531e34bee557665fea864aa4386e25e39	1ff7996255cfddb6ff462d8048a00bba	png			
res/je.9.png	212	212	931926398	21f0b55280be10b187ceff8edef4a5a7047683e6e9fcf47de410aa3839f41094	9beb0f023e6da0e206be1340063cfd1a	png			
res/lR.xml	440	260	2522405952	7c56be4f996128d5ab871589e02de28ee783c1f5e30ae975c42d54d7acc39bf2	3f48a9c96eceb742384728d7dbcac279	xml	1		
res/nz.xml	532	253	3545867168	17cfab91609628b0bda8a3de1f82185788438503bbddb2d2c49231907184fe7b	07e16f72157feba434b31e12e2e71567	xml	1		
res/o_.9.png	252	252	3364883086	20343222f9f79dd565c3a2248494d452e70820ac1c437173c38badd45f962afd	9dd63d1b33874553de30074a5144f1f9	png			
res/pY.png	107	107	1859699185	8430ec003e003f3f2ba2f78d48fd150e25407667e530e82e87a7d4841c0fd676	a94bac7c0e30978295d426a1b07c1ed5	png			
res/qF.xml	290	187	1372539573	5ef20e971497f76063ae165ee4aebc767cb12bcdd9fad3a0ca2c73d2c32f8163	b9ffa3b87e4121d4720c7244133fc4b9	xml	3		
res/s4.png	98	98	782467851	0d773e62c756422313262846c787e58f67e0ee87e45e1ae9942002e816c4cb9e	730fdc1b96103c0806847f7341ca500b	png			
res/sA.9.png	212	212	3257712287	0c6328c7b2420570a7ec38b3beb3bac9a29d895ac1ab7239315aba7266418593	6c3c4b9d0b6c4f7019ce57cbc7e7aeab	png			
res/vL.9.png	223	223	3978292842	99c14d6855b8be296d58017d3751b8dc849c47b6d1d80ab614ff9075080e461b	5293b7af8277d8ff229a5cd50d199640	png			
res/vo.png	727	727	745918827	5db3ab4d30063b5e8fa63ae2993f83efd0af71d6526b3a1468f9e3bf891af587	270982cc84a6fda34d41745a10413a8b	png			
res/wN.9.png	225	225	2715192528	18b328d8017e677d5aad3dbd66bae356b5cac978c6f0670938ea648e51d0eb66	baf4a09cb026f7b6ce5defcbae233abd	png			
res/xN.xml	2456	786	1930975080	ea38d9457bb7fab26fc18c7cf392b2958e817f19dc638a5c75d6315da8fdbd95	e6b9dc5e27325ad80f871dffbeb32391	xml	2		
res/xa.9.png	221	221	986722933	3e09afa21c45372c035598c017c8fb405a6d678e6cb84dc857581cb3b40e482d	3d4e903880e581df0dff44a4cc07c65b	png			
res/yn.png	7837	7837	3222044664	f453717940ed7475bd1455eb4843b773405b726abb32236c100b71f1ec21e46a	1f7706a65661f3cacd2423e618f118d0	png			
res/z-.9.png	221	221	2571432730	559bf783d765c02338e97952bdc9c6689c7ff99090b8c9813369118da8b080f0	bf3a10daa260ba3f4cd3325b94f75cf7	png			
res/zu.png	1091	1091	430328456	37558c932d02cefcd512303c3b6a78a84c97a2af59eb01537444f2bae1677dc1	789b8d4fd27e5c38ebca9759ebdcc8fe	png			
resources.arsc	152704	152704	355906354	f5e73dbcd3ad909d9b66b3692d0d30a8f45d2cfb780536ff082995256651ff98	858b8fab6800538a76de4039b569e73a	arsc			
META-INF/CERT.SF	331593	158502	3698697104	8e06690a8d790ff01aae5a9123e1760c9d1577cfab514286c496941b4bd42684	255a138bd09844c1f4daa835b143b38d	sf	8003		
META-INF/CERT.RSA	1334	1072	4038319711	dbd641783e518a6f4f730813cf97260188b00e32043e4297e415c3991a037233	48f5794e369f58f137c66e49b4415955	rsa			
META-INF/MANIFEST.MF	331519	141395	1670666064	3996925a9c71b8acc13d8892a19d1e68b76d4ad7982037fd2b54f5b9a2a1bb4e	37776bd593bcb4d8ef70bd3e2da3cbb7	mf	8002		
