index	descriptor	dotted_name	source_file	source_lines	source_bytes	error
0	LA/a;	A/a	A_a.java	4	77	
1	LA/b;	A/b	A_b.java	18	609	
2	LZ/d;	Z/d	Z_d.java	5	65	
3	LB/A;	B/A	B_A.java	20	473	
4	LZ/h;	Z/h	Z_h.java	5	64	
5	LB/B;	B/B	B_B.java	20	333	
6	LB/C;	B/C	B_C.java	18	372	
7	LB/D;	B/D	B_D.java	21	354	
8	LG/a;	G/a	G_a.java	13	187	
9	LB/a;	B/a	B_a.java	30	559	
10	LB/b;	B/b	B_b.java	115	3989	
11	LB/c;	B/c	B_c.java	285	10928	
12	LB/d;	B/d	B_d.java	30	752	
13	LQ/f;	Q/f	Q_f.java	15	259	
14	LB/e;	B/e	B_e.java	17	288	
15	LB/f;	B/f	B_f.java	19	375	
16	LB/g;	B/g	B_g.java	20	655	
17	LB/h;	B/h	B_h.java	63	1306	
18	LB/i;	B/i	B_i.java	24	724	
19	LB/j;	B/j	B_j.java	39	1236	
20	LB/k;	B/k	B_k.java	16	293	
21	LB/l;	B/l	B_l.java	49	1721	
22	LB/m;	B/m	B_m.java	16	268	
23	LB/n;	B/n	B_n.java	31	715	
24	LB/o;	B/o	B_o.java	18	339	
25	LB/p;	B/p	B_p.java	3	49	
26	LB/q;	B/q	B_q.java	180	5704	
27	LB/r;	B/r	B_r.java	48	1456	
28	LB/t;	B/t	B_t.java	67	1804	
29	LB/s;	B/s	B_s.java	25	449	
30	LB/u;	B/u	B_u.java	9	155	
31	LB/v;	B/v	B_v.java	24	420	
32	LB/w;	B/w	B_w.java	70	1953	
33	LB/x;	B/x	B_x.java	79	2672	
34	LZ/a;	Z/a	Z_a.java	5	67	
35	LB/y;	B/y	B_y.java	17	351	
36	LB/z;	B/z	B_z.java	31	826	
37	LR/b;	R/b	R_b.java	31	751	
38	LF/q0;	F/q0	F_q0.java	7	128	
39	LF/p0;	F/p0	F_p0.java	37	937	
40	LC/z;	C/z	C_z.java	64	1463	
41	LC/A;	C/A	C_A.java	16	250	
42	LC/B;	C/B	C_B.java	30	554	
43	LC/C;	C/C	C_C.java	13	207	
44	LC/D;	C/D	C_D.java	171	6020	
45	LC/E;	C/E	C_E.java	37	907	
46	LC/F;	C/F	C_F.java	53	1445	
47	LC/G;	C/G	C_G.java	54	1009	
48	LC/H;	C/H	C_H.java	46	1179	
49	LC/I;	C/I	C_I.java	67	1721	
50	LC/J;	C/J	C_J.java	46	1192	
51	LC/K;	C/K	C_K.java	3	49	
52	LC/N;	C/N	C_N.java	82	1567	
53	LC/L;	C/	C_.java	20	418	
54	LC/M;	C/M	C_M.java	3	49	
55	LC/O;	C/O	C_O.java	23	461	
56	LC/a;	C/a	C_a.java	39	1192	
57	LC/b;	C/b	C_b.java	197	5454	
58	LC/c;	C/c	C_c.java	52	1426	
59	LC/d;	C/d	C_d.java	80	1718	
60	LC/e;	C/e	C_e.java	8	224	
61	LC/f;	C/f	C_f.java	9	234	
62	LC/g;	C/g	C_g.java	8	177	
63	LC/h;	C/h	C_h.java	9	197	
64	LC/i;	C/i	C_i.java	8	224	
65	LC/k;	C/k	C_k.java	107	2595	
66	LC/j;	C/j	C_j.java	271	9064	
67	LC/l;	C/l	C_l.java	10	159	
68	LC/n;	C/n	C_n.java	224	8417	
69	LC/m;	C/m	C_m.java	15	266	
70	LC/o;	C/o	C_o.java	162	5129	
71	LC/p;	C/p	C_p.java	4	77	
72	LP/i;	P/i	P_i.java	15	259	
73	LC/q;	C/q	C_q.java	37	1038	
74	LC/r;	C/r	C_r.java	46	1268	
75	LC/s;	C/s	C_s.java	41	995	
76	LC/t;	C/t	C_t.java	21	415	
77	LC/u;	C/u	C_u.java	19	432	
78	LC/v;	C/v	C_v.java	14	5923	
79	LC/w;	C/w	C_w.java	14	5968	
80	LC/x;	C/x	C_x.java	14	4210	
81	LC/y;	C/y	C_y.java	14	4571	
82	LD/a$e;	D/a$e	D_a__e.java	8	87	
83	LD/a$a;	D/a$a	D_a__a.java	18	470	
84	LD/a$b;	D/a$b	D_a__b.java	3	36	
85	LD/a$c;	D/a$c	D_a__c.java	8	87	
86	LD/a$d;	D/a$d	D_a__d.java	3	36	
87	LD/a$f;	D/a$f	D_a__f.java	31	512	
88	LD/a$g;	D/a$g	D_a__g.java	8	98	
89	LD/a;	D/a	D_a.java	26	521	
90	LD/b;	D/b	D_b.java	27	644	
91	LD/c;	D/c	D_c.java	58	1683	
92	LD/d$a$a;	D/d$a$a	D_d__a__a.java	21	384	
93	LD/d$a;	D/d$a	D_d__a.java	25	495	
94	LD/d;	D/d	D_d.java	107	3108	
95	LE/c;	E/c	E_c.java	7	96	
96	LD/e$a;	D/e$a	D_e__a.java	3	51	
97	LE/h;	E/h	E_h.java	5	65	
98	LD/e$b;	D/e$b	D_e__b.java	3	51	
99	LD/e;	D/e	D_e.java	15	251	
100	LD/f;	D/f	D_f.java	9	148	
101	LD/g;	D/g	D_g.java	15	282	
102	LD/h;	D/h	D_h.java	3	49	
103	Lg/a;	g/a	g_a.java	12	292	
104	LE/e;	E/e	E_e.java	11	251	
105	LE/A;	E/A	E_A.java	19	382	
106	LE/j;	E/j	E_j.java	5	70	
107	LE/a;	E/a	E_a.java	13	202	
108	LE/b;	E/b	E_b.java	56	1226	
109	LE/d;	E/d	E_d.java	32	535	
110	LE/f;	E/f	E_f.java	3	39	
111	LE/g;	E/g	E_g.java	3	91	
112	LE/i;	E/i	E_i.java	5	65	
113	LE/k;	E/k	E_k.java	10	267	
114	LE/l;	E/l	E_l.java	16	329	
115	LE/m;	E/m	E_m.java	3	49	
116	LE/n;	E/n	E_n.java	11	278	
117	LE/o;	E/o	E_o.java	10	114	
118	LE/p;	E/p	E_p.java	43	911	
119	Lcom/google/android/gms/common/api/internal/w;	com/google/android/gms/common/api/internal/w	com_google_android_gms_common_api_internal_w.java	27	665	
120	LE/q;	E/q	E_q.java	13	227	
121	LE/r;	E/r	E_r.java	14	319	
122	LE/s;	E/s	E_s.java	16	244	
123	LE/t;	E/t	E_t.java	18	294	
124	LE/u;	E/u	E_u.java	7	96	
125	LP/b;	P/b	P_b.java	28	673	
126	LX/f;	X/f	X_f.java	5	98	
127	LX/e;	X/e	X_e.java	47	1392	
128	LX/d;	X/d	X_d.java	8	95	
129	LE/v;	E/v	E_v.java	106	2381	
130	LE/w;	E/w	E_w.java	3	49	
131	LE/x;	E/x	E_x.java	13	316	
132	LE/y;	E/y	E_y.java	42	1126	
133	LE/z;	E/z	E_z.java	181	5684	
134	LF/B;	F/B	F_B.java	40	1163	
135	LF/A;	F/A	F_A.java	21	419	
136	LF/c$a;	F/c$a	F_c__a.java	7	98	
137	LF/C;	F/C	F_C.java	22	317	
138	LF/c$b;	F/c$b	F_c__b.java	5	67	
139	LF/D;	F/D	F_D.java	16	220	
140	LF/E;	F/E	F_E.java	54	1287	
141	LF/F;	F/F	F_F.java	66	1743	
142	LF/G;	F/G	F_G.java	40	1034	
143	LF/H;	F/H	F_H.java	46	1454	
144	LF/I;	F/I	F_I.java	73	1611	
145	LF/J;	F/J	F_J.java	53	1497	
146	LF/V;	F/V	F_V.java	59	1201	
147	LF/K;	F/K	F_K.java	44	1013	
148	LF/j;	F/j	F_j.java	9	160	
149	LF/L;	F/	F_.java	39	1255	
150	LF/k;	F/k	F_k.java	5	98	
151	LF/M;	F/M	F_M.java	40	937	
152	LR/a;	R/a	R_a.java	41	978	
153	LF/P;	F/P	F_P.java	11	195	
154	LF/N;	F/N	F_N.java	48	1146	
155	LF/O;	F/O	F_O.java	17	460	
156	LF/Q;	F/Q	F_Q.java	41	1002	
157	LF/S;	F/S	F_S.java	3	49	
158	LF/T;	F/T	F_T.java	53	1431	
159	LR/e;	R/e	R_e.java	15	259	
160	LF/U;	F/U	F_U.java	120	4389	
161	LF/W;	F/W	F_W.java	36	969	
162	LF/X;	F/X	F_X.java	43	1173	
163	LF/Y;	F/Y	F_Y.java	57	1597	
164	LF/Z;	F/Z	F_Z.java	29	543	
165	LF/a0;	F/a0	F_a0.java	34	703	
166	LF/i;	F/i	F_i.java	5	118	
167	LF/i$a;	F/i$a	F_i__a.java	17	458	
168	LF/a;	F/a	F_a.java	19	527	
169	LF/b0;	F/b0	F_b0.java	46	1243	
170	LF/b;	F/b	F_b.java	12	235	
171	LF/c$c;	F/c$c	F_c__c.java	5	67	
172	LF/c$d;	F/c$d	F_c__d.java	24	440	
173	LF/c$e;	F/c$e	F_c__e.java	5	67	
174	LF/c0;	F/c0	F_c0.java	54	1399	
175	LF/c;	F/c	F_c.java	638	15475	
176	LF/d$a;	F/d$a	F_d__a.java	48	842	
177	LF/d0;	F/d0	F_d0.java	109	3319	
178	LF/d;	F/d	F_d.java	97	2122	
179	LF/e0;	F/e0	F_e0.java	115	3278	
180	LF/e;	F/e	F_e.java	70	1270	
181	LF/f0;	F/f0	F_f0.java	8	228	
182	LF/f;	F/f	F_f.java	86	2106	
183	LF/k0;	F/k0	F_k0.java	3	35	
184	LF/g0;	F/g0	F_g0.java	123	3308	
185	LF/g;	F/g	F_g.java	82	2080	
186	LF/h0;	F/h0	F_h0.java	3	50	
187	LF/h;	F/h	F_h.java	62	1457	
188	LF/i0;	F/i0	F_i0.java	53	1881	
189	LF/j0;	F/j0	F_j0.java	108	3413	
190	LF/l0;	F/l0	F_l0.java	41	1536	
191	LF/l;	F/l	F_l.java	49	1148	
192	LF/m$a;	F/m$a	F_m__a.java	44	1059	
193	LF/m0;	F/m0	F_m0.java	36	554	
194	LF/m;	F/m	F_m.java	28	530	
195	LF/n0;	F/n0	F_n0.java	17	475	
196	LF/n;	F/n	F_n.java	131	3043	
197	LF/o0;	F/o0	F_o0.java	25	557	
198	LF/o;	F/o	F_o.java	48	849	
199	LF/p;	F/p	F_p.java	62	1095	
200	LF/q;	F/q	F_q.java	24	545	
201	LF/r;	F/r	F_r.java	47	859	
202	LF/s;	F/s	F_s.java	13	242	
203	LF/t;	F/t	F_t.java	5	64	
204	LF/u$a;	F/u$a	F_u__a.java	14	176	
205	LF/u;	F/u	F_u.java	52	989	
206	LF/v;	F/v	F_v.java	36	865	
207	LF/w;	F/w	F_w.java	3	49	
208	LF/x;	F/x	F_x.java	3	49	
209	LF/y;	F/y	F_y.java	242	9153	
210	LF/z;	F/z	F_z.java	23	506	
211	LG/b$a;	G/b$a	G_b__a.java	17	442	
212	LG/b;	G/b	G_b.java	275	7353	
213	LG/c;	G/c	G_c.java	268	6503	
214	LP/a;	P/a	P_a.java	52	1196	
215	LH/a;	H/a	H_a.java	17	380	
216	LH/b;	H/b	H_b.java	17	318	
217	LH/c;	H/c	H_c.java	15	319	
218	LH/d;	H/d	H_d.java	34	838	
219	LH/e;	H/e	H_e.java	57	1262	
220	LI/a;	I/a	I_a.java	8	289	
221	LI/b;	I/b	I_b.java	125	4012	
222	LJ/a;	J/a	J_a.java	37	956	
223	LJ/b;	J/b	J_b.java	67	1621	
224	LJ/c;	J/c	J_c.java	12	228	
225	LJ/d;	J/d	J_d.java	9	127	
226	LJ/e;	J/e	J_e.java	27	626	
227	LJ/f;	J/f	J_f.java	21	500	
228	LJ/g;	J/g	J_g.java	35	505	
229	LJ/h;	J/h	J_h.java	71	2014	
230	LJ/i;	J/i	J_i.java	47	1333	
231	LJ/j;	J/j	J_j.java	14	251	
232	LJ/k;	J/k	J_k.java	87	1407	
233	LJ/l;	J/l	J_l.java	55	1845	
234	LJ/m;	J/m	J_m.java	19	376	
235	LJ/n;	J/n	J_n.java	24	810	
236	LJ/o;	J/o	J_o.java	171	5407	
237	LJ/p;	J/p	J_p.java	12	190	
238	LJ/q;	J/q	J_q.java	12	234	
239	LK/a;	K/a	K_a.java	20	517	
240	LK/b;	K/b	K_b.java	17	301	
241	LL/a;	/a	_a.java	8	179	
242	LL/b;	/b	_b.java	29	873	
243	LL/c;	/c	_c.java	8	192	
244	LL/d;	/d	_d.java	80	2284	
245	LL/e;	/e	_e.java	33	603	
246	LM/a;	M/a	M_a.java	3	67	
247	LM/a$a;	M/a$a	M_a__a.java	23	556	
248	LM/b;	M/b	M_b.java	57	1884	
249	LM/c;	M/c	M_c.java	9	189	
250	LN/a;	N/a	N_a.java	8	223	
251	LN/b;	N/b	N_b.java	8	115	
252	LN/c;	N/c	N_c.java	21	393	
253	LN/d;	N/d	N_d.java	106	3486	
254	LN/e;	N/e	N_e.java	3	49	
255	LN/f;	N/f	N_f.java	3	49	
256	LO/a;	O/a	O_a.java	41	1046	
257	LO/b;	O/b	O_b.java	3	98	
258	LO/c;	O/c	O_c.java	25	440	
259	LO/f;	O/f	O_f.java	7	134	
260	LO/d;	O/d	O_d.java	27	643	
261	LO/e;	O/e	O_e.java	17	467	
262	LO/h;	O/h	O_h.java	3	34	
263	LO/g;	O/g	O_g.java	8	88	
264	LO/i;	O/i	O_i.java	20	263	
265	LP/c;	P/c	P_c.java	55	1366	
266	LP/d;	P/d	P_d.java	15	299	
267	LP/e;	P/e	P_e.java	12	249	
268	LP/f;	P/f	P_f.java	8	277	
269	Ld/c;	d/c	d_c.java	52	1265	
270	LP/g;	P/g	P_g.java	18	490	
271	LP/h;	P/h	P_h.java	16	285	
272	LQ/a;	Q/a	Q_a.java	27	753	
273	LQ/b;	Q/b	Q_b.java	3	34	
274	LQ/c;	Q/c	Q_c.java	3	49	
275	LQ/d;	Q/d	Q_d.java	8	97	
276	LQ/e;	Q/e	Q_e.java	18	286	
277	LR/c;	R/c	R_c.java	70	1646	
278	LR/d;	R/d	R_d.java	16	285	
279	LS/a;	S/a	S_a.java	3	61	
280	LS/b;	S/b	S_b.java	25	373	
281	LS/c;	S/c	S_c.java	3	39	
282	LS/d;	S/d	S_d.java	3	51	
283	LS/e;	S/e	S_e.java	3	34	
284	LS/f;	S/f	S_f.java	3	42	
285	LS/g;	S/g	S_g.java	8	97	
286	LS/h;	S/h	S_h.java	18	286	
287	LS/i;	S/i	S_i.java	9	143	
288	LT/a;	T/a	T_a.java	9	146	
289	LU/a;	U/a	U_a.java	22	446	
290	LV/A;	V/A	V_A.java	3	49	
291	LV/B;	V/B	V_B.java	3	49	
292	LV/C;	V/C	V_C.java	18	363	
293	LV/D;	V/D	V_D.java	3	49	
294	LV/E;	V/E	V_E.java	3	49	
295	LV/a;	V/a	V_a.java	37	870	
296	LV/b;	V/b	V_b.java	302	7740	
297	LV/c;	V/c	V_c.java	21	370	
298	LV/d;	V/d	V_d.java	3	49	
299	Lcom/google/android/gms/internal/measurement/Q;	com/google/android/gms/internal/measurement/Q	com_google_android_gms_internal_measurement_Q.java	28	703	
300	LV/f;	V/f	V_f.java	39	679	
301	LV/e;	V/e	V_e.java	156	9273	
302	LV/g;	V/g	V_g.java	5	68	
303	LV/h;	V/h	V_h.java	3	49	
304	LV/i;	V/i	V_i.java	3	49	
305	LV/j;	V/j	V_j.java	5	65	
306	LV/k;	V/k	V_k.java	37	1240	
307	LV/l;	V/l	V_l.java	17	560	
308	LV/m;	V/m	V_m.java	26	718	
309	LV/n;	V/n	V_n.java	10	247	
310	LV/o;	V/o	V_o.java	18	363	
311	LV/p;	V/p	V_p.java	39	1240	
312	LV/q;	V/q	V_q.java	64	1942	
313	LV/r;	V/r	V_r.java	85	2740	
314	LV/s;	V/s	V_s.java	24	691	
315	LV/t;	V/t	V_t.java	5	65	
316	LV/u;	V/u	V_u.java	5	65	
317	LV/v;	V/v	V_v.java	3	49	
318	LV/w;	V/w	V_w.java	29	463	
319	LV/x;	V/x	V_x.java	30	774	
320	LV/y;	V/y	V_y.java	18	363	
321	LV/z;	V/z	V_z.java	9	130	
322	LW/a;	W/a	W_a.java	68	1596	
323	LW/b;	W/b	W_b.java	15	335	
324	LW/c;	W/c	W_c.java	14	260	
325	LW/d;	W/d	W_d.java	28	874	
326	LW/e;	W/e	W_e.java	7	113	
327	LW/f;	W/f	W_f.java	3	49	
328	LX/a;	X/a	X_a.java	102	3222	
329	LX/b;	X/b	X_b.java	31	646	
330	LX/c;	X/c	X_c.java	41	1080	
331	LX/g;	X/g	X_g.java	18	395	
332	LX/h;	X/h	X_h.java	28	574	
333	LX/i;	X/i	X_i.java	36	849	
334	LX/j;	X/j	X_j.java	28	528	
335	LX/k;	X/k	X_k.java	36	857	
336	LX/l;	X/l	X_l.java	41	749	
337	LX/m;	X/m	X_m.java	41	1044	
338	LY/a;	Y/a	Y_a.java	287	8524	
339	LY/b;	Y/b	Y_b.java	16	271	
340	LY/e;	Y/e	Y_e.java	3	34	
341	LY/c;	Y/c	Y_c.java	8	81	
342	LY/d;	Y/d	Y_d.java	9	93	
343	LZ/D;	Z/D	Z_D.java	5	58	
344	LZ/A;	Z/A	Z_A.java	38	737	
345	LZ/B;	Z/B	Z_B.java	43	1051	
346	LZ/f;	Z/f	Z_f.java	5	65	
347	LZ/e;	Z/e	Z_e.java	5	65	
348	LZ/c;	Z/c	Z_c.java	5	65	
349	LZ/C;	Z/C	Z_C.java	43	745	
350	LZ/E;	Z/E	Z_E.java	45	960	
351	LZ/F;	Z/F	Z_F.java	14	197	
352	LZ/G;	Z/G	Z_G.java	16	312	
353	LZ/i;	Z/i	Z_i.java	38	557	
354	LZ/H;	Z/H	Z_H.java	233	4534	
355	LZ/I;	Z/I	Z_I.java	26	568	
356	LZ/b;	Z/b	Z_b.java	33	955	
357	LZ/g;	Z/g	Z_g.java	9	140	
358	LZ/j;	Z/j	Z_j.java	37	496	
359	LZ/k;	Z/k	Z_k.java	12	244	
360	LZ/l;	Z/l	Z_l.java	80	1967	
361	LZ/m;	Z/m	Z_m.java	3	49	
362	LZ/o;	Z/o	Z_o.java	3	52	
363	LZ/n;	Z/n	Z_n.java	39	684	
364	LZ/p;	Z/p	Z_p.java	36	880	
365	LZ/q;	Z/q	Z_q.java	30	556	
366	LZ/r;	Z/r	Z_r.java	40	1008	
367	LZ/s;	Z/s	Z_s.java	48	821	
368	LZ/t;	Z/t	Z_t.java	20	331	
369	LZ/u;	Z/u	Z_u.java	38	733	
370	LZ/v;	Z/v	Z_v.java	22	393	
371	LZ/w;	Z/w	Z_w.java	34	643	
372	LZ/x;	Z/x	Z_x.java	22	418	
373	LZ/y;	Z/y	Z_y.java	38	750	
374	LZ/z;	Z/z	Z_z.java	22	397	
375	La/e;	a/e	a_e.java	148	3216	
376	La/a$a;	a/a$a	a_a__a.java	58	844	
377	La/f;	a/f	a_f.java	574	16155	
378	La/a;	a/a	a_a.java	49	890	
379	La/b$a;	a/b$a	a_b__a.java	58	906	
380	La/b;	a/b	a_b.java	497	12907	
381	La/c;	a/c	a_c.java	47	1036	
382	La/d;	a/d	a_d.java	173	5007	
383	La/e$a;	a/e$a	a_e__a.java	54	1106	
384	La/e$b;	a/e$b	a_e__b.java	144	3081	
385	La/e$c;	a/e$c	a_e__c.java	117	2118	
386	La/e$d;	a/e$d	a_e__d.java	130	3181	
387	La/e$e;	a/e$e	a_e__e.java	124	2349	
388	La0/a;	a0/a	a0_a.java	3	40	
389	Lm0/b;	m0/b	m0_b.java	5	70	
390	La0/b;	a0/b	a0_b.java	17	365	
391	La0/d$b;	a0/d$b	a0_d__b.java	5	68	
392	La0/c;	a0/c	a0_c.java	16	275	
393	La0/d$a;	a0/d$a	a0_d__a.java	3	45	
394	Lcom/google/android/gms/common/api/internal/a$a;	com/google/android/gms/common/api/internal/a$a	com_google_android_gms_common_api_internal_a__a.java	5	108	
395	La0/d$c;	a0/d$c	a0_d__c.java	49	1385	
396	La0/d$d;	a0/d$d	a0_d__d.java	26	437	
397	La0/d$e;	a0/d$e	a0_d__e.java	51	1217	
398	La0/d;	a0/d	a0_d.java	264	7168	
399	La0/e;	a0/e	a0_e.java	8	176	
400	Lu0/h$a;	u0/h$a	u0_h__a.java	5	70	
401	La0/f;	a0/f	a0_f.java	13	263	
402	La0/g;	a0/g	a0_g.java	13	263	
403	La0/h;	a0/h	a0_h.java	13	263	
404	La0/i;	a0/i	a0_i.java	13	263	
405	La0/j;	a0/j	a0_j.java	15	242	
406	La0/k;	a0/k	a0_k.java	93	2428	
407	Landroidx/core/app/RemoteActionCompatParcelizer;	androidx/core/app/RemoteActionCompatParcelizer	androidx_core_app_RemoteActionCompatParcelizer.java	32	942	
408	Landroid/support/v4/app/RemoteActionCompatParcelizer;	android/support/v4/app/RemoteActionCompatParcelizer	android_support_v4_app_RemoteActionCompatParcelizer.java	19	594	
409	Landroidx/core/graphics/drawable/IconCompatParcelizer;	androidx/core/graphics/drawable/IconCompatParcelizer	androidx_core_graphics_drawable_IconCompatParcelizer.java	57	1478	
410	Landroid/support/v4/graphics/drawable/IconCompatParcelizer;	android/support/v4/graphics/drawable/IconCompatParcelizer	android_support_v4_graphics_drawable_IconCompatParcelizer.java	19	622	
411	Landroidx/annotation/Keep;	androidx/annotation/Keep	androidx_annotation_Keep.java	3	109	
412	Landroidx/core/app/CoreComponentFactory;	androidx/core/app/CoreComponentFactory	androidx_core_app_CoreComponentFactory.java	38	1425	
413	Li/a;	i/a	i_a.java	3	34	
414	Landroidx/core/app/RemoteActionCompat;	androidx/core/app/RemoteActionCompat	androidx_core_app_RemoteActionCompat.java	14	340	
415	Landroidx/versionedparcelable/CustomVersionedParcelable;	androidx/versionedparcelable/CustomVersionedParcelable	androidx_versionedparcelable_CustomVersionedParcelable.java	8	173	
416	Landroidx/core/graphics/drawable/IconCompat;	androidx/core/graphics/drawable/IconCompat	androidx_core_graphics_drawable_IconCompat.java	419	15264	
417	Landroidx/lifecycle/CompositeGeneratedAdaptersObserver;	androidx/lifecycle/CompositeGeneratedAdaptersObserver	androidx_lifecycle_CompositeGeneratedAdaptersObserver.java	3	80	
418	Landroidx/lifecycle/FullLifecycleObserverAdapter;	androidx/lifecycle/FullLifecycleObserverAdapter	androidx_lifecycle_FullLifecycleObserverAdapter.java	3	68	
419	Landroidx/lifecycle/a;	androidx/lifecycle/a	androidx_lifecycle_a.java	3	49	
420	Landroidx/lifecycle/LiveData$LifecycleBoundObserver;	androidx/lifecycle/LiveData$LifecycleBoundObserver	androidx_lifecycle_LiveData__LifecycleBoundObserver.java	3	100	
421	Landroidx/lifecycle/ReflectiveGenericLifecycleObserver;	androidx/lifecycle/ReflectiveGenericLifecycleObserver	androidx_lifecycle_ReflectiveGenericLifecycleObserver.java	3	74	
422	Landroidx/lifecycle/SingleGeneratedAdapterObserver;	androidx/lifecycle/SingleGeneratedAdapterObserver	androidx_lifecycle_SingleGeneratedAdapterObserver.java	3	76	
423	Landroidx/versionedparcelable/ParcelImpl$a;	androidx/versionedparcelable/ParcelImpl$a	androidx_versionedparcelable_ParcelImpl__a.java	29	719	
424	Landroidx/versionedparcelable/ParcelImpl;	androidx/versionedparcelable/ParcelImpl	androidx_versionedparcelable_ParcelImpl.java	28	696	
425	Landroidx/versionedparcelable/a;	androidx/versionedparcelable/a	androidx_versionedparcelable_a.java	296	7336	
426	Landroidx/versionedparcelable/b;	androidx/versionedparcelable/b	androidx_versionedparcelable_b.java	183	4282	
427	Lb/a;	b/a	b_a.java	5	115	
428	Lb0/a;	b0/a	b0_a.java	7	97	
429	Lb0/b;	b0/b	b0_b.java	74	2093	
430	Lb0/c;	b0/c	b0_c.java	21	358	
431	Lj0/b;	j0/b	j0_b.java	5	66	
432	Lb0/d;	b0/d	b0_d.java	21	325	
433	Lc/A;	c/A	c_A.java	8	217	
434	Lc/h;	c/h	c_h.java	5	93	
435	Lc/B;	c/B	c_B.java	266	9289	
436	Lc/C;	c/C	c_C.java	53	1408	
437	Lc/D;	c/D	c_D.java	23	495	
438	Lc/a;	c/a	c_a.java	9	205	
439	Lc/b;	c/b	c_b.java	11	246	
440	Lc/c;	c/c	c_c.java	8	184	
441	Lc/d;	c/d	c_d.java	8	201	
442	Lc/e;	c/e	c_e.java	8	178	
443	Lc/f;	c/f	c_f.java	21	513	
444	Lc/g;	c/g	c_g.java	3	68	
445	Lc/i$a;	c/i$a	c_i__a.java	108	2365	
446	Lc/i$f;	c/i$f	c_i__f.java	46	714	
447	Lc/i$b;	c/i$b	c_i__b.java	36	772	
448	Lc/i$c;	c/i$c	c_i__c.java	24	497	
449	Lc/i$d;	c/i$d	c_i__d.java	8	142	
450	Lc/i$e;	c/i$e	c_i__e.java	280	6030	
451	Lc/i;	c/i	c_i.java	8	145	
452	Lc/j;	c/j	c_j.java	8	233	
453	Lc/k;	c/k	c_k.java	8	245	
454	Lc/l;	c/l	c_l.java	8	286	
455	Lc/m;	c/m	c_m.java	8	115	
456	Lc/n;	c/n	c_n.java	8	225	
457	Lc/o;	c/o	c_o.java	8	115	
458	Lc/p;	c/p	c_p.java	8	243	
459	Lc/q;	c/q	c_q.java	8	232	
460	Lc/r;	c/r	c_r.java	8	232	
461	Lc/s;	c/s	c_s.java	8	254	
462	Lc/t;	c/t	c_t.java	8	244	
463	Lc/u;	c/u	c_u.java	8	247	
464	Lc/v;	c/v	c_v.java	8	251	
465	Lc/w;	c/w	c_w.java	8	217	
466	Lc/x;	c/x	c_x.java	8	217	
467	Lc/y;	c/y	c_y.java	8	217	
468	Lc/z;	c/z	c_z.java	8	222	
469	Lm0/a;	m0/a	m0_a.java	5	66	
470	Lc0/A;	c0/A	c0_A.java	14	199	
471	Lc0/B;	c0/B	c0_B.java	13	185	
472	Lc0/C;	c0/C	c0_C.java	65	1116	
473	Lc0/D;	c0/D	c0_D.java	36	688	
474	Lj0/c;	j0/c	j0_c.java	3	35	
475	Lc0/E$a;	c0/E$a	c0_E__a.java	12	217	
476	Lc0/e;	c0/e	c0_e.java	11	170	
477	Lc0/a;	c0/a	c0_a.java	23	372	
478	Lc0/E;	c0/E	c0_E.java	100	3128	
479	Lc0/h;	c0/h	c0_h.java	5	68	
480	Lc0/b;	c0/b	c0_b.java	15	267	
481	Lc0/c;	c0/c	c0_c.java	15	267	
482	Lc0/d$a;	c0/d$a	c0_d__a.java	3	45	
483	Lc0/d$b;	c0/d$b	c0_d__b.java	111	2341	
484	Lc0/d;	c0/d	c0_d.java	151	3147	
485	Lc0/f;	c0/f	c0_f.java	15	258	
486	Lc0/g$a;	c0/g$a	c0_g__a.java	3	45	
487	Lc0/g$c;	c0/g$c	c0_g__c.java	5	71	
488	Lc0/g$b;	c0/g$b	c0_g__b.java	65	2148	
489	Lc0/g;	c0/g	c0_g.java	59	1875	
490	Lc0/j;	c0/j	c0_j.java	12	181	
491	Lc0/i;	c0/i	c0_i.java	13	253	
492	Lc0/k;	c0/k	c0_k.java	13	209	
493	Lc0/l;	c0/l	c0_l.java	17	327	
494	Lc0/m;	c0/m	c0_m.java	18	348	
495	Lc0/n;	c0/n	c0_n.java	18	348	
496	Lc0/o$a;	c0/o$a	c0_o__a.java	3	45	
497	Lc0/o$b;	c0/o$b	c0_o__b.java	57	1276	
498	Le0/a;	e0/a	e0_a.java	3	35	
499	Lc0/o;	c0/o	c0_o.java	286	8644	
500	Lc0/p;	c0/p	c0_p.java	15	346	
501	Lc0/q$a;	c0/q$a	c0_q__a.java	3	45	
502	Lc0/q$b;	c0/q$b	c0_q__b.java	52	733	
503	Lc0/q$c;	c0/q$c	c0_q__c.java	37	734	
504	Lc0/q;	c0/q	c0_q.java	103	3765	
505	Lc0/r;	c0/r	c0_r.java	144	2979	
506	Lc0/t;	c0/t	c0_t.java	9	138	
507	Lc0/s;	c0/s	c0_s.java	14	352	
508	Lc0/u;	c0/u	c0_u.java	16	317	
509	Lj0/d;	j0/d	j0_d.java	7	97	
510	Lc0/v;	c0/v	c0_v.java	88	2156	
511	Lc0/w;	c0/w	c0_w.java	15	228	
512	Lc0/x;	c0/x	c0_x.java	34	636	
513	Lc0/y;	c0/y	c0_y.java	54	1247	
514	Lc0/z;	c0/z	c0_z.java	9	116	
515	Ln/d;	n/d	n_d.java	5	69	
516	Lcom/google/android/datatransport/cct/CctBackendFactory;	com/google/android/datatransport/cct/CctBackendFactory	com_google_android_datatransport_cct_CctBackendFactory.java	13	282	
517	Lm/g;	m/g	m_g.java	7	100	
518	Lm/h;	m/h	m_h.java	5	89	
519	Lcom/google/android/datatransport/cct/a;	com/google/android/datatransport/cct/a	com_google_android_datatransport_cct_a.java	105	3574	
520	Lr/a;	r/a	r_a.java	5	67	
521	Lcom/google/android/datatransport/cct/b;	com/google/android/datatransport/cct/b	com_google_android_datatransport_cct_b.java	15	445	
522	Lr/c;	r/c	r_c.java	5	67	
523	Lcom/google/android/datatransport/cct/c;	com/google/android/datatransport/cct/c	com_google_android_datatransport_cct_c.java	13	366	
524	Lcom/google/android/datatransport/cct/d$a;	com/google/android/datatransport/cct/d$a	com_google_android_datatransport_cct_d__a.java	19	423	
525	Lcom/google/android/datatransport/cct/d$b;	com/google/android/datatransport/cct/d$b	com_google_android_datatransport_cct_d__b.java	14	261	
526	Ln/m;	n/m	n_m.java	7	94	
527	Lcom/google/android/datatransport/cct/d;	com/google/android/datatransport/cct/d	com_google_android_datatransport_cct_d.java	320	13627	
528	Lcom/google/android/datatransport/cct/e;	com/google/android/datatransport/cct/e	com_google_android_datatransport_cct_e.java	22	709	
529	Lcom/google/android/datatransport/runtime/backends/TransportBackendDiscovery;	com/google/android/datatransport/runtime/backends/TransportBackendDiscovery	com_google_android_datatransport_runtime_backends_TransportBackendDiscovery.java	13	293	
530	Lcom/google/android/datatransport/runtime/scheduling/jobscheduling/AlarmManagerSchedulerBroadcastReceiver;	com/google/android/datatransport/runtime/scheduling/jobscheduling/AlarmManagerSchedulerBroadcastReceiver	com_google_android_datatransport_runtime_scheduling_jobscheduling_AlarmManagerSchedulerBroadcastReceiver.java	34	1107	
531	Lcom/google/android/datatransport/runtime/scheduling/jobscheduling/JobInfoSchedulerService;	com/google/android/datatransport/runtime/scheduling/jobscheduling/JobInfoSchedulerService	com_google_android_datatransport_runtime_scheduling_jobscheduling_JobInfoSchedulerService.java	40	1218	
532	Lcom/google/android/gms/common/internal/ReflectedParcelable;	com/google/android/gms/common/internal/ReflectedParcelable	com_google_android_gms_common_internal_ReflectedParcelable.java	3	122	
533	Lcom/google/android/gms/auth/api/signin/GoogleSignInAccount;	com/google/android/gms/auth/api/signin/GoogleSignInAccount	com_google_android_gms_auth_api_signin_GoogleSignInAccount.java	205	6319	
534	Lcom/google/android/gms/auth/api/signin/a;	com/google/android/gms/auth/api/signin/a	com_google_android_gms_auth_api_signin_a.java	78	2504	
535	Lcom/google/android/gms/common/GooglePlayServicesManifestException;	com/google/android/gms/common/GooglePlayServicesManifestException	com_google_android_gms_common_GooglePlayServicesManifestException.java	11	302	
536	Lcom/google/android/gms/common/GooglePlayServicesIncorrectManifestValueException;	com/google/android/gms/common/GooglePlayServicesIncorrectManifestValueException	com_google_android_gms_common_GooglePlayServicesIncorrectManifestValueException.java	15	801	
537	Lcom/google/android/gms/common/GooglePlayServicesMissingManifestValueException;	com/google/android/gms/common/GooglePlayServicesMissingManifestValueException	com_google_android_gms_common_GooglePlayServicesMissingManifestValueException.java	9	568	
538	Lcom/google/android/gms/common/annotation/KeepName;	com/google/android/gms/common/annotation/KeepName	com_google_android_gms_common_annotation_KeepName.java	3	134	
539	Lcom/google/android/gms/common/api/GoogleApiActivity;	com/google/android/gms/common/api/GoogleApiActivity	com_google_android_gms_common_api_GoogleApiActivity.java	125	4725	
540	Lcom/google/android/gms/common/api/Scope;	com/google/android/gms/common/api/Scope	com_google_android_gms_common_api_Scope.java	63	1392	
541	Lcom/google/android/gms/common/api/Status;	com/google/android/gms/common/api/Status	com_google_android_gms_common_api_Status.java	148	4491	
542	Lcom/google/android/gms/common/api/a;	com/google/android/gms/common/api/a	com_google_android_gms_common_api_a.java	36	973	
543	Lcom/google/android/gms/common/api/b;	com/google/android/gms/common/api/b	com_google_android_gms_common_api_b.java	53	1743	
544	Lcom/google/android/gms/common/api/internal/LifecycleCallback;	com/google/android/gms/common/api/internal/LifecycleCallback	com_google_android_gms_common_api_internal_LifecycleCallback.java	81	1539	
545	Lcom/google/android/gms/common/api/internal/A;	com/google/android/gms/common/api/internal/A	com_google_android_gms_common_api_internal_A.java	163	4751	
546	Lcom/google/android/gms/common/api/internal/a;	com/google/android/gms/common/api/internal/a	com_google_android_gms_common_api_internal_a.java	143	3691	
547	Lcom/google/android/gms/common/api/internal/b;	com/google/android/gms/common/api/internal/b	com_google_android_gms_common_api_internal_b.java	476	16969	
548	Lcom/google/android/gms/common/api/internal/c$a;	com/google/android/gms/common/api/internal/c$a	com_google_android_gms_common_api_internal_c__a.java	49	1131	
549	Lcom/google/android/gms/common/api/internal/c;	com/google/android/gms/common/api/internal/c	com_google_android_gms_common_api_internal_c.java	40	754	
550	Lcom/google/android/gms/common/api/internal/d;	com/google/android/gms/common/api/internal/d	com_google_android_gms_common_api_internal_d.java	18	454	
551	Lcom/google/android/gms/common/api/internal/e;	com/google/android/gms/common/api/internal/e	com_google_android_gms_common_api_internal_e.java	79	2377	
552	Lcom/google/android/gms/common/api/internal/f;	com/google/android/gms/common/api/internal/f	com_google_android_gms_common_api_internal_f.java	73	1726	
553	Lcom/google/android/gms/common/api/internal/g;	com/google/android/gms/common/api/internal/g	com_google_android_gms_common_api_internal_g.java	17	574	
554	Lcom/google/android/gms/common/api/internal/h;	com/google/android/gms/common/api/internal/h	com_google_android_gms_common_api_internal_h.java	16	394	
555	Lcom/google/android/gms/common/api/internal/i;	com/google/android/gms/common/api/internal/i	com_google_android_gms_common_api_internal_i.java	18	458	
556	Lcom/google/android/gms/common/api/internal/j;	com/google/android/gms/common/api/internal/j	com_google_android_gms_common_api_internal_j.java	17	553	
557	Lcom/google/android/gms/common/api/internal/k;	com/google/android/gms/common/api/internal/k	com_google_android_gms_common_api_internal_k.java	16	442	
558	Lcom/google/android/gms/common/api/internal/l;	com/google/android/gms/common/api/internal/l	com_google_android_gms_common_api_internal_l.java	613	21276	
559	Lcom/google/android/gms/common/api/internal/m;	com/google/android/gms/common/api/internal/m	com_google_android_gms_common_api_internal_m.java	45	1148	
560	Lcom/google/android/gms/common/api/internal/n;	com/google/android/gms/common/api/internal/n	com_google_android_gms_common_api_internal_n.java	43	1782	
561	Lcom/google/android/gms/common/api/internal/o;	com/google/android/gms/common/api/internal/o	com_google_android_gms_common_api_internal_o.java	82	2111	
562	Lcom/google/android/gms/common/api/internal/p;	com/google/android/gms/common/api/internal/p	com_google_android_gms_common_api_internal_p.java	68	2004	
563	Lcom/google/android/gms/common/api/internal/q;	com/google/android/gms/common/api/internal/q	com_google_android_gms_common_api_internal_q.java	189	6858	
564	Lcom/google/android/gms/common/api/internal/r;	com/google/android/gms/common/api/internal/r	com_google_android_gms_common_api_internal_r.java	16	291	
565	Lcom/google/android/gms/common/api/internal/s;	com/google/android/gms/common/api/internal/s	com_google_android_gms_common_api_internal_s.java	17	507	
566	Lcom/google/android/gms/common/api/internal/t;	com/google/android/gms/common/api/internal/t	com_google_android_gms_common_api_internal_t.java	42	983	
567	Lcom/google/android/gms/common/api/internal/u;	com/google/android/gms/common/api/internal/u	com_google_android_gms_common_api_internal_u.java	63	1732	
568	Lcom/google/android/gms/common/api/internal/v;	com/google/android/gms/common/api/internal/v	com_google_android_gms_common_api_internal_v.java	33	781	
569	Lcom/google/android/gms/common/api/internal/x;	com/google/android/gms/common/api/internal/x	com_google_android_gms_common_api_internal_x.java	23	340	
570	Lcom/google/android/gms/common/api/internal/y;	com/google/android/gms/common/api/internal/y	com_google_android_gms_common_api_internal_y.java	21	536	
571	Lcom/google/android/gms/common/api/internal/z;	com/google/android/gms/common/api/internal/z	com_google_android_gms_common_api_internal_z.java	43	1828	
572	Lcom/google/android/gms/common/util/DynamiteApi;	com/google/android/gms/common/util/DynamiteApi	com_google_android_gms_common_util_DynamiteApi.java	3	131	
573	Lcom/google/android/gms/dynamite/DynamiteModule$DynamiteLoaderClassLoader;	com/google/android/gms/dynamite/DynamiteModule$DynamiteLoaderClassLoader	com_google_android_gms_dynamite_DynamiteModule__DynamiteLoaderClassLoader.java	9	226	
574	Lcom/google/android/gms/dynamite/DynamiteModule$a;	com/google/android/gms/dynamite/DynamiteModule$a	com_google_android_gms_dynamite_DynamiteModule__a.java	15	317	
575	Lcom/google/android/gms/dynamite/DynamiteModule$b$a;	com/google/android/gms/dynamite/DynamiteModule$b$a	com_google_android_gms_dynamite_DynamiteModule__b__a.java	7	141	
576	Lcom/google/android/gms/dynamite/DynamiteModule$b$b;	com/google/android/gms/dynamite/DynamiteModule$b$b	com_google_android_gms_dynamite_DynamiteModule__b__b.java	14	252	
577	Lcom/google/android/gms/dynamite/DynamiteModule$b;	com/google/android/gms/dynamite/DynamiteModule$b	com_google_android_gms_dynamite_DynamiteModule__b.java	5	156	
578	Lcom/google/android/gms/dynamite/DynamiteModule;	com/google/android/gms/dynamite/DynamiteModule	com_google_android_gms_dynamite_DynamiteModule.java	580	29688	
579	Lcom/google/android/gms/dynamite/a;	com/google/android/gms/dynamite/a	com_google_android_gms_dynamite_a.java	23	591	
580	Lcom/google/android/gms/dynamite/b;	com/google/android/gms/dynamite/b	com_google_android_gms_dynamite_b.java	13	223	
581	Lcom/google/android/gms/dynamite/c;	com/google/android/gms/dynamite/c	com_google_android_gms_dynamite_c.java	18	470	
582	Lcom/google/android/gms/dynamite/d;	com/google/android/gms/dynamite/d	com_google_android_gms_dynamite_d.java	25	743	
583	Lcom/google/android/gms/dynamite/descriptors/com/google/android/gms/measurement/dynamite/ModuleDescriptor;	com/google/android/gms/dynamite/descriptors/com/google/android/gms/measurement/dynamite/ModuleDescriptor	com_google_android_gms_dynamite_descriptors_com_google_android_gms_measurement_dynamite_ModuleDescriptor.java	10	329	
584	Lcom/google/android/gms/dynamite/e;	com/google/android/gms/dynamite/e	com_google_android_gms_dynamite_e.java	25	749	
585	Lcom/google/android/gms/dynamite/f;	com/google/android/gms/dynamite/f	com_google_android_gms_dynamite_f.java	21	637	
586	Lcom/google/android/gms/dynamite/g;	com/google/android/gms/dynamite/g	com_google_android_gms_dynamite_g.java	31	884	
587	Lcom/google/android/gms/dynamite/h;	com/google/android/gms/dynamite/h	com_google_android_gms_dynamite_h.java	39	1059	
588	Lcom/google/android/gms/dynamite/i;	com/google/android/gms/dynamite/i	com_google_android_gms_dynamite_i.java	31	884	
589	Lcom/google/android/gms/dynamite/j;	com/google/android/gms/dynamite/j	com_google_android_gms_dynamite_j.java	39	1059	
590	Lcom/google/android/gms/dynamite/k;	com/google/android/gms/dynamite/k	com_google_android_gms_dynamite_k.java	9	150	
591	Lcom/google/android/gms/dynamite/l;	com/google/android/gms/dynamite/l	com_google_android_gms_dynamite_l.java	20	428	
592	Lcom/google/android/gms/dynamite/m;	com/google/android/gms/dynamite/m	com_google_android_gms_dynamite_m.java	91	2403	
593	Lcom/google/android/gms/dynamite/n;	com/google/android/gms/dynamite/n	com_google_android_gms_dynamite_n.java	35	955	
594	Lcom/google/android/gms/internal/measurement/L0;	com/google/android/gms/internal/measurement/L0	com_google_android_gms_internal_measurement_L0.java	40	948	
595	Lcom/google/android/gms/internal/measurement/A0;	com/google/android/gms/internal/measurement/A0	com_google_android_gms_internal_measurement_A0.java	25	740	
596	Lcom/google/android/gms/internal/measurement/A4;	com/google/android/gms/internal/measurement/A4	com_google_android_gms_internal_measurement_A4.java	5	150	
597	Lcom/google/android/gms/internal/measurement/z4;	com/google/android/gms/internal/measurement/z4	com_google_android_gms_internal_measurement_z4.java	9	269	
598	Lcom/google/android/gms/internal/measurement/i3;	com/google/android/gms/internal/measurement/i3	com_google_android_gms_internal_measurement_i3.java	100	4186	
599	Lcom/google/android/gms/internal/measurement/V3;	com/google/android/gms/internal/measurement/V3	com_google_android_gms_internal_measurement_V3.java	285	9032	
600	Lcom/google/android/gms/internal/measurement/A1;	com/google/android/gms/internal/measurement/A1	com_google_android_gms_internal_measurement_A1.java	67	2324	
601	Lcom/google/android/gms/internal/measurement/A2;	com/google/android/gms/internal/measurement/A2	com_google_android_gms_internal_measurement_A2.java	20	623	
602	Lcom/google/android/gms/internal/measurement/C3;	com/google/android/gms/internal/measurement/C3	com_google_android_gms_internal_measurement_C3.java	24	443	
603	Lcom/google/android/gms/internal/measurement/A3;	com/google/android/gms/internal/measurement/A3	com_google_android_gms_internal_measurement_A3.java	31	731	
604	Lcom/google/android/gms/internal/measurement/c3;	com/google/android/gms/internal/measurement/c3	com_google_android_gms_internal_measurement_c3.java	5	110	
605	Lcom/google/android/gms/internal/measurement/A5;	com/google/android/gms/internal/measurement/A5	com_google_android_gms_internal_measurement_A5.java	49	1439	
606	Lcom/google/android/gms/internal/measurement/r;	com/google/android/gms/internal/measurement/r	com_google_android_gms_internal_measurement_r.java	36	1933	
607	Lcom/google/android/gms/internal/measurement/n;	com/google/android/gms/internal/measurement/n	com_google_android_gms_internal_measurement_n.java	9	213	
608	Lcom/google/android/gms/internal/measurement/k;	com/google/android/gms/internal/measurement/k	com_google_android_gms_internal_measurement_k.java	106	2741	
609	Lcom/google/android/gms/internal/measurement/A6;	com/google/android/gms/internal/measurement/A6	com_google_android_gms_internal_measurement_A6.java	41	2159	
610	Lcom/google/android/gms/internal/measurement/y;	com/google/android/gms/internal/measurement/y	com_google_android_gms_internal_measurement_y.java	21	649	
611	Lcom/google/android/gms/internal/measurement/A;	com/google/android/gms/internal/measurement/A	com_google_android_gms_internal_measurement_A.java	178	9623	
612	Lcom/google/android/gms/internal/measurement/B0;	com/google/android/gms/internal/measurement/B0	com_google_android_gms_internal_measurement_B0.java	25	751	
613	Lcom/google/android/gms/internal/measurement/B1;	com/google/android/gms/internal/measurement/B1	com_google_android_gms_internal_measurement_B1.java	3	85	
614	Lcom/google/android/gms/internal/measurement/B2;	com/google/android/gms/internal/measurement/B2	com_google_android_gms_internal_measurement_B2.java	5	110	
615	Lcom/google/android/gms/internal/measurement/B3;	com/google/android/gms/internal/measurement/B3	com_google_android_gms_internal_measurement_B3.java	3	92	
616	Lcom/google/android/gms/internal/measurement/B4;	com/google/android/gms/internal/measurement/B4	com_google_android_gms_internal_measurement_B4.java	222	11208	
617	Lcom/google/android/gms/internal/measurement/B5;	com/google/android/gms/internal/measurement/B5	com_google_android_gms_internal_measurement_B5.java	5	110	
618	Lcom/google/android/gms/internal/measurement/B6;	com/google/android/gms/internal/measurement/B6	com_google_android_gms_internal_measurement_B6.java	38	1675	
619	Lcom/google/android/gms/internal/measurement/B;	com/google/android/gms/internal/measurement/B	com_google_android_gms_internal_measurement_B.java	208	14675	
620	Lcom/google/android/gms/internal/measurement/C0;	com/google/android/gms/internal/measurement/C0	com_google_android_gms_internal_measurement_C0.java	25	744	
621	Lcom/google/android/gms/internal/measurement/Y3;	com/google/android/gms/internal/measurement/Y3	com_google_android_gms_internal_measurement_Y3.java	5	111	
622	Lcom/google/android/gms/internal/measurement/C1;	com/google/android/gms/internal/measurement/C1	com_google_android_gms_internal_measurement_C1.java	24	618	
623	Lcom/google/android/gms/internal/measurement/C2;	com/google/android/gms/internal/measurement/C2	com_google_android_gms_internal_measurement_C2.java	5	103	
624	Lcom/google/android/gms/internal/measurement/K4;	com/google/android/gms/internal/measurement/K4	com_google_android_gms_internal_measurement_K4.java	21	355	
625	Lcom/google/android/gms/internal/measurement/C4;	com/google/android/gms/internal/measurement/C4	com_google_android_gms_internal_measurement_C4.java	5026	235666	
626	Lcom/google/android/gms/internal/measurement/C5;	com/google/android/gms/internal/measurement/C5	com_google_android_gms_internal_measurement_C5.java	11	213	
627	Lcom/google/android/gms/internal/measurement/C6;	com/google/android/gms/internal/measurement/C6	com_google_android_gms_internal_measurement_C6.java	14	486	
628	Lcom/google/android/gms/internal/measurement/C;	com/google/android/gms/internal/measurement/C	com_google_android_gms_internal_measurement_C.java	15	451	
629	Lcom/google/android/gms/internal/measurement/D0;	com/google/android/gms/internal/measurement/D0	com_google_android_gms_internal_measurement_D0.java	25	749	
630	Lcom/google/android/gms/internal/measurement/y4;	com/google/android/gms/internal/measurement/y4	com_google_android_gms_internal_measurement_y4.java	9	375	
631	Lcom/google/android/gms/internal/measurement/h3;	com/google/android/gms/internal/measurement/h3	com_google_android_gms_internal_measurement_h3.java	22	668	
632	Lcom/google/android/gms/internal/measurement/T3;	com/google/android/gms/internal/measurement/T3	com_google_android_gms_internal_measurement_T3.java	128	4079	
633	Lcom/google/android/gms/internal/measurement/D1;	com/google/android/gms/internal/measurement/D1	com_google_android_gms_internal_measurement_D1.java	9	356	
634	Lcom/google/android/gms/internal/measurement/D2;	com/google/android/gms/internal/measurement/D2	com_google_android_gms_internal_measurement_D2.java	17	492	
635	Lcom/google/android/gms/internal/measurement/n3;	com/google/android/gms/internal/measurement/n3	com_google_android_gms_internal_measurement_n3.java	8	127	
636	Lcom/google/android/gms/internal/measurement/G3;	com/google/android/gms/internal/measurement/G3	com_google_android_gms_internal_measurement_G3.java	174	5178	
637	Lcom/google/android/gms/internal/measurement/D3;	com/google/android/gms/internal/measurement/D3	com_google_android_gms_internal_measurement_D3.java	291	9034	
638	Lcom/google/android/gms/internal/measurement/D4;	com/google/android/gms/internal/measurement/D4	com_google_android_gms_internal_measurement_D4.java	106	3171	
639	Lcom/google/android/gms/internal/measurement/D5;	com/google/android/gms/internal/measurement/D5	com_google_android_gms_internal_measurement_D5.java	42	1767	
640	Lcom/google/android/gms/internal/measurement/D6;	com/google/android/gms/internal/measurement/D6	com_google_android_gms_internal_measurement_D6.java	15	534	
641	Lcom/google/android/gms/internal/measurement/D;	com/google/android/gms/internal/measurement/D	com_google_android_gms_internal_measurement_D.java	38	1860	
642	Lcom/google/android/gms/internal/measurement/E0;	com/google/android/gms/internal/measurement/E0	com_google_android_gms_internal_measurement_E0.java	25	750	
643	Lcom/google/android/gms/internal/measurement/E1;	com/google/android/gms/internal/measurement/E1	com_google_android_gms_internal_measurement_E1.java	72	2682	
644	Lcom/google/android/gms/internal/measurement/E2;	com/google/android/gms/internal/measurement/E2	com_google_android_gms_internal_measurement_E2.java	15	373	
645	Lcom/google/android/gms/internal/measurement/E3;	com/google/android/gms/internal/measurement/E3	com_google_android_gms_internal_measurement_E3.java	15	437	
646	Lcom/google/android/gms/internal/measurement/E4;	com/google/android/gms/internal/measurement/E4	com_google_android_gms_internal_measurement_E4.java	8	110	
647	Lcom/google/android/gms/internal/measurement/E5;	com/google/android/gms/internal/measurement/E5	com_google_android_gms_internal_measurement_E5.java	39	1207	
648	Lcom/google/android/gms/internal/measurement/E6;	com/google/android/gms/internal/measurement/E6	com_google_android_gms_internal_measurement_E6.java	60	2453	
649	Lcom/google/android/gms/internal/measurement/E;	com/google/android/gms/internal/measurement/E	com_google_android_gms_internal_measurement_E.java	633	30229	
650	Lcom/google/android/gms/internal/measurement/F0;	com/google/android/gms/internal/measurement/F0	com_google_android_gms_internal_measurement_F0.java	31	958	
651	Lcom/google/android/gms/internal/measurement/F1;	com/google/android/gms/internal/measurement/F1	com_google_android_gms_internal_measurement_F1.java	37	1489	
652	Lcom/google/android/gms/internal/measurement/F2;	com/google/android/gms/internal/measurement/F2	com_google_android_gms_internal_measurement_F2.java	74	2836	
653	Lcom/google/android/gms/internal/measurement/F3;	com/google/android/gms/internal/measurement/F3	com_google_android_gms_internal_measurement_F3.java	3	92	
654	Lcom/google/android/gms/internal/measurement/F4;	com/google/android/gms/internal/measurement/F4	com_google_android_gms_internal_measurement_F4.java	25	928	
655	Lcom/google/android/gms/internal/measurement/F5;	com/google/android/gms/internal/measurement/F5	com_google_android_gms_internal_measurement_F5.java	7	145	
656	Lcom/google/android/gms/internal/measurement/F;	com/google/android/gms/internal/measurement/F	com_google_android_gms_internal_measurement_F.java	42	2150	
657	Lcom/google/android/gms/internal/measurement/G0;	com/google/android/gms/internal/measurement/G0	com_google_android_gms_internal_measurement_G0.java	21	725	
658	Lcom/google/android/gms/internal/measurement/G1;	com/google/android/gms/internal/measurement/G1	com_google_android_gms_internal_measurement_G1.java	148	4487	
659	Lcom/google/android/gms/internal/measurement/G2;	com/google/android/gms/internal/measurement/G2	com_google_android_gms_internal_measurement_G2.java	8	224	
660	Lcom/google/android/gms/internal/measurement/G4;	com/google/android/gms/internal/measurement/G4	com_google_android_gms_internal_measurement_G4.java	3	70	
661	Lcom/google/android/gms/internal/measurement/G5;	com/google/android/gms/internal/measurement/G5	com_google_android_gms_internal_measurement_G5.java	25	759	
662	Lcom/google/android/gms/internal/measurement/I;	com/google/android/gms/internal/measurement/I	com_google_android_gms_internal_measurement_I.java	5	142	
663	Lcom/google/android/gms/internal/measurement/G;	com/google/android/gms/internal/measurement/G	com_google_android_gms_internal_measurement_G.java	19	622	
664	Lcom/google/android/gms/internal/measurement/H0;	com/google/android/gms/internal/measurement/H0	com_google_android_gms_internal_measurement_H0.java	17	500	
665	Lcom/google/android/gms/internal/measurement/H1;	com/google/android/gms/internal/measurement/H1	com_google_android_gms_internal_measurement_H1.java	23	851	
666	Lcom/google/android/gms/internal/measurement/H2;	com/google/android/gms/internal/measurement/H2	com_google_android_gms_internal_measurement_H2.java	99	5103	
667	Lcom/google/android/gms/internal/measurement/h5;	com/google/android/gms/internal/measurement/h5	com_google_android_gms_internal_measurement_h5.java	75	1186	
668	Lcom/google/android/gms/internal/measurement/H3;	com/google/android/gms/internal/measurement/H3	com_google_android_gms_internal_measurement_H3.java	547	15736	
669	Lcom/google/android/gms/internal/measurement/H4;	com/google/android/gms/internal/measurement/H4	com_google_android_gms_internal_measurement_H4.java	40	1524	
670	Lcom/google/android/gms/internal/measurement/H5;	com/google/android/gms/internal/measurement/H5	com_google_android_gms_internal_measurement_H5.java	39	1207	
671	Lcom/google/android/gms/internal/measurement/H;	com/google/android/gms/internal/measurement/H	com_google_android_gms_internal_measurement_H.java	19	622	
672	Lcom/google/android/gms/internal/measurement/I0;	com/google/android/gms/internal/measurement/I0	com_google_android_gms_internal_measurement_I0.java	27	819	
673	Lcom/google/android/gms/internal/measurement/I1;	com/google/android/gms/internal/measurement/I1	com_google_android_gms_internal_measurement_I1.java	102	3105	
674	Lcom/google/android/gms/internal/measurement/I2;	com/google/android/gms/internal/measurement/I2	com_google_android_gms_internal_measurement_I2.java	55	2734	
675	Lcom/google/android/gms/internal/measurement/I3;	com/google/android/gms/internal/measurement/I3	com_google_android_gms_internal_measurement_I3.java	3	82	
676	Lcom/google/android/gms/internal/measurement/b4;	com/google/android/gms/internal/measurement/b4	com_google_android_gms_internal_measurement_b4.java	9	265	
677	Lcom/google/android/gms/internal/measurement/j3;	com/google/android/gms/internal/measurement/j3	com_google_android_gms_internal_measurement_j3.java	123	2722	
678	Lcom/google/android/gms/internal/measurement/I4;	com/google/android/gms/internal/measurement/I4	com_google_android_gms_internal_measurement_I4.java	133	3666	
679	Lcom/google/android/gms/internal/measurement/I5;	com/google/android/gms/internal/measurement/I5	com_google_android_gms_internal_measurement_I5.java	7	145	
680	Lcom/google/android/gms/internal/measurement/J0;	com/google/android/gms/internal/measurement/J0	com_google_android_gms_internal_measurement_J0.java	36	1118	
681	Lcom/google/android/gms/internal/measurement/J1;	com/google/android/gms/internal/measurement/J1	com_google_android_gms_internal_measurement_J1.java	114	4055	
682	Lcom/google/android/gms/internal/measurement/J2;	com/google/android/gms/internal/measurement/J2	com_google_android_gms_internal_measurement_J2.java	23	834	
683	Lcom/google/android/gms/internal/measurement/J3;	com/google/android/gms/internal/measurement/J3	com_google_android_gms_internal_measurement_J3.java	30	764	
684	Lcom/google/android/gms/internal/measurement/w4;	com/google/android/gms/internal/measurement/w4	com_google_android_gms_internal_measurement_w4.java	9	207	
685	Lcom/google/android/gms/internal/measurement/J4;	com/google/android/gms/internal/measurement/J4	com_google_android_gms_internal_measurement_J4.java	68	1538	
686	Lcom/google/android/gms/internal/measurement/J5;	com/google/android/gms/internal/measurement/J5	com_google_android_gms_internal_measurement_J5.java	30	1233	
687	Lcom/google/android/gms/internal/measurement/J;	com/google/android/gms/internal/measurement/J	com_google_android_gms_internal_measurement_J.java	18	552	
688	Lcom/google/android/gms/internal/measurement/K0;	com/google/android/gms/internal/measurement/K0	com_google_android_gms_internal_measurement_K0.java	25	812	
689	Lcom/google/android/gms/internal/measurement/K1;	com/google/android/gms/internal/measurement/K1	com_google_android_gms_internal_measurement_K1.java	194	5511	
690	Lcom/google/android/gms/internal/measurement/K2;	com/google/android/gms/internal/measurement/K2	com_google_android_gms_internal_measurement_K2.java	21	544	
691	Lcom/google/android/gms/internal/measurement/K3;	com/google/android/gms/internal/measurement/K3	com_google_android_gms_internal_measurement_K3.java	41	1469	
692	Lcom/google/android/gms/internal/measurement/K5;	com/google/android/gms/internal/measurement/K5	com_google_android_gms_internal_measurement_K5.java	39	1207	
693	Lcom/google/android/gms/internal/measurement/K;	com/google/android/gms/internal/measurement/K	com_google_android_gms_internal_measurement_K.java	183	12953	
694	Lcom/google/android/gms/internal/measurement/L1;	com/google/android/gms/internal/measurement/L1	com_google_android_gms_internal_measurement_L1.java	23	854	
695	Lcom/google/android/gms/internal/measurement/L2;	com/google/android/gms/internal/measurement/L2	com_google_android_gms_internal_measurement_L2.java	15	417	
696	Lcom/google/android/gms/internal/measurement/L3;	com/google/android/gms/internal/measurement/L3	com_google_android_gms_internal_measurement_L3.java	14	230	
697	Lcom/google/android/gms/internal/measurement/L4;	com/google/android/gms/internal/measurement/L4	com_google_android_gms_internal_measurement_L4.java	5	143	
698	Lcom/google/android/gms/internal/measurement/L5;	com/google/android/gms/internal/measurement/L5	com_google_android_gms_internal_measurement_L5.java	7	145	
699	Lcom/google/android/gms/internal/measurement/L;	com/google/android/gms/internal/measurement/	com_google_android_gms_internal_measurement_.java	71	5508	
700	Lcom/google/android/gms/internal/measurement/M0;	com/google/android/gms/internal/measurement/M0	com_google_android_gms_internal_measurement_M0.java	33	1246	
701	Lcom/google/android/gms/internal/measurement/M1;	com/google/android/gms/internal/measurement/M1	com_google_android_gms_internal_measurement_M1.java	76	2734	
702	Lcom/google/android/gms/internal/measurement/M2;	com/google/android/gms/internal/measurement/M2	com_google_android_gms_internal_measurement_M2.java	15	397	
703	Lcom/google/android/gms/internal/measurement/M3;	com/google/android/gms/internal/measurement/M3	com_google_android_gms_internal_measurement_M3.java	25	463	
704	Lcom/google/android/gms/internal/measurement/M4;	com/google/android/gms/internal/measurement/M4	com_google_android_gms_internal_measurement_M4.java	688	22326	
705	Lcom/google/android/gms/internal/measurement/M5;	com/google/android/gms/internal/measurement/M5	com_google_android_gms_internal_measurement_M5.java	34	1572	
706	Lcom/google/android/gms/internal/measurement/M;	com/google/android/gms/internal/measurement/M	com_google_android_gms_internal_measurement_M.java	26	1051	
707	Lcom/google/android/gms/internal/measurement/N0;	com/google/android/gms/internal/measurement/N0	com_google_android_gms_internal_measurement_N0.java	19	634	
708	Lcom/google/android/gms/internal/measurement/N1;	com/google/android/gms/internal/measurement/N1	com_google_android_gms_internal_measurement_N1.java	84	3015	
709	Lcom/google/android/gms/internal/measurement/V2;	com/google/android/gms/internal/measurement/V2	com_google_android_gms_internal_measurement_V2.java	150	6602	
710	Lcom/google/android/gms/internal/measurement/N2;	com/google/android/gms/internal/measurement/N2	com_google_android_gms_internal_measurement_N2.java	26	830	
711	Lcom/google/android/gms/internal/measurement/N3;	com/google/android/gms/internal/measurement/N3	com_google_android_gms_internal_measurement_N3.java	30	1118	
712	Lcom/google/android/gms/internal/measurement/N4;	com/google/android/gms/internal/measurement/N4	com_google_android_gms_internal_measurement_N4.java	23	1052	
713	Lcom/google/android/gms/internal/measurement/N5;	com/google/android/gms/internal/measurement/N5	com_google_android_gms_internal_measurement_N5.java	33	1080	
714	Lcom/google/android/gms/internal/measurement/N;	com/google/android/gms/internal/measurement/N	com_google_android_gms_internal_measurement_N.java	253	19135	
715	Lcom/google/android/gms/internal/measurement/O0;	com/google/android/gms/internal/measurement/O0	com_google_android_gms_internal_measurement_O0.java	19	634	
716	Lcom/google/android/gms/internal/measurement/O1;	com/google/android/gms/internal/measurement/O1	com_google_android_gms_internal_measurement_O1.java	231	6175	
717	Lcom/google/android/gms/internal/measurement/O2;	com/google/android/gms/internal/measurement/O2	com_google_android_gms_internal_measurement_O2.java	31	1061	
718	Lcom/google/android/gms/internal/measurement/O3;	com/google/android/gms/internal/measurement/O3	com_google_android_gms_internal_measurement_O3.java	3	75	
719	Lcom/google/android/gms/internal/measurement/O4;	com/google/android/gms/internal/measurement/O4	com_google_android_gms_internal_measurement_O4.java	61	2344	
720	Lcom/google/android/gms/internal/measurement/O5;	com/google/android/gms/internal/measurement/O5	com_google_android_gms_internal_measurement_O5.java	5	111	
721	Lcom/google/android/gms/internal/measurement/O;	com/google/android/gms/internal/measurement/O	com_google_android_gms_internal_measurement_O.java	366	25139	
722	Lcom/google/android/gms/internal/measurement/P0;	com/google/android/gms/internal/measurement/P0	com_google_android_gms_internal_measurement_P0.java	20	551	
723	Lcom/google/android/gms/internal/measurement/P1;	com/google/android/gms/internal/measurement/P1	com_google_android_gms_internal_measurement_P1.java	9	356	
724	Lcom/google/android/gms/internal/measurement/P2;	com/google/android/gms/internal/measurement/P2	com_google_android_gms_internal_measurement_P2.java	26	868	
725	Lcom/google/android/gms/internal/measurement/P3;	com/google/android/gms/internal/measurement/P3	com_google_android_gms_internal_measurement_P3.java	324	20077	
726	Lcom/google/android/gms/internal/measurement/P4;	com/google/android/gms/internal/measurement/P4	com_google_android_gms_internal_measurement_P4.java	9	326	
727	Lcom/google/android/gms/internal/measurement/P5;	com/google/android/gms/internal/measurement/P5	com_google_android_gms_internal_measurement_P5.java	27	1387	
728	Lcom/google/android/gms/internal/measurement/P;	com/google/android/gms/internal/measurement/P	com_google_android_gms_internal_measurement_P.java	57	1432	
729	Lcom/google/android/gms/internal/measurement/Q0;	com/google/android/gms/internal/measurement/Q0	com_google_android_gms_internal_measurement_Q0.java	19	633	
730	Lcom/google/android/gms/internal/measurement/Q1;	com/google/android/gms/internal/measurement/Q1	com_google_android_gms_internal_measurement_Q1.java	59	2307	
731	Lcom/google/android/gms/internal/measurement/Q2;	com/google/android/gms/internal/measurement/Q2	com_google_android_gms_internal_measurement_Q2.java	14	361	
732	Lcom/google/android/gms/internal/measurement/Q3;	com/google/android/gms/internal/measurement/Q3	com_google_android_gms_internal_measurement_Q3.java	49	2140	
733	Lcom/google/android/gms/internal/measurement/Q4;	com/google/android/gms/internal/measurement/Q4	com_google_android_gms_internal_measurement_Q4.java	26	333	
734	Lcom/google/android/gms/internal/measurement/Q5;	com/google/android/gms/internal/measurement/Q5	com_google_android_gms_internal_measurement_Q5.java	33	1080	
735	Lcom/google/android/gms/internal/measurement/R0;	com/google/android/gms/internal/measurement/R0	com_google_android_gms_internal_measurement_R0.java	19	634	
736	Lcom/google/android/gms/internal/measurement/R1;	com/google/android/gms/internal/measurement/R1	com_google_android_gms_internal_measurement_R1.java	113	3419	
737	Lcom/google/android/gms/internal/measurement/R2;	com/google/android/gms/internal/measurement/R2	com_google_android_gms_internal_measurement_R2.java	68	2247	
738	Lcom/google/android/gms/internal/measurement/R3;	com/google/android/gms/internal/measurement/R3	com_google_android_gms_internal_measurement_R3.java	27	1396	
739	Lcom/google/android/gms/internal/measurement/R4;	com/google/android/gms/internal/measurement/R4	com_google_android_gms_internal_measurement_R4.java	283	9885	
740	Lcom/google/android/gms/internal/measurement/R5;	com/google/android/gms/internal/measurement/R5	com_google_android_gms_internal_measurement_R5.java	5	111	
741	Lcom/google/android/gms/internal/measurement/S0;	com/google/android/gms/internal/measurement/S0	com_google_android_gms_internal_measurement_S0.java	21	794	
742	Lcom/google/android/gms/internal/measurement/S1;	com/google/android/gms/internal/measurement/S1	com_google_android_gms_internal_measurement_S1.java	21	867	
743	Lcom/google/android/gms/internal/measurement/S2;	com/google/android/gms/internal/measurement/S2	com_google_android_gms_internal_measurement_S2.java	12	222	
744	Lcom/google/android/gms/internal/measurement/x4;	com/google/android/gms/internal/measurement/x4	com_google_android_gms_internal_measurement_x4.java	7	177	
745	Lcom/google/android/gms/internal/measurement/S3;	com/google/android/gms/internal/measurement/S3	com_google_android_gms_internal_measurement_S3.java	38	1364	
746	Lcom/google/android/gms/internal/measurement/S4;	com/google/android/gms/internal/measurement/S4	com_google_android_gms_internal_measurement_S4.java	69	2270	
747	Lcom/google/android/gms/internal/measurement/S5;	com/google/android/gms/internal/measurement/S5	com_google_android_gms_internal_measurement_S5.java	27	1361	
748	Lcom/google/android/gms/internal/measurement/S;	com/google/android/gms/internal/measurement/S	com_google_android_gms_internal_measurement_S.java	75	1925	
749	Lcom/google/android/gms/internal/measurement/T0;	com/google/android/gms/internal/measurement/T0	com_google_android_gms_internal_measurement_T0.java	19	636	
750	Lcom/google/android/gms/internal/measurement/T1;	com/google/android/gms/internal/measurement/T1	com_google_android_gms_internal_measurement_T1.java	79	3032	
751	Lcom/google/android/gms/internal/measurement/T2;	com/google/android/gms/internal/measurement/T2	com_google_android_gms_internal_measurement_T2.java	101	5434	
752	Lcom/google/android/gms/internal/measurement/T4;	com/google/android/gms/internal/measurement/T4	com_google_android_gms_internal_measurement_T4.java	59	1333	
753	Lcom/google/android/gms/internal/measurement/T5;	com/google/android/gms/internal/measurement/T5	com_google_android_gms_internal_measurement_T5.java	53	1536	
754	Lcom/google/android/gms/internal/measurement/V;	com/google/android/gms/internal/measurement/V	com_google_android_gms_internal_measurement_V.java	5	153	
755	Lcom/google/android/gms/internal/measurement/T;	com/google/android/gms/internal/measurement/T	com_google_android_gms_internal_measurement_T.java	19	753	
756	Lcom/google/android/gms/internal/measurement/U0;	com/google/android/gms/internal/measurement/U0	com_google_android_gms_internal_measurement_U0.java	57	2159	
757	Lcom/google/android/gms/internal/measurement/U1;	com/google/android/gms/internal/measurement/U1	com_google_android_gms_internal_measurement_U1.java	491	17427	
758	Lcom/google/android/gms/internal/measurement/U2;	com/google/android/gms/internal/measurement/U2	com_google_android_gms_internal_measurement_U2.java	3	92	
759	Lcom/google/android/gms/internal/measurement/U3;	com/google/android/gms/internal/measurement/U3	com_google_android_gms_internal_measurement_U3.java	3	137	
760	Lcom/google/android/gms/internal/measurement/U4;	com/google/android/gms/internal/measurement/U4	com_google_android_gms_internal_measurement_U4.java	27	672	
761	Lcom/google/android/gms/internal/measurement/U5;	com/google/android/gms/internal/measurement/U5	com_google_android_gms_internal_measurement_U5.java	13	239	
762	Lcom/google/android/gms/internal/measurement/U;	com/google/android/gms/internal/measurement/U	com_google_android_gms_internal_measurement_U.java	13	708	
763	Lcom/google/android/gms/internal/measurement/V0;	com/google/android/gms/internal/measurement/V0	com_google_android_gms_internal_measurement_V0.java	328	11721	
764	Lcom/google/android/gms/internal/measurement/V1;	com/google/android/gms/internal/measurement/V1	com_google_android_gms_internal_measurement_V1.java	1019	25516	
765	Lcom/google/android/gms/internal/measurement/h4;	com/google/android/gms/internal/measurement/h4	com_google_android_gms_internal_measurement_h4.java	11	281	
766	Lcom/google/android/gms/internal/measurement/V4;	com/google/android/gms/internal/measurement/V4	com_google_android_gms_internal_measurement_V4.java	55	1431	
767	Lcom/google/android/gms/internal/measurement/V5;	com/google/android/gms/internal/measurement/V5	com_google_android_gms_internal_measurement_V5.java	49	1986	
768	Lcom/google/android/gms/internal/measurement/W0;	com/google/android/gms/internal/measurement/W0	com_google_android_gms_internal_measurement_W0.java	3	85	
769	Lcom/google/android/gms/internal/measurement/W1;	com/google/android/gms/internal/measurement/W1	com_google_android_gms_internal_measurement_W1.java	16	701	
770	Lcom/google/android/gms/internal/measurement/W2;	com/google/android/gms/internal/measurement/W2	com_google_android_gms_internal_measurement_W2.java	47	1453	
771	Lcom/google/android/gms/internal/measurement/Z3;	com/google/android/gms/internal/measurement/Z3	com_google_android_gms_internal_measurement_Z3.java	5	208	
772	Lcom/google/android/gms/internal/measurement/W3;	com/google/android/gms/internal/measurement/W3	com_google_android_gms_internal_measurement_W3.java	257	7415	
773	Lcom/google/android/gms/internal/measurement/W4;	com/google/android/gms/internal/measurement/W4	com_google_android_gms_internal_measurement_W4.java	31	803	
774	Lcom/google/android/gms/internal/measurement/W5;	com/google/android/gms/internal/measurement/W5	com_google_android_gms_internal_measurement_W5.java	33	1080	
775	Lcom/google/android/gms/internal/measurement/W;	com/google/android/gms/internal/measurement/W	com_google_android_gms_internal_measurement_W.java	16	369	
776	Lcom/google/android/gms/internal/measurement/X0;	com/google/android/gms/internal/measurement/X0	com_google_android_gms_internal_measurement_X0.java	43	1636	
777	Lcom/google/android/gms/internal/measurement/X1;	com/google/android/gms/internal/measurement/X1	com_google_android_gms_internal_measurement_X1.java	24	558	
778	Lcom/google/android/gms/internal/measurement/X2;	com/google/android/gms/internal/measurement/X2	com_google_android_gms_internal_measurement_X2.java	8	184	
779	Lcom/google/android/gms/internal/measurement/X3;	com/google/android/gms/internal/measurement/X3	com_google_android_gms_internal_measurement_X3.java	3	77	
780	Lcom/google/android/gms/internal/measurement/Z4;	com/google/android/gms/internal/measurement/Z4	com_google_android_gms_internal_measurement_Z4.java	72	1330	
781	Lcom/google/android/gms/internal/measurement/X4;	com/google/android/gms/internal/measurement/X4	com_google_android_gms_internal_measurement_X4.java	62	1701	
782	Lcom/google/android/gms/internal/measurement/X5;	com/google/android/gms/internal/measurement/X5	com_google_android_gms_internal_measurement_X5.java	5	111	
783	Lcom/google/android/gms/internal/measurement/X;	com/google/android/gms/internal/measurement/X	com_google_android_gms_internal_measurement_X.java	8	227	
784	Lcom/google/android/gms/internal/measurement/Y0;	com/google/android/gms/internal/measurement/Y0	com_google_android_gms_internal_measurement_Y0.java	131	4369	
785	Lcom/google/android/gms/internal/measurement/Y1;	com/google/android/gms/internal/measurement/Y1	com_google_android_gms_internal_measurement_Y1.java	75	3012	
786	Lcom/google/android/gms/internal/measurement/a3;	com/google/android/gms/internal/measurement/a3	com_google_android_gms_internal_measurement_a3.java	22	528	
787	Lcom/google/android/gms/internal/measurement/Y2;	com/google/android/gms/internal/measurement/Y2	com_google_android_gms_internal_measurement_Y2.java	44	903	
788	Lcom/google/android/gms/internal/measurement/Y4;	com/google/android/gms/internal/measurement/Y4	com_google_android_gms_internal_measurement_Y4.java	62	1701	
789	Lcom/google/android/gms/internal/measurement/Y5;	com/google/android/gms/internal/measurement/Y5	com_google_android_gms_internal_measurement_Y5.java	20	697	
790	Lcom/google/android/gms/internal/measurement/Y;	com/google/android/gms/internal/measurement/Y	com_google_android_gms_internal_measurement_Y.java	91	3925	
791	Lcom/google/android/gms/internal/measurement/Z0;	com/google/android/gms/internal/measurement/Z0	com_google_android_gms_internal_measurement_Z0.java	38	1310	
792	Lcom/google/android/gms/internal/measurement/Z1;	com/google/android/gms/internal/measurement/Z1	com_google_android_gms_internal_measurement_Z1.java	79	2806	
793	Lcom/google/android/gms/internal/measurement/Z2;	com/google/android/gms/internal/measurement/Z2	com_google_android_gms_internal_measurement_Z2.java	3	77	
794	Lcom/google/android/gms/internal/measurement/Z5;	com/google/android/gms/internal/measurement/Z5	com_google_android_gms_internal_measurement_Z5.java	54	1555	
795	Lcom/google/android/gms/internal/measurement/Z;	com/google/android/gms/internal/measurement/Z	com_google_android_gms_internal_measurement_Z.java	3	76	
796	Lcom/google/android/gms/internal/measurement/a0;	com/google/android/gms/internal/measurement/a0	com_google_android_gms_internal_measurement_a0.java	3	92	
797	Lcom/google/android/gms/internal/measurement/a1;	com/google/android/gms/internal/measurement/a1	com_google_android_gms_internal_measurement_a1.java	169	4980	
798	Lcom/google/android/gms/internal/measurement/a2;	com/google/android/gms/internal/measurement/a2	com_google_android_gms_internal_measurement_a2.java	209	6709	
799	Lcom/google/android/gms/internal/measurement/a4;	com/google/android/gms/internal/measurement/a4	com_google_android_gms_internal_measurement_a4.java	7	239	
800	Lcom/google/android/gms/internal/measurement/a5;	com/google/android/gms/internal/measurement/a5	com_google_android_gms_internal_measurement_a5.java	386	13115	
801	Lcom/google/android/gms/internal/measurement/a6;	com/google/android/gms/internal/measurement/a6	com_google_android_gms_internal_measurement_a6.java	13	247	
802	Lcom/google/android/gms/internal/measurement/a;	com/google/android/gms/internal/measurement/a	com_google_android_gms_internal_measurement_a.java	15	401	
803	Lcom/google/android/gms/internal/measurement/b0;	com/google/android/gms/internal/measurement/b0	com_google_android_gms_internal_measurement_b0.java	8	226	
804	Lcom/google/android/gms/internal/measurement/b1;	com/google/android/gms/internal/measurement/b1	com_google_android_gms_internal_measurement_b1.java	16	606	
805	Lcom/google/android/gms/internal/measurement/b2;	com/google/android/gms/internal/measurement/b2	com_google_android_gms_internal_measurement_b2.java	23	855	
806	Lcom/google/android/gms/internal/measurement/b3;	com/google/android/gms/internal/measurement/b3	com_google_android_gms_internal_measurement_b3.java	43	931	
807	Lcom/google/android/gms/internal/measurement/b5;	com/google/android/gms/internal/measurement/b5	com_google_android_gms_internal_measurement_b5.java	66	2138	
808	Lcom/google/android/gms/internal/measurement/b6;	com/google/android/gms/internal/measurement/b6	com_google_android_gms_internal_measurement_b6.java	67	3699	
809	Lcom/google/android/gms/internal/measurement/b;	com/google/android/gms/internal/measurement/b	com_google_android_gms_internal_measurement_b.java	112	2716	
810	Lcom/google/android/gms/internal/measurement/c0;	com/google/android/gms/internal/measurement/c0	com_google_android_gms_internal_measurement_c0.java	18	671	
811	Lcom/google/android/gms/internal/measurement/c1;	com/google/android/gms/internal/measurement/c1	com_google_android_gms_internal_measurement_c1.java	136	3995	
812	Lcom/google/android/gms/internal/measurement/c2;	com/google/android/gms/internal/measurement/c2	com_google_android_gms_internal_measurement_c2.java	107	3424	
813	Lcom/google/android/gms/internal/measurement/c4;	com/google/android/gms/internal/measurement/c4	com_google_android_gms_internal_measurement_c4.java	86	2470	
814	Lcom/google/android/gms/internal/measurement/c5;	com/google/android/gms/internal/measurement/c5	com_google_android_gms_internal_measurement_c5.java	17	688	
815	Lcom/google/android/gms/internal/measurement/c6;	com/google/android/gms/internal/measurement/c6	com_google_android_gms_internal_measurement_c6.java	14	418	
816	Lcom/google/android/gms/internal/measurement/c;	com/google/android/gms/internal/measurement/c	com_google_android_gms_internal_measurement_c.java	67	1805	
817	Lcom/google/android/gms/internal/measurement/d0;	com/google/android/gms/internal/measurement/d0	com_google_android_gms_internal_measurement_d0.java	9	190	
818	Lcom/google/android/gms/internal/measurement/d1;	com/google/android/gms/internal/measurement/d1	com_google_android_gms_internal_measurement_d1.java	9	356	
819	Lcom/google/android/gms/internal/measurement/d2;	com/google/android/gms/internal/measurement/d2	com_google_android_gms_internal_measurement_d2.java	65	2313	
820	Lcom/google/android/gms/internal/measurement/d3;	com/google/android/gms/internal/measurement/d3	com_google_android_gms_internal_measurement_d3.java	46	1205	
821	Lcom/google/android/gms/internal/measurement/e4;	com/google/android/gms/internal/measurement/e4	com_google_android_gms_internal_measurement_e4.java	39	1502	
822	Lcom/google/android/gms/internal/measurement/d4;	com/google/android/gms/internal/measurement/d4	com_google_android_gms_internal_measurement_d4.java	9	250	
823	Lcom/google/android/gms/internal/measurement/d5;	com/google/android/gms/internal/measurement/d5	com_google_android_gms_internal_measurement_d5.java	19	309	
824	Lcom/google/android/gms/internal/measurement/d6;	com/google/android/gms/internal/measurement/d6	com_google_android_gms_internal_measurement_d6.java	39	1207	
825	Lcom/google/android/gms/internal/measurement/d;	com/google/android/gms/internal/measurement/d	com_google_android_gms_internal_measurement_d.java	36	1056	
826	Lcom/google/android/gms/internal/measurement/l0;	com/google/android/gms/internal/measurement/l0	com_google_android_gms_internal_measurement_l0.java	5	141	
827	Lcom/google/android/gms/internal/measurement/k0;	com/google/android/gms/internal/measurement/k0	com_google_android_gms_internal_measurement_k0.java	22	769	
828	Lcom/google/android/gms/internal/measurement/e0;	com/google/android/gms/internal/measurement/e0	com_google_android_gms_internal_measurement_e0.java	63	1822	
829	Lcom/google/android/gms/internal/measurement/e1;	com/google/android/gms/internal/measurement/e1	com_google_android_gms_internal_measurement_e1.java	8	168	
830	Lcom/google/android/gms/internal/measurement/e2;	com/google/android/gms/internal/measurement/e2	com_google_android_gms_internal_measurement_e2.java	189	5042	
831	Lcom/google/android/gms/internal/measurement/e3;	com/google/android/gms/internal/measurement/e3	com_google_android_gms_internal_measurement_e3.java	47	1240	
832	Lcom/google/android/gms/internal/measurement/e5;	com/google/android/gms/internal/measurement/e5	com_google_android_gms_internal_measurement_e5.java	71	2689	
833	Lcom/google/android/gms/internal/measurement/e6;	com/google/android/gms/internal/measurement/e6	com_google_android_gms_internal_measurement_e6.java	7	145	
834	Lcom/google/android/gms/internal/measurement/e;	com/google/android/gms/internal/measurement/e	com_google_android_gms_internal_measurement_e.java	37	996	
835	Lcom/google/android/gms/internal/measurement/f0;	com/google/android/gms/internal/measurement/f0	com_google_android_gms_internal_measurement_f0.java	116	4817	
836	Lcom/google/android/gms/internal/measurement/f1;	com/google/android/gms/internal/measurement/f1	com_google_android_gms_internal_measurement_f1.java	24	593	
837	Lcom/google/android/gms/internal/measurement/f2;	com/google/android/gms/internal/measurement/f2	com_google_android_gms_internal_measurement_f2.java	3	85	
838	Lcom/google/android/gms/internal/measurement/f3;	com/google/android/gms/internal/measurement/f3	com_google_android_gms_internal_measurement_f3.java	46	1129	
839	Lcom/google/android/gms/internal/measurement/f4;	com/google/android/gms/internal/measurement/f4	com_google_android_gms_internal_measurement_f4.java	84	4489	
840	Lcom/google/android/gms/internal/measurement/f5;	com/google/android/gms/internal/measurement/f5	com_google_android_gms_internal_measurement_f5.java	14	381	
841	Lcom/google/android/gms/internal/measurement/f6;	com/google/android/gms/internal/measurement/f6	com_google_android_gms_internal_measurement_f6.java	25	761	
842	Lcom/google/android/gms/internal/measurement/f;	com/google/android/gms/internal/measurement/f	com_google_android_gms_internal_measurement_f.java	318	10786	
843	Lcom/google/android/gms/internal/measurement/i0;	com/google/android/gms/internal/measurement/i0	com_google_android_gms_internal_measurement_i0.java	93	2310	
844	Lcom/google/android/gms/internal/measurement/g0;	com/google/android/gms/internal/measurement/g0	com_google_android_gms_internal_measurement_g0.java	247	7699	
845	Lcom/google/android/gms/internal/measurement/g1;	com/google/android/gms/internal/measurement/g1	com_google_android_gms_internal_measurement_g1.java	35	918	
846	Lcom/google/android/gms/internal/measurement/g2;	com/google/android/gms/internal/measurement/g2	com_google_android_gms_internal_measurement_g2.java	9	356	
847	Lcom/google/android/gms/internal/measurement/g3;	com/google/android/gms/internal/measurement/g3	com_google_android_gms_internal_measurement_g3.java	23	915	
848	Lcom/google/android/gms/internal/measurement/g4;	com/google/android/gms/internal/measurement/g4	com_google_android_gms_internal_measurement_g4.java	159	4788	
849	Lcom/google/android/gms/internal/measurement/g5;	com/google/android/gms/internal/measurement/g5	com_google_android_gms_internal_measurement_g5.java	268	11183	
850	Lcom/google/android/gms/internal/measurement/g6;	com/google/android/gms/internal/measurement/g6	com_google_android_gms_internal_measurement_g6.java	54	1555	
851	Lcom/google/android/gms/internal/measurement/g;	com/google/android/gms/internal/measurement/g	com_google_android_gms_internal_measurement_g.java	86	2170	
852	Lcom/google/android/gms/internal/measurement/h0;	com/google/android/gms/internal/measurement/h0	com_google_android_gms_internal_measurement_h0.java	466	26475	
853	Lcom/google/android/gms/internal/measurement/h1;	com/google/android/gms/internal/measurement/h1	com_google_android_gms_internal_measurement_h1.java	144	3864	
854	Lcom/google/android/gms/internal/measurement/h2;	com/google/android/gms/internal/measurement/h2	com_google_android_gms_internal_measurement_h2.java	68	2489	
855	Lcom/google/android/gms/internal/measurement/h6;	com/google/android/gms/internal/measurement/h6	com_google_android_gms_internal_measurement_h6.java	13	247	
856	Lcom/google/android/gms/internal/measurement/h;	com/google/android/gms/internal/measurement/h	com_google_android_gms_internal_measurement_h.java	81	2139	
857	Lcom/google/android/gms/internal/measurement/i1;	com/google/android/gms/internal/measurement/i1	com_google_android_gms_internal_measurement_i1.java	16	606	
858	Lcom/google/android/gms/internal/measurement/i2;	com/google/android/gms/internal/measurement/i2	com_google_android_gms_internal_measurement_i2.java	9	356	
859	Lcom/google/android/gms/internal/measurement/i4;	com/google/android/gms/internal/measurement/i4	com_google_android_gms_internal_measurement_i4.java	3	92	
860	Lcom/google/android/gms/internal/measurement/i5;	com/google/android/gms/internal/measurement/i5	com_google_android_gms_internal_measurement_i5.java	33	1080	
861	Lcom/google/android/gms/internal/measurement/i6;	com/google/android/gms/internal/measurement/i6	com_google_android_gms_internal_measurement_i6.java	49	2089	
862	Lcom/google/android/gms/internal/measurement/i;	com/google/android/gms/internal/measurement/i	com_google_android_gms_internal_measurement_i.java	12	358	
863	Lcom/google/android/gms/internal/measurement/j0;	com/google/android/gms/internal/measurement/j0	com_google_android_gms_internal_measurement_j0.java	17	540	
864	Lcom/google/android/gms/internal/measurement/j1;	com/google/android/gms/internal/measurement/j1	com_google_android_gms_internal_measurement_j1.java	128	3786	
865	Lcom/google/android/gms/internal/measurement/j2;	com/google/android/gms/internal/measurement/j2	com_google_android_gms_internal_measurement_j2.java	68	2488	
866	Lcom/google/android/gms/internal/measurement/o4;	com/google/android/gms/internal/measurement/o4	com_google_android_gms_internal_measurement_o4.java	31	923	
867	Lcom/google/android/gms/internal/measurement/j4;	com/google/android/gms/internal/measurement/j4	com_google_android_gms_internal_measurement_j4.java	94	4777	
868	Lcom/google/android/gms/internal/measurement/j5;	com/google/android/gms/internal/measurement/j5	com_google_android_gms_internal_measurement_j5.java	5	111	
869	Lcom/google/android/gms/internal/measurement/j6;	com/google/android/gms/internal/measurement/j6	com_google_android_gms_internal_measurement_j6.java	33	1080	
870	Lcom/google/android/gms/internal/measurement/j;	com/google/android/gms/internal/measurement/j	com_google_android_gms_internal_measurement_j.java	111	3369	
871	Lcom/google/android/gms/internal/measurement/k1;	com/google/android/gms/internal/measurement/k1	com_google_android_gms_internal_measurement_k1.java	9	356	
872	Lcom/google/android/gms/internal/measurement/k2;	com/google/android/gms/internal/measurement/k2	com_google_android_gms_internal_measurement_k2.java	9	356	
873	Lcom/google/android/gms/internal/measurement/k3;	com/google/android/gms/internal/measurement/k3	com_google_android_gms_internal_measurement_k3.java	14	229	
874	Lcom/google/android/gms/internal/measurement/k4;	com/google/android/gms/internal/measurement/k4	com_google_android_gms_internal_measurement_k4.java	3	92	
875	Lcom/google/android/gms/internal/measurement/k5;	com/google/android/gms/internal/measurement/k5	com_google_android_gms_internal_measurement_k5.java	20	698	
876	Lcom/google/android/gms/internal/measurement/k6;	com/google/android/gms/internal/measurement/k6	com_google_android_gms_internal_measurement_k6.java	5	111	
877	Lcom/google/android/gms/internal/measurement/l1;	com/google/android/gms/internal/measurement/l1	com_google_android_gms_internal_measurement_l1.java	8	168	
878	Lcom/google/android/gms/internal/measurement/l2;	com/google/android/gms/internal/measurement/l2	com_google_android_gms_internal_measurement_l2.java	71	2714	
879	Lcom/google/android/gms/internal/measurement/l3;	com/google/android/gms/internal/measurement/l3	com_google_android_gms_internal_measurement_l3.java	14	328	
880	Lcom/google/android/gms/internal/measurement/l4;	com/google/android/gms/internal/measurement/l4	com_google_android_gms_internal_measurement_l4.java	34	1205	
881	Lcom/google/android/gms/internal/measurement/l5;	com/google/android/gms/internal/measurement/l5	com_google_android_gms_internal_measurement_l5.java	33	1080	
882	Lcom/google/android/gms/internal/measurement/l6;	com/google/android/gms/internal/measurement/l6	com_google_android_gms_internal_measurement_l6.java	20	699	
883	Lcom/google/android/gms/internal/measurement/l;	com/google/android/gms/internal/measurement/l	com_google_android_gms_internal_measurement_l.java	35	1677	
884	Lcom/google/android/gms/internal/measurement/n0;	com/google/android/gms/internal/measurement/n0	com_google_android_gms_internal_measurement_n0.java	7	171	
885	Lcom/google/android/gms/internal/measurement/m0;	com/google/android/gms/internal/measurement/m0	com_google_android_gms_internal_measurement_m0.java	28	828	
886	Lcom/google/android/gms/internal/measurement/m1;	com/google/android/gms/internal/measurement/m1	com_google_android_gms_internal_measurement_m1.java	24	593	
887	Lcom/google/android/gms/internal/measurement/m2;	com/google/android/gms/internal/measurement/m2	com_google_android_gms_internal_measurement_m2.java	9	356	
888	Lcom/google/android/gms/internal/measurement/m3;	com/google/android/gms/internal/measurement/m3	com_google_android_gms_internal_measurement_m3.java	306	12374	
889	Lcom/google/android/gms/internal/measurement/m4;	com/google/android/gms/internal/measurement/m4	com_google_android_gms_internal_measurement_m4.java	3	92	
890	Lcom/google/android/gms/internal/measurement/m5;	com/google/android/gms/internal/measurement/m5	com_google_android_gms_internal_measurement_m5.java	5	111	
891	Lcom/google/android/gms/internal/measurement/m6;	com/google/android/gms/internal/measurement/m6	com_google_android_gms_internal_measurement_m6.java	39	1207	
892	Lcom/google/android/gms/internal/measurement/m;	com/google/android/gms/internal/measurement/m	com_google_android_gms_internal_measurement_m.java	20	456	
893	Lcom/google/android/gms/internal/measurement/n1;	com/google/android/gms/internal/measurement/n1	com_google_android_gms_internal_measurement_n1.java	32	761	
894	Lcom/google/android/gms/internal/measurement/n2;	com/google/android/gms/internal/measurement/n2	com_google_android_gms_internal_measurement_n2.java	8	168	
895	Lcom/google/android/gms/internal/measurement/o;	com/google/android/gms/internal/measurement/o	com_google_android_gms_internal_measurement_o.java	121	3724	
896	Lcom/google/android/gms/internal/measurement/n4;	com/google/android/gms/internal/measurement/n4	com_google_android_gms_internal_measurement_n4.java	102	4675	
897	Lcom/google/android/gms/internal/measurement/n5;	com/google/android/gms/internal/measurement/n5	com_google_android_gms_internal_measurement_n5.java	20	695	
898	Lcom/google/android/gms/internal/measurement/n6;	com/google/android/gms/internal/measurement/n6	com_google_android_gms_internal_measurement_n6.java	7	145	
899	Lcom/google/android/gms/internal/measurement/p0;	com/google/android/gms/internal/measurement/p0	com_google_android_gms_internal_measurement_p0.java	3	110	
900	Lcom/google/android/gms/internal/measurement/o0;	com/google/android/gms/internal/measurement/o0	com_google_android_gms_internal_measurement_o0.java	9	336	
901	Lcom/google/android/gms/internal/measurement/o1;	com/google/android/gms/internal/measurement/o1	com_google_android_gms_internal_measurement_o1.java	123	3563	
902	Lcom/google/android/gms/internal/measurement/o2;	com/google/android/gms/internal/measurement/o2	com_google_android_gms_internal_measurement_o2.java	24	593	
903	Lcom/google/android/gms/internal/measurement/s3;	com/google/android/gms/internal/measurement/s3	com_google_android_gms_internal_measurement_s3.java	5	138	
904	Lcom/google/android/gms/internal/measurement/q3;	com/google/android/gms/internal/measurement/q3	com_google_android_gms_internal_measurement_q3.java	18	359	
905	Lcom/google/android/gms/internal/measurement/o3;	com/google/android/gms/internal/measurement/o3	com_google_android_gms_internal_measurement_o3.java	34	823	
906	Lcom/google/android/gms/internal/measurement/o5;	com/google/android/gms/internal/measurement/o5	com_google_android_gms_internal_measurement_o5.java	208	5038	
907	Lcom/google/android/gms/internal/measurement/o6;	com/google/android/gms/internal/measurement/o6	com_google_android_gms_internal_measurement_o6.java	25	763	
908	Lcom/google/android/gms/internal/measurement/p1;	com/google/android/gms/internal/measurement/p1	com_google_android_gms_internal_measurement_p1.java	3	85	
909	Lcom/google/android/gms/internal/measurement/p2;	com/google/android/gms/internal/measurement/p2	com_google_android_gms_internal_measurement_p2.java	35	918	
910	Lcom/google/android/gms/internal/measurement/p3;	com/google/android/gms/internal/measurement/p3	com_google_android_gms_internal_measurement_p3.java	22	988	
911	Lcom/google/android/gms/internal/measurement/p4;	com/google/android/gms/internal/measurement/p4	com_google_android_gms_internal_measurement_p4.java	257	7447	
912	Lcom/google/android/gms/internal/measurement/p5;	com/google/android/gms/internal/measurement/p5	com_google_android_gms_internal_measurement_p5.java	75	1199	
913	Lcom/google/android/gms/internal/measurement/p6;	com/google/android/gms/internal/measurement/p6	com_google_android_gms_internal_measurement_p6.java	33	1080	
914	Lcom/google/android/gms/internal/measurement/p;	com/google/android/gms/internal/measurement/p	com_google_android_gms_internal_measurement_p.java	54	1190	
915	Lcom/google/android/gms/internal/measurement/q0;	com/google/android/gms/internal/measurement/q0	com_google_android_gms_internal_measurement_q0.java	46	1248	
916	Lcom/google/android/gms/internal/measurement/q1;	com/google/android/gms/internal/measurement/q1	com_google_android_gms_internal_measurement_q1.java	38	1869	
917	Lcom/google/android/gms/internal/measurement/q2;	com/google/android/gms/internal/measurement/q2	com_google_android_gms_internal_measurement_q2.java	129	3724	
918	Lcom/google/android/gms/internal/measurement/q4;	com/google/android/gms/internal/measurement/q4	com_google_android_gms_internal_measurement_q4.java	18	398	
919	Lcom/google/android/gms/internal/measurement/q5;	com/google/android/gms/internal/measurement/q5	com_google_android_gms_internal_measurement_q5.java	272	12466	
920	Lcom/google/android/gms/internal/measurement/q6;	com/google/android/gms/internal/measurement/q6	com_google_android_gms_internal_measurement_q6.java	5	111	
921	Lcom/google/android/gms/internal/measurement/q;	com/google/android/gms/internal/measurement/q	com_google_android_gms_internal_measurement_q.java	65	2704	
922	Lcom/google/android/gms/internal/measurement/r0;	com/google/android/gms/internal/measurement/r0	com_google_android_gms_internal_measurement_r0.java	62	1864	
923	Lcom/google/android/gms/internal/measurement/r1;	com/google/android/gms/internal/measurement/r1	com_google_android_gms_internal_measurement_r1.java	9	356	
924	Lcom/google/android/gms/internal/measurement/r2;	com/google/android/gms/internal/measurement/r2	com_google_android_gms_internal_measurement_r2.java	15	329	
925	Lcom/google/android/gms/internal/measurement/y3;	com/google/android/gms/internal/measurement/y3	com_google_android_gms_internal_measurement_y3.java	135	4295	
926	Lcom/google/android/gms/internal/measurement/u3;	com/google/android/gms/internal/measurement/u3	com_google_android_gms_internal_measurement_u3.java	8	168	
927	Lcom/google/android/gms/internal/measurement/v3;	com/google/android/gms/internal/measurement/v3	com_google_android_gms_internal_measurement_v3.java	128	4946	
928	Lcom/google/android/gms/internal/measurement/r3;	com/google/android/gms/internal/measurement/r3	com_google_android_gms_internal_measurement_r3.java	49	1296	
929	Lcom/google/android/gms/internal/measurement/r4;	com/google/android/gms/internal/measurement/r4	com_google_android_gms_internal_measurement_r4.java	37	1030	
930	Lcom/google/android/gms/internal/measurement/r5;	com/google/android/gms/internal/measurement/r5	com_google_android_gms_internal_measurement_r5.java	33	1077	
931	Lcom/google/android/gms/internal/measurement/r6;	com/google/android/gms/internal/measurement/r6	com_google_android_gms_internal_measurement_r6.java	20	706	
932	Lcom/google/android/gms/internal/measurement/s0;	com/google/android/gms/internal/measurement/s0	com_google_android_gms_internal_measurement_s0.java	19	626	
933	Lcom/google/android/gms/internal/measurement/s1;	com/google/android/gms/internal/measurement/s1	com_google_android_gms_internal_measurement_s1.java	65	2490	
934	Lcom/google/android/gms/internal/measurement/s2;	com/google/android/gms/internal/measurement/s2	com_google_android_gms_internal_measurement_s2.java	211	7681	
935	Lcom/google/android/gms/internal/measurement/s4;	com/google/android/gms/internal/measurement/s4	com_google_android_gms_internal_measurement_s4.java	65	3970	
936	Lcom/google/android/gms/internal/measurement/s5;	com/google/android/gms/internal/measurement/s5	com_google_android_gms_internal_measurement_s5.java	5	108	
937	Lcom/google/android/gms/internal/measurement/s6;	com/google/android/gms/internal/measurement/s6	com_google_android_gms_internal_measurement_s6.java	33	1080	
938	Lcom/google/android/gms/internal/measurement/s;	com/google/android/gms/internal/measurement/s	com_google_android_gms_internal_measurement_s.java	89	2367	
939	Lcom/google/android/gms/internal/measurement/t0;	com/google/android/gms/internal/measurement/t0	com_google_android_gms_internal_measurement_t0.java	23	760	
940	Lcom/google/android/gms/internal/measurement/t1;	com/google/android/gms/internal/measurement/t1	com_google_android_gms_internal_measurement_t1.java	51	1441	
941	Lcom/google/android/gms/internal/measurement/t2;	com/google/android/gms/internal/measurement/t2	com_google_android_gms_internal_measurement_t2.java	103	4946	
942	Lcom/google/android/gms/internal/measurement/t3;	com/google/android/gms/internal/measurement/t3	com_google_android_gms_internal_measurement_t3.java	16	319	
943	Lcom/google/android/gms/internal/measurement/t4;	com/google/android/gms/internal/measurement/t4	com_google_android_gms_internal_measurement_t4.java	167	4678	
944	Lcom/google/android/gms/internal/measurement/t5;	com/google/android/gms/internal/measurement/t5	com_google_android_gms_internal_measurement_t5.java	27	1323	
945	Lcom/google/android/gms/internal/measurement/t6;	com/google/android/gms/internal/measurement/t6	com_google_android_gms_internal_measurement_t6.java	5	111	
946	Lcom/google/android/gms/internal/measurement/t;	com/google/android/gms/internal/measurement/t	com_google_android_gms_internal_measurement_t.java	32	939	
947	Lcom/google/android/gms/internal/measurement/u0;	com/google/android/gms/internal/measurement/u0	com_google_android_gms_internal_measurement_u0.java	29	897	
948	Lcom/google/android/gms/internal/measurement/u1;	com/google/android/gms/internal/measurement/u1	com_google_android_gms_internal_measurement_u1.java	115	3219	
949	Lcom/google/android/gms/internal/measurement/u2;	com/google/android/gms/internal/measurement/u2	com_google_android_gms_internal_measurement_u2.java	61	2349	
950	Lcom/google/android/gms/internal/measurement/u4;	com/google/android/gms/internal/measurement/u4	com_google_android_gms_internal_measurement_u4.java	35	1156	
951	Lcom/google/android/gms/internal/measurement/u5;	com/google/android/gms/internal/measurement/u5	com_google_android_gms_internal_measurement_u5.java	44	1323	
952	Lcom/google/android/gms/internal/measurement/u6;	com/google/android/gms/internal/measurement/u6	com_google_android_gms_internal_measurement_u6.java	20	707	
953	Lcom/google/android/gms/internal/measurement/u;	com/google/android/gms/internal/measurement/u	com_google_android_gms_internal_measurement_u.java	34	1061	
954	Lcom/google/android/gms/internal/measurement/v0;	com/google/android/gms/internal/measurement/v0	com_google_android_gms_internal_measurement_v0.java	23	769	
955	Lcom/google/android/gms/internal/measurement/v1;	com/google/android/gms/internal/measurement/v1	com_google_android_gms_internal_measurement_v1.java	48	1686	
956	Lcom/google/android/gms/internal/measurement/v2;	com/google/android/gms/internal/measurement/v2	com_google_android_gms_internal_measurement_v2.java	74	2193	
957	Lcom/google/android/gms/internal/measurement/v4;	com/google/android/gms/internal/measurement/v4	com_google_android_gms_internal_measurement_v4.java	25	925	
958	Lcom/google/android/gms/internal/measurement/v5;	com/google/android/gms/internal/measurement/v5	com_google_android_gms_internal_measurement_v5.java	9	179	
959	Lcom/google/android/gms/internal/measurement/v6;	com/google/android/gms/internal/measurement/v6	com_google_android_gms_internal_measurement_v6.java	14	423	
960	Lcom/google/android/gms/internal/measurement/v;	com/google/android/gms/internal/measurement/v	com_google_android_gms_internal_measurement_v.java	521	22258	
961	Lcom/google/android/gms/internal/measurement/w0;	com/google/android/gms/internal/measurement/w0	com_google_android_gms_internal_measurement_w0.java	56	2375	
962	Lcom/google/android/gms/internal/measurement/w1;	com/google/android/gms/internal/measurement/w1	com_google_android_gms_internal_measurement_w1.java	186	5877	
963	Lcom/google/android/gms/internal/measurement/w2;	com/google/android/gms/internal/measurement/w2	com_google_android_gms_internal_measurement_w2.java	15	417	
964	Lcom/google/android/gms/internal/measurement/w3;	com/google/android/gms/internal/measurement/w3	com_google_android_gms_internal_measurement_w3.java	3	92	
965	Lcom/google/android/gms/internal/measurement/w5;	com/google/android/gms/internal/measurement/w5	com_google_android_gms_internal_measurement_w5.java	35	1327	
966	Lcom/google/android/gms/internal/measurement/w6;	com/google/android/gms/internal/measurement/w6	com_google_android_gms_internal_measurement_w6.java	5	108	
967	Lcom/google/android/gms/internal/measurement/w;	com/google/android/gms/internal/measurement/w	com_google_android_gms_internal_measurement_w.java	49	1155	
968	Lcom/google/android/gms/internal/measurement/x0;	com/google/android/gms/internal/measurement/x0	com_google_android_gms_internal_measurement_x0.java	19	597	
969	Lcom/google/android/gms/internal/measurement/x1;	com/google/android/gms/internal/measurement/x1	com_google_android_gms_internal_measurement_x1.java	9	356	
970	Lcom/google/android/gms/internal/measurement/x2;	com/google/android/gms/internal/measurement/x2	com_google_android_gms_internal_measurement_x2.java	17	424	
971	Lcom/google/android/gms/internal/measurement/x3;	com/google/android/gms/internal/measurement/x3	com_google_android_gms_internal_measurement_x3.java	8	169	
972	Lcom/google/android/gms/internal/measurement/x5;	com/google/android/gms/internal/measurement/x5	com_google_android_gms_internal_measurement_x5.java	39	1207	
973	Lcom/google/android/gms/internal/measurement/x6;	com/google/android/gms/internal/measurement/x6	com_google_android_gms_internal_measurement_x6.java	58	2537	
974	Lcom/google/android/gms/internal/measurement/x;	com/google/android/gms/internal/measurement/x	com_google_android_gms_internal_measurement_x.java	44	4564	
975	Lcom/google/android/gms/internal/measurement/y0;	com/google/android/gms/internal/measurement/y0	com_google_android_gms_internal_measurement_y0.java	19	595	
976	Lcom/google/android/gms/internal/measurement/y1;	com/google/android/gms/internal/measurement/y1	com_google_android_gms_internal_measurement_y1.java	57	2192	
977	Lcom/google/android/gms/internal/measurement/y2;	com/google/android/gms/internal/measurement/y2	com_google_android_gms_internal_measurement_y2.java	143	4745	
978	Lcom/google/android/gms/internal/measurement/y5;	com/google/android/gms/internal/measurement/y5	com_google_android_gms_internal_measurement_y5.java	7	145	
979	Lcom/google/android/gms/internal/measurement/y6;	com/google/android/gms/internal/measurement/y6	com_google_android_gms_internal_measurement_y6.java	26	1343	
980	Lcom/google/android/gms/internal/measurement/z0;	com/google/android/gms/internal/measurement/z0	com_google_android_gms_internal_measurement_z0.java	9	183	
981	Lcom/google/android/gms/internal/measurement/z1;	com/google/android/gms/internal/measurement/z1	com_google_android_gms_internal_measurement_z1.java	9	356	
982	Lcom/google/android/gms/internal/measurement/z2;	com/google/android/gms/internal/measurement/z2	com_google_android_gms_internal_measurement_z2.java	24	565	
983	Lcom/google/android/gms/internal/measurement/z3;	com/google/android/gms/internal/measurement/z3	com_google_android_gms_internal_measurement_z3.java	3	92	
984	Lcom/google/android/gms/internal/measurement/z5;	com/google/android/gms/internal/measurement/z5	com_google_android_gms_internal_measurement_z5.java	25	764	
985	Lcom/google/android/gms/internal/measurement/z6;	com/google/android/gms/internal/measurement/z6	com_google_android_gms_internal_measurement_z6.java	20	687	
986	Lcom/google/android/gms/internal/measurement/z;	com/google/android/gms/internal/measurement/z	com_google_android_gms_internal_measurement_z.java	46	1958	
987	Lcom/google/android/gms/measurement/AppMeasurement$ConditionalUserProperty;	com/google/android/gms/measurement/AppMeasurement$ConditionalUserProperty	com_google_android_gms_measurement_AppMeasurement__ConditionalUserProperty.java	42	2258	
988	Lcom/google/android/gms/measurement/AppMeasurement;	com/google/android/gms/measurement/AppMeasurement	com_google_android_gms_measurement_AppMeasurement.java	183	6080	
989	Lcom/google/android/gms/measurement/AppMeasurementJobService;	com/google/android/gms/measurement/AppMeasurementJobService	com_google_android_gms_measurement_AppMeasurementJobService.java	70	1444	
990	Lh/a;	h/a	h_a.java	64	2034	
991	Lcom/google/android/gms/measurement/AppMeasurementReceiver;	com/google/android/gms/measurement/AppMeasurementReceiver	com_google_android_gms_measurement_AppMeasurementReceiver.java	24	538	
992	Lcom/google/android/gms/measurement/AppMeasurementService;	com/google/android/gms/measurement/AppMeasurementService	com_google_android_gms_measurement_AppMeasurementService.java	70	1472	
993	Lcom/google/android/gms/measurement/d;	com/google/android/gms/measurement/d	com_google_android_gms_measurement_d.java	8	166	
994	Lcom/google/android/gms/measurement/a;	com/google/android/gms/measurement/a	com_google_android_gms_measurement_a.java	85	1639	
995	Lcom/google/android/gms/measurement/b;	com/google/android/gms/measurement/b	com_google_android_gms_measurement_b.java	82	1397	
996	Lcom/google/android/gms/measurement/c;	com/google/android/gms/measurement/c	com_google_android_gms_measurement_c.java	3	82	
997	Lcom/google/android/gms/measurement/internal/S0;	com/google/android/gms/measurement/internal/S0	com_google_android_gms_measurement_internal_S0.java	5	103	
998	Lcom/google/android/gms/measurement/internal/A0;	com/google/android/gms/measurement/internal/A0	com_google_android_gms_measurement_internal_A0.java	20	580	
999	Lcom/google/android/gms/measurement/internal/A1;	com/google/android/gms/measurement/internal/A1	com_google_android_gms_measurement_internal_A1.java	15	453	
1000	Lcom/google/android/gms/measurement/internal/A2;	com/google/android/gms/measurement/internal/A2	com_google_android_gms_measurement_internal_A2.java	19	616	
1001	Lcom/google/android/gms/measurement/internal/A3;	com/google/android/gms/measurement/internal/A3	com_google_android_gms_measurement_internal_A3.java	22	733	
1002	Lcom/google/android/gms/measurement/internal/A;	com/google/android/gms/measurement/internal/A	com_google_android_gms_measurement_internal_A.java	20	571	
1003	Lcom/google/android/gms/measurement/internal/AppMeasurementDynamiteService;	com/google/android/gms/measurement/internal/AppMeasurementDynamiteService	com_google_android_gms_measurement_internal_AppMeasurementDynamiteService.java	495	14521	
1004	Lcom/google/android/gms/measurement/internal/f2;	com/google/android/gms/measurement/internal/f2	com_google_android_gms_measurement_internal_f2.java	13	368	
1005	Lcom/google/android/gms/measurement/internal/d2;	com/google/android/gms/measurement/internal/d2	com_google_android_gms_measurement_internal_d2.java	48	899	
1006	Lcom/google/android/gms/measurement/internal/Z0;	com/google/android/gms/measurement/internal/Z0	com_google_android_gms_measurement_internal_Z0.java	16	392	
1007	Lcom/google/android/gms/measurement/internal/B0;	com/google/android/gms/measurement/internal/B0	com_google_android_gms_measurement_internal_B0.java	169	5528	
1008	Lcom/google/android/gms/measurement/internal/B1;	com/google/android/gms/measurement/internal/B1	com_google_android_gms_measurement_internal_B1.java	17	477	
1009	Lcom/google/android/gms/measurement/internal/B2;	com/google/android/gms/measurement/internal/B2	com_google_android_gms_measurement_internal_B2.java	19	619	
1010	Lcom/google/android/gms/measurement/internal/B3;	com/google/android/gms/measurement/internal/B3	com_google_android_gms_measurement_internal_B3.java	20	521	
1011	Lcom/google/android/gms/measurement/internal/B;	com/google/android/gms/measurement/internal/B	com_google_android_gms_measurement_internal_B.java	20	571	
1012	Lcom/google/android/gms/measurement/internal/C0;	com/google/android/gms/measurement/internal/C0	com_google_android_gms_measurement_internal_C0.java	20	580	
1013	Lcom/google/android/gms/measurement/internal/C1;	com/google/android/gms/measurement/internal/C1	com_google_android_gms_measurement_internal_C1.java	67	2151	
1014	Lcom/google/android/gms/measurement/internal/C2;	com/google/android/gms/measurement/internal/C2	com_google_android_gms_measurement_internal_C2.java	19	618	
1015	Lcom/google/android/gms/measurement/internal/C3;	com/google/android/gms/measurement/internal/C3	com_google_android_gms_measurement_internal_C3.java	127	4568	
1016	Lcom/google/android/gms/measurement/internal/C;	com/google/android/gms/measurement/internal/C	com_google_android_gms_measurement_internal_C.java	20	571	
1017	Lcom/google/android/gms/measurement/internal/D0;	com/google/android/gms/measurement/internal/D0	com_google_android_gms_measurement_internal_D0.java	20	588	
1018	Lcom/google/android/gms/measurement/internal/D1;	com/google/android/gms/measurement/internal/D1	com_google_android_gms_measurement_internal_D1.java	22	686	
1019	Lcom/google/android/gms/measurement/internal/D2;	com/google/android/gms/measurement/internal/D2	com_google_android_gms_measurement_internal_D2.java	18	479	
1020	Lcom/google/android/gms/measurement/internal/D3;	com/google/android/gms/measurement/internal/D3	com_google_android_gms_measurement_internal_D3.java	18	469	
1021	Lcom/google/android/gms/measurement/internal/D;	com/google/android/gms/measurement/internal/D	com_google_android_gms_measurement_internal_D.java	20	571	
1022	Lcom/google/android/gms/measurement/internal/E0;	com/google/android/gms/measurement/internal/E0	com_google_android_gms_measurement_internal_E0.java	20	580	
1023	Lcom/google/android/gms/measurement/internal/Q3;	com/google/android/gms/measurement/internal/Q3	com_google_android_gms_measurement_internal_Q3.java	12	410	
1024	Lcom/google/android/gms/measurement/internal/R3;	com/google/android/gms/measurement/internal/R3	com_google_android_gms_measurement_internal_R3.java	43	874	
1025	Lcom/google/android/gms/measurement/internal/g;	com/google/android/gms/measurement/internal/g	com_google_android_gms_measurement_internal_g.java	5	102	
1026	Lcom/google/android/gms/measurement/internal/E1;	com/google/android/gms/measurement/internal/E1	com_google_android_gms_measurement_internal_E1.java	529	17740	
1027	Lcom/google/android/gms/measurement/internal/E2;	com/google/android/gms/measurement/internal/E2	com_google_android_gms_measurement_internal_E2.java	34	1083	
1028	Lcom/google/android/gms/measurement/internal/E3;	com/google/android/gms/measurement/internal/E3	com_google_android_gms_measurement_internal_E3.java	18	469	
1029	Lcom/google/android/gms/measurement/internal/E;	com/google/android/gms/measurement/internal/E	com_google_android_gms_measurement_internal_E.java	20	571	
1030	Lcom/google/android/gms/measurement/internal/F0;	com/google/android/gms/measurement/internal/F0	com_google_android_gms_measurement_internal_F0.java	20	580	
1031	Lcom/google/android/gms/measurement/internal/F1;	com/google/android/gms/measurement/internal/F1	com_google_android_gms_measurement_internal_F1.java	19	545	
1032	Lcom/google/android/gms/measurement/internal/F2;	com/google/android/gms/measurement/internal/F2	com_google_android_gms_measurement_internal_F2.java	31	996	
1033	Lcom/google/android/gms/measurement/internal/F3;	com/google/android/gms/measurement/internal/F3	com_google_android_gms_measurement_internal_F3.java	28	930	
1034	Lcom/google/android/gms/measurement/internal/F;	com/google/android/gms/measurement/internal/F	com_google_android_gms_measurement_internal_F.java	20	571	
1035	Lcom/google/android/gms/measurement/internal/G0;	com/google/android/gms/measurement/internal/G0	com_google_android_gms_measurement_internal_G0.java	20	580	
1036	Lcom/google/android/gms/measurement/internal/G1;	com/google/android/gms/measurement/internal/G1	com_google_android_gms_measurement_internal_G1.java	66	2102	
1037	Lcom/google/android/gms/measurement/internal/G2;	com/google/android/gms/measurement/internal/G2	com_google_android_gms_measurement_internal_G2.java	27	1016	
1038	Lcom/google/android/gms/measurement/internal/G3;	com/google/android/gms/measurement/internal/G3	com_google_android_gms_measurement_internal_G3.java	20	517	
1039	Lcom/google/android/gms/measurement/internal/G;	com/google/android/gms/measurement/internal/G	com_google_android_gms_measurement_internal_G.java	20	571	
1040	Lcom/google/android/gms/measurement/internal/H0;	com/google/android/gms/measurement/internal/H0	com_google_android_gms_measurement_internal_H0.java	20	580	
1041	Lcom/google/android/gms/measurement/internal/H1;	com/google/android/gms/measurement/internal/H1	com_google_android_gms_measurement_internal_H1.java	99	3234	
1042	Lcom/google/android/gms/measurement/internal/H2;	com/google/android/gms/measurement/internal/H2	com_google_android_gms_measurement_internal_H2.java	78	3320	
1043	Lcom/google/android/gms/measurement/internal/H3;	com/google/android/gms/measurement/internal/H3	com_google_android_gms_measurement_internal_H3.java	31	929	
1044	Lcom/google/android/gms/measurement/internal/H;	com/google/android/gms/measurement/internal/H	com_google_android_gms_measurement_internal_H.java	20	571	
1045	Lcom/google/android/gms/measurement/internal/I0;	com/google/android/gms/measurement/internal/I0	com_google_android_gms_measurement_internal_I0.java	20	580	
1046	Lcom/google/android/gms/measurement/internal/e2;	com/google/android/gms/measurement/internal/e2	com_google_android_gms_measurement_internal_e2.java	61	1205	
1047	Lcom/google/android/gms/measurement/internal/I1;	com/google/android/gms/measurement/internal/I1	com_google_android_gms_measurement_internal_I1.java	197	6362	
1048	Lcom/google/android/gms/measurement/internal/I2;	com/google/android/gms/measurement/internal/I2	com_google_android_gms_measurement_internal_I2.java	103	3766	
1049	Lcom/google/android/gms/measurement/internal/o;	com/google/android/gms/measurement/internal/o	com_google_android_gms_measurement_internal_o.java	63	1710	
1050	Lcom/google/android/gms/measurement/internal/I3;	com/google/android/gms/measurement/internal/I3	com_google_android_gms_measurement_internal_I3.java	20	558	
1051	Lcom/google/android/gms/measurement/internal/I;	com/google/android/gms/measurement/internal/I	com_google_android_gms_measurement_internal_I.java	20	571	
1052	Lcom/google/android/gms/measurement/internal/J0;	com/google/android/gms/measurement/internal/J0	com_google_android_gms_measurement_internal_J0.java	20	580	
1053	Lcom/google/android/gms/measurement/internal/J1;	com/google/android/gms/measurement/internal/J1	com_google_android_gms_measurement_internal_J1.java	19	581	
1054	Lcom/google/android/gms/measurement/internal/x1;	com/google/android/gms/measurement/internal/x1	com_google_android_gms_measurement_internal_x1.java	61	1205	
1055	Lcom/google/android/gms/measurement/internal/J2;	com/google/android/gms/measurement/internal/J2	com_google_android_gms_measurement_internal_J2.java	1152	46537	
1056	Lcom/google/android/gms/measurement/internal/J3;	com/google/android/gms/measurement/internal/J3	com_google_android_gms_measurement_internal_J3.java	24	777	
1057	Lcom/google/android/gms/measurement/internal/J;	com/google/android/gms/measurement/internal/J	com_google_android_gms_measurement_internal_J.java	20	582	
1058	Lcom/google/android/gms/measurement/internal/K0;	com/google/android/gms/measurement/internal/K0	com_google_android_gms_measurement_internal_K0.java	20	588	
1059	Lcom/google/android/gms/measurement/internal/K1;	com/google/android/gms/measurement/internal/K1	com_google_android_gms_measurement_internal_K1.java	744	30000	
1060	Lcom/google/android/gms/measurement/internal/K2;	com/google/android/gms/measurement/internal/K2	com_google_android_gms_measurement_internal_K2.java	24	718	
1061	Lcom/google/android/gms/measurement/internal/K3;	com/google/android/gms/measurement/internal/K3	com_google_android_gms_measurement_internal_K3.java	75	2163	
1062	Lcom/google/android/gms/measurement/internal/K;	com/google/android/gms/measurement/internal/K	com_google_android_gms_measurement_internal_K.java	20	571	
1063	Lcom/google/android/gms/measurement/internal/L0;	com/google/android/gms/measurement/internal/L0	com_google_android_gms_measurement_internal_L0.java	20	588	
1064	Lcom/google/android/gms/measurement/internal/L1;	com/google/android/gms/measurement/internal/L1	com_google_android_gms_measurement_internal_L1.java	20	572	
1065	Lcom/google/android/gms/measurement/internal/L2;	com/google/android/gms/measurement/internal/L2	com_google_android_gms_measurement_internal_L2.java	18	565	
1066	Lcom/google/android/gms/measurement/internal/L3;	com/google/android/gms/measurement/internal/L3	com_google_android_gms_measurement_internal_L3.java	74	2580	
1067	Lcom/google/android/gms/measurement/internal/L;	com/google/android/gms/measurement/internal/	com_google_android_gms_measurement_internal_.java	20	582	
1068	Lcom/google/android/gms/measurement/internal/M0;	com/google/android/gms/measurement/internal/M0	com_google_android_gms_measurement_internal_M0.java	20	588	
1069	Lcom/google/android/gms/measurement/internal/M1;	com/google/android/gms/measurement/internal/M1	com_google_android_gms_measurement_internal_M1.java	26	952	
1070	Lcom/google/android/gms/measurement/internal/M2;	com/google/android/gms/measurement/internal/M2	com_google_android_gms_measurement_internal_M2.java	114	3762	
1071	Lcom/google/android/gms/measurement/internal/M3;	com/google/android/gms/measurement/internal/M3	com_google_android_gms_measurement_internal_M3.java	72	2232	
1072	Lcom/google/android/gms/measurement/internal/M;	com/google/android/gms/measurement/internal/M	com_google_android_gms_measurement_internal_M.java	20	571	
1073	Lcom/google/android/gms/measurement/internal/N0;	com/google/android/gms/measurement/internal/N0	com_google_android_gms_measurement_internal_N0.java	20	588	
1074	Lcom/google/android/gms/measurement/internal/N1;	com/google/android/gms/measurement/internal/N1	com_google_android_gms_measurement_internal_N1.java	24	794	
1075	Lcom/google/android/gms/measurement/internal/N2;	com/google/android/gms/measurement/internal/N2	com_google_android_gms_measurement_internal_N2.java	14	303	
1076	Lcom/google/android/gms/measurement/internal/N3;	com/google/android/gms/measurement/internal/N3	com_google_android_gms_measurement_internal_N3.java	37	630	
1077	Lcom/google/android/gms/measurement/internal/N;	com/google/android/gms/measurement/internal/N	com_google_android_gms_measurement_internal_N.java	20	582	
1078	Lcom/google/android/gms/measurement/internal/O0;	com/google/android/gms/measurement/internal/O0	com_google_android_gms_measurement_internal_O0.java	20	588	
1079	Lcom/google/android/gms/measurement/internal/O1;	com/google/android/gms/measurement/internal/O1	com_google_android_gms_measurement_internal_O1.java	22	712	
1080	Lcom/google/android/gms/measurement/internal/O2;	com/google/android/gms/measurement/internal/O2	com_google_android_gms_measurement_internal_O2.java	19	444	
1081	Lcom/google/android/gms/measurement/internal/O3;	com/google/android/gms/measurement/internal/O3	com_google_android_gms_measurement_internal_O3.java	19	539	
1082	Lcom/google/android/gms/measurement/internal/O;	com/google/android/gms/measurement/internal/O	com_google_android_gms_measurement_internal_O.java	20	571	
1083	Lcom/google/android/gms/measurement/internal/P0;	com/google/android/gms/measurement/internal/P0	com_google_android_gms_measurement_internal_P0.java	20	563	
1084	Lcom/google/android/gms/measurement/internal/P1;	com/google/android/gms/measurement/internal/P1	com_google_android_gms_measurement_internal_P1.java	22	712	
1085	Lcom/google/android/gms/measurement/internal/P2;	com/google/android/gms/measurement/internal/P2	com_google_android_gms_measurement_internal_P2.java	26	556	
1086	Lcom/google/android/gms/measurement/internal/P3;	com/google/android/gms/measurement/internal/P3	com_google_android_gms_measurement_internal_P3.java	108	3935	
1087	Lcom/google/android/gms/measurement/internal/P;	com/google/android/gms/measurement/internal/P	com_google_android_gms_measurement_internal_P.java	20	574	
1088	Lcom/google/android/gms/measurement/internal/Q0;	com/google/android/gms/measurement/internal/Q0	com_google_android_gms_measurement_internal_Q0.java	20	577	
1089	Lcom/google/android/gms/measurement/internal/Q1;	com/google/android/gms/measurement/internal/Q1	com_google_android_gms_measurement_internal_Q1.java	22	712	
1090	Lcom/google/android/gms/measurement/internal/Q2;	com/google/android/gms/measurement/internal/Q2	com_google_android_gms_measurement_internal_Q2.java	24	861	
1091	Lcom/google/android/gms/measurement/internal/Q;	com/google/android/gms/measurement/internal/Q	com_google_android_gms_measurement_internal_Q.java	20	557	
1092	Lcom/google/android/gms/measurement/internal/R0;	com/google/android/gms/measurement/internal/R0	com_google_android_gms_measurement_internal_R0.java	20	577	
1093	Lcom/google/android/gms/measurement/internal/R1;	com/google/android/gms/measurement/internal/R1	com_google_android_gms_measurement_internal_R1.java	22	712	
1094	Lcom/google/android/gms/measurement/internal/R2;	com/google/android/gms/measurement/internal/R2	com_google_android_gms_measurement_internal_R2.java	24	844	
1095	Lcom/google/android/gms/measurement/internal/S1;	com/google/android/gms/measurement/internal/S1	com_google_android_gms_measurement_internal_S1.java	19	625	
1096	Lcom/google/android/gms/measurement/internal/S2;	com/google/android/gms/measurement/internal/S2	com_google_android_gms_measurement_internal_S2.java	17	474	
1097	Lcom/google/android/gms/measurement/internal/S3;	com/google/android/gms/measurement/internal/S3	com_google_android_gms_measurement_internal_S3.java	9	240	
1098	Lcom/google/android/gms/measurement/internal/S;	com/google/android/gms/measurement/internal/S	com_google_android_gms_measurement_internal_S.java	20	571	
1099	Lcom/google/android/gms/measurement/internal/T0;	com/google/android/gms/measurement/internal/T0	com_google_android_gms_measurement_internal_T0.java	4	135	
1100	Lcom/google/android/gms/measurement/internal/T1;	com/google/android/gms/measurement/internal/T1	com_google_android_gms_measurement_internal_T1.java	24	818	
1101	Lcom/google/android/gms/measurement/internal/T2;	com/google/android/gms/measurement/internal/T2	com_google_android_gms_measurement_internal_T2.java	19	449	
1102	Lcom/google/android/gms/measurement/internal/T3;	com/google/android/gms/measurement/internal/T3	com_google_android_gms_measurement_internal_T3.java	19	574	
1103	Lcom/google/android/gms/measurement/internal/T;	com/google/android/gms/measurement/internal/T	com_google_android_gms_measurement_internal_T.java	20	582	
1104	Lcom/google/android/gms/measurement/internal/U0;	com/google/android/gms/measurement/internal/U0	com_google_android_gms_measurement_internal_U0.java	86	2905	
1105	Lcom/google/android/gms/measurement/internal/U1;	com/google/android/gms/measurement/internal/U1	com_google_android_gms_measurement_internal_U1.java	30	1030	
1106	Lcom/google/android/gms/measurement/internal/U2;	com/google/android/gms/measurement/internal/U2	com_google_android_gms_measurement_internal_U2.java	23	737	
1107	Lcom/google/android/gms/measurement/internal/i1;	com/google/android/gms/measurement/internal/i1	com_google_android_gms_measurement_internal_i1.java	5	101	
1108	Lcom/google/android/gms/measurement/internal/U3;	com/google/android/gms/measurement/internal/U3	com_google_android_gms_measurement_internal_U3.java	18	523	
1109	Lcom/google/android/gms/measurement/internal/U;	com/google/android/gms/measurement/internal/U	com_google_android_gms_measurement_internal_U.java	20	582	
1110	Lcom/google/android/gms/measurement/internal/V0;	com/google/android/gms/measurement/internal/V0	com_google_android_gms_measurement_internal_V0.java	194	24130	
1111	Lcom/google/android/gms/measurement/internal/V1;	com/google/android/gms/measurement/internal/V1	com_google_android_gms_measurement_internal_V1.java	20	671	
1112	Lcom/google/android/gms/measurement/internal/V2;	com/google/android/gms/measurement/internal/V2	com_google_android_gms_measurement_internal_V2.java	16	406	
1113	Lcom/google/android/gms/measurement/internal/V3;	com/google/android/gms/measurement/internal/V3	com_google_android_gms_measurement_internal_V3.java	16	465	
1114	Lcom/google/android/gms/measurement/internal/V;	com/google/android/gms/measurement/internal/V	com_google_android_gms_measurement_internal_V.java	20	573	
1115	Lcom/google/android/gms/measurement/internal/W0;	com/google/android/gms/measurement/internal/W0	com_google_android_gms_measurement_internal_W0.java	159	5557	
1116	Lcom/google/android/gms/measurement/internal/W1;	com/google/android/gms/measurement/internal/W1	com_google_android_gms_measurement_internal_W1.java	21	693	
1117	Lcom/google/android/gms/measurement/internal/W2;	com/google/android/gms/measurement/internal/W2	com_google_android_gms_measurement_internal_W2.java	484	19191	
1118	Lcom/google/android/gms/measurement/internal/W3;	com/google/android/gms/measurement/internal/W3	com_google_android_gms_measurement_internal_W3.java	25	885	
1119	Lcom/google/android/gms/measurement/internal/W;	com/google/android/gms/measurement/internal/W	com_google_android_gms_measurement_internal_W.java	20	582	
1120	Lcom/google/android/gms/measurement/internal/X0;	com/google/android/gms/measurement/internal/X0	com_google_android_gms_measurement_internal_X0.java	413	15823	
1121	Lcom/google/android/gms/measurement/internal/X1;	com/google/android/gms/measurement/internal/X1	com_google_android_gms_measurement_internal_X1.java	297	16590	
1122	Lcom/google/android/gms/measurement/internal/X2;	com/google/android/gms/measurement/internal/X2	com_google_android_gms_measurement_internal_X2.java	80	3369	
1123	Lcom/google/android/gms/measurement/internal/X3;	com/google/android/gms/measurement/internal/X3	com_google_android_gms_measurement_internal_X3.java	22	708	
1124	Lcom/google/android/gms/measurement/internal/X;	com/google/android/gms/measurement/internal/X	com_google_android_gms_measurement_internal_X.java	20	582	
1125	Lcom/google/android/gms/measurement/internal/Y0;	com/google/android/gms/measurement/internal/Y0	com_google_android_gms_measurement_internal_Y0.java	54	1985	
1126	Lcom/google/android/gms/measurement/internal/Y1;	com/google/android/gms/measurement/internal/Y1	com_google_android_gms_measurement_internal_Y1.java	26	952	
1127	Lcom/google/android/gms/measurement/internal/Y2;	com/google/android/gms/measurement/internal/Y2	com_google_android_gms_measurement_internal_Y2.java	37	1313	
1128	Lcom/google/android/gms/measurement/internal/i4;	com/google/android/gms/measurement/internal/i4	com_google_android_gms_measurement_internal_i4.java	5	101	
1129	Lcom/google/android/gms/measurement/internal/Y3;	com/google/android/gms/measurement/internal/Y3	com_google_android_gms_measurement_internal_Y3.java	24	907	
1130	Lcom/google/android/gms/measurement/internal/Y;	com/google/android/gms/measurement/internal/Y	com_google_android_gms_measurement_internal_Y.java	20	571	
1131	Lcom/google/android/gms/measurement/internal/Z1;	com/google/android/gms/measurement/internal/Z1	com_google_android_gms_measurement_internal_Z1.java	18	572	
1132	Lcom/google/android/gms/measurement/internal/Z2;	com/google/android/gms/measurement/internal/Z2	com_google_android_gms_measurement_internal_Z2.java	31	1181	
1133	Lcom/google/android/gms/measurement/internal/Z3;	com/google/android/gms/measurement/internal/Z3	com_google_android_gms_measurement_internal_Z3.java	50	1751	
1134	Lcom/google/android/gms/measurement/internal/Z;	com/google/android/gms/measurement/internal/Z	com_google_android_gms_measurement_internal_Z.java	20	557	
1135	Lcom/google/android/gms/measurement/internal/a0;	com/google/android/gms/measurement/internal/a0	com_google_android_gms_measurement_internal_a0.java	18	469	
1136	Lcom/google/android/gms/measurement/internal/a1;	com/google/android/gms/measurement/internal/a1	com_google_android_gms_measurement_internal_a1.java	456	21034	
1137	Lcom/google/android/gms/measurement/internal/a2;	com/google/android/gms/measurement/internal/a2	com_google_android_gms_measurement_internal_a2.java	19	625	
1138	Lcom/google/android/gms/measurement/internal/a3;	com/google/android/gms/measurement/internal/a3	com_google_android_gms_measurement_internal_a3.java	56	2303	
1139	Lcom/google/android/gms/measurement/internal/a4;	com/google/android/gms/measurement/internal/a4	com_google_android_gms_measurement_internal_a4.java	24	534	
1140	Lcom/google/android/gms/measurement/internal/a;	com/google/android/gms/measurement/internal/a	com_google_android_gms_measurement_internal_a.java	20	537	
1141	Lcom/google/android/gms/measurement/internal/b0;	com/google/android/gms/measurement/internal/b0	com_google_android_gms_measurement_internal_b0.java	20	577	
1142	Lcom/google/android/gms/measurement/internal/b1;	com/google/android/gms/measurement/internal/b1	com_google_android_gms_measurement_internal_b1.java	207	6681	
1143	Lcom/google/android/gms/measurement/internal/b2;	com/google/android/gms/measurement/internal/b2	com_google_android_gms_measurement_internal_b2.java	30	967	
1144	Lcom/google/android/gms/measurement/internal/b3;	com/google/android/gms/measurement/internal/b3	com_google_android_gms_measurement_internal_b3.java	45	1763	
1145	Lcom/google/android/gms/measurement/internal/b4;	com/google/android/gms/measurement/internal/b4	com_google_android_gms_measurement_internal_b4.java	3880	222461	
1146	Lcom/google/android/gms/measurement/internal/b;	com/google/android/gms/measurement/internal/b	com_google_android_gms_measurement_internal_b.java	760	47885	
1147	Lcom/google/android/gms/measurement/internal/c0;	com/google/android/gms/measurement/internal/c0	com_google_android_gms_measurement_internal_c0.java	20	580	
1148	Lcom/google/android/gms/measurement/internal/c1;	com/google/android/gms/measurement/internal/c1	com_google_android_gms_measurement_internal_c1.java	40	1132	
1149	Lcom/google/android/gms/measurement/internal/c2;	com/google/android/gms/measurement/internal/c2	com_google_android_gms_measurement_internal_c2.java	384	15365	
1150	Lcom/google/android/gms/measurement/internal/c3;	com/google/android/gms/measurement/internal/c3	com_google_android_gms_measurement_internal_c3.java	34	1218	
1151	Lcom/google/android/gms/measurement/internal/c4;	com/google/android/gms/measurement/internal/c4	com_google_android_gms_measurement_internal_c4.java	13	317	
1152	Lcom/google/android/gms/measurement/internal/c;	com/google/android/gms/measurement/internal/c	com_google_android_gms_measurement_internal_c.java	17	342	
1153	Lcom/google/android/gms/measurement/internal/d0;	com/google/android/gms/measurement/internal/d0	com_google_android_gms_measurement_internal_d0.java	20	580	
1154	Lcom/google/android/gms/measurement/internal/d1;	com/google/android/gms/measurement/internal/d1	com_google_android_gms_measurement_internal_d1.java	68	2561	
1155	Lcom/google/android/gms/measurement/internal/d3;	com/google/android/gms/measurement/internal/d3	com_google_android_gms_measurement_internal_d3.java	31	1130	
1156	Lcom/google/android/gms/measurement/internal/d4;	com/google/android/gms/measurement/internal/d4	com_google_android_gms_measurement_internal_d4.java	1036	44786	
1157	Lcom/google/android/gms/measurement/internal/d;	com/google/android/gms/measurement/internal/d	com_google_android_gms_measurement_internal_d.java	72	2133	
1158	Lcom/google/android/gms/measurement/internal/e0;	com/google/android/gms/measurement/internal/e0	com_google_android_gms_measurement_internal_e0.java	20	580	
1159	Lcom/google/android/gms/measurement/internal/e1;	com/google/android/gms/measurement/internal/e1	com_google_android_gms_measurement_internal_e1.java	40	995	
1160	Lcom/google/android/gms/measurement/internal/e3;	com/google/android/gms/measurement/internal/e3	com_google_android_gms_measurement_internal_e3.java	33	1177	
1161	Lcom/google/android/gms/measurement/internal/e4;	com/google/android/gms/measurement/internal/e4	com_google_android_gms_measurement_internal_e4.java	109	2837	
1162	Lcom/google/android/gms/measurement/internal/e;	com/google/android/gms/measurement/internal/e	com_google_android_gms_measurement_internal_e.java	74	2835	
1163	Lcom/google/android/gms/measurement/internal/f0;	com/google/android/gms/measurement/internal/f0	com_google_android_gms_measurement_internal_f0.java	20	580	
1164	Lcom/google/android/gms/measurement/internal/f1;	com/google/android/gms/measurement/internal/f1	com_google_android_gms_measurement_internal_f1.java	15	297	
1165	Lcom/google/android/gms/measurement/internal/f3;	com/google/android/gms/measurement/internal/f3	com_google_android_gms_measurement_internal_f3.java	24	680	
1166	Lcom/google/android/gms/measurement/internal/f4;	com/google/android/gms/measurement/internal/f4	com_google_android_gms_measurement_internal_f4.java	77	2259	
1167	Lcom/google/android/gms/measurement/internal/f;	com/google/android/gms/measurement/internal/f	com_google_android_gms_measurement_internal_f.java	20	527	
1168	Lcom/google/android/gms/measurement/internal/g0;	com/google/android/gms/measurement/internal/g0	com_google_android_gms_measurement_internal_g0.java	20	588	
1169	Lcom/google/android/gms/measurement/internal/g1;	com/google/android/gms/measurement/internal/g1	com_google_android_gms_measurement_internal_g1.java	280	9904	
1170	Lcom/google/android/gms/measurement/internal/g2;	com/google/android/gms/measurement/internal/g2	com_google_android_gms_measurement_internal_g2.java	19	511	
1171	Lcom/google/android/gms/measurement/internal/g3;	com/google/android/gms/measurement/internal/g3	com_google_android_gms_measurement_internal_g3.java	46	1781	
1172	Lcom/google/android/gms/measurement/internal/g4;	com/google/android/gms/measurement/internal/g4	com_google_android_gms_measurement_internal_g4.java	21	421	
1173	Lcom/google/android/gms/measurement/internal/h0;	com/google/android/gms/measurement/internal/h0	com_google_android_gms_measurement_internal_h0.java	20	580	
1174	Lcom/google/android/gms/measurement/internal/h1;	com/google/android/gms/measurement/internal/h1	com_google_android_gms_measurement_internal_h1.java	45	1408	
1175	Lcom/google/android/gms/measurement/internal/h2;	com/google/android/gms/measurement/internal/h2	com_google_android_gms_measurement_internal_h2.java	37	968	
1176	Lcom/google/android/gms/measurement/internal/h3;	com/google/android/gms/measurement/internal/h3	com_google_android_gms_measurement_internal_h3.java	17	499	
1177	Lcom/google/android/gms/measurement/internal/h4;	com/google/android/gms/measurement/internal/h4	com_google_android_gms_measurement_internal_h4.java	18	565	
1178	Lcom/google/android/gms/measurement/internal/h;	com/google/android/gms/measurement/internal/h	com_google_android_gms_measurement_internal_h.java	324	9942	
1179	Lcom/google/android/gms/measurement/internal/i0;	com/google/android/gms/measurement/internal/i0	com_google_android_gms_measurement_internal_i0.java	20	580	
1180	Lcom/google/android/gms/measurement/internal/i2;	com/google/android/gms/measurement/internal/i2	com_google_android_gms_measurement_internal_i2.java	26	840	
1181	Lcom/google/android/gms/measurement/internal/i3;	com/google/android/gms/measurement/internal/i3	com_google_android_gms_measurement_internal_i3.java	32	1151	
1182	Lcom/google/android/gms/measurement/internal/i;	com/google/android/gms/measurement/internal/i	com_google_android_gms_measurement_internal_i.java	14	262	
1183	Lcom/google/android/gms/measurement/internal/j0;	com/google/android/gms/measurement/internal/j0	com_google_android_gms_measurement_internal_j0.java	20	580	
1184	Lcom/google/android/gms/measurement/internal/j1;	com/google/android/gms/measurement/internal/j1	com_google_android_gms_measurement_internal_j1.java	27	744	
1185	Lcom/google/android/gms/measurement/internal/j2;	com/google/android/gms/measurement/internal/j2	com_google_android_gms_measurement_internal_j2.java	18	495	
1186	Lcom/google/android/gms/measurement/internal/j3;	com/google/android/gms/measurement/internal/j3	com_google_android_gms_measurement_internal_j3.java	22	783	
1187	Lcom/google/android/gms/measurement/internal/j4;	com/google/android/gms/measurement/internal/j4	com_google_android_gms_measurement_internal_j4.java	1440	51888	
1188	Lcom/google/android/gms/measurement/internal/j;	com/google/android/gms/measurement/internal/j	com_google_android_gms_measurement_internal_j.java	13	182	
1189	Lcom/google/android/gms/measurement/internal/k0;	com/google/android/gms/measurement/internal/k0	com_google_android_gms_measurement_internal_k0.java	20	580	
1190	Lcom/google/android/gms/measurement/internal/k1;	com/google/android/gms/measurement/internal/k1	com_google_android_gms_measurement_internal_k1.java	160	6829	
1191	Lcom/google/android/gms/measurement/internal/k2;	com/google/android/gms/measurement/internal/k2	com_google_android_gms_measurement_internal_k2.java	21	591	
1192	Lcom/google/android/gms/measurement/internal/k3;	com/google/android/gms/measurement/internal/k3	com_google_android_gms_measurement_internal_k3.java	32	1147	
1193	Lcom/google/android/gms/measurement/internal/k4;	com/google/android/gms/measurement/internal/k4	com_google_android_gms_measurement_internal_k4.java	22	705	
1194	Lcom/google/android/gms/measurement/internal/k;	com/google/android/gms/measurement/internal/k	com_google_android_gms_measurement_internal_k.java	75	7558	
1195	Lcom/google/android/gms/measurement/internal/l0;	com/google/android/gms/measurement/internal/l0	com_google_android_gms_measurement_internal_l0.java	20	580	
1196	Lcom/google/android/gms/measurement/internal/l1;	com/google/android/gms/measurement/internal/l1	com_google_android_gms_measurement_internal_l1.java	32	799	
1197	Lcom/google/android/gms/measurement/internal/l2;	com/google/android/gms/measurement/internal/l2	com_google_android_gms_measurement_internal_l2.java	32	1012	
1198	Lcom/google/android/gms/measurement/internal/l3;	com/google/android/gms/measurement/internal/l3	com_google_android_gms_measurement_internal_l3.java	39	1388	
1199	Lcom/google/android/gms/measurement/internal/l4;	com/google/android/gms/measurement/internal/l4	com_google_android_gms_measurement_internal_l4.java	18	579	
1200	Lcom/google/android/gms/measurement/internal/l;	com/google/android/gms/measurement/internal/l	com_google_android_gms_measurement_internal_l.java	1699	71749	
1201	Lcom/google/android/gms/measurement/internal/m0;	com/google/android/gms/measurement/internal/m0	com_google_android_gms_measurement_internal_m0.java	20	563	
1202	Lcom/google/android/gms/measurement/internal/m1;	com/google/android/gms/measurement/internal/m1	com_google_android_gms_measurement_internal_m1.java	18	477	
1203	Lcom/google/android/gms/measurement/internal/m2;	com/google/android/gms/measurement/internal/m2	com_google_android_gms_measurement_internal_m2.java	16	359	
1204	Lcom/google/android/gms/measurement/internal/m3;	com/google/android/gms/measurement/internal/m3	com_google_android_gms_measurement_internal_m3.java	39	1486	
1205	Lcom/google/android/gms/measurement/internal/m4;	com/google/android/gms/measurement/internal/m4	com_google_android_gms_measurement_internal_m4.java	26	901	
1206	Lcom/google/android/gms/measurement/internal/m;	com/google/android/gms/measurement/internal/m	com_google_android_gms_measurement_internal_m.java	97	4193	
1207	Lcom/google/android/gms/measurement/internal/n0;	com/google/android/gms/measurement/internal/n0	com_google_android_gms_measurement_internal_n0.java	20	580	
1208	Lcom/google/android/gms/measurement/internal/n1;	com/google/android/gms/measurement/internal/n1	com_google_android_gms_measurement_internal_n1.java	75	2246	
1209	Lcom/google/android/gms/measurement/internal/n2;	com/google/android/gms/measurement/internal/n2	com_google_android_gms_measurement_internal_n2.java	603	10904	
1210	Lcom/google/android/gms/measurement/internal/n3;	com/google/android/gms/measurement/internal/n3	com_google_android_gms_measurement_internal_n3.java	52	2121	
1211	Lcom/google/android/gms/measurement/internal/n4;	com/google/android/gms/measurement/internal/n4	com_google_android_gms_measurement_internal_n4.java	26	898	
1212	Lcom/google/android/gms/measurement/internal/n;	com/google/android/gms/measurement/internal/n	com_google_android_gms_measurement_internal_n.java	28	867	
1213	Lcom/google/android/gms/measurement/internal/o0;	com/google/android/gms/measurement/internal/o0	com_google_android_gms_measurement_internal_o0.java	20	580	
1214	Lcom/google/android/gms/measurement/internal/o1;	com/google/android/gms/measurement/internal/o1	com_google_android_gms_measurement_internal_o1.java	35	853	
1215	Lcom/google/android/gms/measurement/internal/o2;	com/google/android/gms/measurement/internal/o2	com_google_android_gms_measurement_internal_o2.java	19	511	
1216	Lcom/google/android/gms/measurement/internal/o3;	com/google/android/gms/measurement/internal/o3	com_google_android_gms_measurement_internal_o3.java	49	2024	
1217	Lcom/google/android/gms/measurement/internal/o4;	com/google/android/gms/measurement/internal/o4	com_google_android_gms_measurement_internal_o4.java	130	3728	
1218	Lcom/google/android/gms/measurement/internal/p0;	com/google/android/gms/measurement/internal/p0	com_google_android_gms_measurement_internal_p0.java	20	580	
1219	Lcom/google/android/gms/measurement/internal/p1;	com/google/android/gms/measurement/internal/p1	com_google_android_gms_measurement_internal_p1.java	119	4553	
1220	Lcom/google/android/gms/measurement/internal/p2;	com/google/android/gms/measurement/internal/p2	com_google_android_gms_measurement_internal_p2.java	32	941	
1221	Lcom/google/android/gms/measurement/internal/p3;	com/google/android/gms/measurement/internal/p3	com_google_android_gms_measurement_internal_p3.java	54	2187	
1222	Lcom/google/android/gms/measurement/internal/p4;	com/google/android/gms/measurement/internal/p4	com_google_android_gms_measurement_internal_p4.java	130	3974	
1223	Lcom/google/android/gms/measurement/internal/p;	com/google/android/gms/measurement/internal/p	com_google_android_gms_measurement_internal_p.java	97	3064	
1224	Lcom/google/android/gms/measurement/internal/q0;	com/google/android/gms/measurement/internal/q0	com_google_android_gms_measurement_internal_q0.java	20	588	
1225	Lcom/google/android/gms/measurement/internal/q1;	com/google/android/gms/measurement/internal/q1	com_google_android_gms_measurement_internal_q1.java	35	832	
1226	Lcom/google/android/gms/measurement/internal/q2;	com/google/android/gms/measurement/internal/q2	com_google_android_gms_measurement_internal_q2.java	24	631	
1227	Lcom/google/android/gms/measurement/internal/q3;	com/google/android/gms/measurement/internal/q3	com_google_android_gms_measurement_internal_q3.java	22	591	
1228	Lcom/google/android/gms/measurement/internal/q4;	com/google/android/gms/measurement/internal/q4	com_google_android_gms_measurement_internal_q4.java	113	3635	
1229	Lcom/google/android/gms/measurement/internal/q;	com/google/android/gms/measurement/internal/q	com_google_android_gms_measurement_internal_q.java	93	3403	
1230	Lcom/google/android/gms/measurement/internal/r0;	com/google/android/gms/measurement/internal/r0	com_google_android_gms_measurement_internal_r0.java	20	588	
1231	Lcom/google/android/gms/measurement/internal/r1;	com/google/android/gms/measurement/internal/r1	com_google_android_gms_measurement_internal_r1.java	105	2946	
1232	Lcom/google/android/gms/measurement/internal/r2;	com/google/android/gms/measurement/internal/r2	com_google_android_gms_measurement_internal_r2.java	19	499	
1233	Lcom/google/android/gms/measurement/internal/r3;	com/google/android/gms/measurement/internal/r3	com_google_android_gms_measurement_internal_r3.java	18	521	
1234	Lcom/google/android/gms/measurement/internal/r4;	com/google/android/gms/measurement/internal/r4	com_google_android_gms_measurement_internal_r4.java	158	6259	
1235	Lcom/google/android/gms/measurement/internal/r;	com/google/android/gms/measurement/internal/r	com_google_android_gms_measurement_internal_r.java	86	2447	
1236	Lcom/google/android/gms/measurement/internal/s0;	com/google/android/gms/measurement/internal/s0	com_google_android_gms_measurement_internal_s0.java	20	580	
1237	Lcom/google/android/gms/measurement/internal/s1;	com/google/android/gms/measurement/internal/s1	com_google_android_gms_measurement_internal_s1.java	33	792	
1238	Lcom/google/android/gms/measurement/internal/s2;	com/google/android/gms/measurement/internal/s2	com_google_android_gms_measurement_internal_s2.java	40	1901	
1239	Lcom/google/android/gms/measurement/internal/s3;	com/google/android/gms/measurement/internal/s3	com_google_android_gms_measurement_internal_s3.java	22	598	
1240	Lcom/google/android/gms/measurement/internal/s4;	com/google/android/gms/measurement/internal/s4	com_google_android_gms_measurement_internal_s4.java	141	8890	
1241	Lcom/google/android/gms/measurement/internal/s;	com/google/android/gms/measurement/internal/s	com_google_android_gms_measurement_internal_s.java	32	764	
1242	Lcom/google/android/gms/measurement/internal/t0;	com/google/android/gms/measurement/internal/t0	com_google_android_gms_measurement_internal_t0.java	20	580	
1243	Lcom/google/android/gms/measurement/internal/t1;	com/google/android/gms/measurement/internal/t1	com_google_android_gms_measurement_internal_t1.java	170	6630	
1244	Lcom/google/android/gms/measurement/internal/t2;	com/google/android/gms/measurement/internal/t2	com_google_android_gms_measurement_internal_t2.java	37	1613	
1245	Lcom/google/android/gms/measurement/internal/t3;	com/google/android/gms/measurement/internal/t3	com_google_android_gms_measurement_internal_t3.java	19	649	
1246	Lcom/google/android/gms/measurement/internal/u4;	com/google/android/gms/measurement/internal/u4	com_google_android_gms_measurement_internal_u4.java	273	10065	
1247	Lcom/google/android/gms/measurement/internal/t4;	com/google/android/gms/measurement/internal/t4	com_google_android_gms_measurement_internal_t4.java	244	13363	
1248	Lcom/google/android/gms/measurement/internal/t;	com/google/android/gms/measurement/internal/t	com_google_android_gms_measurement_internal_t.java	70	1500	
1249	Lcom/google/android/gms/measurement/internal/u0;	com/google/android/gms/measurement/internal/u0	com_google_android_gms_measurement_internal_u0.java	20	580	
1250	Lcom/google/android/gms/measurement/internal/u1;	com/google/android/gms/measurement/internal/u1	com_google_android_gms_measurement_internal_u1.java	79	4065	
1251	Lcom/google/android/gms/measurement/internal/u2;	com/google/android/gms/measurement/internal/u2	com_google_android_gms_measurement_internal_u2.java	22	659	
1252	Lcom/google/android/gms/measurement/internal/u3;	com/google/android/gms/measurement/internal/u3	com_google_android_gms_measurement_internal_u3.java	17	476	
1253	Lcom/google/android/gms/measurement/internal/u;	com/google/android/gms/measurement/internal/u	com_google_android_gms_measurement_internal_u.java	30	843	
1254	Lcom/google/android/gms/measurement/internal/v0;	com/google/android/gms/measurement/internal/v0	com_google_android_gms_measurement_internal_v0.java	20	580	
1255	Lcom/google/android/gms/measurement/internal/v1;	com/google/android/gms/measurement/internal/v1	com_google_android_gms_measurement_internal_v1.java	41	1436	
1256	Lcom/google/android/gms/measurement/internal/v2;	com/google/android/gms/measurement/internal/v2	com_google_android_gms_measurement_internal_v2.java	19	619	
1257	Lcom/google/android/gms/measurement/internal/v3;	com/google/android/gms/measurement/internal/v3	com_google_android_gms_measurement_internal_v3.java	143	5072	
1258	Lcom/google/android/gms/measurement/internal/v4;	com/google/android/gms/measurement/internal/v4	com_google_android_gms_measurement_internal_v4.java	124	5163	
1259	Lcom/google/android/gms/measurement/internal/v;	com/google/android/gms/measurement/internal/v	com_google_android_gms_measurement_internal_v.java	54	1444	
1260	Lcom/google/android/gms/measurement/internal/w0;	com/google/android/gms/measurement/internal/w0	com_google_android_gms_measurement_internal_w0.java	20	580	
1261	Lcom/google/android/gms/measurement/internal/w1;	com/google/android/gms/measurement/internal/w1	com_google_android_gms_measurement_internal_w1.java	25	672	
1262	Lcom/google/android/gms/measurement/internal/w2;	com/google/android/gms/measurement/internal/w2	com_google_android_gms_measurement_internal_w2.java	24	731	
1263	Lcom/google/android/gms/measurement/internal/w3;	com/google/android/gms/measurement/internal/w3	com_google_android_gms_measurement_internal_w3.java	524	17659	
1264	Lcom/google/android/gms/measurement/internal/w;	com/google/android/gms/measurement/internal/w	com_google_android_gms_measurement_internal_w.java	59	1922	
1265	Lcom/google/android/gms/measurement/internal/x0;	com/google/android/gms/measurement/internal/x0	com_google_android_gms_measurement_internal_x0.java	20	580	
1266	Lcom/google/android/gms/measurement/internal/x2;	com/google/android/gms/measurement/internal/x2	com_google_android_gms_measurement_internal_x2.java	43	1530	
1267	Lcom/google/android/gms/measurement/internal/x3;	com/google/android/gms/measurement/internal/x3	com_google_android_gms_measurement_internal_x3.java	14	262	
1268	Lcom/google/android/gms/measurement/internal/x;	com/google/android/gms/measurement/internal/x	com_google_android_gms_measurement_internal_x.java	20	571	
1269	Lcom/google/android/gms/measurement/internal/y0;	com/google/android/gms/measurement/internal/y0	com_google_android_gms_measurement_internal_y0.java	20	588	
1270	Lcom/google/android/gms/measurement/internal/y1;	com/google/android/gms/measurement/internal/y1	com_google_android_gms_measurement_internal_y1.java	33	1120	
1271	Lcom/google/android/gms/measurement/internal/y2;	com/google/android/gms/measurement/internal/y2	com_google_android_gms_measurement_internal_y2.java	21	594	
1272	Lcom/google/android/gms/measurement/internal/y3;	com/google/android/gms/measurement/internal/y3	com_google_android_gms_measurement_internal_y3.java	95	3885	
1273	Lcom/google/android/gms/measurement/internal/y;	com/google/android/gms/measurement/internal/y	com_google_android_gms_measurement_internal_y.java	20	537	
1274	Lcom/google/android/gms/measurement/internal/z0;	com/google/android/gms/measurement/internal/z0	com_google_android_gms_measurement_internal_z0.java	20	580	
1275	Lcom/google/android/gms/measurement/internal/z1;	com/google/android/gms/measurement/internal/z1	com_google_android_gms_measurement_internal_z1.java	17	605	
1276	Lcom/google/android/gms/measurement/internal/z2;	com/google/android/gms/measurement/internal/z2	com_google_android_gms_measurement_internal_z2.java	19	602	
1277	Lcom/google/android/gms/measurement/internal/z3;	com/google/android/gms/measurement/internal/z3	com_google_android_gms_measurement_internal_z3.java	20	676	
1278	Lcom/google/android/gms/measurement/internal/z;	com/google/android/gms/measurement/internal/z	com_google_android_gms_measurement_internal_z.java	20	571	
1279	Lcom/google/firebase/components/ComponentRegistrar;	com/google/firebase/components/ComponentRegistrar	com_google_firebase_components_ComponentRegistrar.java	5	133	
1280	Lcom/google/firebase/FirebaseCommonRegistrar;	com/google/firebase/FirebaseCommonRegistrar	com_google_firebase_FirebaseCommonRegistrar.java	108	3705	
1281	Lcom/google/firebase/analytics/FirebaseAnalytics;	com/google/firebase/analytics/FirebaseAnalytics	com_google_firebase_analytics_FirebaseAnalytics.java	51	2004	
1282	Lcom/google/firebase/analytics/a;	com/google/firebase/analytics/a	com_google_firebase_analytics_a.java	80	1405	
1283	Lcom/google/firebase/analytics/connector/internal/AnalyticsConnectorRegistrar;	com/google/firebase/analytics/connector/internal/AnalyticsConnectorRegistrar	com_google_firebase_analytics_connector_internal_AnalyticsConnectorRegistrar.java	23	844	
1284	Lcom/google/firebase/analytics/connector/internal/a;	com/google/firebase/analytics/connector/internal/a	com_google_firebase_analytics_connector_internal_a.java	20	595	
1285	Lcom/google/firebase/analytics/connector/internal/b;	com/google/firebase/analytics/connector/internal/b	com_google_firebase_analytics_connector_internal_b.java	155	5663	
1286	Lcom/google/firebase/components/ComponentDiscoveryService;	com/google/firebase/components/ComponentDiscoveryService	com_google_firebase_components_ComponentDiscoveryService.java	13	274	
1287	Lcom/google/firebase/datatransport/TransportRegistrar;	com/google/firebase/datatransport/TransportRegistrar	com_google_firebase_datatransport_TransportRegistrar.java	30	994	
1288	Lcom/google/firebase/iid/FirebaseInstanceIdReceiver;	com/google/firebase/iid/FirebaseInstanceIdReceiver	com_google_firebase_iid_FirebaseInstanceIdReceiver.java	35	1208	
1289	Lcom/google/firebase/installations/FirebaseInstallationsRegistrar;	com/google/firebase/installations/FirebaseInstallationsRegistrar	com_google_firebase_installations_FirebaseInstallationsRegistrar.java	31	1043	
1290	Lcom/google/firebase/installations/a$a;	com/google/firebase/installations/a$a	com_google_firebase_installations_a__a.java	3	76	
1291	Lcom/google/firebase/installations/g$a;	com/google/firebase/installations/g$a	com_google_firebase_installations_g__a.java	16	373	
1292	Lcom/google/firebase/installations/a$b;	com/google/firebase/installations/a$b	com_google_firebase_installations_a__b.java	66	1885	
1293	Lcom/google/firebase/installations/g;	com/google/firebase/installations/g	com_google_firebase_installations_g.java	19	343	
1294	Lcom/google/firebase/installations/a;	com/google/firebase/installations/a	com_google_firebase_installations_a.java	72	1816	
1295	Lcom/google/firebase/installations/b;	com/google/firebase/installations/b	com_google_firebase_installations_b.java	64	2457	
1296	Lcom/google/firebase/installations/c$a;	com/google/firebase/installations/c$a	com_google_firebase_installations_c__a.java	17	517	
1297	Lcom/google/firebase/installations/c$b;	com/google/firebase/installations/c$b	com_google_firebase_installations_c__b.java	25	750	
1298	Ln0/e;	n0/e	n0_e.java	7	95	
1299	Lcom/google/firebase/installations/c;	com/google/firebase/installations/c	com_google_firebase_installations_c.java	374	11215	
1300	Lcom/google/firebase/installations/d$a;	com/google/firebase/installations/d$a	com_google_firebase_installations_d__a.java	39	1653	
1301	Lcom/google/firebase/installations/d;	com/google/firebase/installations/d	com_google_firebase_installations_d.java	17	375	
1302	Lcom/google/firebase/installations/h;	com/google/firebase/installations/h	com_google_firebase_installations_h.java	7	127	
1303	Lcom/google/firebase/installations/e;	com/google/firebase/installations/e	com_google_firebase_installations_e.java	28	659	
1304	Lcom/google/firebase/installations/f;	com/google/firebase/installations/f	com_google_firebase_installations_f.java	25	454	
1305	Lcom/google/firebase/installations/i;	com/google/firebase/installations/i	com_google_firebase_installations_i.java	71	1780	
1306	Lcom/google/firebase/messaging/A;	com/google/firebase/messaging/A	com_google_firebase_messaging_A.java	16	432	
1307	Lcom/google/firebase/messaging/B;	com/google/firebase/messaging/B	com_google_firebase_messaging_B.java	13	271	
1308	Lcom/google/firebase/messaging/C;	com/google/firebase/messaging/C	com_google_firebase_messaging_C.java	15	369	
1309	Lcom/google/firebase/messaging/D;	com/google/firebase/messaging/D	com_google_firebase_messaging_D.java	175	5825	
1310	Lcom/google/firebase/messaging/E;	com/google/firebase/messaging/E	com_google_firebase_messaging_E.java	18	454	
1311	Lcom/google/firebase/messaging/F;	com/google/firebase/messaging/F	com_google_firebase_messaging_F.java	128	4055	
1312	Lcom/google/firebase/messaging/FirebaseMessaging$a;	com/google/firebase/messaging/FirebaseMessaging$a	com_google_firebase_messaging_FirebaseMessaging__a.java	89	2612	
1313	Lcom/google/firebase/messaging/FirebaseMessaging;	com/google/firebase/messaging/FirebaseMessaging	com_google_firebase_messaging_FirebaseMessaging.java	342	10610	
1314	Lcom/google/firebase/messaging/FirebaseMessagingRegistrar;	com/google/firebase/messaging/FirebaseMessagingRegistrar	com_google_firebase_messaging_FirebaseMessagingRegistrar.java	33	1402	
1315	Lcom/google/firebase/messaging/j;	com/google/firebase/messaging/j	com_google_firebase_messaging_j.java	128	3483	
1316	Lcom/google/firebase/messaging/FirebaseMessagingService;	com/google/firebase/messaging/FirebaseMessagingService	com_google_firebase_messaging_FirebaseMessagingService.java	201	6358	
1317	Lk/e;	k/e	k_e.java	5	67	
1318	Lcom/google/firebase/messaging/G;	com/google/firebase/messaging/G	com_google_firebase_messaging_G.java	13	225	
1319	Lcom/google/firebase/messaging/H;	com/google/firebase/messaging/H	com_google_firebase_messaging_H.java	421	14080	
1320	Lcom/google/firebase/messaging/I;	com/google/firebase/messaging/I	com_google_firebase_messaging_I.java	140	3928	
1321	Lcom/google/firebase/messaging/J;	com/google/firebase/messaging/J	com_google_firebase_messaging_J.java	403	12540	
1322	Lcom/google/firebase/messaging/K;	com/google/firebase/messaging/K	com_google_firebase_messaging_K.java	15	346	
1323	Lcom/google/firebase/messaging/L;	com/google/firebase/messaging/	com_google_firebase_messaging_.java	9	235	
1324	Lcom/google/firebase/messaging/M;	com/google/firebase/messaging/M	com_google_firebase_messaging_M.java	8	215	
1325	Lcom/google/firebase/messaging/N;	com/google/firebase/messaging/N	com_google_firebase_messaging_N.java	20	517	
1326	Lcom/google/firebase/messaging/O;	com/google/firebase/messaging/O	com_google_firebase_messaging_O.java	95	3200	
1327	Lcom/google/firebase/messaging/P;	com/google/firebase/messaging/P	com_google_firebase_messaging_P.java	25	781	
1328	Lcom/google/firebase/messaging/Q$a;	com/google/firebase/messaging/Q$a	com_google_firebase_messaging_Q__a.java	3	72	
1329	Lcom/google/firebase/messaging/Q$b;	com/google/firebase/messaging/Q$b	com_google_firebase_messaging_Q__b.java	92	2674	
1330	Lcom/google/firebase/messaging/Q;	com/google/firebase/messaging/Q	com_google_firebase_messaging_Q.java	46	1135	
1331	Lcom/google/firebase/messaging/S;	com/google/firebase/messaging/S	com_google_firebase_messaging_S.java	48	1169	
1332	Lcom/google/firebase/messaging/T;	com/google/firebase/messaging/T	com_google_firebase_messaging_T.java	17	446	
1333	Lcom/google/firebase/messaging/U$a;	com/google/firebase/messaging/U$a	com_google_firebase_messaging_U__a.java	5	87	
1334	Lcom/google/firebase/messaging/U;	com/google/firebase/messaging/U	com_google_firebase_messaging_U.java	51	1613	
1335	Lcom/google/firebase/messaging/V;	com/google/firebase/messaging/V	com_google_firebase_messaging_V.java	68	1875	
1336	Lcom/google/firebase/messaging/W;	com/google/firebase/messaging/W	com_google_firebase_messaging_W.java	142	5445	
1337	Lcom/google/firebase/messaging/X;	com/google/firebase/messaging/X	com_google_firebase_messaging_X.java	16	383	
1338	Lcom/google/firebase/messaging/Y;	com/google/firebase/messaging/Y	com_google_firebase_messaging_Y.java	123	3164	
1339	Lcom/google/firebase/messaging/Z$a;	com/google/firebase/messaging/Z$a	com_google_firebase_messaging_Z__a.java	70	2101	
1340	Lcom/google/firebase/messaging/Z;	com/google/firebase/messaging/Z	com_google_firebase_messaging_Z.java	75	2298	
1341	Lf0/d;	f0/d	f0_d.java	5	76	
1342	Lcom/google/firebase/messaging/a$a;	com/google/firebase/messaging/a$a	com_google_firebase_messaging_a__a.java	71	3273	
1343	Lcom/google/firebase/messaging/a$b;	com/google/firebase/messaging/a$b	com_google_firebase_messaging_a__b.java	29	697	
1344	Lcom/google/firebase/messaging/a$c;	com/google/firebase/messaging/a$c	com_google_firebase_messaging_a__c.java	29	659	
1345	Lcom/google/firebase/messaging/a0$a;	com/google/firebase/messaging/a0$a	com_google_firebase_messaging_a0__a.java	39	1220	
1346	Lcom/google/firebase/messaging/a0;	com/google/firebase/messaging/a0	com_google_firebase_messaging_a0.java	128	4232	
1347	Lg0/a;	g0/a	g0_a.java	5	66	
1348	Lcom/google/firebase/messaging/a;	com/google/firebase/messaging/a	com_google_firebase_messaging_a.java	23	538	
1349	Lcom/google/firebase/messaging/b$a;	com/google/firebase/messaging/b$a	com_google_firebase_messaging_b__a.java	78	1834	
1350	Lcom/google/firebase/messaging/b0;	com/google/firebase/messaging/b0	com_google_firebase_messaging_b0.java	104	2842	
1351	Lcom/google/firebase/messaging/b;	com/google/firebase/messaging/b	com_google_firebase_messaging_b.java	81	2522	
1352	Lcom/google/firebase/messaging/c0;	com/google/firebase/messaging/c0	com_google_firebase_messaging_c0.java	51	1582	
1353	Lcom/google/firebase/messaging/c;	com/google/firebase/messaging/c	com_google_firebase_messaging_c.java	8	225	
1354	Lcom/google/firebase/messaging/d$a;	com/google/firebase/messaging/d$a	com_google_firebase_messaging_d__a.java	14	266	
1355	Lcom/google/firebase/messaging/d0;	com/google/firebase/messaging/d0	com_google_firebase_messaging_d0.java	23	943	
1356	Lcom/google/firebase/messaging/d;	com/google/firebase/messaging/d	com_google_firebase_messaging_d.java	356	15143	
1357	Lcom/google/firebase/messaging/e$a;	com/google/firebase/messaging/e$a	com_google_firebase_messaging_e__a.java	17	644	
1358	Lcom/google/firebase/messaging/e0;	com/google/firebase/messaging/e0	com_google_firebase_messaging_e0.java	274	8345	
1359	Lcom/google/firebase/messaging/e;	com/google/firebase/messaging/e	com_google_firebase_messaging_e.java	10	238	
1360	Lcom/google/firebase/messaging/f0$a;	com/google/firebase/messaging/f0$a	com_google_firebase_messaging_f0__a.java	41	1444	
1361	Lcom/google/firebase/messaging/f0;	com/google/firebase/messaging/f0	com_google_firebase_messaging_f0.java	198	6595	
1362	Lcom/google/firebase/messaging/f;	com/google/firebase/messaging/f	com_google_firebase_messaging_f.java	103	3683	
1363	Lcom/google/firebase/messaging/g0;	com/google/firebase/messaging/g0	com_google_firebase_messaging_g0.java	16	361	
1364	Lcom/google/firebase/messaging/g;	com/google/firebase/messaging/g	com_google_firebase_messaging_g.java	14	259	
1365	Lcom/google/firebase/messaging/h0;	com/google/firebase/messaging/h0	com_google_firebase_messaging_h0.java	83	2611	
1366	Lcom/google/firebase/messaging/h;	com/google/firebase/messaging/h	com_google_firebase_messaging_h.java	18	485	
1367	Lcom/google/firebase/messaging/i0;	com/google/firebase/messaging/i0	com_google_firebase_messaging_i0.java	16	385	
1368	Lcom/google/firebase/messaging/i;	com/google/firebase/messaging/i	com_google_firebase_messaging_i.java	20	563	
1369	Lcom/google/firebase/messaging/j0$a;	com/google/firebase/messaging/j0$a	com_google_firebase_messaging_j0__a.java	5	88	
1370	Lcom/google/firebase/messaging/j$a;	com/google/firebase/messaging/j$a	com_google_firebase_messaging_j__a.java	15	377	
1371	Lcom/google/firebase/messaging/j0;	com/google/firebase/messaging/j0	com_google_firebase_messaging_j0.java	35	1089	
1372	Lcom/google/firebase/messaging/k0;	com/google/firebase/messaging/k0	com_google_firebase_messaging_k0.java	16	394	
1373	Lcom/google/firebase/messaging/k;	com/google/firebase/messaging/k	com_google_firebase_messaging_k.java	17	481	
1374	Lcom/google/firebase/messaging/l0;	com/google/firebase/messaging/l0	com_google_firebase_messaging_l0.java	16	391	
1375	Lcom/google/firebase/messaging/l;	com/google/firebase/messaging/l	com_google_firebase_messaging_l.java	17	462	
1376	Lcom/google/firebase/messaging/m0$a;	com/google/firebase/messaging/m0$a	com_google_firebase_messaging_m0__a.java	71	1746	
1377	Lcom/google/firebase/messaging/m0;	com/google/firebase/messaging/m0	com_google_firebase_messaging_m0.java	131	4638	
1378	Lcom/google/firebase/messaging/m;	com/google/firebase/messaging/m	com_google_firebase_messaging_m.java	13	244	
1379	Lcom/google/firebase/messaging/n;	com/google/firebase/messaging/n	com_google_firebase_messaging_n.java	104	3471	
1380	Lcom/google/firebase/messaging/o;	com/google/firebase/messaging/o	com_google_firebase_messaging_o.java	40	1376	
1381	Lcom/google/firebase/messaging/p;	com/google/firebase/messaging/p	com_google_firebase_messaging_p.java	18	492	
1382	Lcom/google/firebase/messaging/q;	com/google/firebase/messaging/q	com_google_firebase_messaging_q.java	86	2204	
1383	Lcom/google/firebase/messaging/r;	com/google/firebase/messaging/r	com_google_firebase_messaging_r.java	15	372	
1384	Ll0/a$a;	l0/a$a	l0_a__a.java	3	37	
1385	Lcom/google/firebase/messaging/s;	com/google/firebase/messaging/s	com_google_firebase_messaging_s.java	10	295	
1386	Lcom/google/firebase/messaging/t;	com/google/firebase/messaging/t	com_google_firebase_messaging_t.java	16	431	
1387	Lcom/google/firebase/messaging/u;	com/google/firebase/messaging/u	com_google_firebase_messaging_u.java	16	464	
1388	Lcom/google/firebase/messaging/v;	com/google/firebase/messaging/v	com_google_firebase_messaging_v.java	16	431	
1389	Lcom/google/firebase/messaging/w;	com/google/firebase/messaging/w	com_google_firebase_messaging_w.java	18	502	
1390	Lcom/google/firebase/messaging/x;	com/google/firebase/messaging/x	com_google_firebase_messaging_x.java	15	372	
1391	Lcom/google/firebase/messaging/y;	com/google/firebase/messaging/y	com_google_firebase_messaging_y.java	19	642	
1392	Lcom/google/firebase/messaging/z;	com/google/firebase/messaging/z	com_google_firebase_messaging_z.java	19	636	
1393	Lcom/google/firebase/provider/FirebaseInitProvider;	com/google/firebase/provider/FirebaseInitProvider	com_google_firebase_provider_FirebaseInitProvider.java	60	1742	
1394	Ld/a;	d/a	d_a.java	8	171	
1395	Ld/b;	d/b	d_b.java	8	208	
1396	Ld/d$a;	d/d$a	d_d__a.java	7	110	
1397	Ld/d$b;	d/d$b	d_d__b.java	99	3891	
1398	Ld/d;	d/d	d_d.java	177	6941	
1399	Ld/e;	d/e	d_e.java	34	1030	
1400	Ld0/a;	d0/a	d0_a.java	13	240	
1401	Le/a;	e/a	e_a.java	8	195	
1402	Le/b;	e/b	e_b.java	8	167	
1403	Le/c;	e/c	e_c.java	8	168	
1404	Le/d;	e/d	e_d.java	8	176	
1405	Le/e;	e/e	e_e.java	8	226	
1406	Le/f;	e/f	e_f.java	8	234	
1407	Le/g;	e/g	e_g.java	8	223	
1408	Le/h;	e/h	e_h.java	8	231	
1409	Le/i;	e/i	e_i.java	8	213	
1410	Le/j;	e/j	e_j.java	8	239	
1411	Le/k;	e/k	e_k.java	8	237	
1412	Lf/a;	f/a	f_a.java	8	191	
1413	Lf/b;	f/b	f_b.java	14	359	
1414	Lf/c;	f/c	f_c.java	8	183	
1415	Lf/d;	f/d	f_d.java	97	2513	
1416	Lf/f;	f/f	f_f.java	7	105	
1417	Lf/e;	f/e	f_e.java	158	4479	
1418	Lf/g;	f/g	f_g.java	8	174	
1419	Lf/h;	f/h	f_h.java	8	162	
1420	Lf/i;	f/i	f_i.java	8	177	
1421	Lf/j;	f/j	f_j.java	8	159	
1422	Lf/k;	f/k	f_k.java	35	551	
1423	Lf/l;	f/l	f_l.java	8	170	
1424	Lf/m;	f/m	f_m.java	12	298	
1425	Lf0/a;	f0/a	f0_a.java	5	66	
1426	Lf0/b;	f0/b	f0_b.java	15	234	
1427	Lf0/c$a;	f0/c$a	f0_c__a.java	3	45	
1428	Lf0/c$b;	f0/c$b	f0_c__b.java	33	719	
1429	Lf0/c;	f0/c	f0_c.java	71	1487	
1430	Lf0/e;	f0/e	f0_e.java	9	128	
1431	Lf0/f;	f0/f	f0_f.java	5	76	
1432	Lf0/g;	f0/g	f0_g.java	7	97	
1433	Lg/b;	g/b	g_b.java	3	51	
1434	Lg0/b;	g0/b	g0_b.java	5	66	
1435	Lh0/a;	h0/a	h0_a.java	14	225	
1436	Lh0/b;	h0/b	h0_b.java	14	236	
1437	Lh0/c;	h0/c	h0_c.java	14	237	
1438	Lh0/d$a;	h0/d$a	h0_d__a.java	19	360	
1439	Lh0/d$b;	h0/d$b	h0_d__b.java	34	717	
1440	Lh0/d;	h0/d	h0_d.java	126	2447	
1441	Lh0/e;	h0/e	h0_e.java	308	10348	
1442	Li0/d;	i0/d	i0_d.java	7	164	
1443	Li0/a$a;	i0/a$a	i0_a__a.java	61	1260	
1444	Li0/a;	i0/a	i0_a.java	27	373	
1445	Li0/b;	i0/b	i0_b.java	39	740	
1446	Li0/c;	i0/c	i0_c.java	5	65	
1447	Li0/d$a;	i0/d$a	i0_d__a.java	39	920	
1448	Li0/e;	i0/e	i0_e.java	14	249	
1449	Li0/f$a;	i0/f$a	i0_f__a.java	17	397	
1450	Li0/f;	i0/f	i0_f.java	337	10766	
1451	Li0/g;	i0/g	i0_g.java	14	227	
1452	Li0/h$a;	i0/h$a	i0_h__a.java	58	1231	
1453	Li0/h;	i0/h	i0_h.java	35	731	
1454	Li0/i;	i0/i	i0_i.java	47	814	
1455	Lj/a;	j/a	j_a.java	72	2378	
1456	Lj/b$a;	j/b$a	j_b__a.java	55	1454	
1457	Lj/b;	j/b	j_b.java	147	6762	
1458	Lj0/a;	j0/a	j0_a.java	3	40	
1459	Lk/c;	k/c	k_c.java	19	266	
1460	Lk/a;	k/a	k_a.java	88	2043	
1461	Lk/b;	k/b	k_b.java	51	971	
1462	Lk/d;	k/d	k_d.java	39	851	
1463	Lk/f;	k/f	k_f.java	5	65	
1464	Lk/g;	k/g	k_g.java	5	64	
1465	Lk/h;	k/h	k_h.java	5	65	
1466	Lk0/s;	k0/s	k0_s.java	17	259	
1467	Lk0/a;	k0/a	k0_a.java	63	1426	
1468	Lk0/b;	k0/b	k0_b.java	13	192	
1469	Lk0/c;	k0/c	k0_c.java	13	234	
1470	Lk0/d;	k0/d	k0_d.java	17	369	
1471	Lk0/e;	k0/e	k0_e.java	15	280	
1472	Lk0/f;	k0/f	k0_f.java	15	280	
1473	Lk0/j;	k0/j	k0_j.java	5	65	
1474	Lk0/k;	k0/k	k0_k.java	5	68	
1475	Lk0/g;	k0/g	k0_g.java	170	4716	
1476	Lk0/h;	k0/h	k0_h.java	3	35	
1477	Lk0/i$a;	k0/i$a	k0_i__a.java	8	82	
1478	Lk0/i;	k0/i	k0_i.java	8	123	
1479	Lk0/k$a;	k0/k$a	k0_k__a.java	50	1174	
1480	Lk0/l;	k0/l	k0_l.java	8	168	
1481	Lk0/m;	k0/m	k0_m.java	8	164	
1482	Lk0/n;	k0/n	k0_n.java	8	204	
1483	Lk0/o;	k0/o	k0_o.java	8	190	
1484	Lk0/p;	k0/p	k0_p.java	8	203	
1485	Lk0/q;	k0/q	k0_q.java	8	204	
1486	Lk0/r;	k0/r	k0_r.java	174	5707	
1487	Ll/a$a;	l/a$a	l_a__a.java	34	501	
1488	Ll/a;	l/a	l_a.java	37	549	
1489	Ll/b$a;	l/b$a	l_b__a.java	62	1617	
1490	Ll/b$b;	l/b$b	l_b__b.java	29	492	
1491	Ll/b$c;	l/b$c	l_b__c.java	32	603	
1492	Ll/b$d;	l/b$d	l_b__d.java	47	1161	
1493	Ll/b$e;	l/b$e	l_b__e.java	47	1121	
1494	Ll/b$f;	l/b$f	l_b__f.java	32	600	
1495	Ll/b;	l/b	l_b.java	38	736	
1496	Ll/c$a;	l/c$a	l_c__a.java	3	44	
1497	Ll/c$b;	l/c$b	l_c__b.java	99	1561	
1498	Ll/c;	l/c	l_c.java	339	9431	
1499	Ll/j;	l/j	l_j.java	20	293	
1500	Ll/d;	l/d	l_d.java	46	935	
1501	Ll/e$a;	l/e$a	l_e__a.java	3	44	
1502	Ll/k$a;	l/k$a	l_k__a.java	14	181	
1503	Ll/e$b;	l/e$b	l_e__b.java	27	365	
1504	Ll/k;	l/k	l_k.java	17	214	
1505	Ll/e;	l/e	l_e.java	89	2012	
1506	Ll/f$a;	l/f$a	l_f__a.java	3	44	
1507	Ll/l$a;	l/l$a	l_l__a.java	24	327	
1508	Ll/f$b;	l/f$b	l_f__b.java	90	2000	
1509	Ll/l;	l/l	l_l.java	37	536	
1510	Ll/f;	l/f	l_f.java	172	4739	
1511	Ll/g$a;	l/g$a	l_g__a.java	3	44	
1512	Ll/m$a;	l/m$a	l_m__a.java	34	481	
1513	Ll/g$b;	l/g$b	l_g__b.java	84	1765	
1514	Ll/m;	l/m	l_m.java	27	382	
1515	Ll/g;	l/g	l_g.java	187	4787	
1516	Ll/n;	l/n	l_n.java	42	1088	
1517	Ll/h;	l/h	l_h.java	47	910	
1518	Ll/i$a;	l/i$a	l_i__a.java	3	44	
1519	Ll/o$a;	l/o$a	l_o__a.java	14	181	
1520	Ll/i$b;	l/i$b	l_i__b.java	27	369	
1521	Ll/o;	l/o	l_o.java	17	216	
1522	Ll/i;	l/i	l_i.java	89	2034	
1523	Ll/k$b;	l/k$b	l_k__b.java	37	839	
1524	Ll/o$b;	l/o$b	l_o__b.java	154	4515	
1525	Ll/o$c;	l/o$c	l_o__c.java	143	4194	
1526	Ll/p;	l/p	l_p.java	62	1674	
1527	Ll0/a;	l0/a	l0_a.java	5	66	
1528	Lm/a$a;	m/a$a	m_a__a.java	38	911	
1529	Lm/a$b;	m/a$b	m_a__b.java	29	521	
1530	Lm/a$c;	m/a$c	m_a__c.java	32	650	
1531	Lm/a$d;	m/a$d	m_a__d.java	32	650	
1532	Lm/a$e;	m/a$e	m_a__e.java	29	475	
1533	Lm/a$f;	m/a$f	m_a__f.java	32	664	
1534	Lm/a$g;	m/a$g	m_a__g.java	32	638	
1535	Lm/a;	m/a	m_a.java	27	452	
1536	Lm/b;	m/b	m_b.java	12	225	
1537	Lm/c$a;	m/c$a	m_c__a.java	3	44	
1538	Lm/j$a;	m/j$a	m_j__a.java	42	715	
1539	Lm/c$b;	m/c$b	m_c__b.java	117	2959	
1540	Lm/j;	m/j	m_j.java	68	1359	
1541	Lm/c;	m/c	m_c.java	118	2914	
1542	Lm/d$a;	m/d$a	m_d__a.java	3	44	
1543	Lm/o$a;	m/o$a	m_o__a.java	20	256	
1544	Lm/d$b;	m/d$b	m_d__b.java	108	2714	
1545	Lm/o;	m/o	m_o.java	28	364	
1546	Lm/d;	m/d	m_d.java	88	1993	
1547	Lm/e$a;	m/e$a	m_e__a.java	3	44	
1548	Lm/p$a;	m/p$a	m_p__a.java	16	213	
1549	Lm/e$b;	m/e$b	m_e__b.java	62	1440	
1550	Lm/p;	m/p	m_p.java	52	983	
1551	Lm/e;	m/e	m_e.java	67	1510	
1552	Lm/f$a;	m/f$a	m_f__a.java	3	44	
1553	Lm/v$a;	m/v$a	m_v__a.java	7	91	
1554	Lm/f$b;	m/f$b	m_f__b.java	31	547	
1555	Lm/v;	m/v	m_v.java	18	223	
1556	Lm/f;	m/f	m_f.java	66	1602	
1557	Lm/i;	m/i	m_i.java	61	1368	
1558	Lm/k;	m/k	m_k.java	8	172	
1559	Lm/l$a;	m/l$a	m_l__a.java	15	207	
1560	Ly0/a;	y0/a	y0_a.java	5	70	
1561	Lo/b;	o/b	o_b.java	3	50	
1562	Lm/l;	m/l	m_l.java	28	511	
1563	Lm/m;	m/m	m_m.java	15	234	
1564	Lm/n$a;	m/n$a	m_n__a.java	20	363	
1565	Lm/n;	m/n	m_n.java	16	311	
1566	Lm/q;	m/q	m_q.java	29	773	
1567	Lm/r;	m/r	m_r.java	14	201	
1568	Lm/s;	m/s	m_s.java	41	761	
1569	Lm/t;	m/t	m_t.java	5	58	
1570	Lm/u;	m/u	m_u.java	73	1535	
1571	Lm/w;	m/w	m_w.java	42	937	
1572	Ln/a$a;	n/a$a	n_a__a.java	3	44	
1573	Ln/f$a;	n/f$a	n_f__a.java	14	181	
1574	Ln/a$b;	n/a$b	n_a__b.java	45	992	
1575	Ln/f;	n/f	n_f.java	17	220	
1576	Ln/a;	n/a	n_a.java	71	1638	
1577	Ln/g;	n/g	n_g.java	32	457	
1578	Ln/b;	n/b	n_b.java	60	1289	
1579	Ln/h;	n/h	n_h.java	21	358	
1580	Ln/c;	n/c	n_c.java	89	2320	
1581	Ln/e;	n/e	n_e.java	5	64	
1582	Ln/g$a;	n/g$a	n_g__a.java	43	1047	
1583	Ln/i;	n/i	n_i.java	19	345	
1584	Ln/j;	n/j	n_j.java	34	697	
1585	Ln/k$a;	n/k$a	n_k__a.java	108	4113	
1586	Ln/k;	n/k	n_k.java	36	790	
1587	Ln/l;	n/l	n_l.java	32	597	
1588	Ln0/a;	n0/a	n0_a.java	16	368	
1589	Ln0/b;	n0/b	n0_b.java	15	285	
1590	Ln0/c;	n0/c	n0_c.java	18	447	
1591	Ln0/d;	n0/d	n0_d.java	18	447	
1592	Ln0/f;	n0/f	n0_f.java	13	252	
1593	Ln0/g;	n0/g	n0_g.java	40	995	
1594	Lo/a;	o/a	o_a.java	59	1372	
1595	Lo/c;	o/c	o_c.java	27	428	
1596	Lo/d;	o/d	o_d.java	30	655	
1597	Lo0/a$a;	o0/a$a	o0_a__a.java	3	45	
1598	Lo0/d$a;	o0/d$a	o0_d__a.java	24	350	
1599	Lo0/a$b;	o0/a$b	o0_a__b.java	112	2491	
1600	Lo0/d;	o0/d	o0_d.java	120	2041	
1601	Lo0/a;	o0/a	o0_a.java	179	4823	
1602	Lo0/b;	o0/b	o0_b.java	153	4186	
1603	Lo0/c$a;	o0/c$a	o0_c__a.java	47	1226	
1604	Lo0/c;	o0/c	o0_c.java	86	2895	
1605	Lorg/cocos2dx/javascript/AppActivity$a;	org/cocos2dx/javascript/AppActivity$a	org_cocos2dx_javascript_AppActivity__a.java	16	330	
1606	Lorg/cocos2dx/javascript/AppActivity$b;	org/cocos2dx/javascript/AppActivity$b	org_cocos2dx_javascript_AppActivity__b.java	16	349	
1607	Lorg/cocos2dx/lib/Cocos2dxHelper$Cocos2dxHelperListener;	org/cocos2dx/lib/Cocos2dxHelper$Cocos2dxHelperListener	org_cocos2dx_lib_Cocos2dxHelper__Cocos2dxHelperListener.java	7	168	
1608	Lorg/cocos2dx/lib/Cocos2dxActivity;	org/cocos2dx/lib/Cocos2dxActivity	org_cocos2dx_lib_Cocos2dxActivity.java	389	13545	
1609	Lorg/cocos2dx/javascript/AppActivity;	org/cocos2dx/javascript/AppActivity	org_cocos2dx_javascript_AppActivity.java	348	13183	
1610	Lorg/cocos2dx/javascript/ImageUtils;	org/cocos2dx/javascript/ImageUtils	org_cocos2dx_javascript_ImageUtils.java	159	6048	
1611	Lorg/cocos2dx/javascript/JsTool$a;	org/cocos2dx/javascript/JsTool$a	org_cocos2dx_javascript_JsTool__a.java	34	946	
1612	Lorg/cocos2dx/javascript/JsTool;	org/cocos2dx/javascript/JsTool	org_cocos2dx_javascript_JsTool.java	33	1018	
1613	Lorg/cocos2dx/javascript/MyFirebaseMessagingService;	org/cocos2dx/javascript/MyFirebaseMessagingService	org_cocos2dx_javascript_MyFirebaseMessagingService.java	74	2634	
1614	Lorg/cocos2dx/javascript/PlatformAndroidApi$a;	org/cocos2dx/javascript/PlatformAndroidApi$a	org_cocos2dx_javascript_PlatformAndroidApi__a.java	20	434	
1615	Lorg/cocos2dx/javascript/PlatformAndroidApi$b;	org/cocos2dx/javascript/PlatformAndroidApi$b	org_cocos2dx_javascript_PlatformAndroidApi__b.java	20	374	
1616	Lorg/cocos2dx/javascript/PlatformAndroidApi$c;	org/cocos2dx/javascript/PlatformAndroidApi$c	org_cocos2dx_javascript_PlatformAndroidApi__c.java	20	378	
1617	Lorg/cocos2dx/javascript/PlatformAndroidApi$d;	org/cocos2dx/javascript/PlatformAndroidApi$d	org_cocos2dx_javascript_PlatformAndroidApi__d.java	16	405	
1618	Lorg/cocos2dx/javascript/PlatformAndroidApi$e;	org/cocos2dx/javascript/PlatformAndroidApi$e	org_cocos2dx_javascript_PlatformAndroidApi__e.java	36	1446	
1619	Lorg/cocos2dx/javascript/PlatformAndroidApi$f;	org/cocos2dx/javascript/PlatformAndroidApi$f	org_cocos2dx_javascript_PlatformAndroidApi__f.java	22	577	
1620	Lorg/cocos2dx/javascript/PlatformAndroidApi$g;	org/cocos2dx/javascript/PlatformAndroidApi$g	org_cocos2dx_javascript_PlatformAndroidApi__g.java	32	1104	
1621	Lorg/cocos2dx/javascript/PlatformAndroidApi;	org/cocos2dx/javascript/PlatformAndroidApi	org_cocos2dx_javascript_PlatformAndroidApi.java	544	17814	
1622	Lorg/cocos2dx/javascript/ProjUtil$a;	org/cocos2dx/javascript/ProjUtil$a	org_cocos2dx_javascript_ProjUtil__a.java	23	540	
1623	Lorg/cocos2dx/javascript/ProjUtil$b;	org/cocos2dx/javascript/ProjUtil$b	org_cocos2dx_javascript_ProjUtil__b.java	16	341	
1624	Lorg/cocos2dx/javascript/ProjUtil;	org/cocos2dx/javascript/ProjUtil	org_cocos2dx_javascript_ProjUtil.java	423	14057	
1625	Lorg/cocos2dx/javascript/SDKWrapper;	org/cocos2dx/javascript/SDKWrapper	org_cocos2dx_javascript_SDKWrapper.java	203	6016	
1626	Lorg/cocos2dx/javascript/a;	org/cocos2dx/javascript/a	org_cocos2dx_javascript_a.java	9	220	
1627	Lorg/cocos2dx/javascript/b;	org/cocos2dx/javascript/b	org_cocos2dx_javascript_b.java	8	218	
1628	Lorg/cocos2dx/javascript/c;	org/cocos2dx/javascript/c	org_cocos2dx_javascript_c.java	8	137	
1629	Lorg/cocos2dx/javascript/myFileProvider;	org/cocos2dx/javascript/myFileProvider	org_cocos2dx_javascript_myFileProvider.java	38	759	
1630	Lorg/cocos2dx/javascript/service/SDKInterface;	org/cocos2dx/javascript/service/SDKInterface	org_cocos2dx_javascript_service_SDKInterface.java	31	664	
1631	Lorg/cocos2dx/javascript/service/SDKClass;	org/cocos2dx/javascript/service/SDKClass	org_cocos2dx_javascript_service_SDKClass.java	86	1423	
1632	Lorg/cocos2dx/lib/CanvasRenderingContext2DImpl$a;	org/cocos2dx/lib/CanvasRenderingContext2DImpl$a	org_cocos2dx_lib_CanvasRenderingContext2DImpl__a.java	22	607	
1633	Lorg/cocos2dx/lib/CanvasRenderingContext2DImpl$b;	org/cocos2dx/lib/CanvasRenderingContext2DImpl$b	org_cocos2dx_lib_CanvasRenderingContext2DImpl__b.java	14	374	
1634	Lorg/cocos2dx/lib/CanvasRenderingContext2DImpl;	org/cocos2dx/lib/CanvasRenderingContext2DImpl	org_cocos2dx_lib_CanvasRenderingContext2DImpl.java	549	17822	
1635	Lorg/cocos2dx/lib/Cocos2dxAccelerometer$a;	org/cocos2dx/lib/Cocos2dxAccelerometer$a	org_cocos2dx_lib_Cocos2dxAccelerometer__a.java	16	364	
1636	Lorg/cocos2dx/lib/Cocos2dxAccelerometer$b;	org/cocos2dx/lib/Cocos2dxAccelerometer$b	org_cocos2dx_lib_Cocos2dxAccelerometer__b.java	16	610	
1637	Lorg/cocos2dx/lib/Cocos2dxAccelerometer$c;	org/cocos2dx/lib/Cocos2dxAccelerometer$c	org_cocos2dx_lib_Cocos2dxAccelerometer__c.java	16	364	
1638	Lorg/cocos2dx/lib/Cocos2dxAccelerometer;	org/cocos2dx/lib/Cocos2dxAccelerometer	org_cocos2dx_lib_Cocos2dxAccelerometer.java	90	3216	
1639	Lorg/cocos2dx/lib/Cocos2dxActivity$Cocos2dxEGLConfigChooser$a;	org/cocos2dx/lib/Cocos2dxActivity$Cocos2dxEGLConfigChooser$a	org_cocos2dx_lib_Cocos2dxActivity__Cocos2dxEGLConfigChooser__a.java	100	3481	
1640	Lorg/cocos2dx/lib/Cocos2dxActivity$Cocos2dxEGLConfigChooser;	org/cocos2dx/lib/Cocos2dxActivity$Cocos2dxEGLConfigChooser	org_cocos2dx_lib_Cocos2dxActivity__Cocos2dxEGLConfigChooser.java	87	3982	
1641	Lorg/cocos2dx/lib/Cocos2dxActivity$a;	org/cocos2dx/lib/Cocos2dxActivity$a	org_cocos2dx_lib_Cocos2dxActivity__a.java	18	455	
1642	Lorg/cocos2dx/lib/Cocos2dxActivity$b$a;	org/cocos2dx/lib/Cocos2dxActivity$b$a	org_cocos2dx_lib_Cocos2dxActivity__b__a.java	24	747	
1643	Lorg/cocos2dx/lib/Cocos2dxActivity$b$b;	org/cocos2dx/lib/Cocos2dxActivity$b$b	org_cocos2dx_lib_Cocos2dxActivity__b__b.java	24	713	
1644	Lorg/cocos2dx/lib/Cocos2dxActivity$b$c;	org/cocos2dx/lib/Cocos2dxActivity$b$c	org_cocos2dx_lib_Cocos2dxActivity__b__c.java	51	3789	
1645	Lorg/cocos2dx/lib/Cocos2dxActivity$b$d;	org/cocos2dx/lib/Cocos2dxActivity$b$d	org_cocos2dx_lib_Cocos2dxActivity__b__d.java	18	497	
1646	Lorg/cocos2dx/lib/Cocos2dxActivity$b$e;	org/cocos2dx/lib/Cocos2dxActivity$b$e	org_cocos2dx_lib_Cocos2dxActivity__b__e.java	20	547	
1647	Lorg/cocos2dx/lib/Cocos2dxActivity$b$f;	org/cocos2dx/lib/Cocos2dxActivity$b$f	org_cocos2dx_lib_Cocos2dxActivity__b__f.java	20	547	
1648	Lorg/cocos2dx/lib/Cocos2dxActivity$b$g;	org/cocos2dx/lib/Cocos2dxActivity$b$g	org_cocos2dx_lib_Cocos2dxActivity__b__g.java	20	547	
1649	Lorg/cocos2dx/lib/Cocos2dxHelper$OnGameInfoUpdatedListener;	org/cocos2dx/lib/Cocos2dxHelper$OnGameInfoUpdatedListener	org_cocos2dx_lib_Cocos2dxHelper__OnGameInfoUpdatedListener.java	17	441	
1650	Lorg/cocos2dx/lib/Cocos2dxActivity$b;	org/cocos2dx/lib/Cocos2dxActivity$b	org_cocos2dx_lib_Cocos2dxActivity__b.java	57	1658	
1651	Lorg/cocos2dx/lib/Cocos2dxAudioFocusManager$a$a;	org/cocos2dx/lib/Cocos2dxAudioFocusManager$a$a	org_cocos2dx_lib_Cocos2dxAudioFocusManager__a__a.java	16	406	
1652	Lorg/cocos2dx/lib/Cocos2dxAudioFocusManager$a$b;	org/cocos2dx/lib/Cocos2dxAudioFocusManager$a$b	org_cocos2dx_lib_Cocos2dxAudioFocusManager__a__b.java	16	406	
1653	Lorg/cocos2dx/lib/Cocos2dxAudioFocusManager$a$c;	org/cocos2dx/lib/Cocos2dxAudioFocusManager$a$c	org_cocos2dx_lib_Cocos2dxAudioFocusManager__a__c.java	16	406	
1654	Lorg/cocos2dx/lib/Cocos2dxAudioFocusManager$a$d;	org/cocos2dx/lib/Cocos2dxAudioFocusManager$a$d	org_cocos2dx_lib_Cocos2dxAudioFocusManager__a__d.java	16	406	
1655	Lorg/cocos2dx/lib/Cocos2dxAudioFocusManager$a;	org/cocos2dx/lib/Cocos2dxAudioFocusManager$a	org_cocos2dx_lib_Cocos2dxAudioFocusManager__a.java	38	1692	
1656	Lorg/cocos2dx/lib/Cocos2dxAudioFocusManager$b;	org/cocos2dx/lib/Cocos2dxAudioFocusManager$b	org_cocos2dx_lib_Cocos2dxAudioFocusManager__b.java	14	266	
1657	Lorg/cocos2dx/lib/Cocos2dxAudioFocusManager;	org/cocos2dx/lib/Cocos2dxAudioFocusManager	org_cocos2dx_lib_Cocos2dxAudioFocusManager.java	40	1493	
1658	Lorg/cocos2dx/lib/Cocos2dxDownloader$a;	org/cocos2dx/lib/Cocos2dxDownloader$a	org_cocos2dx_lib_Cocos2dxDownloader__a.java	25	713	
1659	Lorg/cocos2dx/lib/Cocos2dxDownloader$b;	org/cocos2dx/lib/Cocos2dxDownloader$b	org_cocos2dx_lib_Cocos2dxDownloader__b.java	25	717	
1660	Lorg/cocos2dx/okhttp3/Callback;	org/cocos2dx/okhttp3/Callback	org_cocos2dx_okhttp3_Callback.java	7	139	
1661	Lorg/cocos2dx/lib/Cocos2dxDownloader$c$a;	org/cocos2dx/lib/Cocos2dxDownloader$c$a	org_cocos2dx_lib_Cocos2dxDownloader__c__a.java	142	6290	
1662	Lorg/cocos2dx/lib/Cocos2dxDownloader$c$b;	org/cocos2dx/lib/Cocos2dxDownloader$c$b	org_cocos2dx_lib_Cocos2dxDownloader__c__b.java	19	545	
1663	Lorg/cocos2dx/lib/Cocos2dxDownloader$c;	org/cocos2dx/lib/Cocos2dxDownloader$c	org_cocos2dx_lib_Cocos2dxDownloader__c.java	108	4441	
1664	Lorg/cocos2dx/lib/Cocos2dxDownloader$d;	org/cocos2dx/lib/Cocos2dxDownloader$d	org_cocos2dx_lib_Cocos2dxDownloader__d.java	29	1044	
1665	Lorg/cocos2dx/lib/Cocos2dxDownloader$e;	org/cocos2dx/lib/Cocos2dxDownloader$e	org_cocos2dx_lib_Cocos2dxDownloader__e.java	22	668	
1666	Lorg/cocos2dx/lib/Cocos2dxDownloader;	org/cocos2dx/lib/Cocos2dxDownloader	org_cocos2dx_lib_Cocos2dxDownloader.java	150	5265	
1667	Lorg/cocos2dx/lib/Cocos2dxEditBox$a;	org/cocos2dx/lib/Cocos2dxEditBox$a	org_cocos2dx_lib_Cocos2dxEditBox__a.java	20	672	
1668	Lorg/cocos2dx/lib/Cocos2dxEditBox$b;	org/cocos2dx/lib/Cocos2dxEditBox$b	org_cocos2dx_lib_Cocos2dxEditBox__b.java	26	707	
1669	Lorg/cocos2dx/lib/Cocos2dxEditBox$c;	org/cocos2dx/lib/Cocos2dxEditBox$c	org_cocos2dx_lib_Cocos2dxEditBox__c.java	14	290	
1670	Lorg/cocos2dx/lib/Cocos2dxEditBox$d;	org/cocos2dx/lib/Cocos2dxEditBox$d	org_cocos2dx_lib_Cocos2dxEditBox__d.java	18	425	
1671	Lorg/cocos2dx/lib/Cocos2dxEditBox$e;	org/cocos2dx/lib/Cocos2dxEditBox$e	org_cocos2dx_lib_Cocos2dxEditBox__e.java	18	425	
1672	Lorg/cocos2dx/lib/Cocos2dxEditBox$f;	org/cocos2dx/lib/Cocos2dxEditBox$f	org_cocos2dx_lib_Cocos2dxEditBox__f.java	18	425	
1673	Lorg/cocos2dx/lib/Cocos2dxEditBox$g$a;	org/cocos2dx/lib/Cocos2dxEditBox$g$a	org_cocos2dx_lib_Cocos2dxEditBox__g__a.java	28	748	
1674	Lorg/cocos2dx/lib/Cocos2dxEditBox$g$b;	org/cocos2dx/lib/Cocos2dxEditBox$g$b	org_cocos2dx_lib_Cocos2dxEditBox__g__b.java	18	551	
1675	Lorg/cocos2dx/lib/Cocos2dxEditBox$g$c;	org/cocos2dx/lib/Cocos2dxEditBox$g$c	org_cocos2dx_lib_Cocos2dxEditBox__g__c.java	30	1170	
1676	Lorg/cocos2dx/lib/Cocos2dxEditBox$g;	org/cocos2dx/lib/Cocos2dxEditBox$g	org_cocos2dx_lib_Cocos2dxEditBox__g.java	208	7288	
1677	Lorg/cocos2dx/lib/Cocos2dxEditBox;	org/cocos2dx/lib/Cocos2dxEditBox	org_cocos2dx_lib_Cocos2dxEditBox.java	284	10252	
1678	Lorg/cocos2dx/lib/Cocos2dxGLSurfaceView$a;	org/cocos2dx/lib/Cocos2dxGLSurfaceView$a	org_cocos2dx_lib_Cocos2dxGLSurfaceView__a.java	18	470	
1679	Lorg/cocos2dx/lib/Cocos2dxGLSurfaceView$b;	org/cocos2dx/lib/Cocos2dxGLSurfaceView$b	org_cocos2dx_lib_Cocos2dxGLSurfaceView__b.java	18	468	
1680	Lorg/cocos2dx/lib/Cocos2dxGLSurfaceView$c;	org/cocos2dx/lib/Cocos2dxGLSurfaceView$c	org_cocos2dx_lib_Cocos2dxGLSurfaceView__c.java	22	533	
1681	Lorg/cocos2dx/lib/Cocos2dxGLSurfaceView$d;	org/cocos2dx/lib/Cocos2dxGLSurfaceView$d	org_cocos2dx_lib_Cocos2dxGLSurfaceView__d.java	16	409	
1682	Lorg/cocos2dx/lib/Cocos2dxGLSurfaceView$e;	org/cocos2dx/lib/Cocos2dxGLSurfaceView$e	org_cocos2dx_lib_Cocos2dxGLSurfaceView__e.java	16	408	
1683	Lorg/cocos2dx/lib/Cocos2dxGLSurfaceView$f;	org/cocos2dx/lib/Cocos2dxGLSurfaceView$f	org_cocos2dx_lib_Cocos2dxGLSurfaceView__f.java	22	609	
1684	Lorg/cocos2dx/lib/Cocos2dxGLSurfaceView$g;	org/cocos2dx/lib/Cocos2dxGLSurfaceView$g	org_cocos2dx_lib_Cocos2dxGLSurfaceView__g.java	22	609	
1685	Lorg/cocos2dx/lib/Cocos2dxGLSurfaceView$h;	org/cocos2dx/lib/Cocos2dxGLSurfaceView$h	org_cocos2dx_lib_Cocos2dxGLSurfaceView__h.java	22	621	
1686	Lorg/cocos2dx/lib/Cocos2dxGLSurfaceView$i;	org/cocos2dx/lib/Cocos2dxGLSurfaceView$i	org_cocos2dx_lib_Cocos2dxGLSurfaceView__i.java	22	607	
1687	Lorg/cocos2dx/lib/Cocos2dxGLSurfaceView$j;	org/cocos2dx/lib/Cocos2dxGLSurfaceView$j	org_cocos2dx_lib_Cocos2dxGLSurfaceView__j.java	22	607	
1688	Lorg/cocos2dx/lib/Cocos2dxGLSurfaceView$k;	org/cocos2dx/lib/Cocos2dxGLSurfaceView$k	org_cocos2dx_lib_Cocos2dxGLSurfaceView__k.java	22	623	
1689	Lorg/cocos2dx/lib/Cocos2dxGLSurfaceView;	org/cocos2dx/lib/Cocos2dxGLSurfaceView	org_cocos2dx_lib_Cocos2dxGLSurfaceView.java	279	9241	
1690	Lorg/cocos2dx/lib/Cocos2dxHandler$DialogMessage;	org/cocos2dx/lib/Cocos2dxHandler$DialogMessage	org_cocos2dx_lib_Cocos2dxHandler__DialogMessage.java	12	269	
1691	Lorg/cocos2dx/lib/Cocos2dxHandler$a;	org/cocos2dx/lib/Cocos2dxHandler$a	org_cocos2dx_lib_Cocos2dxHandler__a.java	15	376	
1692	Lorg/cocos2dx/lib/Cocos2dxHandler;	org/cocos2dx/lib/Cocos2dxHandler	org_cocos2dx_lib_Cocos2dxHandler.java	26	894	
1693	Lorg/cocos2dx/lib/Cocos2dxHelper$a;	org/cocos2dx/lib/Cocos2dxHelper$a	org_cocos2dx_lib_Cocos2dxHelper__a.java	16	438	
1694	Lorg/cocos2dx/lib/Cocos2dxHelper$b;	org/cocos2dx/lib/Cocos2dxHelper$b	org_cocos2dx_lib_Cocos2dxHelper__b.java	16	307	
1695	Lorg/cocos2dx/lib/Cocos2dxHelper$c;	org/cocos2dx/lib/Cocos2dxHelper$c	org_cocos2dx_lib_Cocos2dxHelper__c.java	24	575	
1696	Lorg/cocos2dx/lib/Cocos2dxHelper;	org/cocos2dx/lib/Cocos2dxHelper	org_cocos2dx_lib_Cocos2dxHelper.java	577	21438	
1697	Lorg/cocos2dx/lib/Cocos2dxHttpURLConnection;	org/cocos2dx/lib/Cocos2dxHttpURLConnection	org_cocos2dx_lib_Cocos2dxHttpURLConnection.java	394	14348	
1698	Lorg/cocos2dx/lib/Cocos2dxJavascriptJavaBridge;	org/cocos2dx/lib/Cocos2dxJavascriptJavaBridge	org_cocos2dx_lib_Cocos2dxJavascriptJavaBridge.java	10	187	
1699	Lorg/cocos2dx/lib/Cocos2dxLocalStorage$a;	org/cocos2dx/lib/Cocos2dxLocalStorage$a	org_cocos2dx_lib_Cocos2dxLocalStorage__a.java	31	1051	
1700	Lorg/cocos2dx/lib/Cocos2dxLocalStorage;	org/cocos2dx/lib/Cocos2dxLocalStorage	org_cocos2dx_lib_Cocos2dxLocalStorage.java	161	5358	
1701	Lorg/cocos2dx/lib/Cocos2dxReflectionHelper;	org/cocos2dx/lib/Cocos2dxReflectionHelper	org_cocos2dx_lib_Cocos2dxReflectionHelper.java	76	2707	
1702	Lorg/cocos2dx/lib/Cocos2dxRenderer$OnGameEngineInitializedListener;	org/cocos2dx/lib/Cocos2dxRenderer$OnGameEngineInitializedListener	org_cocos2dx_lib_Cocos2dxRenderer__OnGameEngineInitializedListener.java	5	149	
1703	Lorg/cocos2dx/lib/Cocos2dxRenderer$a;	org/cocos2dx/lib/Cocos2dxRenderer$a	org_cocos2dx_lib_Cocos2dxRenderer__a.java	16	393	
1704	Lorg/cocos2dx/lib/Cocos2dxRenderer;	org/cocos2dx/lib/Cocos2dxRenderer	org_cocos2dx_lib_Cocos2dxRenderer.java	257	7781	
1705	Lorg/cocos2dx/lib/Cocos2dxTypefaces;	org/cocos2dx/lib/Cocos2dxTypefaces	org_cocos2dx_lib_Cocos2dxTypefaces.java	30	934	
1706	Lorg/cocos2dx/lib/Cocos2dxVideoView$OnVideoEventListener;	org/cocos2dx/lib/Cocos2dxVideoView$OnVideoEventListener	org_cocos2dx_lib_Cocos2dxVideoView__OnVideoEventListener.java	5	128	
1707	Lorg/cocos2dx/lib/Cocos2dxVideoHelper$a;	org/cocos2dx/lib/Cocos2dxVideoHelper$a	org_cocos2dx_lib_Cocos2dxVideoHelper__a.java	16	517	
1708	Lorg/cocos2dx/lib/Cocos2dxVideoHelper$b;	org/cocos2dx/lib/Cocos2dxVideoHelper$b	org_cocos2dx_lib_Cocos2dxVideoHelper__b.java	27	652	
1709	Lorg/cocos2dx/lib/Cocos2dxVideoHelper$c;	org/cocos2dx/lib/Cocos2dxVideoHelper$c	org_cocos2dx_lib_Cocos2dxVideoHelper__c.java	30	788	
1710	Lorg/cocos2dx/lib/Cocos2dxVideoHelper$d;	org/cocos2dx/lib/Cocos2dxVideoHelper$d	org_cocos2dx_lib_Cocos2dxVideoHelper__d.java	20	509	
1711	Lorg/cocos2dx/lib/Cocos2dxVideoHelper$e;	org/cocos2dx/lib/Cocos2dxVideoHelper$e	org_cocos2dx_lib_Cocos2dxVideoHelper__e.java	83	4555	
1712	Lorg/cocos2dx/lib/Cocos2dxVideoHelper;	org/cocos2dx/lib/Cocos2dxVideoHelper	org_cocos2dx_lib_Cocos2dxVideoHelper.java	424	13715	
1713	Lorg/cocos2dx/lib/Cocos2dxVideoView$a;	org/cocos2dx/lib/Cocos2dxVideoView$a	org_cocos2dx_lib_Cocos2dxVideoView__a.java	26	1110	
1714	Lorg/cocos2dx/lib/Cocos2dxVideoView$b;	org/cocos2dx/lib/Cocos2dxVideoView$b	org_cocos2dx_lib_Cocos2dxVideoView__b.java	17	543	
1715	Lorg/cocos2dx/lib/Cocos2dxVideoView$c$a;	org/cocos2dx/lib/Cocos2dxVideoView$c$a	org_cocos2dx_lib_Cocos2dxVideoView__c__a.java	16	460	
1716	Lorg/cocos2dx/lib/Cocos2dxVideoView$c;	org/cocos2dx/lib/Cocos2dxVideoView$c	org_cocos2dx_lib_Cocos2dxVideoView__c.java	33	1595	
1717	Lorg/cocos2dx/lib/Cocos2dxVideoView$d;	org/cocos2dx/lib/Cocos2dxVideoView$d	org_cocos2dx_lib_Cocos2dxVideoView__d.java	34	1192	
1718	Lorg/cocos2dx/lib/Cocos2dxVideoView$e;	org/cocos2dx/lib/Cocos2dxVideoView$e	org_cocos2dx_lib_Cocos2dxVideoView__e.java	59	3112	
1719	Lorg/cocos2dx/lib/Cocos2dxVideoView;	org/cocos2dx/lib/Cocos2dxVideoView	org_cocos2dx_lib_Cocos2dxVideoView.java	516	16540	
1720	Lorg/cocos2dx/lib/Cocos2dxWebView$a$a;	org/cocos2dx/lib/Cocos2dxWebView$a$a	org_cocos2dx_lib_Cocos2dxWebView__a__a.java	18	496	
1721	Lorg/cocos2dx/lib/Cocos2dxWebView$a$b;	org/cocos2dx/lib/Cocos2dxWebView$a$b	org_cocos2dx_lib_Cocos2dxWebView__a__b.java	18	500	
1722	Lorg/cocos2dx/lib/Cocos2dxWebView$a$c;	org/cocos2dx/lib/Cocos2dxWebView$a$c	org_cocos2dx_lib_Cocos2dxWebView__a__c.java	18	498	
1723	Lorg/cocos2dx/lib/Cocos2dxWebView$a;	org/cocos2dx/lib/Cocos2dxWebView$a	org_cocos2dx_lib_Cocos2dxWebView__a.java	49	2098	
1724	Lorg/cocos2dx/lib/Cocos2dxWebView;	org/cocos2dx/lib/Cocos2dxWebView	org_cocos2dx_lib_Cocos2dxWebView.java	85	2496	
1725	Lorg/cocos2dx/lib/Cocos2dxWebViewHelper$a;	org/cocos2dx/lib/Cocos2dxWebViewHelper$a	org_cocos2dx_lib_Cocos2dxWebViewHelper__a.java	21	539	
1726	Lorg/cocos2dx/lib/Cocos2dxWebViewHelper$b;	org/cocos2dx/lib/Cocos2dxWebViewHelper$b	org_cocos2dx_lib_Cocos2dxWebViewHelper__b.java	19	475	
1727	Lorg/cocos2dx/lib/Cocos2dxWebViewHelper$c;	org/cocos2dx/lib/Cocos2dxWebViewHelper$c	org_cocos2dx_lib_Cocos2dxWebViewHelper__c.java	19	470	
1728	Lorg/cocos2dx/lib/Cocos2dxWebViewHelper$d;	org/cocos2dx/lib/Cocos2dxWebViewHelper$d	org_cocos2dx_lib_Cocos2dxWebViewHelper__d.java	27	640	
1729	Lorg/cocos2dx/lib/Cocos2dxWebViewHelper$e;	org/cocos2dx/lib/Cocos2dxWebViewHelper$e	org_cocos2dx_lib_Cocos2dxWebViewHelper__e.java	27	643	
1730	Lorg/cocos2dx/lib/Cocos2dxWebViewHelper$f;	org/cocos2dx/lib/Cocos2dxWebViewHelper$f	org_cocos2dx_lib_Cocos2dxWebViewHelper__f.java	19	470	
1731	Lorg/cocos2dx/lib/Cocos2dxWebViewHelper$g;	org/cocos2dx/lib/Cocos2dxWebViewHelper$g	org_cocos2dx_lib_Cocos2dxWebViewHelper__g.java	19	473	
1732	Lorg/cocos2dx/lib/Cocos2dxWebViewHelper$h;	org/cocos2dx/lib/Cocos2dxWebViewHelper$h	org_cocos2dx_lib_Cocos2dxWebViewHelper__h.java	24	668	
1733	Lorg/cocos2dx/lib/Cocos2dxWebViewHelper$i;	org/cocos2dx/lib/Cocos2dxWebViewHelper$i	org_cocos2dx_lib_Cocos2dxWebViewHelper__i.java	21	552	
1734	Lorg/cocos2dx/lib/Cocos2dxWebViewHelper$j;	org/cocos2dx/lib/Cocos2dxWebViewHelper$j	org_cocos2dx_lib_Cocos2dxWebViewHelper__j.java	18	609	
1735	Lorg/cocos2dx/lib/Cocos2dxWebViewHelper$k;	org/cocos2dx/lib/Cocos2dxWebViewHelper$k	org_cocos2dx_lib_Cocos2dxWebViewHelper__k.java	21	633	
1736	Lorg/cocos2dx/lib/Cocos2dxWebViewHelper$l;	org/cocos2dx/lib/Cocos2dxWebViewHelper$l	org_cocos2dx_lib_Cocos2dxWebViewHelper__l.java	27	681	
1737	Lorg/cocos2dx/lib/Cocos2dxWebViewHelper$m;	org/cocos2dx/lib/Cocos2dxWebViewHelper$m	org_cocos2dx_lib_Cocos2dxWebViewHelper__m.java	27	732	
1738	Lorg/cocos2dx/lib/Cocos2dxWebViewHelper$n;	org/cocos2dx/lib/Cocos2dxWebViewHelper$n	org_cocos2dx_lib_Cocos2dxWebViewHelper__n.java	28	724	
1739	Lorg/cocos2dx/lib/Cocos2dxWebViewHelper$o;	org/cocos2dx/lib/Cocos2dxWebViewHelper$o	org_cocos2dx_lib_Cocos2dxWebViewHelper__o.java	21	560	
1740	Lorg/cocos2dx/lib/Cocos2dxWebViewHelper$p;	org/cocos2dx/lib/Cocos2dxWebViewHelper$p	org_cocos2dx_lib_Cocos2dxWebViewHelper__p.java	27	764	
1741	Lorg/cocos2dx/lib/Cocos2dxWebViewHelper$q;	org/cocos2dx/lib/Cocos2dxWebViewHelper$q	org_cocos2dx_lib_Cocos2dxWebViewHelper__q.java	23	630	
1742	Lorg/cocos2dx/lib/Cocos2dxWebViewHelper$r;	org/cocos2dx/lib/Cocos2dxWebViewHelper$r	org_cocos2dx_lib_Cocos2dxWebViewHelper__r.java	21	539	
1743	Lorg/cocos2dx/lib/Cocos2dxWebViewHelper;	org/cocos2dx/lib/Cocos2dxWebViewHelper	org_cocos2dx_lib_Cocos2dxWebViewHelper.java	194	6884	
1744	Lorg/cocos2dx/lib/R$string;	org/cocos2dx/lib/R$string	org_cocos2dx_lib_R__string.java	13	315	
1745	Lorg/cocos2dx/lib/R;	org/cocos2dx/lib/R	org_cocos2dx_lib_R.java	8	96	
1746	Lorg/cocos2dx/lib/Utils;	org/cocos2dx/lib/Utils	org_cocos2dx_lib_Utils.java	33	1682	
1747	Lorg/cocos2dx/lib/a;	org/cocos2dx/lib/a	org_cocos2dx_lib_a.java	8	203	
1748	Lorg/cocos2dx/lib/b;	org/cocos2dx/lib/b	org_cocos2dx_lib_b.java	23	565	
1749	Lorg/cocos2dx/okhttp3/Address;	org/cocos2dx/okhttp3/Address	org_cocos2dx_okhttp3_Address.java	189	6947	
1750	Lorg/cocos2dx/okhttp3/Authenticator;	org/cocos2dx/okhttp3/Authenticator	org_cocos2dx_okhttp3_Authenticator.java	12	346	
1751	Lorg/cocos2dx/okhttp3/Authenticator$a;	org/cocos2dx/okhttp3/Authenticator$a	org_cocos2dx_okhttp3_Authenticator__a.java	13	303	
1752	Lorg/cocos2dx/okhttp3/internal/cache/InternalCache;	org/cocos2dx/okhttp3/internal/cache/InternalCache	org_cocos2dx_okhttp3_internal_cache_InternalCache.java	15	384	
1753	Lorg/cocos2dx/okhttp3/Cache$a;	org/cocos2dx/okhttp3/Cache$a	org_cocos2dx_okhttp3_Cache__a.java	44	1042	
1754	Lorg/cocos2dx/okhttp3/Cache$b;	org/cocos2dx/okhttp3/Cache$b	org_cocos2dx_okhttp3_Cache__b.java	64	1667	
1755	Lorg/cocos2dx/okio/Sink;	org/cocos2dx/okio/Sink	org_cocos2dx_okio_Sink.java	11	264	
1756	Lorg/cocos2dx/okio/ForwardingSink;	org/cocos2dx/okio/ForwardingSink	org_cocos2dx_okio_ForwardingSink.java	52	1150	
1757	Lorg/cocos2dx/okhttp3/Cache$c$a;	org/cocos2dx/okhttp3/Cache$c$a	org_cocos2dx_okhttp3_Cache__c__a.java	30	927	
1758	Lorg/cocos2dx/okhttp3/internal/cache/CacheRequest;	org/cocos2dx/okhttp3/internal/cache/CacheRequest	org_cocos2dx_okhttp3_internal_cache_CacheRequest.java	7	166	
1759	Lorg/cocos2dx/okhttp3/Cache$c;	org/cocos2dx/okhttp3/Cache$c	org_cocos2dx_okhttp3_Cache__c.java	40	1171	
1760	Lorg/cocos2dx/okio/Source;	org/cocos2dx/okio/Source	org_cocos2dx_okio_Source.java	9	211	
1761	Lorg/cocos2dx/okio/ForwardingSource;	org/cocos2dx/okio/ForwardingSource	org_cocos2dx_okio_ForwardingSource.java	45	1067	
1762	Lorg/cocos2dx/okhttp3/Cache$d$a;	org/cocos2dx/okhttp3/Cache$d$a	org_cocos2dx_okhttp3_Cache__d__a.java	20	555	
1763	Lorg/cocos2dx/okhttp3/ResponseBody;	org/cocos2dx/okhttp3/ResponseBody	org_cocos2dx_okhttp3_ResponseBody.java	130	4570	
1764	Lorg/cocos2dx/okhttp3/Cache$d;	org/cocos2dx/okhttp3/Cache$d	org_cocos2dx_okhttp3_Cache__d.java	49	1256	
1765	Lorg/cocos2dx/okhttp3/Cache$e;	org/cocos2dx/okhttp3/Cache$e	org_cocos2dx_okhttp3_Cache__e.java	206	8282	
1766	Lorg/cocos2dx/okhttp3/Cache;	org/cocos2dx/okhttp3/Cache	org_cocos2dx_okhttp3_Cache.java	248	7005	
1767	Lorg/cocos2dx/okhttp3/CacheControl$Builder;	org/cocos2dx/okhttp3/CacheControl$Builder	org_cocos2dx_okhttp3_CacheControl__Builder.java	114	3106	
1768	Lorg/cocos2dx/okhttp3/CacheControl;	org/cocos2dx/okhttp3/CacheControl	org_cocos2dx_okhttp3_CacheControl.java	300	10813	
1769	Lorg/cocos2dx/okhttp3/Call$Factory;	org/cocos2dx/okhttp3/Call$Factory	org_cocos2dx_okhttp3_Call__Factory.java	5	122	
1770	Lorg/cocos2dx/okhttp3/Call;	org/cocos2dx/okhttp3/Call	org_cocos2dx_okhttp3_Call.java	19	483	
1771	Lorg/cocos2dx/okhttp3/CertificatePinner$Builder;	org/cocos2dx/okhttp3/CertificatePinner$Builder	org_cocos2dx_okhttp3_CertificatePinner__Builder.java	30	865	
1772	Lorg/cocos2dx/okhttp3/CertificatePinner$a;	org/cocos2dx/okhttp3/CertificatePinner$a	org_cocos2dx_okhttp3_CertificatePinner__a.java	88	2927	
1773	Lorg/cocos2dx/okhttp3/CertificatePinner;	org/cocos2dx/okhttp3/CertificatePinner	org_cocos2dx_okhttp3_CertificatePinner.java	173	6584	
1774	Lorg/cocos2dx/okhttp3/Challenge;	org/cocos2dx/okhttp3/Challenge	org_cocos2dx_okhttp3_Challenge.java	111	3419	
1775	Lorg/cocos2dx/okhttp3/CipherSuite$a;	org/cocos2dx/okhttp3/CipherSuite$a	org_cocos2dx_okhttp3_CipherSuite__a.java	45	1023	
1776	Lorg/cocos2dx/okhttp3/CipherSuite;	org/cocos2dx/okhttp3/CipherSuite	org_cocos2dx_okhttp3_CipherSuite.java	319	32015	
1777	Lorg/cocos2dx/okhttp3/Connection;	org/cocos2dx/okhttp3/Connection	org_cocos2dx_okhttp3_Connection.java	11	294	
1778	Lorg/cocos2dx/okhttp3/ConnectionPool$a;	org/cocos2dx/okhttp3/ConnectionPool$a	org_cocos2dx_okhttp3_ConnectionPool__a.java	29	749	
1779	Lorg/cocos2dx/okhttp3/ConnectionPool;	org/cocos2dx/okhttp3/ConnectionPool	org_cocos2dx_okhttp3_ConnectionPool.java	191	7200	
1780	Lorg/cocos2dx/okhttp3/ConnectionSpec$Builder;	org/cocos2dx/okhttp3/ConnectionSpec$Builder	org_cocos2dx_okhttp3_ConnectionSpec__Builder.java	115	3584	
1781	Lorg/cocos2dx/okhttp3/ConnectionSpec;	org/cocos2dx/okhttp3/ConnectionSpec	org_cocos2dx_okhttp3_ConnectionSpec.java	249	10722	
1782	Lorg/cocos2dx/okhttp3/Cookie$Builder;	org/cocos2dx/okhttp3/Cookie$Builder	org_cocos2dx_okhttp3_Cookie__Builder.java	116	3014	
1783	Lorg/cocos2dx/okhttp3/Cookie;	org/cocos2dx/okhttp3/Cookie	org_cocos2dx_okhttp3_Cookie.java	516	19422	
1784	Lorg/cocos2dx/okhttp3/CookieJar;	org/cocos2dx/okhttp3/CookieJar	org_cocos2dx_okhttp3_CookieJar.java	14	372	
1785	Lorg/cocos2dx/okhttp3/CookieJar$a;	org/cocos2dx/okhttp3/CookieJar$a	org_cocos2dx_okhttp3_CookieJar__a.java	18	393	
1786	Lorg/cocos2dx/okhttp3/Credentials;	org/cocos2dx/okhttp3/Credentials	org_cocos2dx_okhttp3_Credentials.java	26	752	
1787	Lorg/cocos2dx/okhttp3/Dispatcher;	org/cocos2dx/okhttp3/Dispatcher	org_cocos2dx_okhttp3_Dispatcher.java	226	6890	
1788	Lorg/cocos2dx/okhttp3/Dns;	org/cocos2dx/okhttp3/Dns	org_cocos2dx_okhttp3_Dns.java	12	280	
1789	Lorg/cocos2dx/okhttp3/Dns$a;	org/cocos2dx/okhttp3/Dns$a	org_cocos2dx_okhttp3_Dns__a.java	27	851	
1790	Lorg/cocos2dx/okhttp3/EventListener$Factory;	org/cocos2dx/okhttp3/EventListener$Factory	org_cocos2dx_okhttp3_EventListener__Factory.java	5	139	
1791	Lorg/cocos2dx/okhttp3/EventListener;	org/cocos2dx/okhttp3/EventListener	org_cocos2dx_okhttp3_EventListener.java	120	2816	
1792	Lorg/cocos2dx/okhttp3/EventListener$a;	org/cocos2dx/okhttp3/EventListener$a	org_cocos2dx_okhttp3_EventListener__a.java	8	151	
1793	Lorg/cocos2dx/okhttp3/EventListener$b;	org/cocos2dx/okhttp3/EventListener$b	org_cocos2dx_okhttp3_EventListener__b.java	15	397	
1794	Lorg/cocos2dx/okhttp3/FormBody$Builder;	org/cocos2dx/okhttp3/FormBody$Builder	org_cocos2dx_okhttp3_FormBody__Builder.java	55	1917	
1795	Lorg/cocos2dx/okhttp3/RequestBody;	org/cocos2dx/okhttp3/RequestBody	org_cocos2dx_okhttp3_RequestBody.java	63	2086	
1796	Lorg/cocos2dx/okhttp3/FormBody;	org/cocos2dx/okhttp3/FormBody	org_cocos2dx_okhttp3_FormBody.java	89	2371	
1797	Lorg/cocos2dx/okhttp3/Handshake;	org/cocos2dx/okhttp3/Handshake	org_cocos2dx_okhttp3_Handshake.java	132	5113	
1798	Lorg/cocos2dx/okhttp3/Headers$Builder;	org/cocos2dx/okhttp3/Headers$Builder	org_cocos2dx_okhttp3_Headers__Builder.java	137	4173	
1799	Lorg/cocos2dx/okhttp3/Headers;	org/cocos2dx/okhttp3/Headers	org_cocos2dx_okhttp3_Headers.java	282	9048	
1800	Lorg/cocos2dx/okhttp3/HttpUrl$Builder;	org/cocos2dx/okhttp3/HttpUrl$Builder	org_cocos2dx_okhttp3_HttpUrl__Builder.java	767	27467	
1801	Lorg/cocos2dx/okhttp3/HttpUrl;	org/cocos2dx/okhttp3/HttpUrl	org_cocos2dx_okhttp3_HttpUrl.java	603	19330	
1802	Lorg/cocos2dx/okhttp3/Interceptor$Chain;	org/cocos2dx/okhttp3/Interceptor$Chain	org_cocos2dx_okhttp3_Interceptor__Chain.java	23	697	
1803	Lorg/cocos2dx/okhttp3/Interceptor;	org/cocos2dx/okhttp3/Interceptor	org_cocos2dx_okhttp3_Interceptor.java	5	127	
1804	Lorg/cocos2dx/okhttp3/MediaType;	org/cocos2dx/okhttp3/MediaType	org_cocos2dx_okhttp3_MediaType.java	144	5107	
1805	Lorg/cocos2dx/okhttp3/MultipartBody$Builder;	org/cocos2dx/okhttp3/MultipartBody$Builder	org_cocos2dx_okhttp3_MultipartBody__Builder.java	76	2634	
1806	Lorg/cocos2dx/okhttp3/MultipartBody$Part;	org/cocos2dx/okhttp3/MultipartBody$Part	org_cocos2dx_okhttp3_MultipartBody__Part.java	64	2442	
1807	Lorg/cocos2dx/okhttp3/MultipartBody;	org/cocos2dx/okhttp3/MultipartBody	org_cocos2dx_okhttp3_MultipartBody.java	185	6232	
1808	Lorg/cocos2dx/okhttp3/OkHttpClient$Builder;	org/cocos2dx/okhttp3/OkHttpClient$Builder	org_cocos2dx_okhttp3_OkHttpClient__Builder.java	420	15645	
1809	Lorg/cocos2dx/okhttp3/internal/Internal;	org/cocos2dx/okhttp3/internal/Internal	org_cocos2dx_okhttp3_internal_Internal.java	45	1144	
1810	Lorg/cocos2dx/okhttp3/OkHttpClient$a;	org/cocos2dx/okhttp3/OkHttpClient$a	org_cocos2dx_okhttp3_OkHttpClient__a.java	88	2749	
1811	Lorg/cocos2dx/okhttp3/WebSocket$Factory;	org/cocos2dx/okhttp3/WebSocket$Factory	org_cocos2dx_okhttp3_WebSocket__Factory.java	5	137	
1812	Lorg/cocos2dx/okhttp3/OkHttpClient;	org/cocos2dx/okhttp3/OkHttpClient	org_cocos2dx_okhttp3_OkHttpClient.java	295	10207	
1813	Lorg/cocos2dx/okhttp3/Protocol;	org/cocos2dx/okhttp3/Protocol	org_cocos2dx_okhttp3_Protocol.java	96	4153	
1814	Lorg/cocos2dx/okhttp3/Request$Builder;	org/cocos2dx/okhttp3/Request$Builder	org_cocos2dx_okhttp3_Request__Builder.java	205	6419	
1815	Lorg/cocos2dx/okhttp3/Request;	org/cocos2dx/okhttp3/Request	org_cocos2dx_okhttp3_Request.java	92	2163	
1816	Lorg/cocos2dx/okhttp3/RequestBody$a;	org/cocos2dx/okhttp3/RequestBody$a	org_cocos2dx_okhttp3_RequestBody__a.java	28	649	
1817	Lorg/cocos2dx/okhttp3/RequestBody$b;	org/cocos2dx/okhttp3/RequestBody$b	org_cocos2dx_okhttp3_RequestBody__b.java	32	726	
1818	Lorg/cocos2dx/okhttp3/RequestBody$c;	org/cocos2dx/okhttp3/RequestBody$c	org_cocos2dx_okhttp3_RequestBody__c.java	35	911	
1819	Lorg/cocos2dx/okhttp3/Response$Builder;	org/cocos2dx/okhttp3/Response$Builder	org_cocos2dx_okhttp3_Response__Builder.java	205	6329	
1820	Lorg/cocos2dx/okhttp3/Response;	org/cocos2dx/okhttp3/Response	org_cocos2dx_okhttp3_Response.java	227	5948	
1821	Lorg/cocos2dx/okhttp3/ResponseBody$a;	org/cocos2dx/okhttp3/ResponseBody$a	org_cocos2dx_okhttp3_ResponseBody__a.java	29	677	
1822	Lorg/cocos2dx/okhttp3/ResponseBody$b;	org/cocos2dx/okhttp3/ResponseBody$b	org_cocos2dx_okhttp3_ResponseBody__b.java	41	1171	
1823	Lorg/cocos2dx/okhttp3/Route;	org/cocos2dx/okhttp3/Route	org_cocos2dx_okhttp3_Route.java	75	2206	
1824	Lorg/cocos2dx/okhttp3/TlsVersion;	org/cocos2dx/okhttp3/TlsVersion	org_cocos2dx_okhttp3_TlsVersion.java	122	4395	
1825	Lorg/cocos2dx/okhttp3/WebSocket;	org/cocos2dx/okhttp3/WebSocket	org_cocos2dx_okhttp3_WebSocket.java	15	309	
1826	Lorg/cocos2dx/okhttp3/WebSocketListener;	org/cocos2dx/okhttp3/WebSocketListener	org_cocos2dx_okhttp3_WebSocketListener.java	38	834	
1827	Lorg/cocos2dx/okhttp3/a;	org/cocos2dx/okhttp3/a	org_cocos2dx_okhttp3_a.java	8	176	
1828	Lorg/cocos2dx/okio/Timeout;	org/cocos2dx/okio/Timeout	org_cocos2dx_okio_Timeout.java	139	3891	
1829	Lorg/cocos2dx/okio/AsyncTimeout;	org/cocos2dx/okio/AsyncTimeout	org_cocos2dx_okio_AsyncTimeout.java	178	5712	
1830	Lorg/cocos2dx/okhttp3/b$a;	org/cocos2dx/okhttp3/b$a	org_cocos2dx_okhttp3_b__a.java	16	299	
1831	Lorg/cocos2dx/okhttp3/internal/NamedRunnable;	org/cocos2dx/okhttp3/internal/NamedRunnable	org_cocos2dx_okhttp3_internal_NamedRunnable.java	26	718	
1832	Lorg/cocos2dx/okhttp3/b$b;	org/cocos2dx/okhttp3/b$b	org_cocos2dx_okhttp3_b__b.java	87	2826	
1833	Lorg/cocos2dx/okhttp3/b;	org/cocos2dx/okhttp3/b	org_cocos2dx_okhttp3_b.java	199	6013	
1834	Lorg/cocos2dx/okhttp3/internal/Util$a;	org/cocos2dx/okhttp3/internal/Util$a	org_cocos2dx_okhttp3_internal_Util__a.java	18	344	
1835	Lorg/cocos2dx/okhttp3/internal/Util$b;	org/cocos2dx/okhttp3/internal/Util$b	org_cocos2dx_okhttp3_internal_Util__b.java	19	422	
1836	Lorg/cocos2dx/okhttp3/internal/Util;	org/cocos2dx/okhttp3/internal/Util	org_cocos2dx_okhttp3_internal_Util.java	734	25261	
1837	Lorg/cocos2dx/okhttp3/internal/Version;	org/cocos2dx/okhttp3/internal/Version	org_cocos2dx_okhttp3_internal_Version.java	13	212	
1838	Lorg/cocos2dx/okhttp3/internal/annotations/EverythingIsNonNull;	org/cocos2dx/okhttp3/internal/annotations/EverythingIsNonNull	org_cocos2dx_okhttp3_internal_annotations_EverythingIsNonNull.java	3	146	
1839	Lorg/cocos2dx/okhttp3/internal/cache/CacheInterceptor$a;	org/cocos2dx/okhttp3/internal/cache/CacheInterceptor$a	org_cocos2dx_okhttp3_internal_cache_CacheInterceptor__a.java	56	1747	
1840	Lorg/cocos2dx/okhttp3/internal/cache/CacheInterceptor;	org/cocos2dx/okhttp3/internal/cache/CacheInterceptor	org_cocos2dx_okhttp3_internal_cache_CacheInterceptor.java	142	7381	
1841	Lorg/cocos2dx/okhttp3/internal/cache/CacheStrategy$Factory;	org/cocos2dx/okhttp3/internal/cache/CacheStrategy$Factory	org_cocos2dx_okhttp3_internal_cache_CacheStrategy__Factory.java	209	9536	
1842	Lorg/cocos2dx/okhttp3/internal/cache/CacheStrategy;	org/cocos2dx/okhttp3/internal/cache/CacheStrategy	org_cocos2dx_okhttp3_internal_cache_CacheStrategy.java	36	1353	
1843	Lorg/cocos2dx/okhttp3/internal/cache/a;	org/cocos2dx/okhttp3/internal/cache/a	org_cocos2dx_okhttp3_internal_cache_a.java	58	1203	
1844	Lorg/cocos2dx/okhttp3/internal/cache/DiskLruCache$Editor$a;	org/cocos2dx/okhttp3/internal/cache/DiskLruCache$Editor$a	org_cocos2dx_okhttp3_internal_cache_DiskLruCache__Editor__a.java	21	575	
1845	Lorg/cocos2dx/okhttp3/internal/cache/DiskLruCache$Editor;	org/cocos2dx/okhttp3/internal/cache/DiskLruCache$Editor	org_cocos2dx_okhttp3_internal_cache_DiskLruCache__Editor.java	110	3047	
1846	Lorg/cocos2dx/okhttp3/internal/cache/DiskLruCache$Snapshot;	org/cocos2dx/okhttp3/internal/cache/DiskLruCache$Snapshot	org_cocos2dx_okhttp3_internal_cache_DiskLruCache__Snapshot.java	55	1468	
1847	Lorg/cocos2dx/okhttp3/internal/cache/DiskLruCache$a;	org/cocos2dx/okhttp3/internal/cache/DiskLruCache$a	org_cocos2dx_okhttp3_internal_cache_DiskLruCache__a.java	29	836	
1848	Lorg/cocos2dx/okhttp3/internal/cache/DiskLruCache$b;	org/cocos2dx/okhttp3/internal/cache/DiskLruCache$b	org_cocos2dx_okhttp3_internal_cache_DiskLruCache__b.java	22	525	
1849	Lorg/cocos2dx/okhttp3/internal/cache/DiskLruCache$c;	org/cocos2dx/okhttp3/internal/cache/DiskLruCache$c	org_cocos2dx_okhttp3_internal_cache_DiskLruCache__c.java	73	2223	
1850	Lorg/cocos2dx/okhttp3/internal/cache/DiskLruCache$d;	org/cocos2dx/okhttp3/internal/cache/DiskLruCache$d	org_cocos2dx_okhttp3_internal_cache_DiskLruCache__d.java	98	3047	
1851	Lorg/cocos2dx/okhttp3/internal/cache/DiskLruCache;	org/cocos2dx/okhttp3/internal/cache/DiskLruCache	org_cocos2dx_okhttp3_internal_cache_DiskLruCache.java	584	21945	
1852	Lorg/cocos2dx/okhttp3/internal/connection/ConnectInterceptor;	org/cocos2dx/okhttp3/internal/connection/ConnectInterceptor	org_cocos2dx_okhttp3_internal_connection_ConnectInterceptor.java	17	871	
1853	Lorg/cocos2dx/okhttp3/internal/connection/ConnectionSpecSelector;	org/cocos2dx/okhttp3/internal/connection/ConnectionSpecSelector	org_cocos2dx_okhttp3_internal_connection_ConnectionSpecSelector.java	87	3286	
1854	Lorg/cocos2dx/okhttp3/internal/ws/RealWebSocket$Streams;	org/cocos2dx/okhttp3/internal/ws/RealWebSocket$Streams	org_cocos2dx_okhttp3_internal_ws_RealWebSocket__Streams.java	14	486	
1855	Lorg/cocos2dx/okhttp3/internal/connection/RealConnection$a;	org/cocos2dx/okhttp3/internal/connection/RealConnection$a	org_cocos2dx_okhttp3_internal_connection_RealConnection__a.java	20	807	
1856	Lorg/cocos2dx/okhttp3/internal/http2/Http2Connection$Listener;	org/cocos2dx/okhttp3/internal/http2/Http2Connection$Listener	org_cocos2dx_okhttp3_internal_http2_Http2Connection__Listener.java	22	655	
1857	Lorg/cocos2dx/okhttp3/internal/connection/RealConnection;	org/cocos2dx/okhttp3/internal/connection/RealConnection	org_cocos2dx_okhttp3_internal_connection_RealConnection.java	540	24900	
1858	Lorg/cocos2dx/okhttp3/internal/connection/RouteDatabase;	org/cocos2dx/okhttp3/internal/connection/RouteDatabase	org_cocos2dx_okhttp3_internal_connection_RouteDatabase.java	27	681	
1859	Lorg/cocos2dx/okhttp3/internal/connection/RouteException;	org/cocos2dx/okhttp3/internal/connection/RouteException	org_cocos2dx_okhttp3_internal_connection_RouteException.java	30	812	
1860	Lorg/cocos2dx/okhttp3/internal/connection/RouteSelector$Selection;	org/cocos2dx/okhttp3/internal/connection/RouteSelector$Selection	org_cocos2dx_okhttp3_internal_connection_RouteSelector__Selection.java	40	1004	
1861	Lorg/cocos2dx/okhttp3/internal/connection/RouteSelector;	org/cocos2dx/okhttp3/internal/connection/RouteSelector	org_cocos2dx_okhttp3_internal_connection_RouteSelector.java	189	7390	
1862	Lorg/cocos2dx/okhttp3/internal/connection/StreamAllocation$StreamAllocationReference;	org/cocos2dx/okhttp3/internal/connection/StreamAllocation$StreamAllocationReference	org_cocos2dx_okhttp3_internal_connection_StreamAllocation__StreamAllocationReference.java	11	395	
1863	Lorg/cocos2dx/okhttp3/internal/connection/StreamAllocation;	org/cocos2dx/okhttp3/internal/connection/StreamAllocation	org_cocos2dx_okhttp3_internal_connection_StreamAllocation.java	440	17407	
1864	Lorg/cocos2dx/okhttp3/internal/http/BridgeInterceptor;	org/cocos2dx/okhttp3/internal/http/BridgeInterceptor	org_cocos2dx_okhttp3_internal_http_BridgeInterceptor.java	76	3360	
1865	Lorg/cocos2dx/okhttp3/internal/http/CallServerInterceptor$a;	org/cocos2dx/okhttp3/internal/http/CallServerInterceptor$a	org_cocos2dx_okhttp3_internal_http_CallServerInterceptor__a.java	17	390	
1866	Lorg/cocos2dx/okhttp3/internal/http/CallServerInterceptor;	org/cocos2dx/okhttp3/internal/http/CallServerInterceptor	org_cocos2dx_okhttp3_internal_http_CallServerInterceptor.java	73	4612	
1867	Lorg/cocos2dx/okhttp3/internal/http/HttpCodec;	org/cocos2dx/okhttp3/internal/http/HttpCodec	org_cocos2dx_okhttp3_internal_http_HttpCodec.java	18	532	
1868	Lorg/cocos2dx/okhttp3/internal/http/HttpDate$a;	org/cocos2dx/okhttp3/internal/http/HttpDate$a	org_cocos2dx_okhttp3_internal_http_HttpDate__a.java	21	532	
1869	Lorg/cocos2dx/okhttp3/internal/http/HttpDate;	org/cocos2dx/okhttp3/internal/http/HttpDate	org_cocos2dx_okhttp3_internal_http_HttpDate.java	65	2927	
1870	Lorg/cocos2dx/okhttp3/internal/http/HttpHeaders;	org/cocos2dx/okhttp3/internal/http/HttpHeaders	org_cocos2dx_okhttp3_internal_http_HttpHeaders.java	360	12951	
1871	Lorg/cocos2dx/okhttp3/internal/http/HttpMethod;	org/cocos2dx/okhttp3/internal/http/HttpMethod	org_cocos2dx_okhttp3_internal_http_HttpMethod.java	48	1183	
1872	Lorg/cocos2dx/okhttp3/internal/http/RealInterceptorChain;	org/cocos2dx/okhttp3/internal/http/RealInterceptorChain	org_cocos2dx_okhttp3_internal_http_RealInterceptorChain.java	156	7371	
1873	Lorg/cocos2dx/okhttp3/internal/http/RealResponseBody;	org/cocos2dx/okhttp3/internal/http/RealResponseBody	org_cocos2dx_okhttp3_internal_http_RealResponseBody.java	36	939	
1874	Lorg/cocos2dx/okhttp3/internal/http/RequestLine;	org/cocos2dx/okhttp3/internal/http/RequestLine	org_cocos2dx_okhttp3_internal_http_RequestLine.java	46	1359	
1875	Lorg/cocos2dx/okhttp3/internal/http/RetryAndFollowUpInterceptor;	org/cocos2dx/okhttp3/internal/http/RetryAndFollowUpInterceptor	org_cocos2dx_okhttp3_internal_http_RetryAndFollowUpInterceptor.java	341	14260	
1876	Lorg/cocos2dx/okhttp3/internal/http/StatusLine;	org/cocos2dx/okhttp3/internal/http/StatusLine	org_cocos2dx_okhttp3_internal_http_StatusLine.java	110	4287	
1877	Lorg/cocos2dx/okhttp3/internal/http/UnrepeatableRequestBody;	org/cocos2dx/okhttp3/internal/http/UnrepeatableRequestBody	org_cocos2dx_okhttp3_internal_http_UnrepeatableRequestBody.java	3	89	
1878	Lorg/cocos2dx/okhttp3/internal/http1/Http1Codec$a;	org/cocos2dx/okhttp3/internal/http1/Http1Codec$a	org_cocos2dx_okhttp3_internal_http1_Http1Codec__a.java	3	87	
1879	Lorg/cocos2dx/okhttp3/internal/http1/Http1Codec$b;	org/cocos2dx/okhttp3/internal/http1/Http1Codec$b	org_cocos2dx_okhttp3_internal_http1_Http1Codec__b.java	65	2036	
1880	Lorg/cocos2dx/okhttp3/internal/http1/Http1Codec$c;	org/cocos2dx/okhttp3/internal/http1/Http1Codec$c	org_cocos2dx_okhttp3_internal_http1_Http1Codec__c.java	58	1497	
1881	Lorg/cocos2dx/okhttp3/internal/http1/Http1Codec$d;	org/cocos2dx/okhttp3/internal/http1/Http1Codec$d	org_cocos2dx_okhttp3_internal_http1_Http1Codec__d.java	93	3146	
1882	Lorg/cocos2dx/okhttp3/internal/http1/Http1Codec$e;	org/cocos2dx/okhttp3/internal/http1/Http1Codec$e	org_cocos2dx_okhttp3_internal_http1_Http1Codec__e.java	67	1858	
1883	Lorg/cocos2dx/okhttp3/internal/http1/Http1Codec$f;	org/cocos2dx/okhttp3/internal/http1/Http1Codec$f	org_cocos2dx_okhttp3_internal_http1_Http1Codec__f.java	62	1957	
1884	Lorg/cocos2dx/okhttp3/internal/http1/Http1Codec$g;	org/cocos2dx/okhttp3/internal/http1/Http1Codec$g	org_cocos2dx_okhttp3_internal_http1_Http1Codec__g.java	52	1399	
1885	Lorg/cocos2dx/okhttp3/internal/http1/Http1Codec;	org/cocos2dx/okhttp3/internal/http1/Http1Codec	org_cocos2dx_okhttp3_internal_http1_Http1Codec.java	246	8859	
1886	Lorg/cocos2dx/okhttp3/internal/http2/ConnectionShutdownException;	org/cocos2dx/okhttp3/internal/http2/ConnectionShutdownException	org_cocos2dx_okhttp3_internal_http2_ConnectionShutdownException.java	8	194	
1887	Lorg/cocos2dx/okhttp3/internal/http2/ErrorCode;	org/cocos2dx/okhttp3/internal/http2/ErrorCode	org_cocos2dx_okhttp3_internal_http2_ErrorCode.java	88	5121	
1888	Lorg/cocos2dx/okhttp3/internal/http2/Header$a;	org/cocos2dx/okhttp3/internal/http2/Header$a	org_cocos2dx_okhttp3_internal_http2_Header__a.java	3	68	
1889	Lorg/cocos2dx/okhttp3/internal/http2/Header;	org/cocos2dx/okhttp3/internal/http2/Header	org_cocos2dx_okhttp3_internal_http2_Header.java	72	3040	
1890	Lorg/cocos2dx/okhttp3/internal/http2/Http2;	org/cocos2dx/okhttp3/internal/http2/Http2	org_cocos2dx_okhttp3_internal_http2_Http2.java	179	6696	
1891	Lorg/cocos2dx/okhttp3/internal/http2/Http2Codec$a;	org/cocos2dx/okhttp3/internal/http2/Http2Codec$a	org_cocos2dx_okhttp3_internal_http2_Http2Codec__a.java	48	1174	
1892	Lorg/cocos2dx/okhttp3/internal/http2/Http2Codec;	org/cocos2dx/okhttp3/internal/http2/Http2Codec	org_cocos2dx_okhttp3_internal_http2_Http2Codec.java	158	7332	
1893	Lorg/cocos2dx/okhttp3/internal/http2/Http2Connection$Builder;	org/cocos2dx/okhttp3/internal/http2/Http2Connection$Builder	org_cocos2dx_okhttp3_internal_http2_Http2Connection__Builder.java	56	2116	
1894	Lorg/cocos2dx/okhttp3/internal/http2/Http2Connection$Listener$a;	org/cocos2dx/okhttp3/internal/http2/Http2Connection$Listener$a	org_cocos2dx_okhttp3_internal_http2_Http2Connection__Listener__a.java	14	400	
1895	Lorg/cocos2dx/okhttp3/internal/http2/Http2Connection$a;	org/cocos2dx/okhttp3/internal/http2/Http2Connection$a	org_cocos2dx_okhttp3_internal_http2_Http2Connection__a.java	25	833	
1896	Lorg/cocos2dx/okhttp3/internal/http2/Http2Connection$b;	org/cocos2dx/okhttp3/internal/http2/Http2Connection$b	org_cocos2dx_okhttp3_internal_http2_Http2Connection__b.java	25	746	
1897	Lorg/cocos2dx/okhttp3/internal/http2/Http2Connection$c;	org/cocos2dx/okhttp3/internal/http2/Http2Connection$c	org_cocos2dx_okhttp3_internal_http2_Http2Connection__c.java	27	887	
1898	Lorg/cocos2dx/okhttp3/internal/http2/Http2Connection$d;	org/cocos2dx/okhttp3/internal/http2/Http2Connection$d	org_cocos2dx_okhttp3_internal_http2_Http2Connection__d.java	33	1133	
1899	Lorg/cocos2dx/okhttp3/internal/http2/Http2Connection$e;	org/cocos2dx/okhttp3/internal/http2/Http2Connection$e	org_cocos2dx_okhttp3_internal_http2_Http2Connection__e.java	37	1223	
1900	Lorg/cocos2dx/okhttp3/internal/http2/Http2Connection$f;	org/cocos2dx/okhttp3/internal/http2/Http2Connection$f	org_cocos2dx_okhttp3_internal_http2_Http2Connection__f.java	26	847	
1901	Lorg/cocos2dx/okhttp3/internal/http2/Http2Connection$g;	org/cocos2dx/okhttp3/internal/http2/Http2Connection$g	org_cocos2dx_okhttp3_internal_http2_Http2Connection__g.java	30	862	
1902	Lorg/cocos2dx/okhttp3/internal/http2/Http2Connection$h$a;	org/cocos2dx/okhttp3/internal/http2/Http2Connection$h$a	org_cocos2dx_okhttp3_internal_http2_Http2Connection__h__a.java	29	1189	
1903	Lorg/cocos2dx/okhttp3/internal/http2/Http2Connection$h$b;	org/cocos2dx/okhttp3/internal/http2/Http2Connection$h$b	org_cocos2dx_okhttp3_internal_http2_Http2Connection__h__b.java	21	683	
1904	Lorg/cocos2dx/okhttp3/internal/http2/Http2Connection$h$c;	org/cocos2dx/okhttp3/internal/http2/Http2Connection$h$c	org_cocos2dx_okhttp3_internal_http2_Http2Connection__h__c.java	18	564	
1905	Lorg/cocos2dx/okhttp3/internal/http2/b$b;	org/cocos2dx/okhttp3/internal/http2/b$b	org_cocos2dx_okhttp3_internal_http2_b__b.java	23	373	
1906	Lorg/cocos2dx/okhttp3/internal/http2/Http2Connection$h;	org/cocos2dx/okhttp3/internal/http2/Http2Connection$h	org_cocos2dx_okhttp3_internal_http2_Http2Connection__h.java	258	9763	
1907	Lorg/cocos2dx/okhttp3/internal/http2/Http2Connection;	org/cocos2dx/okhttp3/internal/http2/Http2Connection	org_cocos2dx_okhttp3_internal_http2_Http2Connection.java	531	18931	
1908	Lorg/cocos2dx/okhttp3/internal/http2/Http2Stream$a;	org/cocos2dx/okhttp3/internal/http2/Http2Stream$a	org_cocos2dx_okhttp3_internal_http2_Http2Stream__a.java	104	3135	
1909	Lorg/cocos2dx/okhttp3/internal/http2/Http2Stream$b;	org/cocos2dx/okhttp3/internal/http2/Http2Stream$b	org_cocos2dx_okhttp3_internal_http2_Http2Stream__b.java	156	5259	
1910	Lorg/cocos2dx/okhttp3/internal/http2/Http2Stream$c;	org/cocos2dx/okhttp3/internal/http2/Http2Stream$c	org_cocos2dx_okhttp3_internal_http2_Http2Stream__c.java	34	869	
1911	Lorg/cocos2dx/okhttp3/internal/http2/Http2Stream;	org/cocos2dx/okhttp3/internal/http2/Http2Stream	org_cocos2dx_okhttp3_internal_http2_Http2Stream.java	347	10445	
1912	Lorg/cocos2dx/okhttp3/internal/http2/PushObserver;	org/cocos2dx/okhttp3/internal/http2/PushObserver	org_cocos2dx_okhttp3_internal_http2_PushObserver.java	18	499	
1913	Lorg/cocos2dx/okhttp3/internal/http2/PushObserver$a;	org/cocos2dx/okhttp3/internal/http2/PushObserver$a	org_cocos2dx_okhttp3_internal_http2_PushObserver__a.java	29	630	
1914	Lorg/cocos2dx/okhttp3/internal/http2/Settings;	org/cocos2dx/okhttp3/internal/http2/Settings	org_cocos2dx_okhttp3_internal_http2_Settings.java	135	2781	
1915	Lorg/cocos2dx/okhttp3/internal/http2/StreamResetException;	org/cocos2dx/okhttp3/internal/http2/StreamResetException	org_cocos2dx_okhttp3_internal_http2_StreamResetException.java	14	475	
1916	Lorg/cocos2dx/okhttp3/internal/http2/a$a;	org/cocos2dx/okhttp3/internal/http2/a$a	org_cocos2dx_okhttp3_internal_http2_a__a.java	283	8326	
1917	Lorg/cocos2dx/okhttp3/internal/http2/a$b;	org/cocos2dx/okhttp3/internal/http2/a$b	org_cocos2dx_okhttp3_internal_http2_a__b.java	237	7755	
1918	Lorg/cocos2dx/okhttp3/internal/http2/a;	org/cocos2dx/okhttp3/internal/http2/a	org_cocos2dx_okhttp3_internal_http2_a.java	129	8394	
1919	Lorg/cocos2dx/okhttp3/internal/http2/b$a;	org/cocos2dx/okhttp3/internal/http2/b$a	org_cocos2dx_okhttp3_internal_http2_b__a.java	77	2180	
1920	Lorg/cocos2dx/okhttp3/internal/http2/b;	org/cocos2dx/okhttp3/internal/http2/b	org_cocos2dx_okhttp3_internal_http2_b.java	404	16184	
1921	Lorg/cocos2dx/okhttp3/internal/http2/c;	org/cocos2dx/okhttp3/internal/http2/c	org_cocos2dx_okhttp3_internal_http2_c.java	369	11248	
1922	Lorg/cocos2dx/okhttp3/internal/http2/d$a;	org/cocos2dx/okhttp3/internal/http2/d$a	org_cocos2dx_okhttp3_internal_http2_d__a.java	27	528	
1923	Lorg/cocos2dx/okhttp3/internal/http2/d;	org/cocos2dx/okhttp3/internal/http2/d	org_cocos2dx_okhttp3_internal_http2_d.java	140	7219	
1924	Lorg/cocos2dx/okhttp3/internal/io/FileSystem;	org/cocos2dx/okhttp3/internal/io/FileSystem	org_cocos2dx_okhttp3_internal_io_FileSystem.java	26	675	
1925	Lorg/cocos2dx/okhttp3/internal/io/FileSystem$a;	org/cocos2dx/okhttp3/internal/io/FileSystem$a	org_cocos2dx_okhttp3_internal_io_FileSystem__a.java	101	2904	
1926	Lorg/cocos2dx/okhttp3/internal/platform/Platform;	org/cocos2dx/okhttp3/internal/platform/Platform	org_cocos2dx_okhttp3_internal_platform_Platform.java	246	8447	
1927	Lorg/cocos2dx/okhttp3/internal/platform/ConscryptPlatform;	org/cocos2dx/okhttp3/internal/platform/ConscryptPlatform	org_cocos2dx_okhttp3_internal_platform_ConscryptPlatform.java	91	3311	
1928	Lorg/cocos2dx/okhttp3/internal/tls/CertificateChainCleaner;	org/cocos2dx/okhttp3/internal/tls/CertificateChainCleaner	org_cocos2dx_okhttp3_internal_tls_CertificateChainCleaner.java	20	723	
1929	Lorg/cocos2dx/okhttp3/internal/platform/a$a;	org/cocos2dx/okhttp3/internal/platform/a$a	org_cocos2dx_okhttp3_internal_platform_a__a.java	42	1268	
1930	Lorg/cocos2dx/okhttp3/internal/tls/TrustRootIndex;	org/cocos2dx/okhttp3/internal/tls/TrustRootIndex	org_cocos2dx_okhttp3_internal_tls_TrustRootIndex.java	5	163	
1931	Lorg/cocos2dx/okhttp3/internal/platform/a$b;	org/cocos2dx/okhttp3/internal/platform/a$b	org_cocos2dx_okhttp3_internal_platform_a__b.java	56	1769	
1932	Lorg/cocos2dx/okhttp3/internal/platform/a$c;	org/cocos2dx/okhttp3/internal/platform/a$c	org_cocos2dx_okhttp3_internal_platform_a__c.java	65	1756	
1933	Lorg/cocos2dx/okhttp3/internal/platform/a;	org/cocos2dx/okhttp3/internal/platform/a	org_cocos2dx_okhttp3_internal_platform_a.java	288	10876	
1934	Lorg/cocos2dx/okhttp3/internal/platform/b;	org/cocos2dx/okhttp3/internal/platform/b	org_cocos2dx_okhttp3_internal_platform_b.java	61	2220	
1935	Lorg/cocos2dx/okhttp3/internal/platform/c$a;	org/cocos2dx/okhttp3/internal/platform/c$a	org_cocos2dx_okhttp3_internal_platform_c__a.java	60	2330	
1936	Lorg/cocos2dx/okhttp3/internal/platform/c;	org/cocos2dx/okhttp3/internal/platform/c	org_cocos2dx_okhttp3_internal_platform_c.java	107	4103	
1937	Lorg/cocos2dx/okhttp3/internal/platform/d;	org/cocos2dx/okhttp3/internal/platform/d	org_cocos2dx_okhttp3_internal_platform_d.java	131	3726	
1938	Lorg/cocos2dx/okhttp3/internal/proxy/NullProxySelector;	org/cocos2dx/okhttp3/internal/proxy/NullProxySelector	org_cocos2dx_okhttp3_internal_proxy_NullProxySelector.java	22	567	
1939	Lorg/cocos2dx/okhttp3/internal/publicsuffix/PublicSuffixDatabase;	org/cocos2dx/okhttp3/internal/publicsuffix/PublicSuffixDatabase	org_cocos2dx_okhttp3_internal_publicsuffix_PublicSuffixDatabase.java	304	11735	
1940	Lorg/cocos2dx/okhttp3/internal/tls/BasicCertificateChainCleaner;	org/cocos2dx/okhttp3/internal/tls/BasicCertificateChainCleaner	org_cocos2dx_okhttp3_internal_tls_BasicCertificateChainCleaner.java	88	3272	
1941	Lorg/cocos2dx/okhttp3/internal/tls/BasicTrustRootIndex;	org/cocos2dx/okhttp3/internal/tls/BasicTrustRootIndex	org_cocos2dx_okhttp3_internal_tls_BasicTrustRootIndex.java	60	2101	
1942	Lorg/cocos2dx/okhttp3/internal/tls/OkHostnameVerifier;	org/cocos2dx/okhttp3/internal/tls/OkHostnameVerifier	org_cocos2dx_okhttp3_internal_tls_OkHostnameVerifier.java	153	5676	
1943	Lorg/cocos2dx/okhttp3/internal/ws/RealWebSocket$a;	org/cocos2dx/okhttp3/internal/ws/RealWebSocket$a	org_cocos2dx_okhttp3_internal_ws_RealWebSocket__a.java	21	512	
1944	Lorg/cocos2dx/okhttp3/internal/ws/RealWebSocket$b;	org/cocos2dx/okhttp3/internal/ws/RealWebSocket$b	org_cocos2dx_okhttp3_internal_ws_RealWebSocket__b.java	45	1704	
1945	Lorg/cocos2dx/okhttp3/internal/ws/RealWebSocket$c;	org/cocos2dx/okhttp3/internal/ws/RealWebSocket$c	org_cocos2dx_okhttp3_internal_ws_RealWebSocket__c.java	16	371	
1946	Lorg/cocos2dx/okhttp3/internal/ws/RealWebSocket$d;	org/cocos2dx/okhttp3/internal/ws/RealWebSocket$d	org_cocos2dx_okhttp3_internal_ws_RealWebSocket__d.java	14	313	
1947	Lorg/cocos2dx/okhttp3/internal/ws/RealWebSocket$e;	org/cocos2dx/okhttp3/internal/ws/RealWebSocket$e	org_cocos2dx_okhttp3_internal_ws_RealWebSocket__e.java	12	265	
1948	Lorg/cocos2dx/okhttp3/internal/ws/RealWebSocket$f;	org/cocos2dx/okhttp3/internal/ws/RealWebSocket$f	org_cocos2dx_okhttp3_internal_ws_RealWebSocket__f.java	16	379	
1949	Lorg/cocos2dx/okhttp3/internal/ws/WebSocketReader$FrameCallback;	org/cocos2dx/okhttp3/internal/ws/WebSocketReader$FrameCallback	org_cocos2dx_okhttp3_internal_ws_WebSocketReader__FrameCallback.java	13	300	
1950	Lorg/cocos2dx/okhttp3/internal/ws/RealWebSocket;	org/cocos2dx/okhttp3/internal/ws/RealWebSocket	org_cocos2dx_okhttp3_internal_ws_RealWebSocket.java	493	18306	
1951	Lorg/cocos2dx/okhttp3/internal/ws/WebSocketProtocol;	org/cocos2dx/okhttp3/internal/ws/WebSocketProtocol	org_cocos2dx_okhttp3_internal_ws_WebSocketProtocol.java	88	2991	
1952	Lorg/cocos2dx/okhttp3/internal/ws/WebSocketReader;	org/cocos2dx/okhttp3/internal/ws/WebSocketReader	org_cocos2dx_okhttp3_internal_ws_WebSocketReader.java	264	9386	
1953	Lorg/cocos2dx/okhttp3/internal/ws/a$a;	org/cocos2dx/okhttp3/internal/ws/a$a	org_cocos2dx_okhttp3_internal_ws_a__a.java	65	1595	
1954	Lorg/cocos2dx/okhttp3/internal/ws/a;	org/cocos2dx/okhttp3/internal/ws/a	org_cocos2dx_okhttp3_internal_ws_a.java	173	5379	
1955	Lorg/cocos2dx/okio/AsyncTimeout$a;	org/cocos2dx/okio/AsyncTimeout$a	org_cocos2dx_okio_AsyncTimeout__a.java	89	2255	
1956	Lorg/cocos2dx/okio/AsyncTimeout$b;	org/cocos2dx/okio/AsyncTimeout$b	org_cocos2dx_okio_AsyncTimeout__b.java	55	1373	
1957	Lorg/cocos2dx/okio/AsyncTimeout$c;	org/cocos2dx/okio/AsyncTimeout$c	org_cocos2dx_okio_AsyncTimeout__c.java	29	706	
1958	Lorg/cocos2dx/okio/Buffer$UnsafeCursor;	org/cocos2dx/okio/Buffer$UnsafeCursor	org_cocos2dx_okio_Buffer__UnsafeCursor.java	229	8739	
1959	Lorg/cocos2dx/okio/Buffer$a;	org/cocos2dx/okio/Buffer$a	org_cocos2dx_okio_Buffer__a.java	40	718	
1960	Lorg/cocos2dx/okio/Buffer$b;	org/cocos2dx/okio/Buffer$b	org_cocos2dx_okio_Buffer__b.java	43	837	
1961	Lorg/cocos2dx/okio/BufferedSource;	org/cocos2dx/okio/BufferedSource	org_cocos2dx_okio_BufferedSource.java	87	1934	
1962	Lorg/cocos2dx/okio/BufferedSink;	org/cocos2dx/okio/BufferedSink	org_cocos2dx_okio_BufferedSink.java	51	1656	
1963	Lorg/cocos2dx/okio/Buffer;	org/cocos2dx/okio/Buffer	org_cocos2dx_okio_Buffer.java	2230	75340	
1964	Lorg/cocos2dx/okio/ByteString;	org/cocos2dx/okio/ByteString	org_cocos2dx_okio_ByteString.java	655	19573	
1965	Lorg/cocos2dx/okio/DeflaterSink;	org/cocos2dx/okio/DeflaterSink	org_cocos2dx_okio_DeflaterSink.java	137	3882	
1966	Lorg/cocos2dx/okio/ForwardingTimeout;	org/cocos2dx/okio/ForwardingTimeout	org_cocos2dx_okio_ForwardingTimeout.java	70	1646	
1967	Lorg/cocos2dx/okio/GzipSink;	org/cocos2dx/okio/GzipSink	org_cocos2dx_okio_GzipSink.java	125	3544	
1968	Lorg/cocos2dx/okio/GzipSource;	org/cocos2dx/okio/GzipSource	org_cocos2dx_okio_GzipSource.java	181	5983	
1969	Lorg/cocos2dx/okio/HashingSink;	org/cocos2dx/okio/HashingSink	org_cocos2dx_okio_HashingSink.java	100	3378	
1970	Lorg/cocos2dx/okio/HashingSource;	org/cocos2dx/okio/HashingSource	org_cocos2dx_okio_HashingSource.java	97	3331	
1971	Lorg/cocos2dx/okio/InflaterSource;	org/cocos2dx/okio/InflaterSource	org_cocos2dx_okio_InflaterSource.java	127	4131	
1972	Lorg/cocos2dx/okio/Okio$a;	org/cocos2dx/okio/Okio$a	org_cocos2dx_okio_Okio__a.java	59	1444	
1973	Lorg/cocos2dx/okio/Okio$b;	org/cocos2dx/okio/Okio$b	org_cocos2dx_okio_Okio__b.java	67	1933	
1974	Lorg/cocos2dx/okio/Okio$c;	org/cocos2dx/okio/Okio$c	org_cocos2dx_okio_Okio__c.java	29	449	
1975	Lorg/cocos2dx/okio/Okio$d;	org/cocos2dx/okio/Okio$d	org_cocos2dx_okio_Okio__d.java	41	1333	
1976	Lorg/cocos2dx/okio/Okio;	org/cocos2dx/okio/Okio	org_cocos2dx_okio_Okio.java	154	4863	
1977	Lorg/cocos2dx/okio/Options;	org/cocos2dx/okio/Options	org_cocos2dx_okio_Options.java	210	9016	
1978	Lorg/cocos2dx/okio/Pipe$a;	org/cocos2dx/okio/Pipe$a	org_cocos2dx_okio_Pipe__a.java	76	2148	
1979	Lorg/cocos2dx/okio/Pipe$b;	org/cocos2dx/okio/Pipe$b	org_cocos2dx_okio_Pipe__b.java	47	1176	
1980	Lorg/cocos2dx/okio/Pipe;	org/cocos2dx/okio/Pipe	org_cocos2dx_okio_Pipe.java	35	962	
1981	Lorg/cocos2dx/okio/Timeout$a;	org/cocos2dx/okio/Timeout$a	org_cocos2dx_okio_Timeout__a.java	23	413	
1982	Lorg/cocos2dx/okio/Utf8;	org/cocos2dx/okio/Utf8	org_cocos2dx_okio_Utf8.java	80	3129	
1983	Lorg/cocos2dx/okio/a;	org/cocos2dx/okio/a	org_cocos2dx_okio_a.java	154	5827	
1984	Lorg/cocos2dx/okio/b;	org/cocos2dx/okio/b	org_cocos2dx_okio_b.java	8	250	
1985	Lorg/cocos2dx/okio/c;	org/cocos2dx/okio/c	org_cocos2dx_okio_c.java	8	248	
1986	Lorg/cocos2dx/okio/d$a;	org/cocos2dx/okio/d$a	org_cocos2dx_okio_d__a.java	57	1202	
1987	Lorg/cocos2dx/okio/d;	org/cocos2dx/okio/d	org_cocos2dx_okio_d.java	341	8886	
1988	Lorg/cocos2dx/okio/e$a;	org/cocos2dx/okio/e$a	org_cocos2dx_okio_e__a.java	65	1622	
1989	Lorg/cocos2dx/okio/e;	org/cocos2dx/okio/e	org_cocos2dx_okio_e.java	578	15965	
1990	Lorg/cocos2dx/okio/f;	org/cocos2dx/okio/f	org_cocos2dx_okio_f.java	144	3624	
1991	Lorg/cocos2dx/okio/g;	org/cocos2dx/okio/g	org_cocos2dx_okio_g.java	41	1143	
1992	Lorg/cocos2dx/okio/h;	org/cocos2dx/okio/h	org_cocos2dx_okio_h.java	334	8781	
1993	Lorg/cocos2dx/okio/i;	org/cocos2dx/okio/i	org_cocos2dx_okio_i.java	65	1808	
1994	Lp/a$a;	p/a$a	p_a__a.java	45	734	
1995	Lp/a;	p/a	p_a.java	53	790	
1996	Lp/b$a;	p/b$a	p_b__a.java	21	262	
1997	Lp/b;	p/b	p_b.java	27	358	
1998	Lp/c$a;	p/c$a	p_c__a.java	29	403	
1999	Lp/c$b;	p/c$b	p_c__b.java	62	1637	
2000	Lp/c;	p/c	p_c.java	34	476	
2001	Lp/d$a;	p/d$a	p_d__a.java	29	484	
2002	Lp/d;	p/d	p_d.java	34	509	
2003	Lp/e$a;	p/e$a	p_e__a.java	29	395	
2004	Lp/e;	p/e	p_e.java	34	473	
2005	Lp/f$a;	p/f$a	p_f__a.java	29	395	
2006	Lp/f;	p/f	p_f.java	34	473	
2007	Lp0/a$a;	p0/a$a	p0_a__a.java	3	45	
2008	Lp0/d$a;	p0/d$a	p0_d__a.java	20	284	
2009	Lp0/a$b;	p0/a$b	p0_a__b.java	50	757	
2010	Lp0/d;	p0/d	p0_d.java	23	318	
2011	Lp0/a;	p0/a	p0_a.java	164	4239	
2012	Lp0/b$a;	p0/b$a	p0_b__a.java	3	45	
2013	Lp0/f$a;	p0/f$a	p0_f__a.java	16	218	
2014	Lp0/b$b;	p0/b$b	p0_b__b.java	50	1095	
2015	Lp0/f;	p0/f	p0_f.java	19	257	
2016	Lp0/b;	p0/b	p0_b.java	102	2464	
2017	Lp0/c;	p0/c	p0_c.java	394	14971	
2018	Lp0/d$b;	p0/d$b	p0_d__b.java	35	785	
2019	Lp0/e;	p0/e	p0_e.java	78	1723	
2020	Lp0/f$b;	p0/f$b	p0_f__b.java	39	924	
2021	Lq/a;	q/a	q_a.java	78	2097	
2022	Lq0/a;	q0/a	q0_a.java	5	66	
2023	Lq0/b;	q0/b	q0_b.java	22	331	
2024	Lr/b;	r/b	r_b.java	19	383	
2025	Lr0/a;	r0/a	r0_a.java	67	1918	
2026	Ls/a;	s/a	s_a.java	22	484	
2027	Lv/b$a;	v/b$a	v_b__a.java	5	75	
2028	Ls/b;	s/b	s_b.java	19	397	
2029	Ls/e;	s/e	s_e.java	5	65	
2030	Ls/c;	s/c	s_c.java	66	1572	
2031	Ls/d;	s/d	s_d.java	42	989	
2032	Ls/f;	s/f	s_f.java	8	103	
2033	Ls/g;	s/g	s_g.java	30	524	
2034	Ls/h;	s/h	s_h.java	8	157	
2035	Ls/i;	s/i	s_i.java	36	873	
2036	Ls0/a$a;	s0/a$a	s0_a__a.java	117	1966	
2037	Ls0/a$b;	s0/a$b	s0_a__b.java	46	1079	
2038	Ls0/a$c;	s0/a$c	s0_a__c.java	50	1213	
2039	Ls0/a$d;	s0/a$d	s0_a__d.java	50	1192	
2040	Ls0/a;	s0/a	s0_a.java	125	2009	
2041	Ls0/b$a;	s0/b$a	s0_b__a.java	21	268	
2042	Ls0/b;	s0/b	s0_b.java	32	458	
2043	Lt/a;	t/a	t_a.java	14	305	
2044	Lt/f;	t/f	t_f.java	77	2078	
2045	Lt/b;	t/b	t_b.java	63	1381	
2046	Lt/c$a;	t/c$a	t_c__a.java	3	44	
2047	Lt/f$b$a;	t/f$b$a	t_f__b__a.java	16	225	
2048	Lt/c$b;	t/c$b	t_c__b.java	66	1659	
2049	Lt/f$b;	t/f$b	t_f__b.java	19	275	
2050	Lt/c;	t/c	t_c.java	72	1570	
2051	Lt/x;	t/x	t_x.java	7	96	
2052	Lt/d;	t/d	t_d.java	84	3041	
2053	Lt/e;	t/e	t_e.java	18	652	
2054	Lt/f$a;	t/f$a	t_f__a.java	38	856	
2055	Lt/f$c;	t/f$c	t_f__c.java	39	922	
2056	Lt/g;	t/g	t_g.java	22	494	
2057	Lt/h;	t/h	t_h.java	15	252	
2058	Lt/i;	t/i	t_i.java	15	269	
2059	Lt/j;	t/j	t_j.java	19	397	
2060	Lt/k;	t/k	t_k.java	17	326	
2061	Lt/l;	t/l	t_l.java	17	326	
2062	Lt/m;	t/m	t_m.java	21	480	
2063	Lt/n;	t/n	t_n.java	17	336	
2064	Lt/o;	t/o	t_o.java	15	255	
2065	Lt/p;	t/p	t_p.java	17	346	
2066	Lt/q;	t/q	t_q.java	19	399	
2067	Lt/r;	t/r	t_r.java	232	6796	
2068	Lt/s;	t/s	t_s.java	50	1475	
2069	Lt/t;	t/t	t_t.java	16	271	
2070	Lt/u;	t/u	t_u.java	15	255	
2071	Lt/v;	t/v	t_v.java	48	878	
2072	Lt/w;	t/w	t_w.java	36	812	
2073	Lt0/a;	t0/a	t0_a.java	5	98	
2074	Lt0/b$a;	t0/b$a	t0_b__a.java	3	45	
2075	Lt0/b$b;	t0/b$b	t0_b__b.java	26	711	
2076	Lt0/b;	t0/b	t0_b.java	18	299	
2077	Lt0/c;	t0/c	t0_c.java	35	750	
2078	Lu/M$b;	u/M$b	u_M__b.java	5	62	
2079	Lu/A;	u/A	u_A.java	19	456	
2080	Lu/B;	u/B	u_B.java	13	221	
2081	Lu/C;	u/C	u_C.java	15	307	
2082	Lu/D;	u/D	u_D.java	15	292	
2083	Lu/M$d;	u/M$d	u_M__d.java	5	62	
2084	Lu/E;	u/E	u_E.java	15	264	
2085	Lu/F;	u/F	u_F.java	13	207	
2086	Lu/G;	u/G	u_G.java	13	236	
2087	Lu/H;	u/H	u_H.java	13	221	
2088	Lu/I;	u/I	u_I.java	17	378	
2089	Lu/J;	u/J	u_J.java	13	221	
2090	Lu/K;	u/K	u_K.java	19	459	
2091	Lu/L;	u/	u_.java	17	376	
2092	Lu/M$a;	u/M$a	u_M__a.java	3	44	
2093	Lu/M$c;	u/M$c	u_M__c.java	18	276	
2094	Lu/d;	u/d	u_d.java	21	351	
2095	Lv/b;	v/b	v_b.java	5	67	
2096	Lu/c;	u/c	u_c.java	9	126	
2097	Lu/M;	u/M	u_M.java	836	26418	
2098	Lu/N;	u/N	u_N.java	42	930	
2099	Lu/U$a;	u/U$a	u_U__a.java	5	67	
2100	Lu/O;	u/O	u_O.java	14	232	
2101	Lu/P;	u/P	u_P.java	14	232	
2102	Lu/Q;	u/Q	u_Q.java	14	232	
2103	Lu/S;	u/S	u_S.java	14	232	
2104	Lu/T;	u/T	u_T.java	14	232	
2105	Lu/U;	u/U	u_U.java	197	6694	
2106	Lu/V;	u/V	u_V.java	34	718	
2107	Lu/a$a;	u/a$a	u_a__a.java	3	44	
2108	Lu/e$a;	u/e$a	u_e__a.java	20	221	
2109	Lu/a$b;	u/a$b	u_a__b.java	88	2262	
2110	Lu/e;	u/e	u_e.java	30	395	
2111	Lu/a;	u/a	u_a.java	90	2032	
2112	Lu/k;	u/k	u_k.java	19	272	
2113	Lu/b;	u/b	u_b.java	73	1660	
2114	Lu/f;	u/f	u_f.java	23	337	
2115	Lu/g$a;	u/g$a	u_g__a.java	15	207	
2116	Lu/g;	u/g	u_g.java	28	442	
2117	Lu/h;	u/h	u_h.java	30	573	
2118	Lu/i$a;	u/i$a	u_i__a.java	15	207	
2119	Lu/i;	u/i	u_i.java	28	379	
2120	Lu/j$a;	u/j$a	u_j__a.java	15	207	
2121	Lu/j;	u/j	u_j.java	28	433	
2122	Lu/l;	u/l	u_l.java	15	319	
2123	Lu/m;	u/m	u_m.java	19	447	
2124	Lu/n;	u/n	u_n.java	17	376	
2125	Lu/o;	u/o	u_o.java	17	378	
2126	Lu/p;	u/p	u_p.java	15	305	
2127	Lu/q;	u/q	u_q.java	19	459	
2128	Lu/r;	u/r	u_r.java	15	290	
2129	Lu/s;	u/s	u_s.java	21	548	
2130	Lu/t;	u/t	u_t.java	13	244	
2131	Lu/u;	u/u	u_u.java	15	290	
2132	Lu/v;	u/v	u_v.java	19	454	
2133	Lu/w;	u/w	u_w.java	13	207	
2134	Lu/x;	u/x	u_x.java	13	221	
2135	Lu/y;	u/y	u_y.java	13	221	
2136	Lu/z;	u/z	u_z.java	15	310	
2137	Lu0/f;	u0/f	u0_f.java	17	222	
2138	Lu0/a;	u0/a	u0_a.java	63	1401	
2139	Lu0/b;	u0/b	u0_b.java	13	192	
2140	Lu0/i;	u0/i	u0_i.java	5	68	
2141	Lu0/c;	u0/c	u0_c.java	56	1267	
2142	Lu0/d;	u0/d	u0_d.java	33	631	
2143	Lu0/e;	u0/e	u0_e.java	12	229	
2144	Lu0/g;	u0/g	u0_g.java	17	344	
2145	Lu0/h;	u0/h	u0_h.java	23	579	
2146	Lv/a;	v/a	v_a.java	9	155	
2147	Lv0/a;	v0/a	v0_a.java	17	340	
2148	Lv0/b;	v0/b	v0_b.java	41	993	
2149	Lv0/c;	v0/c	v0_c.java	15	243	
2150	Lw/a;	w/a	w_a.java	5	65	
2151	Lw/b;	w/b	w_b.java	13	155	
2152	Lw/c$a;	w/c$a	w_c__a.java	15	207	
2153	Lw/c;	w/c	w_c.java	28	433	
2154	Lw/d$a;	w/d$a	w_d__a.java	15	207	
2155	Lw/d;	w/d	w_d.java	28	433	
2156	Lw/e;	w/e	w_e.java	13	179	
2157	Lw/f;	w/f	w_f.java	13	165	
2158	Lw0/a;	w0/a	w0_a.java	241	9439	
2159	Lw0/b;	w0/b	w0_b.java	22	330	
2160	Lw0/c;	w0/c	w0_c.java	42	1115	
2161	Lw0/d;	w0/d	w0_d.java	77	1829	
2162	Lw0/e;	w0/e	w0_e.java	94	2751	
2163	Lw0/f;	w0/f	w0_f.java	9	131	
2164	Lw0/g;	w0/g	w0_g.java	29	672	
2165	Lx/a;	x/a	x_a.java	47	1470	
2166	Lx0/a;	x0/a	x0_a.java	4	78	
2167	Lx0/b;	x0/b	x0_b.java	4	78	
2168	Lx0/c;	x0/c	x0_c.java	6	154	
2169	Ly/a$a;	y/a$a	y_a__a.java	34	643	
2170	Ly/a;	y/a	y_a.java	184	5257	
2171	Ly/b;	y/b	y_b.java	23	668	
2172	Ly/c;	y/c	y_c.java	40	877	
2173	Ly/d;	y/d	y_d.java	61	2380	
2174	Lz/a;	z/a	z_a.java	70	1961	
