descriptor	dotted_name	superclass	access_flags	method_count	field_count	source_file_idx
LA/a;	A.a	Ljava/lang/Object;	public abstract	0	1	5726
LA/b;	A.b	Ljava/lang/Object;	public abstract	0	15	5726
LZ/d;	Z.d	Ljava/lang/Object;	public interface abstract	1	0	5726
LB/A;	B.A	Ljava/lang/Object;	public final synthetic	2	3	5726
LZ/h;	Z.h	Ljava/lang/Object;	public interface abstract	1	0	5726
LB/B;	B.B	Ljava/lang/Object;	public final synthetic	3	1	5726
LB/C;	B.C	Ljava/lang/Object;	public final synthetic	2	1	5726
LB/D;	B.D	Ljava/lang/Object;	public final synthetic	3	1	5726
LG/a;	G.a	Ljava/lang/Object;	public abstract	2	0	5726
LB/a;	B.a	LG/a;	public final	4	2	5726
LB/b;	B.b	Landroid/content/BroadcastReceiver;	public abstract	8	1	5726
LB/c;	B.c	Ljava/lang/Object;	public	12	11	5726
LB/d;	B.d	Ljava/lang/Object;	public final	3	0	5726
LQ/f;	Q.f	Landroid/os/Handler;	public	2	0	5726
LB/e;	B.e	LQ/f;	final	2	1	5726
LB/f;	B.f	Ljava/lang/Object;	final	3	0	5726
LB/g;	B.g	Ljava/lang/ClassLoader;	public final	2	0	5726
LB/h;	B.h	Ljava/lang/Object;	public final	8	2	5726
LB/i;	B.i	Ljava/lang/Object;	public final synthetic	2	5	5726
LB/j;	B.j	Ljava/lang/Object;	public final synthetic	2	1	5726
LB/k;	B.k	Ljava/lang/Object;	public final synthetic	2	1	5726
LB/l;	B.l	Ljava/lang/Object;	public final synthetic	2	1	5726
LB/m;	B.m	Ljava/lang/Object;	public final synthetic	2	1	5726
LB/n;	B.n	Ljava/lang/Object;	public final synthetic	2	2	5726
LB/o;	B.o	Ljava/lang/Object;	public final synthetic	2	2	5726
LB/p;	B.p	Ljava/lang/Object;	public abstract synthetic	0	0	5726
LB/q;	B.q	Ljava/lang/Object;	final	10	6	5726
LB/r;	B.r	Ljava/lang/Object;	final	2	2	5726
LB/t;	B.t	Ljava/lang/Object;	abstract	6	4	5726
LB/s;	B.s	LB/t;	final	3	0	5726
LB/u;	B.u	Ljava/lang/Exception;	public final	1	0	5726
LB/v;	B.v	LB/t;	final	3	0	5726
LB/w;	B.w	Ljava/lang/Object;	public final	8	5	5726
LB/x;	B.x	Ljava/lang/Object;	public final	3	3	5726
LZ/a;	Z.a	Ljava/lang/Object;	public interface abstract	1	0	5726
LB/y;	B.y	Ljava/lang/Object;	public final synthetic	2	2	5726
LB/z;	B.z	Ljava/lang/Object;	public final synthetic	3	1	5726
LR/b;	R.b	Landroid/os/Binder;	public abstract	4	0	5726
LF/q0;	F.q0	Ljava/lang/Object;	public interface abstract	2	0	5726
LF/p0;	F.p0	LR/b;	public abstract	3	0	5726
LC/z;	C.z	LF/p0;	abstract	7	1	5726
LC/A;	C.A	LC/z;	final	2	1	5726
LC/B;	C.B	LC/z;	abstract	4	2	5726
LC/C;	C.C	Ljava/lang/Object;	abstract	1	1	5726
LC/D;	C.D	Ljava/lang/Object;	abstract	9	7	5726
LC/E;	C.E	LG/a;	public final	3	6	5726
LC/F;	C.F	Ljava/lang/Object;	public final	3	0	5726
LC/G;	C.G	LG/a;	public final	7	5	5726
LC/H;	C.H	Ljava/lang/Object;	public final	3	0	5726
LC/I;	C.I	LG/a;	public final	4	5	5726
LC/J;	C.J	Ljava/lang/Object;	public final	3	0	5726
LC/K;	C.K	Ljava/lang/Object;	public abstract synthetic	0	0	5726
LC/N;	C.N	Ljava/lang/Object;	0x0	10	5	5726
LC/L;	C.	LC/N;	final	2	1	5726
LC/M;	C.M	Ljava/lang/Object;	public abstract synthetic	0	0	5726
LC/O;	C.O	Ljava/lang/Object;	abstract	1	0	5726
LC/a;	C.a	Ljava/lang/Object;	public	4	2	5726
LC/b;	C.b	LG/a;	public final	15	6	5726
LC/c;	C.c	Landroid/app/DialogFragment;	public	5	3	5726
LC/d;	C.d	LG/a;	public	9	4	5726
LC/e;	C.e	Ljava/lang/Object;	public abstract synthetic	1	0	5726
LC/f;	C.f	Ljava/lang/Object;	public abstract synthetic	1	0	5726
LC/g;	C.g	Ljava/lang/Object;	public abstract synthetic	1	0	5726
LC/h;	C.h	Ljava/lang/Object;	public abstract synthetic	1	0	5726
LC/i;	C.i	Ljava/lang/Object;	public abstract synthetic	1	0	5726
LC/k;	C.k	Ljava/lang/Object;	public	12	2	5726
LC/j;	C.j	LC/k;	public	23	4	5726
LC/l;	C.l	Ljava/lang/Exception;	public final	1	1	5726
LC/n;	C.n	Ljava/lang/Object;	public abstract	11	5	5726
LC/m;	C.m	LC/n;	public abstract	2	1	5726
LC/o;	C.o	Ljava/lang/Object;	public	7	3	5726
LC/p;	C.p	Ljava/lang/Object;	public abstract	0	1	5726
LP/i;	P.i	Landroid/os/Handler;	public	2	0	5726
LC/q;	C.q	LP/i;	final	2	2	5726
LC/r;	C.r	Ljava/lang/Object;	public final	3	0	5726
LC/s;	C.s	Ljava/lang/Object;	public final	3	0	5726
LC/t;	C.t	Ljava/lang/Object;	abstract	1	0	5726
LC/u;	C.u	Ljava/lang/Object;	public final synthetic	2	3	5726
LC/v;	C.v	LC/B;	final	2	0	5726
LC/w;	C.w	LC/B;	final	2	0	5726
LC/x;	C.x	LC/B;	final	2	0	5726
LC/y;	C.y	LC/B;	final	2	0	5726
LD/a$e;	D.a$e	Ljava/lang/Object;	public abstract	1	0	5726
LD/a$a;	D.a$a	LD/a$e;	public abstract	3	0	5726
LD/a$b;	D.a$b	Ljava/lang/Object;	public interface abstract	0	0	5726
LD/a$c;	D.a$c	Ljava/lang/Object;	public abstract	1	0	5726
LD/a$d;	D.a$d	Ljava/lang/Object;	public interface abstract	0	0	5726
LD/a$f;	D.a$f	Ljava/lang/Object;	public interface abstract	14	0	5726
LD/a$g;	D.a$g	LD/a$c;	public final	1	0	5726
LD/a;	D.a	Ljava/lang/Object;	public final	3	3	5726
LD/b;	D.b	Ljava/lang/Exception;	public	2	1	5726
LD/c;	D.c	Ljava/lang/Object;	public abstract	1	0	5726
LD/d$a$a;	D.d$a$a	Ljava/lang/Object;	public	2	2	5726
LD/d$a;	D.d$a	Ljava/lang/Object;	public	3	3	5726
LD/d;	D.d	Ljava/lang/Object;	public abstract	10	10	5726
LE/c;	E.c	Ljava/lang/Object;	public interface abstract	2	0	5726
LD/e$a;	D.e$a	Ljava/lang/Object;	public interface abstract	0	0	5726
LE/h;	E.h	Ljava/lang/Object;	public interface abstract	1	0	5726
LD/e$b;	D.e$b	Ljava/lang/Object;	public interface abstract	0	0	5726
LD/e;	D.e	Ljava/lang/Object;	public abstract	2	1	5726
LD/f;	D.f	LD/b;	public	1	0	5726
LD/g;	D.g	Ljava/lang/UnsupportedOperationException;	public final	2	1	5726
LD/h;	D.h	Ljava/lang/Object;	public abstract synthetic	0	0	5726
Lg/a;	g.a	Ljava/lang/Object;	public abstract	1	2	5726
LE/e;	E.e	Ljava/lang/Object;	public interface abstract	4	0	5726
LE/A;	E.A	Lg/a;	public abstract	2	1	5726
LE/j;	E.j	Ljava/lang/Object;	public interface abstract	1	0	5726
LE/a;	E.a	Ljava/lang/Object;	public	2	0	5726
LE/b;	E.b	Ljava/lang/Object;	public final	5	4	5726
LE/d;	E.d	Ljava/lang/Object;	public	5	1	5726
LE/f;	E.f	Ljava/lang/Object;	public abstract	0	0	5726
LE/g;	E.g	Ljava/lang/Object;	public abstract	0	0	5726
LE/i;	E.i	Ljava/lang/Object;	public interface abstract	1	0	5726
LE/k;	E.k	LD/e;	public abstract	1	1	5726
LE/l;	E.l	Ljava/lang/Object;	public final synthetic	2	1	5726
LE/m;	E.m	Ljava/lang/Object;	public abstract synthetic	0	0	5726
LE/n;	E.n	LE/k;	public final	1	1	5726
LE/o;	E.o	Ljava/lang/Object;	public abstract	2	0	5726
LE/p;	E.p	Landroid/content/BroadcastReceiver;	public final	4	2	5726
Lcom/google/android/gms/common/api/internal/w;	com.google.android.gms.common.api.internal.w	Ljava/lang/Object;	public abstract	6	1	5726
LE/q;	E.q	Lcom/google/android/gms/common/api/internal/w;	public abstract	3	0	5726
LE/r;	E.r	Ljava/lang/Object;	public final	1	3	5726
LE/s;	E.s	Ljava/lang/Object;	final	2	1	5726
LE/t;	E.t	Ljava/lang/Object;	final	2	2	5726
LE/u;	E.u	Ljava/lang/Object;	public interface abstract	2	0	5726
LP/b;	P.b	Landroid/os/Binder;	public abstract	4	0	5726
LX/f;	X.f	Ljava/lang/Object;	public interface abstract	1	0	5726
LX/e;	X.e	LP/b;	public abstract	2	0	5726
LX/d;	X.d	LX/e;	public abstract	1	0	5726
LE/v;	E.v	LX/d;	public final	10	8	5726
LE/w;	E.w	Ljava/lang/Object;	public abstract synthetic	0	0	5726
LE/x;	E.x	Ljava/lang/Object;	public abstract synthetic	1	0	5726
LE/y;	E.y	Ljava/lang/Object;	final	2	3	5726
LE/z;	E.z	Landroid/app/Fragment;	public final	16	4	5726
LF/B;	F.B	Ljava/lang/Object;	public abstract	5	0	5726
LF/A;	F.A	LF/B;	final	2	2	5726
LF/c$a;	F.c$a	Ljava/lang/Object;	public interface abstract	2	0	5726
LF/C;	F.C	Ljava/lang/Object;	final	3	1	5726
LF/c$b;	F.c$b	Ljava/lang/Object;	public interface abstract	1	0	5726
LF/D;	F.D	Ljava/lang/Object;	final	2	1	5726
LF/E;	F.E	Ljava/lang/Object;	public final	4	2	5726
LF/F;	F.F	Ljava/lang/Object;	public final	3	0	5726
LF/G;	F.G	LG/a;	public final	4	5	5726
LF/H;	F.H	Ljava/lang/Object;	public final	3	0	5726
LF/I;	F.I	LG/a;	public final	6	6	5726
LF/J;	F.J	Ljava/lang/Object;	public final	3	0	5726
LF/V;	F.V	Ljava/lang/Object;	public abstract	6	3	5726
LF/K;	F.K	LF/V;	abstract	5	3	5726
LF/j;	F.j	Ljava/lang/Object;	public interface abstract	3	0	5726
LF/L;	F.	LR/b;	public abstract	2	0	5726
LF/k;	F.k	Ljava/lang/Object;	public interface abstract	1	0	5726
LF/M;	F.M	Ljava/lang/Object;	final	3	1	5726
LR/a;	R.a	Ljava/lang/Object;	public abstract	4	2	5726
LF/P;	F.P	Ljava/lang/Object;	public interface abstract	4	0	5726
LF/N;	F.N	LR/a;	public final	5	0	5726
LF/O;	F.O	LR/b;	public abstract	1	0	5726
LF/Q;	F.Q	Ljava/lang/Object;	public abstract	3	4	5726
LF/S;	F.S	Ljava/lang/Object;	public abstract synthetic	0	0	5726
LF/T;	F.T	Ljava/lang/Object;	public final	3	0	5726
LR/e;	R.e	Landroid/os/Handler;	public	2	0	5726
LF/U;	F.U	LR/e;	final	4	1	5726
LF/W;	F.W	LF/L;	public final	4	2	5726
LF/X;	F.X	Ljava/lang/Object;	public final	3	2	5726
LF/Y;	F.Y	LF/K;	public final	3	2	5726
LF/Z;	F.Z	LF/K;	public final	3	1	5726
LF/a0;	F.a0	LG/a;	public final	3	5	5726
LF/i;	F.i	Ljava/lang/Object;	public interface abstract	1	0	5726
LF/i$a;	F.i$a	LR/b;	public abstract	1	0	5726
LF/a;	F.a	LF/i$a;	public abstract	1	0	5726
LF/b0;	F.b0	Ljava/lang/Object;	public final	3	0	5726
LF/b;	F.b	Ljava/lang/Object;	public abstract	1	0	5726
LF/c$c;	F.c$c	Ljava/lang/Object;	public interface abstract	1	0	5726
LF/c$d;	F.c$d	Ljava/lang/Object;	public	2	1	5726
LF/c$e;	F.c$e	Ljava/lang/Object;	public interface abstract	1	0	5726
LF/c0;	F.c0	Ljava/lang/Object;	public final	3	0	5726
LF/c;	F.c	Ljava/lang/Object;	public abstract	61	31	5726
LF/d$a;	F.d$a	Ljava/lang/Object;	public final	6	5	5726
LF/d0;	F.d0	Ljava/lang/Object;	public final	4	0	5726
LF/d;	F.d	Ljava/lang/Object;	public final	10	10	5726
LF/e0;	F.e0	Ljava/lang/Object;	public final	9	6	5726
LF/e;	F.e	LG/a;	public	9	7	5726
LF/f0;	F.f0	Ljava/lang/Object;	public abstract synthetic	1	0	5726
LF/f;	F.f	LG/a;	public	4	17	5726
LF/k0;	F.k0	Ljava/lang/Object;	public interface abstract	0	0	5726
LF/g0;	F.g0	Ljava/lang/Object;	final	13	7	5726
LF/g;	F.g	LF/c;	public abstract	9	3	5726
LF/h0;	F.h0	Ljava/lang/Object;	public abstract synthetic	0	0	5726
LF/h;	F.h	Ljava/lang/Object;	public abstract	8	5	5726
LF/i0;	F.i0	Ljava/lang/Object;	final	2	1	5726
LF/j0;	F.j0	LF/h;	final	8	7	5726
LF/l0;	F.l0	Ljava/lang/Object;	public abstract	4	2	5726
LF/l;	F.l	LG/a;	public	3	10	5726
LF/m$a;	F.m$a	Ljava/lang/Object;	public final	3	2	5726
LF/m0;	F.m0	Ljava/lang/Object;	public final	5	4	5726
LF/m;	F.m	Ljava/lang/Object;	public abstract	3	0	5726
LF/n0;	F.n0	LR/a;	public final	2	0	5726
LF/n;	F.n	Ljava/lang/Object;	public abstract	13	0	5726
LF/o0;	F.o0	LR/a;	public final	3	0	5726
LF/o;	F.o	Ljava/lang/Object;	public final	5	3	5726
LF/p;	F.p	LG/a;	public	8	6	5726
LF/q;	F.q	Ljava/lang/Object;	public	2	2	5726
LF/r;	F.r	LG/a;	public	6	3	5726
LF/s;	F.s	Ljava/lang/Object;	public abstract	2	0	5726
LF/t;	F.t	Ljava/lang/Object;	public interface abstract	1	0	5726
LF/u$a;	F.u$a	Ljava/lang/Object;	public	2	1	5726
LF/u;	F.u	Ljava/lang/Object;	public	6	2	5726
LF/v;	F.v	Ljava/lang/Object;	public final	3	0	5726
LF/w;	F.w	Ljava/lang/Object;	public abstract synthetic	0	0	5726
LF/x;	F.x	Ljava/lang/Object;	public abstract synthetic	0	0	5726
LF/y;	F.y	Ljava/lang/Object;	public abstract	10	2	5726
LF/z;	F.z	LF/B;	final	2	3	5726
LG/b$a;	G.b$a	Ljava/lang/RuntimeException;	public	1	0	5726
LG/b;	G.b	Ljava/lang/Object;	public abstract	23	0	5726
LG/c;	G.c	Ljava/lang/Object;	public abstract	21	0	5726
LP/a;	P.a	Ljava/lang/Object;	public abstract	5	2	5726
LH/a;	H.a	LP/a;	public final	2	0	5726
LH/b;	H.b	Ljava/lang/Object;	public final synthetic	2	1	5726
LH/c;	H.c	LD/a$a;	final	2	0	5726
LH/d;	H.d	LD/d;	public final	3	4	5726
LH/e;	H.e	LF/g;	public final	8	1	5726
LI/a;	I.a	Ljava/lang/Object;	public abstract synthetic	1	0	5726
LI/b;	I.b	Ljava/lang/Object;	public	10	3	5726
LJ/a;	J.a	Ljava/lang/Object;	public abstract	3	0	5726
LJ/b;	J.b	Ljava/lang/Object;	public abstract	3	0	5726
LJ/c;	J.c	Ljava/lang/Object;	public abstract	1	0	5726
LJ/d;	J.d	Ljava/lang/Object;	public interface abstract	3	0	5726
LJ/e;	J.e	Ljava/lang/Object;	public abstract	3	0	5726
LJ/f;	J.f	Ljava/lang/Object;	public abstract	2	1	5726
LJ/g;	J.g	Ljava/lang/Object;	public	6	1	5726
LJ/h;	J.h	Ljava/lang/Object;	public abstract	6	4	5726
LJ/i;	J.i	Ljava/lang/Object;	public abstract	3	2	5726
LJ/j;	J.j	Ljava/lang/Object;	public abstract	1	0	5726
LJ/k;	J.k	Ljava/lang/Object;	public abstract	12	0	5726
LJ/l;	J.l	Ljava/lang/Object;	public abstract	2	2	5726
LJ/m;	J.m	Ljava/lang/Object;	public abstract	2	1	5726
LJ/n;	J.n	Ljava/lang/Object;	public abstract	2	0	5726
LJ/o;	J.o	Ljava/lang/Object;	public abstract	4	9	5726
LJ/p;	J.p	Ljava/lang/Object;	public abstract	1	0	5726
LJ/q;	J.q	Ljava/lang/Object;	public abstract	1	0	5726
LK/a;	K.a	Ljava/lang/Object;	public	2	2	5726
LK/b;	K.b	Ljava/lang/Object;	final	2	1	5726
LL/a;	.a	Ljava/lang/Object;	public abstract synthetic	1	0	5726
LL/b;	.b	Ljava/lang/Object;	public abstract	1	2	5726
LL/c;	.c	Ljava/lang/Object;	public abstract synthetic	1	0	5726
LL/d;	.d	Ljava/lang/Object;	public	8	1	5726
LL/e;	.e	Ljava/lang/Object;	public	4	2	5726
LM/a;	M.a	Ljava/lang/Object;	public interface abstract	0	0	5726
LM/a$a;	M.a$a	LR/b;	public abstract	2	0	5726
LM/b;	M.b	LM/a$a;	public final	3	1	5726
LM/c;	M.c	LR/a;	public final	1	0	5726
LN/a;	N.a	Ljava/lang/Object;	public abstract synthetic	1	0	5726
LN/b;	N.b	Ljava/lang/Object;	public abstract synthetic	1	0	5726
LN/c;	N.c	Ljava/lang/Thread;	final	2	0	5726
LN/d;	N.d	Ljava/lang/Object;	public abstract	4	2	5726
LN/e;	N.e	Ljava/lang/Object;	public abstract synthetic	0	0	5726
LN/f;	N.f	Ljava/lang/Object;	public abstract synthetic	0	0	5726
LO/a;	O.a	Ljava/lang/Object;	public abstract	4	2	5726
LO/b;	O.b	Landroid/os/Binder;	public abstract	0	0	5726
LO/c;	O.c	Ljava/lang/Object;	public abstract	3	1	5726
LO/f;	O.f	Ljava/lang/Object;	public interface abstract	2	0	5726
LO/d;	O.d	LO/a;	public final	3	0	5726
LO/e;	O.e	LO/b;	public abstract	1	0	5726
LO/h;	O.h	Ljava/lang/Object;	public interface abstract	0	0	5726
LO/g;	O.g	Ljava/lang/Object;	final	1	0	5726
LO/i;	O.i	Ljava/lang/Object;	public abstract	3	1	5726
LP/c;	P.c	Ljava/lang/Object;	public abstract	5	1	5726
LP/d;	P.d	Ljava/lang/Object;	public abstract	1	2	5726
LP/e;	P.e	Ljava/lang/Object;	abstract	1	0	5726
LP/f;	P.f	Ljava/lang/Object;	public abstract synthetic	1	0	5726
Ld/c;	d.c	Ljava/lang/Object;	public abstract	7	1	5726
LP/g;	P.g	Ld/c;	public abstract	1	0	5726
LP/h;	P.h	Ljava/lang/Object;	public abstract	1	1	5726
LQ/a;	Q.a	Ljava/lang/Object;	public abstract	2	1	5726
LQ/b;	Q.b	Ljava/lang/Object;	public interface abstract	0	0	5726
LQ/c;	Q.c	Ljava/lang/Object;	public abstract synthetic	0	0	5726
LQ/d;	Q.d	Ljava/lang/Object;	final	1	0	5726
LQ/e;	Q.e	Ljava/lang/Object;	public abstract	2	2	5726
LR/c;	R.c	Ljava/lang/Object;	public abstract	7	1	5726
LR/d;	R.d	Ljava/lang/Object;	public abstract	1	1	5726
LS/a;	S.a	Ljava/lang/Object;	abstract	0	0	5726
LS/b;	S.b	Ljava/lang/Object;	public final	4	1	5726
LS/c;	S.c	Ljava/lang/Object;	public abstract	0	0	5726
LS/d;	S.d	LS/a;	public abstract	0	0	5726
LS/e;	S.e	Ljava/lang/Object;	public interface abstract	0	0	5726
LS/f;	S.f	Ljava/lang/Object;	abstract synthetic	0	0	5726
LS/g;	S.g	Ljava/lang/Object;	final	1	0	5726
LS/h;	S.h	Ljava/lang/Object;	public abstract	2	2	5726
LS/i;	S.i	Ljava/lang/RuntimeException;	public final	1	0	5726
LT/a;	T.a	Landroid/os/Handler;	public final	1	0	5726
LU/a;	U.a	Ljava/lang/Object;	public	3	1	5726
LV/A;	V.A	Ljava/lang/Object;	public abstract synthetic	0	0	5726
LV/B;	V.B	Ljava/lang/Object;	public abstract synthetic	0	0	5726
LV/C;	V.C	Ljava/lang/Object;	public abstract synthetic	1	0	5726
LV/D;	V.D	Ljava/lang/Object;	public abstract synthetic	0	0	5726
LV/E;	V.E	Ljava/lang/Object;	public abstract synthetic	0	0	5726
LV/a;	V.a	Ljava/lang/Enum;	public final enum	3	5	5726
LV/b;	V.b	Ljava/lang/Object;	public final	20	2	5726
LV/c;	V.c	Ljava/lang/Object;	public final synthetic	3	1	5726
LV/d;	V.d	Ljava/lang/Object;	public abstract synthetic	0	0	5726
Lcom/google/android/gms/internal/measurement/Q;	com.google.android.gms.internal.measurement.Q	Landroid/os/Binder;	public abstract	4	0	5726
LV/f;	V.f	Ljava/lang/Object;	public interface abstract	18	0	5726
LV/e;	V.e	Lcom/google/android/gms/internal/measurement/Q;	public abstract	2	0	5726
LV/g;	V.g	Ljava/lang/Object;	public interface abstract	1	0	5726
LV/h;	V.h	Ljava/lang/Object;	public abstract synthetic	0	0	5726
LV/i;	V.i	Ljava/lang/Object;	public abstract synthetic	0	0	5726
LV/j;	V.j	Ljava/lang/Object;	public interface abstract	1	0	5726
LV/k;	V.k	Ljava/lang/Object;	public final	2	1	5726
LV/l;	V.l	Ljava/lang/Object;	public final synthetic	2	2	5726
LV/m;	V.m	Ljava/lang/Object;	public abstract	2	0	5726
LV/n;	V.n	Ljava/lang/Object;	public final synthetic	1	1	5726
LV/o;	V.o	Ljava/lang/Object;	public abstract synthetic	1	0	5726
LV/p;	V.p	Ljava/lang/Object;	public abstract	2	0	5726
LV/q;	V.q	Ljava/lang/Object;	public abstract	3	4	5726
LV/r;	V.r	Ljava/lang/Object;	public abstract	1	4	5726
LV/s;	V.s	Ljava/lang/Object;	public abstract	1	2	5726
LV/t;	V.t	Ljava/lang/Object;	public interface abstract	1	0	5726
LV/u;	V.u	Ljava/lang/Object;	public interface abstract	1	0	5726
LV/v;	V.v	Ljava/lang/Object;	public abstract synthetic	0	0	5726
LV/w;	V.w	Ljava/lang/Object;	public interface abstract	13	0	5726
LV/x;	V.x	Ljava/lang/Object;	public abstract	2	0	5726
LV/y;	V.y	Ljava/lang/Object;	public abstract synthetic	1	0	5726
LV/z;	V.z	Ljava/lang/Object;	public interface abstract	3	0	5726
LW/a;	W.a	Ljava/lang/Object;	public final	4	10	5726
LW/b;	W.b	LD/a$a;	final	2	0	5726
LW/c;	W.c	LD/a$a;	final	2	0	5726
LW/d;	W.d	Ljava/lang/Object;	public abstract	1	8	5726
LW/e;	W.e	Ljava/lang/Object;	public interface abstract	2	0	5726
LW/f;	W.f	Ljava/lang/Object;	public abstract synthetic	0	0	5726
LX/a;	X.a	LF/g;	public	10	5	5726
LX/b;	X.b	LG/a;	public final	3	4	5726
LX/c;	X.c	Ljava/lang/Object;	public final	3	0	5726
LX/g;	X.g	LP/a;	public final	2	0	5726
LX/h;	X.h	LG/a;	public final	3	3	5726
LX/i;	X.i	Ljava/lang/Object;	public final	3	0	5726
LX/j;	X.j	LG/a;	public final	3	3	5726
LX/k;	X.k	Ljava/lang/Object;	public final	3	0	5726
LX/l;	X.l	LG/a;	public final	5	4	5726
LX/m;	X.m	Ljava/lang/Object;	public final	3	0	5726
LY/a;	Y.a	Ljava/lang/Object;	public	11	21	5726
LY/b;	Y.b	Ljava/lang/Object;	public final synthetic	2	1	5726
LY/e;	Y.e	Ljava/lang/Object;	public interface abstract	0	0	5726
LY/c;	Y.c	Ljava/lang/Object;	final	1	0	5726
LY/d;	Y.d	Ljava/lang/Object;	final	1	1	5726
LZ/D;	Z.D	Ljava/lang/Object;	interface abstract	1	0	5726
LZ/A;	Z.A	Ljava/lang/Object;	final	4	3	5726
LZ/B;	Z.B	Ljava/lang/Object;	final	2	2	5726
LZ/f;	Z.f	Ljava/lang/Object;	public interface abstract	1	0	5726
LZ/e;	Z.e	Ljava/lang/Object;	public interface abstract	1	0	5726
LZ/c;	Z.c	Ljava/lang/Object;	public interface abstract	1	0	5726
LZ/C;	Z.C	Ljava/lang/Object;	final	6	3	5726
LZ/E;	Z.E	Ljava/lang/Object;	final	3	3	5726
LZ/F;	Z.F	Ljava/lang/Object;	final	2	0	5726
LZ/G;	Z.G	Ljava/lang/Object;	final	2	1	5726
LZ/i;	Z.i	Ljava/lang/Object;	public abstract	16	0	5726
LZ/H;	Z.H	LZ/i;	final	25	6	5726
LZ/I;	Z.I	Ljava/lang/Object;	final	2	2	5726
LZ/b;	Z.b	Ljava/lang/IllegalStateException;	public final	2	0	5726
LZ/g;	Z.g	Ljava/lang/RuntimeException;	public	1	0	5726
LZ/j;	Z.j	Ljava/lang/Object;	public	6	1	5726
LZ/k;	Z.k	Ljava/lang/Object;	public abstract	1	2	5726
LZ/l;	Z.l	Ljava/lang/Object;	public abstract	7	0	5726
LZ/m;	Z.m	Ljava/lang/Object;	public abstract synthetic	0	0	5726
LZ/o;	Z.o	Ljava/lang/Object;	interface abstract	0	0	5726
LZ/n;	Z.n	Ljava/lang/Object;	final	6	1	5726
LZ/p;	Z.p	Ljava/lang/Object;	final	2	2	5726
LZ/q;	Z.q	Ljava/lang/Object;	final	4	3	5726
LZ/r;	Z.r	Ljava/lang/Object;	final	2	2	5726
LZ/s;	Z.s	Ljava/lang/Object;	final	7	3	5726
LZ/t;	Z.t	Ljava/lang/Object;	final	2	1	5726
LZ/u;	Z.u	Ljava/lang/Object;	final	4	3	5726
LZ/v;	Z.v	Ljava/lang/Object;	final	2	2	5726
LZ/w;	Z.w	Ljava/lang/Object;	final	4	3	5726
LZ/x;	Z.x	Ljava/lang/Object;	final	2	2	5726
LZ/y;	Z.y	Ljava/lang/Object;	final	4	3	5726
LZ/z;	Z.z	Ljava/lang/Object;	final	2	2	5726
La/e;	a.e	Ljava/lang/Object;	abstract	19	3	5726
La/a$a;	a.a$a	La/e;	0x0	10	1	5726
La/f;	a.f	Ljava/lang/Object;	public	25	7	5726
La/a;	a.a	La/f;	public	7	1	5726
La/b$a;	a.b$a	La/e;	0x0	10	1	5726
La/b;	a.b	Ljava/lang/Object;	public final	28	10	5726
La/c;	a.c	Ljava/lang/Object;	abstract	3	3	5726
La/d;	a.d	Ljava/lang/Object;	public abstract	11	8	5726
La/e$a;	a.e$a	Ljava/lang/Object;	final	4	5	5726
La/e$b;	a.e$b	Ljava/lang/Object;	final	17	1	5726
La/e$c;	a.e$c	Ljava/lang/Object;	final	16	1	5726
La/e$d;	a.e$d	Ljava/lang/Object;	final	11	4	5726
La/e$e;	a.e$e	Ljava/lang/Object;	final	14	1	5726
La0/a;	a0.a	Ljava/lang/Object;	public abstract	0	0	5726
Lm0/b;	m0.b	Ljava/lang/Object;	public interface abstract	1	0	5726
La0/b;	a0.b	Ljava/lang/Object;	public final synthetic	2	2	5726
La0/d$b;	a0.d$b	Ljava/lang/Object;	public interface abstract	1	0	5726
La0/c;	a0.c	Ljava/lang/Object;	public final synthetic	2	1	5726
La0/d$a;	a0.d$a	Ljava/lang/Object;	abstract synthetic	0	0	5726
Lcom/google/android/gms/common/api/internal/a$a;	com.google.android.gms.common.api.internal.a$a	Ljava/lang/Object;	public interface abstract	1	0	5726
La0/d$c;	a0.d$c	Ljava/lang/Object;	0x0	5	1	5726
La0/d$d;	a0.d$d	Ljava/lang/Object;	0x0	4	1	5726
La0/d$e;	a0.d$e	Landroid/content/BroadcastReceiver;	0x0	6	2	5726
La0/d;	a0.d	Ljava/lang/Object;	public	29	13	5726
La0/e;	a0.e	Ljava/lang/Object;	public abstract synthetic	1	0	5726
Lu0/h$a;	u0.h$a	Ljava/lang/Object;	public interface abstract	1	0	5726
La0/f;	a0.f	Ljava/lang/Object;	public final synthetic	2	0	5726
La0/g;	a0.g	Ljava/lang/Object;	public final synthetic	2	0	5726
La0/h;	a0.h	Ljava/lang/Object;	public final synthetic	2	0	5726
La0/i;	a0.i	Ljava/lang/Object;	public final synthetic	2	0	5726
La0/j;	a0.j	Ljava/lang/Exception;	public abstract	2	0	5726
La0/k;	a0.k	Ljava/lang/Object;	public final	9	7	5726
Landroidx/core/app/RemoteActionCompatParcelizer;	androidx.core.app.RemoteActionCompatParcelizer	Ljava/lang/Object;	public	3	0	5726
Landroid/support/v4/app/RemoteActionCompatParcelizer;	android.support.v4.app.RemoteActionCompatParcelizer	Landroidx/core/app/RemoteActionCompatParcelizer;	public final	3	0	5726
Landroidx/core/graphics/drawable/IconCompatParcelizer;	androidx.core.graphics.drawable.IconCompatParcelizer	Ljava/lang/Object;	public	3	0	5726
Landroid/support/v4/graphics/drawable/IconCompatParcelizer;	android.support.v4.graphics.drawable.IconCompatParcelizer	Landroidx/core/graphics/drawable/IconCompatParcelizer;	public final	3	0	5726
Landroidx/annotation/Keep;	androidx.annotation.Keep	Ljava/lang/Object;	public interface abstract	0	0	5726
Landroidx/core/app/CoreComponentFactory;	androidx.core.app.CoreComponentFactory	Landroid/app/AppComponentFactory;	public	7	0	5726
Li/a;	i.a	Ljava/lang/Object;	public interface abstract	0	0	5726
Landroidx/core/app/RemoteActionCompat;	androidx.core.app.RemoteActionCompat	Ljava/lang/Object;	public final	1	6	5726
Landroidx/versionedparcelable/CustomVersionedParcelable;	androidx.versionedparcelable.CustomVersionedParcelable	Ljava/lang/Object;	public abstract	1	0	5726
Landroidx/core/graphics/drawable/IconCompat;	androidx.core.graphics.drawable.IconCompat	Landroidx/versionedparcelable/CustomVersionedParcelable;	public	16	10	5726
Landroidx/lifecycle/CompositeGeneratedAdaptersObserver;	androidx.lifecycle.CompositeGeneratedAdaptersObserver	Ljava/lang/Object;	public	0	0	5726
Landroidx/lifecycle/FullLifecycleObserverAdapter;	androidx.lifecycle.FullLifecycleObserverAdapter	Ljava/lang/Object;	0x0	0	0	5726
Landroidx/lifecycle/a;	androidx.lifecycle.a	Ljava/lang/Object;	abstract	0	0	5726
Landroidx/lifecycle/LiveData$LifecycleBoundObserver;	androidx.lifecycle.LiveData$LifecycleBoundObserver	Landroidx/lifecycle/a;	0x0	0	0	5726
Landroidx/lifecycle/ReflectiveGenericLifecycleObserver;	androidx.lifecycle.ReflectiveGenericLifecycleObserver	Ljava/lang/Object;	0x0	0	0	5726
Landroidx/lifecycle/SingleGeneratedAdapterObserver;	androidx.lifecycle.SingleGeneratedAdapterObserver	Ljava/lang/Object;	public	0	0	5726
Landroidx/versionedparcelable/ParcelImpl$a;	androidx.versionedparcelable.ParcelImpl$a	Ljava/lang/Object;	final	5	0	5726
Landroidx/versionedparcelable/ParcelImpl;	androidx.versionedparcelable.ParcelImpl	Ljava/lang/Object;	public	4	2	5726
Landroidx/versionedparcelable/a;	androidx.versionedparcelable.a	Ljava/lang/Object;	public abstract	41	3	5726
Landroidx/versionedparcelable/b;	androidx.versionedparcelable.b	Landroidx/versionedparcelable/a;	0x0	18	8	5726
Lb/a;	b.a	Ljava/lang/Object;	public abstract	0	2	5726
Lb0/a;	b0.a	Ljava/lang/Object;	public interface abstract	2	0	5726
Lb0/b;	b0.b	Ljava/lang/Object;	public	5	3	5726
Lb0/c;	b0.c	Ljava/lang/Object;	public final synthetic	3	1	5726
Lj0/b;	j0.b	Ljava/lang/Object;	public interface abstract	1	0	5726
Lb0/d;	b0.d	Ljava/lang/Object;	public final synthetic	3	1	5726
Lc/A;	c.A	Ljava/lang/Object;	public abstract synthetic	1	0	5726
Lc/h;	c.h	Ljava/lang/Object;	public interface abstract	1	0	5726
Lc/B;	c.B	Ljava/lang/Object;	0x0	6	8	5726
Lc/C;	c.C	Ljava/lang/Object;	abstract	4	2	5726
Lc/D;	c.D	Ljava/lang/Object;	public abstract	2	0	5726
Lc/a;	c.a	Ljava/lang/Object;	public abstract synthetic	1	0	5726
Lc/b;	c.b	Ld/c;	public abstract	1	0	5726
Lc/c;	c.c	Ljava/lang/Object;	public abstract synthetic	1	0	5726
Lc/d;	c.d	Ljava/lang/Object;	public abstract synthetic	1	0	5726
Lc/e;	c.e	Ljava/lang/Object;	public abstract synthetic	1	0	5726
Lc/f;	c.f	Ljava/lang/Object;	public abstract	2	0	5726
Lc/g;	c.g	Landroid/app/Activity;	public abstract	0	0	5726
Lc/i$a;	c.i$a	Ljava/lang/Object;	public	13	11	5726
Lc/i$f;	c.i$f	Ljava/lang/Object;	public abstract	7	4	5726
Lc/i$b;	c.i$b	Lc/i$f;	public	4	3	5726
Lc/i$c;	c.i$c	Lc/i$f;	public	3	1	5726
Lc/i$d;	c.i$d	Ljava/lang/Object;	public abstract	1	0	5726
Lc/i$e;	c.i$e	Ljava/lang/Object;	public	29	42	5726
Lc/i;	c.i	Ljava/lang/Object;	public abstract	1	0	5726
Lc/j;	c.j	Ljava/lang/Object;	public abstract synthetic	1	0	5726
Lc/k;	c.k	Ljava/lang/Object;	public abstract synthetic	1	0	5726
Lc/l;	c.l	Ljava/lang/Object;	public abstract synthetic	1	0	5726
Lc/m;	c.m	Ljava/lang/Object;	public abstract synthetic	1	0	5726
Lc/n;	c.n	Ljava/lang/Object;	public abstract synthetic	1	0	5726
Lc/o;	c.o	Ljava/lang/Object;	public abstract synthetic	1	0	5726
Lc/p;	c.p	Ljava/lang/Object;	public abstract synthetic	1	0	5726
Lc/q;	c.q	Ljava/lang/Object;	public abstract synthetic	1	0	5726
Lc/r;	c.r	Ljava/lang/Object;	public abstract synthetic	1	0	5726
Lc/s;	c.s	Ljava/lang/Object;	public abstract synthetic	1	0	5726
Lc/t;	c.t	Ljava/lang/Object;	public abstract synthetic	1	0	5726
Lc/u;	c.u	Ljava/lang/Object;	public abstract synthetic	1	0	5726
Lc/v;	c.v	Ljava/lang/Object;	public abstract synthetic	1	0	5726
Lc/w;	c.w	Ljava/lang/Object;	public abstract synthetic	1	0	5726
Lc/x;	c.x	Ljava/lang/Object;	public abstract synthetic	1	0	5726
Lc/y;	c.y	Ljava/lang/Object;	public abstract synthetic	1	0	5726
Lc/z;	c.z	Ljava/lang/Object;	public abstract synthetic	1	0	5726
Lm0/a;	m0.a	Ljava/lang/Object;	public interface abstract	1	0	5726
Lc0/A;	c0.A	Ljava/lang/Object;	public final synthetic	2	0	5726
Lc0/B;	c0.B	Ljava/lang/Object;	public final synthetic	2	0	5726
Lc0/C;	c0.C	Ljava/lang/Object;	0x0	9	4	5726
Lc0/D;	c0.D	Ljava/lang/Object;	public abstract	4	0	5726
Lj0/c;	j0.c	Ljava/lang/Object;	public interface abstract	0	0	5726
Lc0/E$a;	c0.E$a	Ljava/lang/Object;	0x0	1	2	5726
Lc0/e;	c0.e	Ljava/lang/Object;	public interface abstract	4	0	5726
Lc0/a;	c0.a	Ljava/lang/Object;	abstract	3	0	5726
Lc0/E;	c0.E	Lc0/a;	final	5	7	5726
Lc0/h;	c0.h	Ljava/lang/Object;	public interface abstract	1	0	5726
Lc0/b;	c0.b	Ljava/lang/Object;	public final synthetic	2	1	5726
Lc0/c;	c0.c	Ljava/lang/Object;	public final synthetic	2	1	5726
Lc0/d$a;	c0.d$a	Ljava/lang/Object;	abstract synthetic	0	0	5726
Lc0/d$b;	c0.d$b	Ljava/lang/Object;	public	12	7	5726
Lc0/d;	c0.d	Ljava/lang/Object;	public final	21	7	5726
Lc0/f;	c0.f	Ljava/lang/Object;	public final synthetic	2	1	5726
Lc0/g$a;	c0.g$a	Ljava/lang/Object;	abstract synthetic	0	0	5726
Lc0/g$c;	c0.g$c	Ljava/lang/Object;	interface abstract	1	0	5726
Lc0/g$b;	c0.g$b	Ljava/lang/Object;	0x0	5	1	5726
Lc0/g;	c0.g	Ljava/lang/Object;	public final	6	2	5726
Lc0/j;	c0.j	Ljava/lang/Object;	public interface abstract	2	1	5726
Lc0/i;	c0.i	Ljava/lang/Object;	public final synthetic	2	0	5726
Lc0/k;	c0.k	Ljava/lang/Object;	public final synthetic	2	0	5726
Lc0/l;	c0.l	Ljava/lang/Object;	public final synthetic	2	2	5726
Lc0/m;	c0.m	Ljava/lang/Object;	public final synthetic	2	2	5726
Lc0/n;	c0.n	Ljava/lang/Object;	public final synthetic	2	2	5726
Lc0/o$a;	c0.o$a	Ljava/lang/Object;	abstract synthetic	0	0	5726
Lc0/o$b;	c0.o$b	Ljava/lang/Object;	public final	8	4	5726
Le0/a;	e0.a	Ljava/lang/Object;	public interface abstract	0	0	5726
Lc0/o;	c0.o	Lc0/a;	public	22	8	5726
Lc0/p;	c0.p	Ljava/lang/Object;	public final synthetic	2	1	5726
Lc0/q$a;	c0.q$a	Ljava/lang/Object;	abstract synthetic	0	0	5726
Lc0/q$b;	c0.q$b	Ljava/lang/Object;	0x0	8	3	5726
Lc0/q$c;	c0.q$c	Ljava/lang/Object;	0x0	5	2	5726
Lc0/q;	c0.q	Ljava/lang/Object;	abstract	3	0	5726
Lc0/r;	c0.r	Ljava/lang/Object;	public final	15	3	5726
Lc0/t;	c0.t	Ljava/lang/RuntimeException;	public	1	0	5726
Lc0/s;	c0.s	Lc0/t;	public	1	1	5726
Lc0/u;	c0.u	Ljava/lang/Object;	public final synthetic	2	1	5726
Lj0/d;	j0.d	Ljava/lang/Object;	public interface abstract	2	0	5726
Lc0/v;	c0.v	Ljava/lang/Object;	0x0	8	3	5726
Lc0/w;	c0.w	Ljava/lang/RuntimeException;	public	2	0	5726
Lc0/x;	c0.x	Ljava/lang/Object;	public	3	3	5726
Lc0/y;	c0.y	Ljava/lang/Object;	0x0	6	2	5726
Lc0/z;	c0.z	Lc0/t;	public	1	0	5726
Ln/d;	n.d	Ljava/lang/Object;	public interface abstract	1	0	5726
Lcom/google/android/datatransport/cct/CctBackendFactory;	com.google.android.datatransport.cct.CctBackendFactory	Ljava/lang/Object;	public	2	0	5726
Lm/g;	m.g	Ljava/lang/Object;	public interface abstract	2	0	5726
Lm/h;	m.h	Ljava/lang/Object;	public interface abstract	1	0	5726
Lcom/google/android/datatransport/cct/a;	com.google.android.datatransport.cct.a	Ljava/lang/Object;	public final	9	8	5726
Lr/a;	r.a	Ljava/lang/Object;	public interface abstract	1	0	5726
Lcom/google/android/datatransport/cct/b;	com.google.android.datatransport.cct.b	Ljava/lang/Object;	public final synthetic	2	1	5726
Lr/c;	r.c	Ljava/lang/Object;	public interface abstract	1	0	5726
Lcom/google/android/datatransport/cct/c;	com.google.android.datatransport.cct.c	Ljava/lang/Object;	public final synthetic	2	0	5726
Lcom/google/android/datatransport/cct/d$a;	com.google.android.datatransport.cct.d$a	Ljava/lang/Object;	final	2	3	5726
Lcom/google/android/datatransport/cct/d$b;	com.google.android.datatransport.cct.d$b	Ljava/lang/Object;	final	1	3	5726
Ln/m;	n.m	Ljava/lang/Object;	public interface abstract	2	0	5726
Lcom/google/android/datatransport/cct/d;	com.google.android.datatransport.cct.d	Ljava/lang/Object;	final	16	7	5726
Lcom/google/android/datatransport/cct/e;	com.google.android.datatransport.cct.e	Ljava/lang/Object;	public abstract	1	0	5726
Lcom/google/android/datatransport/runtime/backends/TransportBackendDiscovery;	com.google.android.datatransport.runtime.backends.TransportBackendDiscovery	Landroid/app/Service;	public	2	0	5726
Lcom/google/android/datatransport/runtime/scheduling/jobscheduling/AlarmManagerSchedulerBroadcastReceiver;	com.google.android.datatransport.runtime.scheduling.jobscheduling.AlarmManagerSchedulerBroadcastReceiver	Landroid/content/BroadcastReceiver;	public	4	0	5726
Lcom/google/android/datatransport/runtime/scheduling/jobscheduling/JobInfoSchedulerService;	com.google.android.datatransport.runtime.scheduling.jobscheduling.JobInfoSchedulerService	Landroid/app/job/JobService;	public	5	0	5726
Lcom/google/android/gms/common/internal/ReflectedParcelable;	com.google.android.gms.common.internal.ReflectedParcelable	Ljava/lang/Object;	public interface abstract	0	0	5726
Lcom/google/android/gms/auth/api/signin/GoogleSignInAccount;	com.google.android.gms.auth.api.signin.GoogleSignInAccount	LG/a;	public	16	15	5726
Lcom/google/android/gms/auth/api/signin/a;	com.google.android.gms.auth.api.signin.a	Ljava/lang/Object;	public final	3	0	5726
Lcom/google/android/gms/common/GooglePlayServicesManifestException;	com.google.android.gms.common.GooglePlayServicesManifestException	Ljava/lang/IllegalStateException;	public abstract	1	1	5726
Lcom/google/android/gms/common/GooglePlayServicesIncorrectManifestValueException;	com.google.android.gms.common.GooglePlayServicesIncorrectManifestValueException	Lcom/google/android/gms/common/GooglePlayServicesManifestException;	public final	1	0	5726
Lcom/google/android/gms/common/GooglePlayServicesMissingManifestValueException;	com.google.android.gms.common.GooglePlayServicesMissingManifestValueException	Lcom/google/android/gms/common/GooglePlayServicesManifestException;	public final	1	0	5726
Lcom/google/android/gms/common/annotation/KeepName;	com.google.android.gms.common.annotation.KeepName	Ljava/lang/Object;	public interface abstract	0	0	5726
Lcom/google/android/gms/common/api/GoogleApiActivity;	com.google.android.gms.common.api.GoogleApiActivity	Landroid/app/Activity;	public	7	1	5726
Lcom/google/android/gms/common/api/Scope;	com.google.android.gms.common.api.Scope	LG/a;	public final	8	3	5726
Lcom/google/android/gms/common/api/Status;	com.google.android.gms.common.api.Status	LG/a;	public final	15	14	5726
Lcom/google/android/gms/common/api/a;	com.google.android.gms.common.api.a	Ljava/lang/Object;	public final	3	0	5726
Lcom/google/android/gms/common/api/b;	com.google.android.gms.common.api.b	Ljava/lang/Object;	public final	3	0	5726
Lcom/google/android/gms/common/api/internal/LifecycleCallback;	com.google.android.gms.common.api.internal.LifecycleCallback	Ljava/lang/Object;	public	13	1	5726
Lcom/google/android/gms/common/api/internal/A;	com.google.android.gms.common.api.internal.A	Lcom/google/android/gms/common/api/internal/LifecycleCallback;	public abstract	15	4	5726
Lcom/google/android/gms/common/api/internal/a;	com.google.android.gms.common.api.internal.a	Ljava/lang/Object;	public final	18	5	5726
Lcom/google/android/gms/common/api/internal/b;	com.google.android.gms.common.api.internal.b	Ljava/lang/Object;	public	35	21	5726
Lcom/google/android/gms/common/api/internal/c$a;	com.google.android.gms.common.api.internal.c$a	Ljava/lang/Object;	public	6	4	5726
Lcom/google/android/gms/common/api/internal/c;	com.google.android.gms.common.api.internal.c	Ljava/lang/Object;	public abstract	6	3	5726
Lcom/google/android/gms/common/api/internal/d;	com.google.android.gms.common.api.internal.d	Ljava/lang/Object;	final	2	2	5726
Lcom/google/android/gms/common/api/internal/e;	com.google.android.gms.common.api.internal.e	Ljava/lang/Object;	public final	7	2	5726
Lcom/google/android/gms/common/api/internal/f;	com.google.android.gms.common.api.internal.f	Lcom/google/android/gms/common/api/internal/A;	public final	9	2	5726
Lcom/google/android/gms/common/api/internal/g;	com.google.android.gms.common.api.internal.g	Ljava/lang/Object;	final	2	1	5726
Lcom/google/android/gms/common/api/internal/h;	com.google.android.gms.common.api.internal.h	Ljava/lang/Object;	final	2	1	5726
Lcom/google/android/gms/common/api/internal/i;	com.google.android.gms.common.api.internal.i	Ljava/lang/Object;	final	2	2	5726
Lcom/google/android/gms/common/api/internal/j;	com.google.android.gms.common.api.internal.j	Ljava/lang/Object;	final	2	1	5726
Lcom/google/android/gms/common/api/internal/k;	com.google.android.gms.common.api.internal.k	Ljava/lang/Object;	final	2	1	5726
Lcom/google/android/gms/common/api/internal/l;	com.google.android.gms.common.api.internal.l	Ljava/lang/Object;	public final	39	13	5726
Lcom/google/android/gms/common/api/internal/m;	com.google.android.gms.common.api.internal.m	Ljava/lang/Object;	final	6	2	5726
Lcom/google/android/gms/common/api/internal/n;	com.google.android.gms.common.api.internal.n	Ljava/lang/Object;	final	2	2	5726
Lcom/google/android/gms/common/api/internal/o;	com.google.android.gms.common.api.internal.o	Ljava/lang/Object;	final	9	6	5726
Lcom/google/android/gms/common/api/internal/p;	com.google.android.gms.common.api.internal.p	Lcom/google/android/gms/common/api/internal/A;	public final	6	1	5726
Lcom/google/android/gms/common/api/internal/q;	com.google.android.gms.common.api.internal.q	Ljava/lang/Object;	final	4	5	5726
Lcom/google/android/gms/common/api/internal/r;	com.google.android.gms.common.api.internal.r	Ljava/lang/Object;	final	1	4	5726
Lcom/google/android/gms/common/api/internal/s;	com.google.android.gms.common.api.internal.s	Lcom/google/android/gms/common/api/internal/c;	final	2	1	5726
Lcom/google/android/gms/common/api/internal/t;	com.google.android.gms.common.api.internal.t	LE/q;	abstract	5	1	5726
Lcom/google/android/gms/common/api/internal/u;	com.google.android.gms.common.api.internal.u	LE/q;	public final	7	3	5726
Lcom/google/android/gms/common/api/internal/v;	com.google.android.gms.common.api.internal.v	Lcom/google/android/gms/common/api/internal/t;	public final	5	0	5726
Lcom/google/android/gms/common/api/internal/x;	com.google.android.gms.common.api.internal.x	Ljava/lang/Object;	final	3	2	5726
Lcom/google/android/gms/common/api/internal/y;	com.google.android.gms.common.api.internal.y	LE/o;	final	2	2	5726
Lcom/google/android/gms/common/api/internal/z;	com.google.android.gms.common.api.internal.z	Ljava/lang/Object;	final	2	2	5726
Lcom/google/android/gms/common/util/DynamiteApi;	com.google.android.gms.common.util.DynamiteApi	Ljava/lang/Object;	public interface abstract	0	0	5726
Lcom/google/android/gms/dynamite/DynamiteModule$DynamiteLoaderClassLoader;	com.google.android.gms.dynamite.DynamiteModule$DynamiteLoaderClassLoader	Ljava/lang/Object;	public	1	1	5726
Lcom/google/android/gms/dynamite/DynamiteModule$a;	com.google.android.gms.dynamite.DynamiteModule$a	Ljava/lang/Exception;	public	2	0	5726
Lcom/google/android/gms/dynamite/DynamiteModule$b$a;	com.google.android.gms.dynamite.DynamiteModule$b$a	Ljava/lang/Object;	public interface abstract	2	0	5726
Lcom/google/android/gms/dynamite/DynamiteModule$b$b;	com.google.android.gms.dynamite.DynamiteModule$b$b	Ljava/lang/Object;	public	1	3	5726
Lcom/google/android/gms/dynamite/DynamiteModule$b;	com.google.android.gms.dynamite.DynamiteModule$b	Ljava/lang/Object;	public interface abstract	1	0	5726
Lcom/google/android/gms/dynamite/DynamiteModule;	com.google.android.gms.dynamite.DynamiteModule	Ljava/lang/Object;	public final	13	18	5726
Lcom/google/android/gms/dynamite/a;	com.google.android.gms.dynamite.a	Ldalvik/system/PathClassLoader;	final	2	0	5726
Lcom/google/android/gms/dynamite/b;	com.google.android.gms.dynamite.b	Ljava/lang/ThreadLocal;	final	2	0	5726
Lcom/google/android/gms/dynamite/c;	com.google.android.gms.dynamite.c	Ljava/lang/Object;	final	3	0	5726
Lcom/google/android/gms/dynamite/d;	com.google.android.gms.dynamite.d	Ljava/lang/Object;	final	2	0	5726
Lcom/google/android/gms/dynamite/descriptors/com/google/android/gms/measurement/dynamite/ModuleDescriptor;	com.google.android.gms.dynamite.descriptors.com.google.android.gms.measurement.dynamite.ModuleDescriptor	Ljava/lang/Object;	public	1	2	5726
Lcom/google/android/gms/dynamite/e;	com.google.android.gms.dynamite.e	Ljava/lang/Object;	final	2	0	5726
Lcom/google/android/gms/dynamite/f;	com.google.android.gms.dynamite.f	Ljava/lang/Object;	final	2	0	5726
Lcom/google/android/gms/dynamite/g;	com.google.android.gms.dynamite.g	Ljava/lang/Object;	final	2	0	5726
Lcom/google/android/gms/dynamite/h;	com.google.android.gms.dynamite.h	Ljava/lang/Object;	final	2	0	5726
Lcom/google/android/gms/dynamite/i;	com.google.android.gms.dynamite.i	Ljava/lang/Object;	final	2	0	5726
Lcom/google/android/gms/dynamite/j;	com.google.android.gms.dynamite.j	Ljava/lang/Object;	final	2	0	5726
Lcom/google/android/gms/dynamite/k;	com.google.android.gms.dynamite.k	Ljava/lang/Object;	final	1	1	5726
Lcom/google/android/gms/dynamite/l;	com.google.android.gms.dynamite.l	Ljava/lang/Object;	final	3	1	5726
Lcom/google/android/gms/dynamite/m;	com.google.android.gms.dynamite.m	LR/a;	public final	8	0	5726
Lcom/google/android/gms/dynamite/n;	com.google.android.gms.dynamite.n	LR/a;	public final	3	0	5726
Lcom/google/android/gms/internal/measurement/L0;	com.google.android.gms.internal.measurement.L0	Ljava/lang/Object;	abstract	4	4	5726
Lcom/google/android/gms/internal/measurement/A0;	com.google.android.gms.internal.measurement.A0	Lcom/google/android/gms/internal/measurement/L0;	final	3	2	5726
Lcom/google/android/gms/internal/measurement/A4;	com.google.android.gms.internal.measurement.A4	Ljava/lang/Object;	public interface abstract	1	0	5726
Lcom/google/android/gms/internal/measurement/z4;	com.google.android.gms.internal.measurement.z4	Ljava/lang/Object;	public interface abstract	3	0	5726
Lcom/google/android/gms/internal/measurement/i3;	com.google.android.gms.internal.measurement.i3	Ljava/lang/Object;	public abstract	4	1	5726
Lcom/google/android/gms/internal/measurement/V3;	com.google.android.gms.internal.measurement.V3	Lcom/google/android/gms/internal/measurement/i3;	public abstract	29	3	5726
Lcom/google/android/gms/internal/measurement/A1;	com.google.android.gms.internal.measurement.A1	Lcom/google/android/gms/internal/measurement/V3;	public final	6	4	5726
Lcom/google/android/gms/internal/measurement/A2;	com.google.android.gms.internal.measurement.A2	Ljava/lang/Object;	public abstract synthetic	1	0	5726
Lcom/google/android/gms/internal/measurement/C3;	com.google.android.gms.internal.measurement.C3	Ljava/lang/Object;	public abstract	4	1	5726
Lcom/google/android/gms/internal/measurement/A3;	com.google.android.gms.internal.measurement.A3	Lcom/google/android/gms/internal/measurement/C3;	final	2	4	5726
Lcom/google/android/gms/internal/measurement/c3;	com.google.android.gms.internal.measurement.c3	Ljava/lang/Object;	public interface abstract	1	0	5726
Lcom/google/android/gms/internal/measurement/A5;	com.google.android.gms.internal.measurement.A5	Ljava/lang/Object;	public final	8	2	5726
Lcom/google/android/gms/internal/measurement/r;	com.google.android.gms.internal.measurement.r	Ljava/lang/Object;	public interface abstract	7	8	5726
Lcom/google/android/gms/internal/measurement/n;	com.google.android.gms.internal.measurement.n	Ljava/lang/Object;	public interface abstract	3	0	5726
Lcom/google/android/gms/internal/measurement/k;	com.google.android.gms.internal.measurement.k	Ljava/lang/Object;	public abstract	14	2	5726
Lcom/google/android/gms/internal/measurement/A6;	com.google.android.gms.internal.measurement.A6	Lcom/google/android/gms/internal/measurement/k;	public final	2	1	5726
Lcom/google/android/gms/internal/measurement/y;	com.google.android.gms.internal.measurement.y	Ljava/lang/Object;	public abstract	3	1	5726
Lcom/google/android/gms/internal/measurement/A;	com.google.android.gms.internal.measurement.A	Lcom/google/android/gms/internal/measurement/y;	public final	5	0	5726
Lcom/google/android/gms/internal/measurement/B0;	com.google.android.gms.internal.measurement.B0	Lcom/google/android/gms/internal/measurement/L0;	final	3	2	5726
Lcom/google/android/gms/internal/measurement/B1;	com.google.android.gms.internal.measurement.B1	Ljava/lang/Object;	abstract synthetic	0	0	5726
Lcom/google/android/gms/internal/measurement/B2;	com.google.android.gms.internal.measurement.B2	Ljava/lang/Object;	public interface abstract	1	0	5726
Lcom/google/android/gms/internal/measurement/B3;	com.google.android.gms.internal.measurement.B3	Ljava/lang/Object;	public abstract synthetic	0	0	5726
Lcom/google/android/gms/internal/measurement/B4;	com.google.android.gms.internal.measurement.B4	Ljava/lang/Object;	abstract	5	1	5726
Lcom/google/android/gms/internal/measurement/B5;	com.google.android.gms.internal.measurement.B5	Ljava/lang/Object;	public interface abstract	1	0	5726
Lcom/google/android/gms/internal/measurement/B6;	com.google.android.gms.internal.measurement.B6	Lcom/google/android/gms/internal/measurement/k;	public final	2	2	5726
Lcom/google/android/gms/internal/measurement/B;	com.google.android.gms.internal.measurement.B	Lcom/google/android/gms/internal/measurement/y;	public final	3	0	5726
Lcom/google/android/gms/internal/measurement/C0;	com.google.android.gms.internal.measurement.C0	Lcom/google/android/gms/internal/measurement/L0;	final	3	2	5726
Lcom/google/android/gms/internal/measurement/Y3;	com.google.android.gms.internal.measurement.Y3	Ljava/lang/Object;	public interface abstract	1	0	5726
Lcom/google/android/gms/internal/measurement/C1;	com.google.android.gms.internal.measurement.C1	Ljava/lang/Object;	final	3	1	5726
Lcom/google/android/gms/internal/measurement/C2;	com.google.android.gms.internal.measurement.C2	Ljava/lang/Object;	interface abstract	1	0	5726
Lcom/google/android/gms/internal/measurement/K4;	com.google.android.gms.internal.measurement.K4	Ljava/lang/Object;	interface abstract	9	0	5726
Lcom/google/android/gms/internal/measurement/C4;	com.google.android.gms.internal.measurement.C4	Ljava/lang/Object;	final	54	17	5726
Lcom/google/android/gms/internal/measurement/C5;	com.google.android.gms.internal.measurement.C5	Ljava/lang/Object;	public interface abstract	4	0	5726
Lcom/google/android/gms/internal/measurement/C6;	com.google.android.gms.internal.measurement.C6	Lcom/google/android/gms/internal/measurement/k;	final	2	0	5726
Lcom/google/android/gms/internal/measurement/C;	com.google.android.gms.internal.measurement.C	Ljava/lang/Object;	public final synthetic	2	1	5726
Lcom/google/android/gms/internal/measurement/D0;	com.google.android.gms.internal.measurement.D0	Lcom/google/android/gms/internal/measurement/L0;	final	3	2	5726
Lcom/google/android/gms/internal/measurement/y4;	com.google.android.gms.internal.measurement.y4	Ljava/lang/Object;	public interface abstract	3	0	5726
Lcom/google/android/gms/internal/measurement/h3;	com.google.android.gms.internal.measurement.h3	Ljava/lang/Object;	public abstract	5	0	5726
Lcom/google/android/gms/internal/measurement/T3;	com.google.android.gms.internal.measurement.T3	Lcom/google/android/gms/internal/measurement/h3;	public abstract	13	2	5726
Lcom/google/android/gms/internal/measurement/D1;	com.google.android.gms.internal.measurement.D1	Lcom/google/android/gms/internal/measurement/T3;	public final	1	0	5726
Lcom/google/android/gms/internal/measurement/D2;	com.google.android.gms.internal.measurement.D2	Ljava/lang/Object;	public final synthetic	2	2	5726
Lcom/google/android/gms/internal/measurement/n3;	com.google.android.gms.internal.measurement.n3	Ljava/lang/Object;	public abstract	1	0	5726
Lcom/google/android/gms/internal/measurement/G3;	com.google.android.gms.internal.measurement.G3	Lcom/google/android/gms/internal/measurement/n3;	public abstract	31	3	5726
Lcom/google/android/gms/internal/measurement/D3;	com.google.android.gms.internal.measurement.D3	Lcom/google/android/gms/internal/measurement/G3;	final	20	3	5726
Lcom/google/android/gms/internal/measurement/D4;	com.google.android.gms.internal.measurement.D4	Ljava/lang/Object;	final	11	4	5726
Lcom/google/android/gms/internal/measurement/D5;	com.google.android.gms.internal.measurement.D5	Ljava/lang/Object;	public final	6	4	5726
Lcom/google/android/gms/internal/measurement/D6;	com.google.android.gms.internal.measurement.D6	Lcom/google/android/gms/internal/measurement/k;	public final	2	0	5726
Lcom/google/android/gms/internal/measurement/D;	com.google.android.gms.internal.measurement.D	Ljava/lang/Object;	final	2	2	5726
Lcom/google/android/gms/internal/measurement/E0;	com.google.android.gms.internal.measurement.E0	Lcom/google/android/gms/internal/measurement/L0;	final	3	2	5726
Lcom/google/android/gms/internal/measurement/E1;	com.google.android.gms.internal.measurement.E1	Lcom/google/android/gms/internal/measurement/V3;	public final	4	9	5726
Lcom/google/android/gms/internal/measurement/E2;	com.google.android.gms.internal.measurement.E2	Landroid/database/ContentObserver;	final	2	0	5726
Lcom/google/android/gms/internal/measurement/E3;	com.google.android.gms.internal.measurement.E3	Ljava/io/IOException;	public final	2	0	5726
Lcom/google/android/gms/internal/measurement/E4;	com.google.android.gms.internal.measurement.E4	Ljava/lang/Object;	final	1	0	5726
Lcom/google/android/gms/internal/measurement/E5;	com.google.android.gms.internal.measurement.E5	Ljava/lang/Object;	public final	6	2	5726
Lcom/google/android/gms/internal/measurement/E6;	com.google.android.gms.internal.measurement.E6	Ljava/lang/Object;	public final	4	2	5726
Lcom/google/android/gms/internal/measurement/E;	com.google.android.gms.internal.measurement.E	Ljava/lang/Object;	public abstract	3	0	5726
Lcom/google/android/gms/internal/measurement/F0;	com.google.android.gms.internal.measurement.F0	Lcom/google/android/gms/internal/measurement/L0;	final	3	5	5726
Lcom/google/android/gms/internal/measurement/F1;	com.google.android.gms.internal.measurement.F1	Lcom/google/android/gms/internal/measurement/T3;	public final	5	0	5726
Lcom/google/android/gms/internal/measurement/F2;	com.google.android.gms.internal.measurement.F2	Ljava/lang/Object;	final	7	3	5726
Lcom/google/android/gms/internal/measurement/F3;	com.google.android.gms.internal.measurement.F3	Ljava/lang/Object;	public abstract synthetic	0	0	5726
Lcom/google/android/gms/internal/measurement/F4;	com.google.android.gms.internal.measurement.F4	Ljava/lang/Object;	abstract	3	2	5726
Lcom/google/android/gms/internal/measurement/F5;	com.google.android.gms.internal.measurement.F5	Ljava/lang/Object;	public interface abstract	2	0	5726
Lcom/google/android/gms/internal/measurement/F;	com.google.android.gms.internal.measurement.F	Lcom/google/android/gms/internal/measurement/y;	public final	2	0	5726
Lcom/google/android/gms/internal/measurement/G0;	com.google.android.gms.internal.measurement.G0	Lcom/google/android/gms/internal/measurement/L0;	final	2	3	5726
Lcom/google/android/gms/internal/measurement/G1;	com.google.android.gms.internal.measurement.G1	Lcom/google/android/gms/internal/measurement/V3;	public final	16	6	5726
Lcom/google/android/gms/internal/measurement/G2;	com.google.android.gms.internal.measurement.G2	Ljava/lang/Object;	public abstract synthetic	1	0	5726
Lcom/google/android/gms/internal/measurement/G4;	com.google.android.gms.internal.measurement.G4	Ljava/lang/Object;	interface abstract	0	0	5726
Lcom/google/android/gms/internal/measurement/G5;	com.google.android.gms.internal.measurement.G5	Ljava/lang/Object;	public final	4	1	5726
Lcom/google/android/gms/internal/measurement/I;	com.google.android.gms.internal.measurement.I	Ljava/lang/Object;	interface abstract	1	0	5726
Lcom/google/android/gms/internal/measurement/G;	com.google.android.gms.internal.measurement.G	Ljava/lang/Object;	final	2	2	5726
Lcom/google/android/gms/internal/measurement/H0;	com.google.android.gms.internal.measurement.H0	Ljava/lang/Object;	final	2	1	5726
Lcom/google/android/gms/internal/measurement/H1;	com.google.android.gms.internal.measurement.H1	Lcom/google/android/gms/internal/measurement/T3;	public final	3	0	5726
Lcom/google/android/gms/internal/measurement/H2;	com.google.android.gms.internal.measurement.H2	Ljava/lang/Object;	public abstract	2	1	5726
Lcom/google/android/gms/internal/measurement/h5;	com.google.android.gms.internal.measurement.h5	Ljava/lang/Object;	interface abstract	36	0	5726
Lcom/google/android/gms/internal/measurement/H3;	com.google.android.gms.internal.measurement.H3	Ljava/lang/Object;	final	38	1	5726
Lcom/google/android/gms/internal/measurement/H4;	com.google.android.gms.internal.measurement.H4	Ljava/lang/Object;	final	4	3	5726
Lcom/google/android/gms/internal/measurement/H5;	com.google.android.gms.internal.measurement.H5	Ljava/lang/Object;	public final	6	2	5726
Lcom/google/android/gms/internal/measurement/H;	com.google.android.gms.internal.measurement.H	Ljava/lang/Object;	final	2	2	5726
Lcom/google/android/gms/internal/measurement/I0;	com.google.android.gms.internal.measurement.I0	Lcom/google/android/gms/internal/measurement/L0;	final	3	3	5726
Lcom/google/android/gms/internal/measurement/I1;	com.google.android.gms.internal.measurement.I1	Lcom/google/android/gms/internal/measurement/V3;	public final	11	4	5726
Lcom/google/android/gms/internal/measurement/I2;	com.google.android.gms.internal.measurement.I2	Ljava/lang/Object;	public abstract	2	2	5726
Lcom/google/android/gms/internal/measurement/I3;	com.google.android.gms.internal.measurement.I3	Ljava/lang/Object;	public abstract	0	0	5726
Lcom/google/android/gms/internal/measurement/b4;	com.google.android.gms.internal.measurement.b4	Ljava/lang/Object;	public interface abstract	3	0	5726
Lcom/google/android/gms/internal/measurement/j3;	com.google.android.gms.internal.measurement.j3	Ljava/util/AbstractList;	abstract	14	1	5726
Lcom/google/android/gms/internal/measurement/I4;	com.google.android.gms.internal.measurement.I4	Lcom/google/android/gms/internal/measurement/j3;	final	12	3	5726
Lcom/google/android/gms/internal/measurement/I5;	com.google.android.gms.internal.measurement.I5	Ljava/lang/Object;	public interface abstract	2	0	5726
Lcom/google/android/gms/internal/measurement/J0;	com.google.android.gms.internal.measurement.J0	Lcom/google/android/gms/internal/measurement/L0;	final	2	7	5726
Lcom/google/android/gms/internal/measurement/J1;	com.google.android.gms.internal.measurement.J1	Lcom/google/android/gms/internal/measurement/T3;	public final	18	0	5726
Lcom/google/android/gms/internal/measurement/J2;	com.google.android.gms.internal.measurement.J2	Ljava/lang/Object;	public abstract	2	1	5726
Lcom/google/android/gms/internal/measurement/J3;	com.google.android.gms.internal.measurement.J3	Ljava/lang/Object;	final	3	2	5726
Lcom/google/android/gms/internal/measurement/w4;	com.google.android.gms.internal.measurement.w4	Ljava/lang/Object;	interface abstract	3	0	5726
Lcom/google/android/gms/internal/measurement/J4;	com.google.android.gms.internal.measurement.J4	Ljava/lang/Object;	final	6	4	5726
Lcom/google/android/gms/internal/measurement/J5;	com.google.android.gms.internal.measurement.J5	Ljava/lang/Object;	public final	4	3	5726
Lcom/google/android/gms/internal/measurement/J;	com.google.android.gms.internal.measurement.J	Ljava/lang/Object;	final	2	2	5726
Lcom/google/android/gms/internal/measurement/K0;	com.google.android.gms.internal.measurement.K0	Lcom/google/android/gms/internal/measurement/L0;	final	2	5	5726
Lcom/google/android/gms/internal/measurement/K1;	com.google.android.gms.internal.measurement.K1	Lcom/google/android/gms/internal/measurement/V3;	public final	24	7	5726
Lcom/google/android/gms/internal/measurement/K2;	com.google.android.gms.internal.measurement.K2	Ljava/lang/Object;	public final synthetic	3	1	5726
Lcom/google/android/gms/internal/measurement/K3;	com.google.android.gms.internal.measurement.K3	Ljava/lang/Object;	public final	4	3	5726
Lcom/google/android/gms/internal/measurement/K5;	com.google.android.gms.internal.measurement.K5	Ljava/lang/Object;	public final	6	2	5726
Lcom/google/android/gms/internal/measurement/K;	com.google.android.gms.internal.measurement.K	Lcom/google/android/gms/internal/measurement/y;	public final	5	0	5726
Lcom/google/android/gms/internal/measurement/L1;	com.google.android.gms.internal.measurement.L1	Lcom/google/android/gms/internal/measurement/T3;	public final	3	0	5726
Lcom/google/android/gms/internal/measurement/L2;	com.google.android.gms.internal.measurement.L2	Ljava/lang/Object;	public final synthetic	2	1	5726
Lcom/google/android/gms/internal/measurement/L3;	com.google.android.gms.internal.measurement.L3	Ljava/lang/Object;	abstract	4	0	5726
Lcom/google/android/gms/internal/measurement/L4;	com.google.android.gms.internal.measurement.L4	Ljava/lang/Object;	interface abstract	1	0	5726
Lcom/google/android/gms/internal/measurement/L5;	com.google.android.gms.internal.measurement.L5	Ljava/lang/Object;	public interface abstract	2	0	5726
Lcom/google/android/gms/internal/measurement/L;	com.google.android.gms.internal.measurement.	Lcom/google/android/gms/internal/measurement/y;	public final	2	0	5726
Lcom/google/android/gms/internal/measurement/M0;	com.google.android.gms.internal.measurement.M0	Lcom/google/android/gms/internal/measurement/L0;	final	2	3	5726
Lcom/google/android/gms/internal/measurement/M1;	com.google.android.gms.internal.measurement.M1	Lcom/google/android/gms/internal/measurement/V3;	public final	7	4	5726
Lcom/google/android/gms/internal/measurement/M2;	com.google.android.gms.internal.measurement.M2	Ljava/lang/Object;	public final synthetic	2	1	5726
Lcom/google/android/gms/internal/measurement/M3;	com.google.android.gms.internal.measurement.M3	Lcom/google/android/gms/internal/measurement/L3;	final	4	0	5726
Lcom/google/android/gms/internal/measurement/M4;	com.google.android.gms.internal.measurement.M4	Ljava/lang/Object;	abstract	55	4	5726
Lcom/google/android/gms/internal/measurement/M5;	com.google.android.gms.internal.measurement.M5	Ljava/lang/Object;	public final	4	5	5726
Lcom/google/android/gms/internal/measurement/M;	com.google.android.gms.internal.measurement.M	Lcom/google/android/gms/internal/measurement/y;	public final	2	0	5726
Lcom/google/android/gms/internal/measurement/N0;	com.google.android.gms.internal.measurement.N0	Lcom/google/android/gms/internal/measurement/L0;	final	2	2	5726
Lcom/google/android/gms/internal/measurement/N1;	com.google.android.gms.internal.measurement.N1	Lcom/google/android/gms/internal/measurement/T3;	public final	12	0	5726
Lcom/google/android/gms/internal/measurement/V2;	com.google.android.gms.internal.measurement.V2	Ljava/lang/Object;	public abstract	7	12	5726
Lcom/google/android/gms/internal/measurement/N2;	com.google.android.gms.internal.measurement.N2	Lcom/google/android/gms/internal/measurement/V2;	final	2	0	5726
Lcom/google/android/gms/internal/measurement/N3;	com.google.android.gms.internal.measurement.N3	Ljava/lang/Object;	abstract	3	2	5726
Lcom/google/android/gms/internal/measurement/N4;	com.google.android.gms.internal.measurement.N4	Lcom/google/android/gms/internal/measurement/k;	final	2	1	5726
Lcom/google/android/gms/internal/measurement/N5;	com.google.android.gms.internal.measurement.N5	Ljava/lang/Object;	public final	5	2	5726
Lcom/google/android/gms/internal/measurement/N;	com.google.android.gms.internal.measurement.N	Lcom/google/android/gms/internal/measurement/y;	public final	2	0	5726
Lcom/google/android/gms/internal/measurement/O0;	com.google.android.gms.internal.measurement.O0	Lcom/google/android/gms/internal/measurement/L0;	final	2	2	5726
Lcom/google/android/gms/internal/measurement/O1;	com.google.android.gms.internal.measurement.O1	Lcom/google/android/gms/internal/measurement/V3;	public final	28	8	5726
Lcom/google/android/gms/internal/measurement/O2;	com.google.android.gms.internal.measurement.O2	Lcom/google/android/gms/internal/measurement/V2;	final	2	0	5726
Lcom/google/android/gms/internal/measurement/O3;	com.google.android.gms.internal.measurement.O3	Ljava/lang/Object;	abstract	0	0	5726
Lcom/google/android/gms/internal/measurement/O4;	com.google.android.gms.internal.measurement.O4	Ljava/lang/Object;	abstract	1	0	5726
Lcom/google/android/gms/internal/measurement/O5;	com.google.android.gms.internal.measurement.O5	Ljava/lang/Object;	public interface abstract	1	0	5726
Lcom/google/android/gms/internal/measurement/O;	com.google.android.gms.internal.measurement.O	Ljava/lang/Enum;	public final enum	6	69	5726
Lcom/google/android/gms/internal/measurement/P0;	com.google.android.gms.internal.measurement.P0	Ljava/lang/Object;	public final synthetic	3	1	5726
Lcom/google/android/gms/internal/measurement/P1;	com.google.android.gms.internal.measurement.P1	Lcom/google/android/gms/internal/measurement/T3;	public final	1	0	5726
Lcom/google/android/gms/internal/measurement/P2;	com.google.android.gms.internal.measurement.P2	Lcom/google/android/gms/internal/measurement/V2;	final	2	0	5726
Lcom/google/android/gms/internal/measurement/P3;	com.google.android.gms.internal.measurement.P3	Ljava/lang/Enum;	public final enum	4	56	5726
Lcom/google/android/gms/internal/measurement/P4;	com.google.android.gms.internal.measurement.P4	Ljava/lang/RuntimeException;	public final	1	0	5726
Lcom/google/android/gms/internal/measurement/P5;	com.google.android.gms.internal.measurement.P5	Ljava/lang/Object;	public final	3	4	5726
Lcom/google/android/gms/internal/measurement/P;	com.google.android.gms.internal.measurement.P	Ljava/lang/Object;	public abstract	5	2	5726
Lcom/google/android/gms/internal/measurement/Q0;	com.google.android.gms.internal.measurement.Q0	Lcom/google/android/gms/internal/measurement/L0;	final	2	2	5726
Lcom/google/android/gms/internal/measurement/Q1;	com.google.android.gms.internal.measurement.Q1	Lcom/google/android/gms/internal/measurement/V3;	public final	4	5	5726
Lcom/google/android/gms/internal/measurement/Q2;	com.google.android.gms.internal.measurement.Q2	Lcom/google/android/gms/internal/measurement/V2;	final	2	0	5726
Lcom/google/android/gms/internal/measurement/Q3;	com.google.android.gms.internal.measurement.Q3	Ljava/lang/Object;	abstract	2	2	5726
Lcom/google/android/gms/internal/measurement/Q4;	com.google.android.gms.internal.measurement.Q4	Ljava/lang/Object;	abstract	10	0	5726
Lcom/google/android/gms/internal/measurement/Q5;	com.google.android.gms.internal.measurement.Q5	Ljava/lang/Object;	public final	5	2	5726
Lcom/google/android/gms/internal/measurement/R0;	com.google.android.gms.internal.measurement.R0	Lcom/google/android/gms/internal/measurement/L0;	final	2	2	5726
Lcom/google/android/gms/internal/measurement/R1;	com.google.android.gms.internal.measurement.R1	Ljava/lang/Object;	public final	9	4	5726
Lcom/google/android/gms/internal/measurement/R2;	com.google.android.gms.internal.measurement.R2	Ljava/lang/Object;	public final	8	8	5726
Lcom/google/android/gms/internal/measurement/R3;	com.google.android.gms.internal.measurement.R3	Lcom/google/android/gms/internal/measurement/k;	public final	2	1	5726
Lcom/google/android/gms/internal/measurement/R4;	com.google.android.gms.internal.measurement.R4	Ljava/lang/Object;	public final	16	6	5726
Lcom/google/android/gms/internal/measurement/R5;	com.google.android.gms.internal.measurement.R5	Ljava/lang/Object;	public interface abstract	1	0	5726
Lcom/google/android/gms/internal/measurement/S0;	com.google.android.gms.internal.measurement.S0	Lcom/google/android/gms/internal/measurement/L0;	final	2	3	5726
Lcom/google/android/gms/internal/measurement/S1;	com.google.android.gms.internal.measurement.S1	Lcom/google/android/gms/internal/measurement/T3;	public final	3	0	5726
Lcom/google/android/gms/internal/measurement/S2;	com.google.android.gms.internal.measurement.S2	Ljava/lang/Object;	abstract	3	0	5726
Lcom/google/android/gms/internal/measurement/x4;	com.google.android.gms.internal.measurement.x4	Ljava/lang/Object;	interface abstract	2	0	5726
Lcom/google/android/gms/internal/measurement/S3;	com.google.android.gms.internal.measurement.S3	Ljava/lang/Object;	final	5	1	5726
Lcom/google/android/gms/internal/measurement/S4;	com.google.android.gms.internal.measurement.S4	Lcom/google/android/gms/internal/measurement/Q4;	final	10	0	5726
Lcom/google/android/gms/internal/measurement/S5;	com.google.android.gms.internal.measurement.S5	Ljava/lang/Object;	public final	3	4	5726
Lcom/google/android/gms/internal/measurement/S;	com.google.android.gms.internal.measurement.S	Ljava/lang/Object;	public abstract	8	1	5726
Lcom/google/android/gms/internal/measurement/T0;	com.google.android.gms.internal.measurement.T0	Lcom/google/android/gms/internal/measurement/L0;	final	2	2	5726
Lcom/google/android/gms/internal/measurement/T1;	com.google.android.gms.internal.measurement.T1	Lcom/google/android/gms/internal/measurement/V3;	public final	8	2	5726
Lcom/google/android/gms/internal/measurement/T2;	com.google.android.gms.internal.measurement.T2	Ljava/lang/Object;	public abstract	2	0	5726
Lcom/google/android/gms/internal/measurement/T4;	com.google.android.gms.internal.measurement.T4	Ljava/lang/Object;	final	10	3	5726
Lcom/google/android/gms/internal/measurement/T5;	com.google.android.gms.internal.measurement.T5	Ljava/lang/Object;	public final	9	2	5726
Lcom/google/android/gms/internal/measurement/V;	com.google.android.gms.internal.measurement.V	Ljava/lang/Object;	public interface abstract	1	0	5726
Lcom/google/android/gms/internal/measurement/T;	com.google.android.gms.internal.measurement.T	Lcom/google/android/gms/internal/measurement/P;	public final	2	0	5726
Lcom/google/android/gms/internal/measurement/U0;	com.google.android.gms.internal.measurement.U0	Ljava/lang/Object;	final	8	1	5726
Lcom/google/android/gms/internal/measurement/U1;	com.google.android.gms.internal.measurement.U1	Lcom/google/android/gms/internal/measurement/T3;	public final	73	0	5726
Lcom/google/android/gms/internal/measurement/U2;	com.google.android.gms.internal.measurement.U2	Ljava/lang/Object;	public abstract synthetic	0	0	5726
Lcom/google/android/gms/internal/measurement/U3;	com.google.android.gms.internal.measurement.U3	Lcom/google/android/gms/internal/measurement/I3;	public abstract	0	0	5726
Lcom/google/android/gms/internal/measurement/U4;	com.google.android.gms.internal.measurement.U4	Ljava/lang/Object;	final	4	2	5726
Lcom/google/android/gms/internal/measurement/U5;	com.google.android.gms.internal.measurement.U5	Ljava/lang/Object;	public interface abstract	5	0	5726
Lcom/google/android/gms/internal/measurement/U;	com.google.android.gms.internal.measurement.U	Lcom/google/android/gms/internal/measurement/Q;	public abstract	1	0	5726
Lcom/google/android/gms/internal/measurement/V0;	com.google.android.gms.internal.measurement.V0	Ljava/lang/Object;	public final	32	10	5726
Lcom/google/android/gms/internal/measurement/V1;	com.google.android.gms.internal.measurement.V1	Lcom/google/android/gms/internal/measurement/V3;	public final	125	56	5726
Lcom/google/android/gms/internal/measurement/h4;	com.google.android.gms.internal.measurement.h4	Ljava/lang/Object;	public interface abstract	4	0	5726
Lcom/google/android/gms/internal/measurement/V4;	com.google.android.gms.internal.measurement.V4	Ljava/util/AbstractList;	public final	10	1	5726
Lcom/google/android/gms/internal/measurement/V5;	com.google.android.gms.internal.measurement.V5	Ljava/lang/Object;	public final	7	5	5726
Lcom/google/android/gms/internal/measurement/W0;	com.google.android.gms.internal.measurement.W0	Ljava/lang/Object;	abstract synthetic	0	0	5726
Lcom/google/android/gms/internal/measurement/W1;	com.google.android.gms.internal.measurement.W1	Lcom/google/android/gms/internal/measurement/T3;	public final	2	0	5726
Lcom/google/android/gms/internal/measurement/W2;	com.google.android.gms.internal.measurement.W2	Ljava/lang/Object;	public abstract	3	1	5726
Lcom/google/android/gms/internal/measurement/Z3;	com.google.android.gms.internal.measurement.Z3	Ljava/lang/Object;	public interface abstract	1	0	5726
Lcom/google/android/gms/internal/measurement/W3;	com.google.android.gms.internal.measurement.W3	Lcom/google/android/gms/internal/measurement/j3;	final	21	3	5726
Lcom/google/android/gms/internal/measurement/W4;	com.google.android.gms.internal.measurement.W4	Ljava/lang/Object;	final	3	0	5726
Lcom/google/android/gms/internal/measurement/W5;	com.google.android.gms.internal.measurement.W5	Ljava/lang/Object;	public final	5	2	5726
Lcom/google/android/gms/internal/measurement/W;	com.google.android.gms.internal.measurement.W	Ljava/lang/Object;	public abstract	1	1	5726
Lcom/google/android/gms/internal/measurement/X0;	com.google.android.gms.internal.measurement.X0	Lcom/google/android/gms/internal/measurement/T3;	public final	7	0	5726
Lcom/google/android/gms/internal/measurement/X1;	com.google.android.gms.internal.measurement.X1	Ljava/lang/Object;	final	3	1	5726
Lcom/google/android/gms/internal/measurement/X2;	com.google.android.gms.internal.measurement.X2	Ljava/lang/Object;	public final	1	0	5726
Lcom/google/android/gms/internal/measurement/X3;	com.google.android.gms.internal.measurement.X3	Ljava/lang/Object;	public interface abstract	0	0	5726
Lcom/google/android/gms/internal/measurement/Z4;	com.google.android.gms.internal.measurement.Z4	Ljava/lang/Object;	abstract	17	1	5726
Lcom/google/android/gms/internal/measurement/X4;	com.google.android.gms.internal.measurement.X4	Lcom/google/android/gms/internal/measurement/Z4;	final	8	0	5726
Lcom/google/android/gms/internal/measurement/X5;	com.google.android.gms.internal.measurement.X5	Ljava/lang/Object;	public interface abstract	1	0	5726
Lcom/google/android/gms/internal/measurement/X;	com.google.android.gms.internal.measurement.X	Ljava/lang/Object;	public abstract synthetic	1	0	5726
Lcom/google/android/gms/internal/measurement/Y0;	com.google.android.gms.internal.measurement.Y0	Lcom/google/android/gms/internal/measurement/V3;	public final	14	7	5726
Lcom/google/android/gms/internal/measurement/Y1;	com.google.android.gms.internal.measurement.Y1	Lcom/google/android/gms/internal/measurement/V3;	public final	6	4	5726
Lcom/google/android/gms/internal/measurement/a3;	com.google.android.gms.internal.measurement.a3	Ljava/lang/Object;	public abstract	5	0	5726
Lcom/google/android/gms/internal/measurement/Y2;	com.google.android.gms.internal.measurement.Y2	Lcom/google/android/gms/internal/measurement/a3;	final	7	1	5726
Lcom/google/android/gms/internal/measurement/Y4;	com.google.android.gms.internal.measurement.Y4	Lcom/google/android/gms/internal/measurement/Z4;	final	8	0	5726
Lcom/google/android/gms/internal/measurement/Y5;	com.google.android.gms.internal.measurement.Y5	Ljava/lang/Object;	public final	3	1	5726
Lcom/google/android/gms/internal/measurement/Y;	com.google.android.gms.internal.measurement.Y	Ljava/lang/Object;	public abstract	2	2	5726
Lcom/google/android/gms/internal/measurement/Z0;	com.google.android.gms.internal.measurement.Z0	Lcom/google/android/gms/internal/measurement/T3;	public final	6	0	5726
Lcom/google/android/gms/internal/measurement/Z1;	com.google.android.gms.internal.measurement.Z1	Lcom/google/android/gms/internal/measurement/T3;	public final	11	0	5726
Lcom/google/android/gms/internal/measurement/Z2;	com.google.android.gms.internal.measurement.Z2	Ljava/lang/Object;	public interface abstract	0	0	5726
Lcom/google/android/gms/internal/measurement/Z5;	com.google.android.gms.internal.measurement.Z5	Ljava/lang/Object;	public final	9	2	5726
Lcom/google/android/gms/internal/measurement/Z;	com.google.android.gms.internal.measurement.Z	Ljava/lang/Object;	public interface abstract	0	0	5726
Lcom/google/android/gms/internal/measurement/a0;	com.google.android.gms.internal.measurement.a0	Ljava/lang/Object;	public abstract synthetic	0	0	5726
Lcom/google/android/gms/internal/measurement/a1;	com.google.android.gms.internal.measurement.a1	Lcom/google/android/gms/internal/measurement/V3;	public final	19	10	5726
Lcom/google/android/gms/internal/measurement/a2;	com.google.android.gms.internal.measurement.a2	Lcom/google/android/gms/internal/measurement/V3;	public final	28	5	5726
Lcom/google/android/gms/internal/measurement/a4;	com.google.android.gms.internal.measurement.a4	Ljava/lang/Object;	public interface abstract	2	0	5726
Lcom/google/android/gms/internal/measurement/a5;	com.google.android.gms.internal.measurement.a5	Ljava/lang/Object;	abstract	32	8	5726
Lcom/google/android/gms/internal/measurement/a6;	com.google.android.gms.internal.measurement.a6	Ljava/lang/Object;	public interface abstract	5	0	5726
Lcom/google/android/gms/internal/measurement/a;	com.google.android.gms.internal.measurement.a	Ljava/lang/Object;	public final synthetic	2	1	5726
Lcom/google/android/gms/internal/measurement/b0;	com.google.android.gms.internal.measurement.b0	Ljava/lang/Object;	final	1	0	5726
Lcom/google/android/gms/internal/measurement/b1;	com.google.android.gms.internal.measurement.b1	Lcom/google/android/gms/internal/measurement/T3;	public final	2	0	5726
Lcom/google/android/gms/internal/measurement/b2;	com.google.android.gms.internal.measurement.b2	Lcom/google/android/gms/internal/measurement/T3;	public final	3	0	5726
Lcom/google/android/gms/internal/measurement/b3;	com.google.android.gms.internal.measurement.b3	Lcom/google/android/gms/internal/measurement/a3;	final	6	1	5726
Lcom/google/android/gms/internal/measurement/b5;	com.google.android.gms.internal.measurement.b5	Ljava/lang/Object;	abstract	5	0	5726
Lcom/google/android/gms/internal/measurement/b6;	com.google.android.gms.internal.measurement.b6	Ljava/lang/Object;	public final	7	14	5726
Lcom/google/android/gms/internal/measurement/b;	com.google.android.gms.internal.measurement.b	Ljava/lang/Object;	public final	12	3	5726
Lcom/google/android/gms/internal/measurement/c0;	com.google.android.gms.internal.measurement.c0	Ljava/lang/Object;	public abstract	2	2	5726
Lcom/google/android/gms/internal/measurement/c1;	com.google.android.gms.internal.measurement.c1	Lcom/google/android/gms/internal/measurement/V3;	public final	14	6	5726
Lcom/google/android/gms/internal/measurement/c2;	com.google.android.gms.internal.measurement.c2	Lcom/google/android/gms/internal/measurement/V3;	public final	12	4	5726
Lcom/google/android/gms/internal/measurement/c4;	com.google.android.gms.internal.measurement.c4	Ljava/lang/Object;	public abstract	9	6	5726
Lcom/google/android/gms/internal/measurement/c5;	com.google.android.gms.internal.measurement.c5	Lcom/google/android/gms/internal/measurement/k;	public final	2	1	5726
Lcom/google/android/gms/internal/measurement/c6;	com.google.android.gms.internal.measurement.c6	Lcom/google/android/gms/internal/measurement/k;	final	2	0	5726
Lcom/google/android/gms/internal/measurement/c;	com.google.android.gms.internal.measurement.c	Ljava/lang/Object;	public final	9	3	5726
Lcom/google/android/gms/internal/measurement/d0;	com.google.android.gms.internal.measurement.d0	Landroid/os/Handler;	public final	1	0	5726
Lcom/google/android/gms/internal/measurement/d1;	com.google.android.gms.internal.measurement.d1	Lcom/google/android/gms/internal/measurement/T3;	public final	1	0	5726
Lcom/google/android/gms/internal/measurement/d2;	com.google.android.gms.internal.measurement.d2	Lcom/google/android/gms/internal/measurement/T3;	public final	9	0	5726
Lcom/google/android/gms/internal/measurement/d3;	com.google.android.gms.internal.measurement.d3	Ljava/lang/Object;	final	3	3	5726
Lcom/google/android/gms/internal/measurement/e4;	com.google.android.gms.internal.measurement.e4	Ljava/io/IOException;	public	7	0	5726
Lcom/google/android/gms/internal/measurement/d4;	com.google.android.gms.internal.measurement.d4	Lcom/google/android/gms/internal/measurement/e4;	public final	1	0	5726
Lcom/google/android/gms/internal/measurement/d5;	com.google.android.gms.internal.measurement.d5	Ljava/lang/Object;	abstract	3	0	5726
Lcom/google/android/gms/internal/measurement/d6;	com.google.android.gms.internal.measurement.d6	Ljava/lang/Object;	public final	6	2	5726
Lcom/google/android/gms/internal/measurement/d;	com.google.android.gms.internal.measurement.d	Ljava/lang/Object;	final	3	2	5726
Lcom/google/android/gms/internal/measurement/l0;	com.google.android.gms.internal.measurement.l0	Ljava/lang/Object;	public interface abstract	1	0	5726
Lcom/google/android/gms/internal/measurement/k0;	com.google.android.gms.internal.measurement.k0	Lcom/google/android/gms/internal/measurement/Q;	public abstract	2	0	5726
Lcom/google/android/gms/internal/measurement/e0;	com.google.android.gms.internal.measurement.e0	Lcom/google/android/gms/internal/measurement/k0;	public final	6	2	5726
Lcom/google/android/gms/internal/measurement/e1;	com.google.android.gms.internal.measurement.e1	Ljava/lang/Object;	final	1	0	5726
Lcom/google/android/gms/internal/measurement/e2;	com.google.android.gms.internal.measurement.e2	Lcom/google/android/gms/internal/measurement/V3;	public final	22	8	5726
Lcom/google/android/gms/internal/measurement/e3;	com.google.android.gms.internal.measurement.e3	Ljava/lang/Object;	final	3	3	5726
Lcom/google/android/gms/internal/measurement/e5;	com.google.android.gms.internal.measurement.e5	Lcom/google/android/gms/internal/measurement/d5;	final	2	0	5726
Lcom/google/android/gms/internal/measurement/e6;	com.google.android.gms.internal.measurement.e6	Ljava/lang/Object;	public interface abstract	2	0	5726
Lcom/google/android/gms/internal/measurement/e;	com.google.android.gms.internal.measurement.e	Ljava/lang/Object;	final	3	2	5726
Lcom/google/android/gms/internal/measurement/f0;	com.google.android.gms.internal.measurement.f0	Ljava/lang/Object;	public final	8	4	5726
Lcom/google/android/gms/internal/measurement/f1;	com.google.android.gms.internal.measurement.f1	Ljava/lang/Object;	final	3	1	5726
Lcom/google/android/gms/internal/measurement/f2;	com.google.android.gms.internal.measurement.f2	Ljava/lang/Object;	abstract synthetic	0	0	5726
Lcom/google/android/gms/internal/measurement/f3;	com.google.android.gms.internal.measurement.f3	Ljava/lang/Object;	final	5	1	5726
Lcom/google/android/gms/internal/measurement/f4;	com.google.android.gms.internal.measurement.f4	Ljava/lang/Enum;	public final enum	4	14	5726
Lcom/google/android/gms/internal/measurement/f5;	com.google.android.gms.internal.measurement.f5	Ljava/lang/IllegalArgumentException;	final	1	0	5726
Lcom/google/android/gms/internal/measurement/f6;	com.google.android.gms.internal.measurement.f6	Ljava/lang/Object;	public final	4	1	5726
Lcom/google/android/gms/internal/measurement/f;	com.google.android.gms.internal.measurement.f	Ljava/lang/Object;	public final	26	2	5726
Lcom/google/android/gms/internal/measurement/i0;	com.google.android.gms.internal.measurement.i0	Ljava/lang/Object;	public interface abstract	45	0	5726
Lcom/google/android/gms/internal/measurement/g0;	com.google.android.gms.internal.measurement.g0	Lcom/google/android/gms/internal/measurement/P;	public final	26	0	5726
Lcom/google/android/gms/internal/measurement/g1;	com.google.android.gms.internal.measurement.g1	Ljava/lang/Object;	public abstract	2	1	5726
Lcom/google/android/gms/internal/measurement/g2;	com.google.android.gms.internal.measurement.g2	Lcom/google/android/gms/internal/measurement/T3;	public final	1	0	5726
Lcom/google/android/gms/internal/measurement/g3;	com.google.android.gms.internal.measurement.g3	Ljava/lang/Object;	public abstract	2	0	5726
Lcom/google/android/gms/internal/measurement/g4;	com.google.android.gms.internal.measurement.g4	Lcom/google/android/gms/internal/measurement/j3;	public final	18	3	5726
Lcom/google/android/gms/internal/measurement/g5;	com.google.android.gms.internal.measurement.g5	Ljava/lang/Object;	abstract	7	1	5726
Lcom/google/android/gms/internal/measurement/g6;	com.google.android.gms.internal.measurement.g6	Ljava/lang/Object;	public final	9	2	5726
Lcom/google/android/gms/internal/measurement/g;	com.google.android.gms.internal.measurement.g	Ljava/lang/Object;	public final	10	1	5726
Lcom/google/android/gms/internal/measurement/h0;	com.google.android.gms.internal.measurement.h0	Lcom/google/android/gms/internal/measurement/Q;	public abstract	3	0	5726
Lcom/google/android/gms/internal/measurement/h1;	com.google.android.gms.internal.measurement.h1	Lcom/google/android/gms/internal/measurement/V3;	public final	15	7	5726
Lcom/google/android/gms/internal/measurement/h2;	com.google.android.gms.internal.measurement.h2	Lcom/google/android/gms/internal/measurement/V3;	public final	7	2	5726
Lcom/google/android/gms/internal/measurement/h6;	com.google.android.gms.internal.measurement.h6	Ljava/lang/Object;	public interface abstract	5	0	5726
Lcom/google/android/gms/internal/measurement/h;	com.google.android.gms.internal.measurement.h	Ljava/lang/Object;	public final	12	2	5726
Lcom/google/android/gms/internal/measurement/i1;	com.google.android.gms.internal.measurement.i1	Lcom/google/android/gms/internal/measurement/T3;	public final	2	0	5726
Lcom/google/android/gms/internal/measurement/i2;	com.google.android.gms.internal.measurement.i2	Lcom/google/android/gms/internal/measurement/T3;	public final	1	0	5726
Lcom/google/android/gms/internal/measurement/i4;	com.google.android.gms.internal.measurement.i4	Ljava/lang/Object;	public abstract synthetic	0	0	5726
Lcom/google/android/gms/internal/measurement/i5;	com.google.android.gms.internal.measurement.i5	Ljava/lang/Object;	public final	5	2	5726
Lcom/google/android/gms/internal/measurement/i6;	com.google.android.gms.internal.measurement.i6	Ljava/lang/Object;	public final	7	5	5726
Lcom/google/android/gms/internal/measurement/i;	com.google.android.gms.internal.measurement.i	Ljava/lang/Object;	public abstract synthetic	1	0	5726
Lcom/google/android/gms/internal/measurement/j0;	com.google.android.gms.internal.measurement.j0	Lcom/google/android/gms/internal/measurement/P;	public final	2	0	5726
Lcom/google/android/gms/internal/measurement/j1;	com.google.android.gms.internal.measurement.j1	Lcom/google/android/gms/internal/measurement/V3;	public final	14	8	5726
Lcom/google/android/gms/internal/measurement/j2;	com.google.android.gms.internal.measurement.j2	Lcom/google/android/gms/internal/measurement/V3;	public final	6	4	5726
Lcom/google/android/gms/internal/measurement/o4;	com.google.android.gms.internal.measurement.o4	Ljava/lang/Object;	abstract	6	2	5726
Lcom/google/android/gms/internal/measurement/j4;	com.google.android.gms.internal.measurement.j4	Lcom/google/android/gms/internal/measurement/o4;	final	4	1	5726
Lcom/google/android/gms/internal/measurement/j5;	com.google.android.gms.internal.measurement.j5	Ljava/lang/Object;	public interface abstract	1	0	5726
Lcom/google/android/gms/internal/measurement/j6;	com.google.android.gms.internal.measurement.j6	Ljava/lang/Object;	public final	5	2	5726
Lcom/google/android/gms/internal/measurement/j;	com.google.android.gms.internal.measurement.j	Ljava/lang/Object;	public final	10	1	5726
Lcom/google/android/gms/internal/measurement/k1;	com.google.android.gms.internal.measurement.k1	Lcom/google/android/gms/internal/measurement/T3;	public final	1	0	5726
Lcom/google/android/gms/internal/measurement/k2;	com.google.android.gms.internal.measurement.k2	Lcom/google/android/gms/internal/measurement/T3;	public final	1	0	5726
Lcom/google/android/gms/internal/measurement/k3;	com.google.android.gms.internal.measurement.k3	Ljava/lang/Object;	abstract	2	1	5726
Lcom/google/android/gms/internal/measurement/k4;	com.google.android.gms.internal.measurement.k4	Ljava/lang/Object;	public abstract synthetic	0	0	5726
Lcom/google/android/gms/internal/measurement/k5;	com.google.android.gms.internal.measurement.k5	Ljava/lang/Object;	public final	3	1	5726
Lcom/google/android/gms/internal/measurement/k6;	com.google.android.gms.internal.measurement.k6	Ljava/lang/Object;	public interface abstract	1	0	5726
Lcom/google/android/gms/internal/measurement/l1;	com.google.android.gms.internal.measurement.l1	Ljava/lang/Object;	final	1	0	5726
Lcom/google/android/gms/internal/measurement/l2;	com.google.android.gms.internal.measurement.l2	Lcom/google/android/gms/internal/measurement/V3;	public final	6	4	5726
Lcom/google/android/gms/internal/measurement/l3;	com.google.android.gms.internal.measurement.l3	Ljava/lang/Object;	final	1	4	5726
Lcom/google/android/gms/internal/measurement/l4;	com.google.android.gms.internal.measurement.l4	Lcom/google/android/gms/internal/measurement/o4;	final	3	0	5726
Lcom/google/android/gms/internal/measurement/l5;	com.google.android.gms.internal.measurement.l5	Ljava/lang/Object;	public final	5	2	5726
Lcom/google/android/gms/internal/measurement/l6;	com.google.android.gms.internal.measurement.l6	Ljava/lang/Object;	public final	3	1	5726
Lcom/google/android/gms/internal/measurement/l;	com.google.android.gms.internal.measurement.l	Ljava/lang/Object;	public abstract synthetic	2	0	5726
Lcom/google/android/gms/internal/measurement/n0;	com.google.android.gms.internal.measurement.n0	Ljava/lang/Object;	public interface abstract	2	0	5726
Lcom/google/android/gms/internal/measurement/m0;	com.google.android.gms.internal.measurement.m0	Lcom/google/android/gms/internal/measurement/P;	public final	3	0	5726
Lcom/google/android/gms/internal/measurement/m1;	com.google.android.gms.internal.measurement.m1	Ljava/lang/Object;	final	3	1	5726
Lcom/google/android/gms/internal/measurement/m2;	com.google.android.gms.internal.measurement.m2	Lcom/google/android/gms/internal/measurement/T3;	public final	1	0	5726
Lcom/google/android/gms/internal/measurement/m3;	com.google.android.gms.internal.measurement.m3	Ljava/lang/Object;	abstract	16	0	5726
Lcom/google/android/gms/internal/measurement/m4;	com.google.android.gms.internal.measurement.m4	Ljava/lang/Object;	public abstract synthetic	0	0	5726
Lcom/google/android/gms/internal/measurement/m5;	com.google.android.gms.internal.measurement.m5	Ljava/lang/Object;	public interface abstract	1	0	5726
Lcom/google/android/gms/internal/measurement/m6;	com.google.android.gms.internal.measurement.m6	Ljava/lang/Object;	public final	6	2	5726
Lcom/google/android/gms/internal/measurement/m;	com.google.android.gms.internal.measurement.m	Ljava/lang/Object;	final	3	1	5726
Lcom/google/android/gms/internal/measurement/n1;	com.google.android.gms.internal.measurement.n1	Ljava/lang/Object;	public abstract	2	1	5726
Lcom/google/android/gms/internal/measurement/n2;	com.google.android.gms.internal.measurement.n2	Ljava/lang/Object;	final	1	0	5726
Lcom/google/android/gms/internal/measurement/o;	com.google.android.gms.internal.measurement.o	Ljava/lang/Object;	public	14	1	5726
Lcom/google/android/gms/internal/measurement/n4;	com.google.android.gms.internal.measurement.n4	Lcom/google/android/gms/internal/measurement/o;	public final	2	1	5726
Lcom/google/android/gms/internal/measurement/n5;	com.google.android.gms.internal.measurement.n5	Ljava/lang/Object;	public final	3	1	5726
Lcom/google/android/gms/internal/measurement/n6;	com.google.android.gms.internal.measurement.n6	Ljava/lang/Object;	public interface abstract	2	0	5726
Lcom/google/android/gms/internal/measurement/p0;	com.google.android.gms.internal.measurement.p0	Ljava/lang/Object;	public interface abstract	0	0	5726
Lcom/google/android/gms/internal/measurement/o0;	com.google.android.gms.internal.measurement.o0	Lcom/google/android/gms/internal/measurement/P;	public final	1	0	5726
Lcom/google/android/gms/internal/measurement/o1;	com.google.android.gms.internal.measurement.o1	Lcom/google/android/gms/internal/measurement/V3;	public final	13	6	5726
Lcom/google/android/gms/internal/measurement/o2;	com.google.android.gms.internal.measurement.o2	Ljava/lang/Object;	final	3	1	5726
Lcom/google/android/gms/internal/measurement/s3;	com.google.android.gms.internal.measurement.s3	Ljava/lang/Object;	public interface abstract	1	0	5726
Lcom/google/android/gms/internal/measurement/q3;	com.google.android.gms.internal.measurement.q3	Ljava/lang/Object;	abstract	3	0	5726
Lcom/google/android/gms/internal/measurement/o3;	com.google.android.gms.internal.measurement.o3	Lcom/google/android/gms/internal/measurement/q3;	final	3	3	5726
Lcom/google/android/gms/internal/measurement/o5;	com.google.android.gms.internal.measurement.o5	Ljava/lang/Object;	public final	40	2	5726
Lcom/google/android/gms/internal/measurement/o6;	com.google.android.gms.internal.measurement.o6	Ljava/lang/Object;	public final	4	1	5726
Lcom/google/android/gms/internal/measurement/p1;	com.google.android.gms.internal.measurement.p1	Ljava/lang/Object;	abstract synthetic	0	0	5726
Lcom/google/android/gms/internal/measurement/p2;	com.google.android.gms.internal.measurement.p2	Ljava/lang/Object;	public abstract	2	1	5726
Lcom/google/android/gms/internal/measurement/p3;	com.google.android.gms.internal.measurement.p3	Ljava/lang/Object;	final	2	0	5726
Lcom/google/android/gms/internal/measurement/p4;	com.google.android.gms.internal.measurement.p4	Lcom/google/android/gms/internal/measurement/j3;	final	21	3	5726
Lcom/google/android/gms/internal/measurement/p5;	com.google.android.gms.internal.measurement.p5	Ljava/lang/Object;	public interface abstract	36	0	5726
Lcom/google/android/gms/internal/measurement/p6;	com.google.android.gms.internal.measurement.p6	Ljava/lang/Object;	public final	5	2	5726
Lcom/google/android/gms/internal/measurement/p;	com.google.android.gms.internal.measurement.p	Ljava/lang/Object;	public final	9	0	5726
Lcom/google/android/gms/internal/measurement/q0;	com.google.android.gms.internal.measurement.q0	LG/a;	public final	3	9	5726
Lcom/google/android/gms/internal/measurement/q1;	com.google.android.gms.internal.measurement.q1	Ljava/lang/Object;	public final	2	4	5726
Lcom/google/android/gms/internal/measurement/q2;	com.google.android.gms.internal.measurement.q2	Lcom/google/android/gms/internal/measurement/V3;	public final	13	8	5726
Lcom/google/android/gms/internal/measurement/q4;	com.google.android.gms.internal.measurement.q4	Ljava/lang/Object;	final	3	0	5726
Lcom/google/android/gms/internal/measurement/q5;	com.google.android.gms.internal.measurement.q5	Ljava/lang/Object;	public final	38	39	5726
Lcom/google/android/gms/internal/measurement/q6;	com.google.android.gms.internal.measurement.q6	Ljava/lang/Object;	public interface abstract	1	0	5726
Lcom/google/android/gms/internal/measurement/q;	com.google.android.gms.internal.measurement.q	Lcom/google/android/gms/internal/measurement/k;	public final	4	3	5726
Lcom/google/android/gms/internal/measurement/r0;	com.google.android.gms.internal.measurement.r0	Ljava/lang/Object;	public final	3	0	5726
Lcom/google/android/gms/internal/measurement/r1;	com.google.android.gms.internal.measurement.r1	Lcom/google/android/gms/internal/measurement/T3;	public final	1	0	5726
Lcom/google/android/gms/internal/measurement/r2;	com.google.android.gms.internal.measurement.r2	Landroid/database/ContentObserver;	final	2	0	5726
Lcom/google/android/gms/internal/measurement/y3;	com.google.android.gms.internal.measurement.y3	Ljava/lang/Object;	public abstract	19	4	5726
Lcom/google/android/gms/internal/measurement/u3;	com.google.android.gms.internal.measurement.u3	Lcom/google/android/gms/internal/measurement/y3;	abstract	1	0	5726
Lcom/google/android/gms/internal/measurement/v3;	com.google.android.gms.internal.measurement.v3	Lcom/google/android/gms/internal/measurement/u3;	0x0	11	1	5726
Lcom/google/android/gms/internal/measurement/r3;	com.google.android.gms.internal.measurement.r3	Lcom/google/android/gms/internal/measurement/v3;	final	5	1	5726
Lcom/google/android/gms/internal/measurement/r4;	com.google.android.gms.internal.measurement.r4	Ljava/lang/Object;	final	3	1	5726
Lcom/google/android/gms/internal/measurement/r5;	com.google.android.gms.internal.measurement.r5	Ljava/lang/Object;	public final	5	2	5726
Lcom/google/android/gms/internal/measurement/r6;	com.google.android.gms.internal.measurement.r6	Ljava/lang/Object;	public final	3	1	5726
Lcom/google/android/gms/internal/measurement/s0;	com.google.android.gms.internal.measurement.s0	Lcom/google/android/gms/internal/measurement/L0;	final	2	2	5726
Lcom/google/android/gms/internal/measurement/s1;	com.google.android.gms.internal.measurement.s1	Lcom/google/android/gms/internal/measurement/V3;	public final	5	5	5726
Lcom/google/android/gms/internal/measurement/s2;	com.google.android.gms.internal.measurement.s2	Ljava/lang/Object;	public abstract	12	0	5726
Lcom/google/android/gms/internal/measurement/s4;	com.google.android.gms.internal.measurement.s4	Ljava/lang/Object;	final	4	2	5726
Lcom/google/android/gms/internal/measurement/s5;	com.google.android.gms.internal.measurement.s5	Ljava/lang/Object;	public interface abstract	1	0	5726
Lcom/google/android/gms/internal/measurement/s6;	com.google.android.gms.internal.measurement.s6	Ljava/lang/Object;	public final	5	2	5726
Lcom/google/android/gms/internal/measurement/s;	com.google.android.gms.internal.measurement.s	Ljava/lang/Object;	public final	11	2	5726
Lcom/google/android/gms/internal/measurement/t0;	com.google.android.gms.internal.measurement.t0	Lcom/google/android/gms/internal/measurement/L0;	final	2	4	5726
Lcom/google/android/gms/internal/measurement/t1;	com.google.android.gms.internal.measurement.t1	Lcom/google/android/gms/internal/measurement/T3;	public final	9	0	5726
Lcom/google/android/gms/internal/measurement/t2;	com.google.android.gms.internal.measurement.t2	Ljava/lang/Object;	public abstract	4	13	5726
Lcom/google/android/gms/internal/measurement/t3;	com.google.android.gms.internal.measurement.t3	Ljava/lang/Object;	public final	2	1	5726
Lcom/google/android/gms/internal/measurement/t4;	com.google.android.gms.internal.measurement.t4	Ljava/util/LinkedHashMap;	public final	17	2	5726
Lcom/google/android/gms/internal/measurement/t5;	com.google.android.gms.internal.measurement.t5	Ljava/lang/Object;	public final	3	4	5726
Lcom/google/android/gms/internal/measurement/t6;	com.google.android.gms.internal.measurement.t6	Ljava/lang/Object;	public interface abstract	1	0	5726
Lcom/google/android/gms/internal/measurement/t;	com.google.android.gms.internal.measurement.t	Ljava/lang/Object;	final	3	2	5726
Lcom/google/android/gms/internal/measurement/u0;	com.google.android.gms.internal.measurement.u0	Lcom/google/android/gms/internal/measurement/L0;	final	3	4	5726
Lcom/google/android/gms/internal/measurement/u1;	com.google.android.gms.internal.measurement.u1	Lcom/google/android/gms/internal/measurement/V3;	public final	12	6	5726
Lcom/google/android/gms/internal/measurement/u2;	com.google.android.gms.internal.measurement.u2	Ljava/lang/Object;	public abstract	3	2	5726
Lcom/google/android/gms/internal/measurement/u4;	com.google.android.gms.internal.measurement.u4	Ljava/lang/Object;	final	3	0	5726
Lcom/google/android/gms/internal/measurement/u5;	com.google.android.gms.internal.measurement.u5	Ljava/lang/Object;	public final	7	2	5726
Lcom/google/android/gms/internal/measurement/u6;	com.google.android.gms.internal.measurement.u6	Ljava/lang/Object;	public final	3	1	5726
Lcom/google/android/gms/internal/measurement/u;	com.google.android.gms.internal.measurement.u	Ljava/lang/Object;	final	3	2	5726
Lcom/google/android/gms/internal/measurement/v0;	com.google.android.gms.internal.measurement.v0	Lcom/google/android/gms/internal/measurement/L0;	final	2	4	5726
Lcom/google/android/gms/internal/measurement/v1;	com.google.android.gms.internal.measurement.v1	Lcom/google/android/gms/internal/measurement/T3;	public final	8	0	5726
Lcom/google/android/gms/internal/measurement/v2;	com.google.android.gms.internal.measurement.v2	Lcom/google/android/gms/internal/measurement/S2;	final	6	2	5726
Lcom/google/android/gms/internal/measurement/v4;	com.google.android.gms.internal.measurement.v4	Ljava/lang/Object;	abstract	3	2	5726
Lcom/google/android/gms/internal/measurement/v5;	com.google.android.gms.internal.measurement.v5	Ljava/lang/Object;	public interface abstract	3	0	5726
Lcom/google/android/gms/internal/measurement/v6;	com.google.android.gms.internal.measurement.v6	Lcom/google/android/gms/internal/measurement/k;	final	2	0	5726
Lcom/google/android/gms/internal/measurement/v;	com.google.android.gms.internal.measurement.v	Ljava/lang/Object;	public final	12	1	5726
Lcom/google/android/gms/internal/measurement/w0;	com.google.android.gms.internal.measurement.w0	Lcom/google/android/gms/internal/measurement/L0;	final	2	5	5726
Lcom/google/android/gms/internal/measurement/w1;	com.google.android.gms.internal.measurement.w1	Lcom/google/android/gms/internal/measurement/V3;	public final	21	13	5726
Lcom/google/android/gms/internal/measurement/w2;	com.google.android.gms.internal.measurement.w2	Ljava/lang/Object;	public final synthetic	2	1	5726
Lcom/google/android/gms/internal/measurement/w3;	com.google.android.gms.internal.measurement.w3	Ljava/lang/Object;	public abstract synthetic	0	0	5726
Lcom/google/android/gms/internal/measurement/w5;	com.google.android.gms.internal.measurement.w5	Ljava/lang/Object;	public final	5	3	5726
Lcom/google/android/gms/internal/measurement/w6;	com.google.android.gms.internal.measurement.w6	Ljava/lang/Object;	public interface abstract	1	0	5726
Lcom/google/android/gms/internal/measurement/w;	com.google.android.gms.internal.measurement.w	Ljava/lang/Object;	public final	8	0	5726
Lcom/google/android/gms/internal/measurement/x0;	com.google.android.gms.internal.measurement.x0	Lcom/google/android/gms/internal/measurement/L0;	final	2	2	5726
Lcom/google/android/gms/internal/measurement/x1;	com.google.android.gms.internal.measurement.x1	Lcom/google/android/gms/internal/measurement/T3;	public final	1	0	5726
Lcom/google/android/gms/internal/measurement/x2;	com.google.android.gms.internal.measurement.x2	Landroid/database/ContentObserver;	final	2	1	5726
Lcom/google/android/gms/internal/measurement/x3;	com.google.android.gms.internal.measurement.x3	Ljava/lang/Object;	final	1	0	5726
Lcom/google/android/gms/internal/measurement/x5;	com.google.android.gms.internal.measurement.x5	Ljava/lang/Object;	public final	6	2	5726
Lcom/google/android/gms/internal/measurement/x6;	com.google.android.gms.internal.measurement.x6	Lcom/google/android/gms/internal/measurement/k;	final	2	3	5726
Lcom/google/android/gms/internal/measurement/x;	com.google.android.gms.internal.measurement.x	Lcom/google/android/gms/internal/measurement/y;	public final	2	0	5726
Lcom/google/android/gms/internal/measurement/y0;	com.google.android.gms.internal.measurement.y0	Lcom/google/android/gms/internal/measurement/L0;	final	2	2	5726
Lcom/google/android/gms/internal/measurement/y1;	com.google.android.gms.internal.measurement.y1	Lcom/google/android/gms/internal/measurement/V3;	public final	4	4	5726
Lcom/google/android/gms/internal/measurement/y2;	com.google.android.gms.internal.measurement.y2	Ljava/lang/Object;	public final	8	9	5726
Lcom/google/android/gms/internal/measurement/y5;	com.google.android.gms.internal.measurement.y5	Ljava/lang/Object;	public interface abstract	2	0	5726
Lcom/google/android/gms/internal/measurement/y6;	com.google.android.gms.internal.measurement.y6	Lcom/google/android/gms/internal/measurement/k;	public final	3	1	5726
Lcom/google/android/gms/internal/measurement/z0;	com.google.android.gms.internal.measurement.z0	Ljava/lang/Exception;	public final	1	0	5726
Lcom/google/android/gms/internal/measurement/z1;	com.google.android.gms.internal.measurement.z1	Lcom/google/android/gms/internal/measurement/T3;	public final	1	0	5726
Lcom/google/android/gms/internal/measurement/z2;	com.google.android.gms.internal.measurement.z2	Ljava/lang/Object;	public final	2	1	5726
Lcom/google/android/gms/internal/measurement/z3;	com.google.android.gms.internal.measurement.z3	Ljava/lang/Object;	public abstract synthetic	0	0	5726
Lcom/google/android/gms/internal/measurement/z5;	com.google.android.gms.internal.measurement.z5	Ljava/lang/Object;	public final	4	1	5726
Lcom/google/android/gms/internal/measurement/z6;	com.google.android.gms.internal.measurement.z6	Lcom/google/android/gms/internal/measurement/k;	public final	2	1	5726
Lcom/google/android/gms/internal/measurement/z;	com.google.android.gms.internal.measurement.z	Ljava/lang/Object;	public final	3	2	5726
Lcom/google/android/gms/measurement/AppMeasurement$ConditionalUserProperty;	com.google.android.gms.measurement.AppMeasurement$ConditionalUserProperty	Ljava/lang/Object;	public	1	16	5726
Lcom/google/android/gms/measurement/AppMeasurement;	com.google.android.gms.measurement.AppMeasurement	Ljava/lang/Object;	public	16	2	5726
Lcom/google/android/gms/measurement/AppMeasurementJobService;	com.google.android.gms.measurement.AppMeasurementJobService	Landroid/app/job/JobService;	public final	11	1	5726
Lh/a;	h.a	Landroid/content/BroadcastReceiver;	public abstract	4	2	5726
Lcom/google/android/gms/measurement/AppMeasurementReceiver;	com.google.android.gms.measurement.AppMeasurementReceiver	Lh/a;	public final	3	1	5726
Lcom/google/android/gms/measurement/AppMeasurementService;	com.google.android.gms.measurement.AppMeasurementService	Landroid/app/Service;	public final	11	1	5726
Lcom/google/android/gms/measurement/d;	com.google.android.gms.measurement.d	Ljava/lang/Object;	abstract	1	0	5726
Lcom/google/android/gms/measurement/a;	com.google.android.gms.measurement.a	Lcom/google/android/gms/measurement/d;	final	14	2	5726
Lcom/google/android/gms/measurement/b;	com.google.android.gms.measurement.b	Lcom/google/android/gms/measurement/d;	final	14	1	5726
Lcom/google/android/gms/measurement/c;	com.google.android.gms.measurement.c	Ljava/lang/Object;	public abstract synthetic	0	0	5726
Lcom/google/android/gms/measurement/internal/S0;	com.google.android.gms.measurement.internal.S0	Ljava/lang/Object;	interface abstract	1	0	5726
Lcom/google/android/gms/measurement/internal/A0;	com.google.android.gms.measurement.internal.A0	Ljava/lang/Object;	public final synthetic	3	1	5726
Lcom/google/android/gms/measurement/internal/A1;	com.google.android.gms.measurement.internal.A1	Ljava/lang/Object;	public final synthetic	2	1	5726
Lcom/google/android/gms/measurement/internal/A2;	com.google.android.gms.measurement.internal.A2	Ljava/lang/Object;	final	2	2	5726
Lcom/google/android/gms/measurement/internal/A3;	com.google.android.gms.measurement.internal.A3	Ljava/lang/Object;	public final synthetic	2	4	5726
Lcom/google/android/gms/measurement/internal/A;	com.google.android.gms.measurement.internal.A	Ljava/lang/Object;	public final synthetic	3	1	5726
Lcom/google/android/gms/measurement/internal/AppMeasurementDynamiteService;	com.google.android.gms.measurement.internal.AppMeasurementDynamiteService	Lcom/google/android/gms/internal/measurement/h0;	public	48	2	5726
Lcom/google/android/gms/measurement/internal/f2;	com.google.android.gms.measurement.internal.f2	Ljava/lang/Object;	interface abstract	5	0	5726
Lcom/google/android/gms/measurement/internal/d2;	com.google.android.gms.measurement.internal.d2	Ljava/lang/Object;	abstract	8	1	5726
Lcom/google/android/gms/measurement/internal/Z0;	com.google.android.gms.measurement.internal.Z0	Lcom/google/android/gms/measurement/internal/d2;	abstract	2	0	5726
Lcom/google/android/gms/measurement/internal/B0;	com.google.android.gms.measurement.internal.B0	Lcom/google/android/gms/measurement/internal/Z0;	public final	10	3	5726
Lcom/google/android/gms/measurement/internal/B1;	com.google.android.gms.measurement.internal.B1	La/d;	final	2	1	5726
Lcom/google/android/gms/measurement/internal/B2;	com.google.android.gms.measurement.internal.B2	Ljava/lang/Object;	final	2	2	5726
Lcom/google/android/gms/measurement/internal/B3;	com.google.android.gms.measurement.internal.B3	Ljava/lang/Object;	final	2	2	5726
Lcom/google/android/gms/measurement/internal/B;	com.google.android.gms.measurement.internal.B	Ljava/lang/Object;	public final synthetic	3	1	5726
Lcom/google/android/gms/measurement/internal/C0;	com.google.android.gms.measurement.internal.C0	Ljava/lang/Object;	public final synthetic	3	1	5726
Lcom/google/android/gms/measurement/internal/C1;	com.google.android.gms.measurement.internal.C1	Ljava/lang/Object;	final	2	1	5726
Lcom/google/android/gms/measurement/internal/C2;	com.google.android.gms.measurement.internal.C2	Ljava/lang/Object;	final	2	2	5726
Lcom/google/android/gms/measurement/internal/C3;	com.google.android.gms.measurement.internal.C3	Ljava/lang/Object;	public final	12	1	5726
Lcom/google/android/gms/measurement/internal/C;	com.google.android.gms.measurement.internal.C	Ljava/lang/Object;	public final synthetic	3	1	5726
Lcom/google/android/gms/measurement/internal/D0;	com.google.android.gms.measurement.internal.D0	Ljava/lang/Object;	public final synthetic	3	1	5726
Lcom/google/android/gms/measurement/internal/D1;	com.google.android.gms.measurement.internal.D1	Ljava/lang/Object;	final	2	2	5726
Lcom/google/android/gms/measurement/internal/D2;	com.google.android.gms.measurement.internal.D2	Ljava/lang/Object;	final	2	2	5726
Lcom/google/android/gms/measurement/internal/D3;	com.google.android.gms.measurement.internal.D3	Ljava/lang/Object;	final	2	2	5726
Lcom/google/android/gms/measurement/internal/D;	com.google.android.gms.measurement.internal.D	Ljava/lang/Object;	public final synthetic	3	1	5726
Lcom/google/android/gms/measurement/internal/E0;	com.google.android.gms.measurement.internal.E0	Ljava/lang/Object;	public final synthetic	3	1	5726
Lcom/google/android/gms/measurement/internal/Q3;	com.google.android.gms.measurement.internal.Q3	Lcom/google/android/gms/measurement/internal/d2;	abstract	1	1	5726
Lcom/google/android/gms/measurement/internal/R3;	com.google.android.gms.measurement.internal.R3	Lcom/google/android/gms/measurement/internal/Q3;	abstract	5	1	5726
Lcom/google/android/gms/measurement/internal/g;	com.google.android.gms.measurement.internal.g	Ljava/lang/Object;	interface abstract	1	0	5726
Lcom/google/android/gms/measurement/internal/E1;	com.google.android.gms.measurement.internal.E1	Lcom/google/android/gms/measurement/internal/R3;	public final	31	11	5726
Lcom/google/android/gms/measurement/internal/E2;	com.google.android.gms.measurement.internal.E2	Ljava/lang/Object;	final	2	7	5726
Lcom/google/android/gms/measurement/internal/E3;	com.google.android.gms.measurement.internal.E3	Ljava/lang/Object;	final	2	2	5726
Lcom/google/android/gms/measurement/internal/E;	com.google.android.gms.measurement.internal.E	Ljava/lang/Object;	public final synthetic	3	1	5726
Lcom/google/android/gms/measurement/internal/F0;	com.google.android.gms.measurement.internal.F0	Ljava/lang/Object;	public final synthetic	3	1	5726
Lcom/google/android/gms/measurement/internal/F1;	com.google.android.gms.measurement.internal.F1	Ljava/lang/Object;	final	2	2	5726
Lcom/google/android/gms/measurement/internal/F2;	com.google.android.gms.measurement.internal.F2	Ljava/lang/Object;	final	2	6	5726
Lcom/google/android/gms/measurement/internal/F3;	com.google.android.gms.measurement.internal.F3	Ljava/lang/Object;	public final synthetic	2	1	5726
Lcom/google/android/gms/measurement/internal/F;	com.google.android.gms.measurement.internal.F	Ljava/lang/Object;	public final synthetic	3	1	5726
Lcom/google/android/gms/measurement/internal/G0;	com.google.android.gms.measurement.internal.G0	Ljava/lang/Object;	public final synthetic	3	1	5726
Lcom/google/android/gms/measurement/internal/G1;	com.google.android.gms.measurement.internal.G1	Ljava/util/concurrent/FutureTask;	final	4	4	5726
Lcom/google/android/gms/measurement/internal/G2;	com.google.android.gms.measurement.internal.G2	Ljava/lang/Object;	final	2	2	5726
Lcom/google/android/gms/measurement/internal/G3;	com.google.android.gms.measurement.internal.G3	Ljava/lang/Object;	final	2	3	5726
Lcom/google/android/gms/measurement/internal/G;	com.google.android.gms.measurement.internal.G	Ljava/lang/Object;	public final synthetic	3	1	5726
Lcom/google/android/gms/measurement/internal/H0;	com.google.android.gms.measurement.internal.H0	Ljava/lang/Object;	public final synthetic	3	1	5726
Lcom/google/android/gms/measurement/internal/H1;	com.google.android.gms.measurement.internal.H1	Ljava/lang/Thread;	final	5	4	5726
Lcom/google/android/gms/measurement/internal/H2;	com.google.android.gms.measurement.internal.H2	Ljava/lang/Object;	final	2	5	5726
Lcom/google/android/gms/measurement/internal/H3;	com.google.android.gms.measurement.internal.H3	Ljava/lang/Object;	final	3	2	5726
Lcom/google/android/gms/measurement/internal/H;	com.google.android.gms.measurement.internal.H	Ljava/lang/Object;	public final synthetic	3	1	5726
Lcom/google/android/gms/measurement/internal/I0;	com.google.android.gms.measurement.internal.I0	Ljava/lang/Object;	public final synthetic	3	1	5726
Lcom/google/android/gms/measurement/internal/e2;	com.google.android.gms.measurement.internal.e2	Lcom/google/android/gms/measurement/internal/d2;	abstract	7	1	5726
Lcom/google/android/gms/measurement/internal/I1;	com.google.android.gms.measurement.internal.I1	Lcom/google/android/gms/measurement/internal/e2;	public final	21	10	5726
Lcom/google/android/gms/measurement/internal/I2;	com.google.android.gms.measurement.internal.I2	Ljava/lang/Object;	final	8	1	5726
Lcom/google/android/gms/measurement/internal/o;	com.google.android.gms.measurement.internal.o	Ljava/lang/Object;	abstract	7	4	5726
Lcom/google/android/gms/measurement/internal/I3;	com.google.android.gms.measurement.internal.I3	Lcom/google/android/gms/measurement/internal/o;	final	2	1	5726
Lcom/google/android/gms/measurement/internal/I;	com.google.android.gms.measurement.internal.I	Ljava/lang/Object;	public final synthetic	3	1	5726
Lcom/google/android/gms/measurement/internal/J0;	com.google.android.gms.measurement.internal.J0	Ljava/lang/Object;	public final synthetic	3	1	5726
Lcom/google/android/gms/measurement/internal/J1;	com.google.android.gms.measurement.internal.J1	Ljava/lang/Object;	final	2	2	5726
Lcom/google/android/gms/measurement/internal/x1;	com.google.android.gms.measurement.internal.x1	Lcom/google/android/gms/measurement/internal/Z0;	abstract	7	1	5726
Lcom/google/android/gms/measurement/internal/J2;	com.google.android.gms.measurement.internal.J2	Lcom/google/android/gms/measurement/internal/x1;	public final	46	14	5726
Lcom/google/android/gms/measurement/internal/J3;	com.google.android.gms.measurement.internal.J3	Ljava/lang/Object;	final	2	5	5726
Lcom/google/android/gms/measurement/internal/J;	com.google.android.gms.measurement.internal.J	Ljava/lang/Object;	public final synthetic	3	1	5726
Lcom/google/android/gms/measurement/internal/K0;	com.google.android.gms.measurement.internal.K0	Ljava/lang/Object;	public final synthetic	3	1	5726
Lcom/google/android/gms/measurement/internal/K1;	com.google.android.gms.measurement.internal.K1	Ljava/lang/Object;	public final	45	34	5726
Lcom/google/android/gms/measurement/internal/K2;	com.google.android.gms.measurement.internal.K2	Ljava/lang/Object;	public final synthetic	2	5	5726
Lcom/google/android/gms/measurement/internal/K3;	com.google.android.gms.measurement.internal.K3	Ljava/lang/Object;	final	5	4	5726
Lcom/google/android/gms/measurement/internal/K;	com.google.android.gms.measurement.internal.K	Ljava/lang/Object;	public final synthetic	3	1	5726
Lcom/google/android/gms/measurement/internal/L0;	com.google.android.gms.measurement.internal.L0	Ljava/lang/Object;	public final synthetic	3	1	5726
Lcom/google/android/gms/measurement/internal/L1;	com.google.android.gms.measurement.internal.L1	Ljava/lang/Object;	public final synthetic	2	3	5726
Lcom/google/android/gms/measurement/internal/L2;	com.google.android.gms.measurement.internal.L2	Ljava/lang/Object;	final	2	2	5726
Lcom/google/android/gms/measurement/internal/L3;	com.google.android.gms.measurement.internal.L3	Ljava/lang/Object;	final	4	1	5726
Lcom/google/android/gms/measurement/internal/L;	com.google.android.gms.measurement.internal.	Ljava/lang/Object;	public final synthetic	3	1	5726
Lcom/google/android/gms/measurement/internal/M0;	com.google.android.gms.measurement.internal.M0	Ljava/lang/Object;	public final synthetic	3	1	5726
Lcom/google/android/gms/measurement/internal/M1;	com.google.android.gms.measurement.internal.M1	Ljava/lang/Object;	final	2	3	5726
Lcom/google/android/gms/measurement/internal/M2;	com.google.android.gms.measurement.internal.M2	Ljava/lang/Object;	final	4	4	5726
Lcom/google/android/gms/measurement/internal/M3;	com.google.android.gms.measurement.internal.M3	Lcom/google/android/gms/measurement/internal/x1;	public final	7	4	5726
Lcom/google/android/gms/measurement/internal/M;	com.google.android.gms.measurement.internal.M	Ljava/lang/Object;	public final synthetic	3	1	5726
Lcom/google/android/gms/measurement/internal/N0;	com.google.android.gms.measurement.internal.N0	Ljava/lang/Object;	public final synthetic	3	1	5726
Lcom/google/android/gms/measurement/internal/N1;	com.google.android.gms.measurement.internal.N1	Ljava/lang/Object;	final	2	2	5726
Lcom/google/android/gms/measurement/internal/N2;	com.google.android.gms.measurement.internal.N2	Lcom/google/android/gms/measurement/internal/e2;	public final	2	0	5726
Lcom/google/android/gms/measurement/internal/N3;	com.google.android.gms.measurement.internal.N3	Ljava/lang/Object;	final	4	2	5726
Lcom/google/android/gms/measurement/internal/N;	com.google.android.gms.measurement.internal.N	Ljava/lang/Object;	public final synthetic	3	1	5726
Lcom/google/android/gms/measurement/internal/O0;	com.google.android.gms.measurement.internal.O0	Ljava/lang/Object;	public final synthetic	3	1	5726
Lcom/google/android/gms/measurement/internal/O1;	com.google.android.gms.measurement.internal.O1	Ljava/lang/Object;	final	2	4	5726
Lcom/google/android/gms/measurement/internal/O2;	com.google.android.gms.measurement.internal.O2	Lcom/google/android/gms/measurement/internal/R3;	final	3	0	5726
Lcom/google/android/gms/measurement/internal/O3;	com.google.android.gms.measurement.internal.O3	Lcom/google/android/gms/measurement/internal/o;	final	2	1	5726
Lcom/google/android/gms/measurement/internal/O;	com.google.android.gms.measurement.internal.O	Ljava/lang/Object;	public final synthetic	3	1	5726
Lcom/google/android/gms/measurement/internal/P0;	com.google.android.gms.measurement.internal.P0	Ljava/lang/Object;	public final synthetic	3	1	5726
Lcom/google/android/gms/measurement/internal/P1;	com.google.android.gms.measurement.internal.P1	Ljava/lang/Object;	final	2	4	5726
Lcom/google/android/gms/measurement/internal/P2;	com.google.android.gms.measurement.internal.P2	Ljava/lang/Object;	public final	2	6	5726
Lcom/google/android/gms/measurement/internal/P3;	com.google.android.gms.measurement.internal.P3	Lcom/google/android/gms/measurement/internal/R3;	public final	8	3	5726
Lcom/google/android/gms/measurement/internal/P;	com.google.android.gms.measurement.internal.P	Ljava/lang/Object;	public final synthetic	3	1	5726
Lcom/google/android/gms/measurement/internal/Q0;	com.google.android.gms.measurement.internal.Q0	Ljava/lang/Object;	public final synthetic	3	1	5726
Lcom/google/android/gms/measurement/internal/Q1;	com.google.android.gms.measurement.internal.Q1	Ljava/lang/Object;	final	2	4	5726
Lcom/google/android/gms/measurement/internal/Q2;	com.google.android.gms.measurement.internal.Q2	Ljava/lang/Object;	final	2	5	5726
Lcom/google/android/gms/measurement/internal/Q;	com.google.android.gms.measurement.internal.Q	Ljava/lang/Object;	public final synthetic	3	1	5726
Lcom/google/android/gms/measurement/internal/R0;	com.google.android.gms.measurement.internal.R0	Ljava/lang/Object;	public final synthetic	3	1	5726
Lcom/google/android/gms/measurement/internal/R1;	com.google.android.gms.measurement.internal.R1	Ljava/lang/Object;	final	2	4	5726
Lcom/google/android/gms/measurement/internal/R2;	com.google.android.gms.measurement.internal.R2	Ljava/lang/Object;	final	2	5	5726
Lcom/google/android/gms/measurement/internal/S1;	com.google.android.gms.measurement.internal.S1	Ljava/lang/Object;	final	2	2	5726
Lcom/google/android/gms/measurement/internal/S2;	com.google.android.gms.measurement.internal.S2	Ljava/lang/Object;	final	2	1	5726
Lcom/google/android/gms/measurement/internal/S3;	com.google.android.gms.measurement.internal.S3	Lcom/google/android/gms/measurement/internal/Q3;	public final	1	0	5726
Lcom/google/android/gms/measurement/internal/S;	com.google.android.gms.measurement.internal.S	Ljava/lang/Object;	public final synthetic	3	1	5726
Lcom/google/android/gms/measurement/internal/T0;	com.google.android.gms.measurement.internal.T0	Ljava/lang/Object;	abstract	0	1	5726
Lcom/google/android/gms/measurement/internal/T1;	com.google.android.gms.measurement.internal.T1	Ljava/lang/Object;	final	2	2	5726
Lcom/google/android/gms/measurement/internal/T2;	com.google.android.gms.measurement.internal.T2	Ljava/lang/Object;	final	2	2	5726
Lcom/google/android/gms/measurement/internal/T3;	com.google.android.gms.measurement.internal.T3	Ljava/lang/Object;	final	2	2	5726
Lcom/google/android/gms/measurement/internal/T;	com.google.android.gms.measurement.internal.T	Ljava/lang/Object;	public final synthetic	3	1	5726
Lcom/google/android/gms/measurement/internal/U0;	com.google.android.gms.measurement.internal.U0	Ljava/lang/Object;	public final	4	8	5726
Lcom/google/android/gms/measurement/internal/U1;	com.google.android.gms.measurement.internal.U1	Ljava/lang/Object;	final	2	2	5726
Lcom/google/android/gms/measurement/internal/U2;	com.google.android.gms.measurement.internal.U2	Ljava/lang/Object;	final	2	3	5726
Lcom/google/android/gms/measurement/internal/i1;	com.google.android.gms.measurement.internal.i1	Ljava/lang/Object;	interface abstract	1	0	5726
Lcom/google/android/gms/measurement/internal/U3;	com.google.android.gms.measurement.internal.U3	Ljava/lang/Object;	final	2	2	5726
Lcom/google/android/gms/measurement/internal/U;	com.google.android.gms.measurement.internal.U	Ljava/lang/Object;	public final synthetic	3	1	5726
Lcom/google/android/gms/measurement/internal/V0;	com.google.android.gms.measurement.internal.V0	Ljava/lang/Object;	public abstract	4	75	5726
Lcom/google/android/gms/measurement/internal/V1;	com.google.android.gms.measurement.internal.V1	Ljava/lang/Object;	final	2	3	5726
Lcom/google/android/gms/measurement/internal/V2;	com.google.android.gms.measurement.internal.V2	Ljava/lang/Object;	final	2	1	5726
Lcom/google/android/gms/measurement/internal/V3;	com.google.android.gms.measurement.internal.V3	Ljava/lang/Object;	final	2	1	5726
Lcom/google/android/gms/measurement/internal/V;	com.google.android.gms.measurement.internal.V	Ljava/lang/Object;	public final synthetic	3	1	5726
Lcom/google/android/gms/measurement/internal/W0;	com.google.android.gms.measurement.internal.W0	Lcom/google/android/gms/internal/measurement/P;	public final	16	0	5726
Lcom/google/android/gms/measurement/internal/W1;	com.google.android.gms.measurement.internal.W1	Ljava/lang/Object;	final	2	3	5726
Lcom/google/android/gms/measurement/internal/W2;	com.google.android.gms.measurement.internal.W2	Lcom/google/android/gms/measurement/internal/x1;	public final	21	10	5726
Lcom/google/android/gms/measurement/internal/W3;	com.google.android.gms.measurement.internal.W3	Ljava/lang/Object;	final	2	2	5726
Lcom/google/android/gms/measurement/internal/W;	com.google.android.gms.measurement.internal.W	Ljava/lang/Object;	public final synthetic	3	1	5726
Lcom/google/android/gms/measurement/internal/X0;	com.google.android.gms.measurement.internal.X0	Lcom/google/android/gms/measurement/internal/x1;	public final	12	15	5726
Lcom/google/android/gms/measurement/internal/X1;	com.google.android.gms.measurement.internal.X1	Ljava/lang/Object;	final	2	3	5726
Lcom/google/android/gms/measurement/internal/X2;	com.google.android.gms.measurement.internal.X2	Ljava/lang/Object;	final	2	6	5726
Lcom/google/android/gms/measurement/internal/X3;	com.google.android.gms.measurement.internal.X3	Ljava/lang/Object;	final	2	4	5726
Lcom/google/android/gms/measurement/internal/X;	com.google.android.gms.measurement.internal.X	Ljava/lang/Object;	public final synthetic	3	1	5726
Lcom/google/android/gms/measurement/internal/Y0;	com.google.android.gms.measurement.internal.Y0	Landroid/database/sqlite/SQLiteOpenHelper;	final	6	1	5726
Lcom/google/android/gms/measurement/internal/Y1;	com.google.android.gms.measurement.internal.Y1	Ljava/lang/Object;	final	2	3	5726
Lcom/google/android/gms/measurement/internal/Y2;	com.google.android.gms.measurement.internal.Y2	Ljava/lang/Object;	final	2	4	5726
Lcom/google/android/gms/measurement/internal/i4;	com.google.android.gms.measurement.internal.i4	Ljava/lang/Object;	interface abstract	1	0	5726
Lcom/google/android/gms/measurement/internal/Y3;	com.google.android.gms.measurement.internal.Y3	Ljava/lang/Object;	final	2	1	5726
Lcom/google/android/gms/measurement/internal/Y;	com.google.android.gms.measurement.internal.Y	Ljava/lang/Object;	public final synthetic	3	1	5726
Lcom/google/android/gms/measurement/internal/Z1;	com.google.android.gms.measurement.internal.Z1	Ljava/lang/Object;	final	2	2	5726
Lcom/google/android/gms/measurement/internal/Z2;	com.google.android.gms.measurement.internal.Z2	Ljava/lang/Object;	final	2	2	5726
Lcom/google/android/gms/measurement/internal/Z3;	com.google.android.gms.measurement.internal.Z3	Ljava/lang/Object;	final	3	5	5726
Lcom/google/android/gms/measurement/internal/Z;	com.google.android.gms.measurement.internal.Z	Ljava/lang/Object;	public final synthetic	3	1	5726
Lcom/google/android/gms/measurement/internal/a0;	com.google.android.gms.measurement.internal.a0	Ljava/lang/Object;	final	2	2	5726
Lcom/google/android/gms/measurement/internal/a1;	com.google.android.gms.measurement.internal.a1	Lcom/google/android/gms/measurement/internal/x1;	public final	12	2	5726
Lcom/google/android/gms/measurement/internal/a2;	com.google.android.gms.measurement.internal.a2	Ljava/lang/Object;	final	2	2	5726
Lcom/google/android/gms/measurement/internal/a3;	com.google.android.gms.measurement.internal.a3	Ljava/lang/Object;	final	2	3	5726
Lcom/google/android/gms/measurement/internal/a4;	com.google.android.gms.measurement.internal.a4	Ljava/lang/Object;	final	3	2	5726
Lcom/google/android/gms/measurement/internal/a;	com.google.android.gms.measurement.internal.a	Ljava/lang/Object;	final	2	3	5726
Lcom/google/android/gms/measurement/internal/b0;	com.google.android.gms.measurement.internal.b0	Ljava/lang/Object;	public final synthetic	3	1	5726
Lcom/google/android/gms/measurement/internal/b1;	com.google.android.gms.measurement.internal.b1	Ljava/lang/Object;	public final	9	4	5726
Lcom/google/android/gms/measurement/internal/b2;	com.google.android.gms.measurement.internal.b2	Ljava/lang/Object;	final	2	5	5726
Lcom/google/android/gms/measurement/internal/b3;	com.google.android.gms.measurement.internal.b3	Ljava/lang/Object;	final	2	3	5726
Lcom/google/android/gms/measurement/internal/b4;	com.google.android.gms.measurement.internal.b4	Ljava/lang/Object;	public final	65	32	5726
Lcom/google/android/gms/measurement/internal/b;	com.google.android.gms.measurement.internal.b	Lcom/google/android/gms/measurement/internal/R3;	final	5	5	5726
Lcom/google/android/gms/measurement/internal/c0;	com.google.android.gms.measurement.internal.c0	Ljava/lang/Object;	public final synthetic	3	1	5726
Lcom/google/android/gms/measurement/internal/c1;	com.google.android.gms.measurement.internal.c1	LF/c;	public final	5	0	5726
Lcom/google/android/gms/measurement/internal/c2;	com.google.android.gms.measurement.internal.c2	LV/e;	public final	27	3	5726
Lcom/google/android/gms/measurement/internal/c3;	com.google.android.gms.measurement.internal.c3	Ljava/lang/Object;	final	2	2	5726
Lcom/google/android/gms/measurement/internal/c4;	com.google.android.gms.measurement.internal.c4	Ljava/lang/Object;	public final	1	1	5726
Lcom/google/android/gms/measurement/internal/c;	com.google.android.gms.measurement.internal.c	Ljava/lang/Object;	public final	2	0	5726
Lcom/google/android/gms/measurement/internal/d0;	com.google.android.gms.measurement.internal.d0	Ljava/lang/Object;	public final synthetic	3	1	5726
Lcom/google/android/gms/measurement/internal/d1;	com.google.android.gms.measurement.internal.d1	Ljava/lang/Object;	final	2	6	5726
Lcom/google/android/gms/measurement/internal/d3;	com.google.android.gms.measurement.internal.d3	Ljava/lang/Object;	final	2	2	5726
Lcom/google/android/gms/measurement/internal/d4;	com.google.android.gms.measurement.internal.d4	Lcom/google/android/gms/measurement/internal/R3;	public final	32	0	5726
Lcom/google/android/gms/measurement/internal/d;	com.google.android.gms.measurement.internal.d	LG/a;	public final	4	12	5726
Lcom/google/android/gms/measurement/internal/e0;	com.google.android.gms.measurement.internal.e0	Ljava/lang/Object;	public final synthetic	3	1	5726
Lcom/google/android/gms/measurement/internal/e1;	com.google.android.gms.measurement.internal.e1	Ljava/lang/Object;	public final	5	4	5726
Lcom/google/android/gms/measurement/internal/e3;	com.google.android.gms.measurement.internal.e3	Ljava/lang/Object;	final	2	3	5726
Lcom/google/android/gms/measurement/internal/e4;	com.google.android.gms.measurement.internal.e4	LG/a;	public final	6	8	5726
Lcom/google/android/gms/measurement/internal/e;	com.google.android.gms.measurement.internal.e	Ljava/lang/Object;	public final	3	0	5726
Lcom/google/android/gms/measurement/internal/f0;	com.google.android.gms.measurement.internal.f0	Ljava/lang/Object;	public final synthetic	3	1	5726
Lcom/google/android/gms/measurement/internal/f1;	com.google.android.gms.measurement.internal.f1	Ljava/lang/Object;	final	2	1	5726
Lcom/google/android/gms/measurement/internal/f3;	com.google.android.gms.measurement.internal.f3	Lcom/google/android/gms/measurement/internal/o;	final	2	1	5726
Lcom/google/android/gms/measurement/internal/f4;	com.google.android.gms.measurement.internal.f4	Ljava/lang/Object;	public final	4	0	5726
Lcom/google/android/gms/measurement/internal/f;	com.google.android.gms.measurement.internal.f	Ljava/lang/Object;	public final synthetic	3	1	5726
Lcom/google/android/gms/measurement/internal/g0;	com.google.android.gms.measurement.internal.g0	Ljava/lang/Object;	public final synthetic	3	1	5726
Lcom/google/android/gms/measurement/internal/g1;	com.google.android.gms.measurement.internal.g1	Lcom/google/android/gms/measurement/internal/e2;	public final	21	12	5726
Lcom/google/android/gms/measurement/internal/g2;	com.google.android.gms.measurement.internal.g2	Ljava/lang/Object;	final	2	1	5726
Lcom/google/android/gms/measurement/internal/g3;	com.google.android.gms.measurement.internal.g3	Ljava/lang/Object;	final	2	4	5726
Lcom/google/android/gms/measurement/internal/g4;	com.google.android.gms.measurement.internal.g4	Ljava/lang/Object;	final	1	5	5726
Lcom/google/android/gms/measurement/internal/h0;	com.google.android.gms.measurement.internal.h0	Ljava/lang/Object;	public final synthetic	3	1	5726
Lcom/google/android/gms/measurement/internal/h1;	com.google.android.gms.measurement.internal.h1	Ljava/lang/Object;	public final	4	4	5726
Lcom/google/android/gms/measurement/internal/h2;	com.google.android.gms.measurement.internal.h2	Ljava/lang/Object;	public final	1	10	5726
Lcom/google/android/gms/measurement/internal/h3;	com.google.android.gms.measurement.internal.h3	Lcom/google/android/gms/measurement/internal/o;	final	2	1	5726
Lcom/google/android/gms/measurement/internal/h4;	com.google.android.gms.measurement.internal.h4	Ljava/lang/Object;	final	2	2	5726
Lcom/google/android/gms/measurement/internal/h;	com.google.android.gms.measurement.internal.h	Lcom/google/android/gms/measurement/internal/d2;	public final	28	3	5726
Lcom/google/android/gms/measurement/internal/i0;	com.google.android.gms.measurement.internal.i0	Ljava/lang/Object;	public final synthetic	3	1	5726
Lcom/google/android/gms/measurement/internal/i2;	com.google.android.gms.measurement.internal.i2	Ljava/lang/Object;	public final synthetic	2	3	5726
Lcom/google/android/gms/measurement/internal/i3;	com.google.android.gms.measurement.internal.i3	Ljava/lang/Object;	final	2	2	5726
Lcom/google/android/gms/measurement/internal/i;	com.google.android.gms.measurement.internal.i	Ljava/lang/Object;	final	1	3	5726
Lcom/google/android/gms/measurement/internal/j0;	com.google.android.gms.measurement.internal.j0	Ljava/lang/Object;	public final synthetic	3	1	5726
Lcom/google/android/gms/measurement/internal/j1;	com.google.android.gms.measurement.internal.j1	Ljava/lang/Object;	final	2	6	5726
Lcom/google/android/gms/measurement/internal/j2;	com.google.android.gms.measurement.internal.j2	Ljava/lang/Object;	public final synthetic	2	2	5726
Lcom/google/android/gms/measurement/internal/j3;	com.google.android.gms.measurement.internal.j3	Ljava/lang/Object;	final	2	4	5726
Lcom/google/android/gms/measurement/internal/j4;	com.google.android.gms.measurement.internal.j4	Lcom/google/android/gms/measurement/internal/e2;	public final	65	6	5726
Lcom/google/android/gms/measurement/internal/j;	com.google.android.gms.measurement.internal.j	Ljava/lang/Object;	public final	1	5	5726
Lcom/google/android/gms/measurement/internal/k0;	com.google.android.gms.measurement.internal.k0	Ljava/lang/Object;	public final synthetic	3	1	5726
Lcom/google/android/gms/measurement/internal/k1;	com.google.android.gms.measurement.internal.k1	Ljava/lang/Object;	final	2	6	5726
Lcom/google/android/gms/measurement/internal/k2;	com.google.android.gms.measurement.internal.k2	Ljava/lang/Object;	public final synthetic	2	2	5726
Lcom/google/android/gms/measurement/internal/k3;	com.google.android.gms.measurement.internal.k3	Ljava/lang/Object;	final	2	2	5726
Lcom/google/android/gms/measurement/internal/k4;	com.google.android.gms.measurement.internal.k4	Ljava/lang/Object;	final	2	4	5726
Lcom/google/android/gms/measurement/internal/k;	com.google.android.gms.measurement.internal.k	Landroid/database/sqlite/SQLiteOpenHelper;	final	6	1	5726
Lcom/google/android/gms/measurement/internal/l0;	com.google.android.gms.measurement.internal.l0	Ljava/lang/Object;	public final synthetic	3	1	5726
Lcom/google/android/gms/measurement/internal/l1;	com.google.android.gms.measurement.internal.l1	Lcom/google/android/gms/measurement/internal/R3;	public final	3	0	5726
Lcom/google/android/gms/measurement/internal/l2;	com.google.android.gms.measurement.internal.l2	Ljava/lang/Object;	public final synthetic	2	1	5726
Lcom/google/android/gms/measurement/internal/l3;	com.google.android.gms.measurement.internal.l3	Ljava/lang/Object;	final	2	5	5726
Lcom/google/android/gms/measurement/internal/l4;	com.google.android.gms.measurement.internal.l4	Ljava/lang/Object;	final	2	2	5726
Lcom/google/android/gms/measurement/internal/l;	com.google.android.gms.measurement.internal.l	Lcom/google/android/gms/measurement/internal/R3;	final	51	10	5726
Lcom/google/android/gms/measurement/internal/m0;	com.google.android.gms.measurement.internal.m0	Ljava/lang/Object;	public final synthetic	3	1	5726
Lcom/google/android/gms/measurement/internal/m1;	com.google.android.gms.measurement.internal.m1	Ljava/lang/Object;	final	2	2	5726
Lcom/google/android/gms/measurement/internal/m2;	com.google.android.gms.measurement.internal.m2	Ljava/lang/Object;	final	2	1	5726
Lcom/google/android/gms/measurement/internal/m3;	com.google.android.gms.measurement.internal.m3	Ljava/lang/Object;	final	2	5	5726
Lcom/google/android/gms/measurement/internal/m4;	com.google.android.gms.measurement.internal.m4	Ljava/lang/Object;	final	2	2	5726
Lcom/google/android/gms/measurement/internal/m;	com.google.android.gms.measurement.internal.m	Ljava/lang/Object;	public abstract	2	0	5726
Lcom/google/android/gms/measurement/internal/n0;	com.google.android.gms.measurement.internal.n0	Ljava/lang/Object;	public final synthetic	3	1	5726
Lcom/google/android/gms/measurement/internal/n1;	com.google.android.gms.measurement.internal.n1	Landroid/content/BroadcastReceiver;	final	6	3	5726
Lcom/google/android/gms/measurement/internal/n2;	com.google.android.gms.measurement.internal.n2	Ljava/lang/Object;	final	63	31	5726
Lcom/google/android/gms/measurement/internal/n3;	com.google.android.gms.measurement.internal.n3	Ljava/lang/Object;	final	2	5	5726
Lcom/google/android/gms/measurement/internal/n4;	com.google.android.gms.measurement.internal.n4	Ljava/lang/Object;	final	2	2	5726
Lcom/google/android/gms/measurement/internal/n;	com.google.android.gms.measurement.internal.n	Ljava/lang/Object;	final	2	2	5726
Lcom/google/android/gms/measurement/internal/o0;	com.google.android.gms.measurement.internal.o0	Ljava/lang/Object;	public final synthetic	3	1	5726
Lcom/google/android/gms/measurement/internal/o1;	com.google.android.gms.measurement.internal.o1	Ljava/lang/Object;	public final	3	5	5726
Lcom/google/android/gms/measurement/internal/o2;	com.google.android.gms.measurement.internal.o2	Ljava/lang/Object;	final	2	2	5726
Lcom/google/android/gms/measurement/internal/o3;	com.google.android.gms.measurement.internal.o3	Ljava/lang/Object;	final	2	5	5726
Lcom/google/android/gms/measurement/internal/o4;	com.google.android.gms.measurement.internal.o4	LG/a;	public final	4	25	5726
Lcom/google/android/gms/measurement/internal/p0;	com.google.android.gms.measurement.internal.p0	Ljava/lang/Object;	public final synthetic	3	1	5726
Lcom/google/android/gms/measurement/internal/p1;	com.google.android.gms.measurement.internal.p1	Ljava/lang/Object;	public final	3	4	5726
Lcom/google/android/gms/measurement/internal/p2;	com.google.android.gms.measurement.internal.p2	Ljava/lang/Object;	final	2	9	5726
Lcom/google/android/gms/measurement/internal/p3;	com.google.android.gms.measurement.internal.p3	Ljava/lang/Object;	final	2	6	5726
Lcom/google/android/gms/measurement/internal/p4;	com.google.android.gms.measurement.internal.p4	Ljava/lang/Object;	public final	3	0	5726
Lcom/google/android/gms/measurement/internal/p;	com.google.android.gms.measurement.internal.p	Lcom/google/android/gms/measurement/internal/e2;	public final	7	5	5726
Lcom/google/android/gms/measurement/internal/q0;	com.google.android.gms.measurement.internal.q0	Ljava/lang/Object;	public final synthetic	3	1	5726
Lcom/google/android/gms/measurement/internal/q1;	com.google.android.gms.measurement.internal.q1	Ljava/lang/Object;	public final	3	5	5726
Lcom/google/android/gms/measurement/internal/q2;	com.google.android.gms.measurement.internal.q2	Ljava/lang/Object;	final	2	5	5726
Lcom/google/android/gms/measurement/internal/q3;	com.google.android.gms.measurement.internal.q3	Ljava/lang/Object;	final	2	2	5726
Lcom/google/android/gms/measurement/internal/q4;	com.google.android.gms.measurement.internal.q4	Ljava/lang/Object;	public final	6	1	5726
Lcom/google/android/gms/measurement/internal/q;	com.google.android.gms.measurement.internal.q	Ljava/lang/Object;	public final	4	6	5726
Lcom/google/android/gms/measurement/internal/r0;	com.google.android.gms.measurement.internal.r0	Ljava/lang/Object;	public final synthetic	3	1	5726
Lcom/google/android/gms/measurement/internal/r1;	com.google.android.gms.measurement.internal.r1	Ljava/lang/Object;	public final	5	5	5726
Lcom/google/android/gms/measurement/internal/r2;	com.google.android.gms.measurement.internal.r2	Ljava/lang/Object;	final	2	2	5726
Lcom/google/android/gms/measurement/internal/r3;	com.google.android.gms.measurement.internal.r3	Ljava/lang/Object;	final	2	2	5726
Lcom/google/android/gms/measurement/internal/r4;	com.google.android.gms.measurement.internal.r4	Ljava/lang/Object;	final	5	8	5726
Lcom/google/android/gms/measurement/internal/r;	com.google.android.gms.measurement.internal.r	Ljava/lang/Object;	final	4	11	5726
Lcom/google/android/gms/measurement/internal/s0;	com.google.android.gms.measurement.internal.s0	Ljava/lang/Object;	public final synthetic	3	1	5726
Lcom/google/android/gms/measurement/internal/s1;	com.google.android.gms.measurement.internal.s1	Ljava/lang/Object;	public final	3	4	5726
Lcom/google/android/gms/measurement/internal/s2;	com.google.android.gms.measurement.internal.s2	Ljava/lang/Object;	final	2	2	5726
Lcom/google/android/gms/measurement/internal/s3;	com.google.android.gms.measurement.internal.s3	Ljava/lang/Object;	final	2	2	5726
Lcom/google/android/gms/measurement/internal/s4;	com.google.android.gms.measurement.internal.s4	Ljava/lang/Object;	final	2	4	5726
Lcom/google/android/gms/measurement/internal/s;	com.google.android.gms.measurement.internal.s	Ljava/lang/Object;	final	5	2	5726
Lcom/google/android/gms/measurement/internal/t0;	com.google.android.gms.measurement.internal.t0	Ljava/lang/Object;	public final synthetic	3	1	5726
Lcom/google/android/gms/measurement/internal/t1;	com.google.android.gms.measurement.internal.t1	Lcom/google/android/gms/measurement/internal/e2;	final	13	23	5726
Lcom/google/android/gms/measurement/internal/t2;	com.google.android.gms.measurement.internal.t2	Ljava/lang/Object;	final	2	2	5726
Lcom/google/android/gms/measurement/internal/t3;	com.google.android.gms.measurement.internal.t3	Ljava/lang/Object;	final	2	1	5726
Lcom/google/android/gms/measurement/internal/u4;	com.google.android.gms.measurement.internal.u4	Ljava/lang/Object;	abstract	11	6	5726
Lcom/google/android/gms/measurement/internal/t4;	com.google.android.gms.measurement.internal.t4	Lcom/google/android/gms/measurement/internal/u4;	final	5	2	5726
Lcom/google/android/gms/measurement/internal/t;	com.google.android.gms.measurement.internal.t	LG/a;	public final	12	2	5726
Lcom/google/android/gms/measurement/internal/u0;	com.google.android.gms.measurement.internal.u0	Ljava/lang/Object;	public final synthetic	3	1	5726
Lcom/google/android/gms/measurement/internal/u1;	com.google.android.gms.measurement.internal.u1	Ljava/lang/Object;	final	2	3	5726
Lcom/google/android/gms/measurement/internal/u2;	com.google.android.gms.measurement.internal.u2	Ljava/lang/Object;	final	2	4	5726
Lcom/google/android/gms/measurement/internal/u3;	com.google.android.gms.measurement.internal.u3	Ljava/lang/Object;	final	2	1	5726
Lcom/google/android/gms/measurement/internal/u;	com.google.android.gms.measurement.internal.u	Ljava/lang/Object;	public final	3	0	5726
Lcom/google/android/gms/measurement/internal/v0;	com.google.android.gms.measurement.internal.v0	Ljava/lang/Object;	public final synthetic	3	1	5726
Lcom/google/android/gms/measurement/internal/v1;	com.google.android.gms.measurement.internal.v1	Ljava/lang/Object;	public final	4	2	5726
Lcom/google/android/gms/measurement/internal/v2;	com.google.android.gms.measurement.internal.v2	Ljava/lang/Object;	final	2	2	5726
Lcom/google/android/gms/measurement/internal/v3;	com.google.android.gms.measurement.internal.v3	Ljava/lang/Object;	public final	10	3	5726
Lcom/google/android/gms/measurement/internal/v4;	com.google.android.gms.measurement.internal.v4	Lcom/google/android/gms/measurement/internal/u4;	final	5	2	5726
Lcom/google/android/gms/measurement/internal/v;	com.google.android.gms.measurement.internal.v	LG/a;	public final	5	5	5726
Lcom/google/android/gms/measurement/internal/w0;	com.google.android.gms.measurement.internal.w0	Ljava/lang/Object;	public final synthetic	3	1	5726
Lcom/google/android/gms/measurement/internal/w1;	com.google.android.gms.measurement.internal.w1	Ljava/lang/Object;	public final	2	1	5726
Lcom/google/android/gms/measurement/internal/w2;	com.google.android.gms.measurement.internal.w2	Ljava/lang/Object;	final	2	5	5726
Lcom/google/android/gms/measurement/internal/w3;	com.google.android.gms.measurement.internal.w3	Lcom/google/android/gms/measurement/internal/x1;	public final	37	7	5726
Lcom/google/android/gms/measurement/internal/w;	com.google.android.gms.measurement.internal.w	Ljava/lang/Object;	public final	4	0	5726
Lcom/google/android/gms/measurement/internal/x0;	com.google.android.gms.measurement.internal.x0	Ljava/lang/Object;	public final synthetic	3	1	5726
Lcom/google/android/gms/measurement/internal/x2;	com.google.android.gms.measurement.internal.x2	Ljava/lang/Object;	final	2	2	5726
Lcom/google/android/gms/measurement/internal/x3;	com.google.android.gms.measurement.internal.x3	Ljava/lang/Object;	final	1	3	5726
Lcom/google/android/gms/measurement/internal/x;	com.google.android.gms.measurement.internal.x	Ljava/lang/Object;	public final synthetic	3	1	5726
Lcom/google/android/gms/measurement/internal/y0;	com.google.android.gms.measurement.internal.y0	Ljava/lang/Object;	public final synthetic	3	1	5726
Lcom/google/android/gms/measurement/internal/y1;	com.google.android.gms.measurement.internal.y1	Ljava/lang/Object;	public final synthetic	2	2	5726
Lcom/google/android/gms/measurement/internal/y2;	com.google.android.gms.measurement.internal.y2	Ljava/lang/Object;	final	2	1	5726
Lcom/google/android/gms/measurement/internal/y3;	com.google.android.gms.measurement.internal.y3	Lcom/google/android/gms/measurement/internal/R3;	public final	5	6	5726
Lcom/google/android/gms/measurement/internal/y;	com.google.android.gms.measurement.internal.y	Ljava/lang/Object;	final	2	3	5726
Lcom/google/android/gms/measurement/internal/z0;	com.google.android.gms.measurement.internal.z0	Ljava/lang/Object;	public final synthetic	3	1	5726
Lcom/google/android/gms/measurement/internal/z1;	com.google.android.gms.measurement.internal.z1	Ljava/lang/Object;	public final synthetic	2	2	5726
Lcom/google/android/gms/measurement/internal/z2;	com.google.android.gms.measurement.internal.z2	Ljava/lang/Object;	final	2	2	5726
Lcom/google/android/gms/measurement/internal/z3;	com.google.android.gms.measurement.internal.z3	Ljava/lang/Object;	public final synthetic	2	3	5726
Lcom/google/android/gms/measurement/internal/z;	com.google.android.gms.measurement.internal.z	Ljava/lang/Object;	public final synthetic	3	1	5726
Lcom/google/firebase/components/ComponentRegistrar;	com.google.firebase.components.ComponentRegistrar	Ljava/lang/Object;	public interface abstract	1	0	5726
Lcom/google/firebase/FirebaseCommonRegistrar;	com.google.firebase.FirebaseCommonRegistrar	Ljava/lang/Object;	public	11	0	5726
Lcom/google/firebase/analytics/FirebaseAnalytics;	com.google.firebase.analytics.FirebaseAnalytics	Ljava/lang/Object;	public final	5	2	5726
Lcom/google/firebase/analytics/a;	com.google.firebase.analytics.a	Ljava/lang/Object;	final	14	1	5726
Lcom/google/firebase/analytics/connector/internal/AnalyticsConnectorRegistrar;	com.google.firebase.analytics.connector.internal.AnalyticsConnectorRegistrar	Ljava/lang/Object;	public	3	0	5726
Lcom/google/firebase/analytics/connector/internal/a;	com.google.firebase.analytics.connector.internal.a	Ljava/lang/Object;	public final synthetic	3	1	5726
Lcom/google/firebase/analytics/connector/internal/b;	com.google.firebase.analytics.connector.internal.b	Ljava/lang/Object;	public abstract	6	6	5726
Lcom/google/firebase/components/ComponentDiscoveryService;	com.google.firebase.components.ComponentDiscoveryService	Landroid/app/Service;	public	2	0	5726
Lcom/google/firebase/datatransport/TransportRegistrar;	com.google.firebase.datatransport.TransportRegistrar	Ljava/lang/Object;	public	4	1	5726
Lcom/google/firebase/iid/FirebaseInstanceIdReceiver;	com.google.firebase.iid.FirebaseInstanceIdReceiver	LB/b;	public final	4	0	5726
Lcom/google/firebase/installations/FirebaseInstallationsRegistrar;	com.google.firebase.installations.FirebaseInstallationsRegistrar	Ljava/lang/Object;	public	4	1	5726
Lcom/google/firebase/installations/a$a;	com.google.firebase.installations.a$a	Ljava/lang/Object;	abstract synthetic	0	0	5726
Lcom/google/firebase/installations/g$a;	com.google.firebase.installations.g$a	Ljava/lang/Object;	public abstract	5	0	5726
Lcom/google/firebase/installations/a$b;	com.google.firebase.installations.a$b	Lcom/google/firebase/installations/g$a;	final	5	3	5726
Lcom/google/firebase/installations/g;	com.google.firebase.installations.g	Ljava/lang/Object;	public abstract	5	0	5726
Lcom/google/firebase/installations/a;	com.google.firebase.installations.a	Lcom/google/firebase/installations/g;	final	8	3	5726
Lcom/google/firebase/installations/b;	com.google.firebase.installations.b	Ljava/lang/Object;	0x0	3	2	5726
Lcom/google/firebase/installations/c$a;	com.google.firebase.installations.c$a	Ljava/lang/Object;	0x0	2	1	5726
Lcom/google/firebase/installations/c$b;	com.google.firebase.installations.c$b	Ljava/lang/Object;	abstract synthetic	1	2	5726
Ln0/e;	n0.e	Ljava/lang/Object;	public interface abstract	2	0	5726
Lcom/google/firebase/installations/c;	com.google.firebase.installations.c	Ljava/lang/Object;	public	36	14	5726
Lcom/google/firebase/installations/d$a;	com.google.firebase.installations.d$a	Ljava/lang/Enum;	public final enum	4	4	5726
Lcom/google/firebase/installations/d;	com.google.firebase.installations.d	La0/j;	public	2	1	5726
Lcom/google/firebase/installations/h;	com.google.firebase.installations.h	Ljava/lang/Object;	interface abstract	2	0	5726
Lcom/google/firebase/installations/e;	com.google.firebase.installations.e	Ljava/lang/Object;	0x0	3	2	5726
Lcom/google/firebase/installations/f;	com.google.firebase.installations.f	Ljava/lang/Object;	0x0	3	1	5726
Lcom/google/firebase/installations/i;	com.google.firebase.installations.i	Ljava/lang/Object;	public final	10	4	5726
Lcom/google/firebase/messaging/A;	com.google.firebase.messaging.A	Ljava/lang/Object;	public final synthetic	2	1	5726
Lcom/google/firebase/messaging/B;	com.google.firebase.messaging.B	Ljava/lang/Object;	public final synthetic	2	0	5726
Lcom/google/firebase/messaging/C;	com.google.firebase.messaging.C	Ljava/lang/Object;	public final synthetic	2	1	5726
Lcom/google/firebase/messaging/D;	com.google.firebase.messaging.D	Ljava/lang/Object;	0x0	14	6	5726
Lcom/google/firebase/messaging/E;	com.google.firebase.messaging.E	Ljava/lang/Object;	public final synthetic	2	2	5726
Lcom/google/firebase/messaging/F;	com.google.firebase.messaging.F	Ljava/lang/Object;	public	9	3	5726
Lcom/google/firebase/messaging/FirebaseMessaging$a;	com.google.firebase.messaging.FirebaseMessaging$a	Ljava/lang/Object;	0x0	6	5	5726
Lcom/google/firebase/messaging/FirebaseMessaging;	com.google.firebase.messaging.FirebaseMessaging	Ljava/lang/Object;	public	42	17	5726
Lcom/google/firebase/messaging/FirebaseMessagingRegistrar;	com.google.firebase.messaging.FirebaseMessagingRegistrar	Ljava/lang/Object;	public	4	1	5726
Lcom/google/firebase/messaging/j;	com.google.firebase.messaging.j	Landroid/app/Service;	public abstract	15	6	5726
Lcom/google/firebase/messaging/FirebaseMessagingService;	com.google.firebase.messaging.FirebaseMessagingService	Lcom/google/firebase/messaging/j;	public	15	6	5726
Lk/e;	k.e	Ljava/lang/Object;	public interface abstract	1	0	5726
Lcom/google/firebase/messaging/G;	com.google.firebase.messaging.G	Ljava/lang/Object;	public final synthetic	2	0	5726
Lcom/google/firebase/messaging/H;	com.google.firebase.messaging.H	Ljava/lang/Object;	public abstract	28	0	5726
Lcom/google/firebase/messaging/I;	com.google.firebase.messaging.I	Ljava/lang/Object;	0x0	9	5	5726
Lcom/google/firebase/messaging/J;	com.google.firebase.messaging.J	Ljava/lang/Object;	public	27	1	5726
Lcom/google/firebase/messaging/K;	com.google.firebase.messaging.K	Ljava/lang/Object;	public abstract	2	1	5726
Lcom/google/firebase/messaging/L;	com.google.firebase.messaging.	Ljava/lang/Object;	public abstract synthetic	1	0	5726
Lcom/google/firebase/messaging/M;	com.google.firebase.messaging.M	Ljava/lang/Object;	public abstract synthetic	1	0	5726
Lcom/google/firebase/messaging/N;	com.google.firebase.messaging.N	Ljava/lang/Object;	public final synthetic	2	3	5726
Lcom/google/firebase/messaging/O;	com.google.firebase.messaging.O	Ljava/lang/Object;	abstract	6	0	5726
Lcom/google/firebase/messaging/P;	com.google.firebase.messaging.P	Ljava/lang/Object;	abstract	3	0	5726
Lcom/google/firebase/messaging/Q$a;	com.google.firebase.messaging.Q$a	Ljava/lang/Object;	abstract synthetic	0	0	5726
Lcom/google/firebase/messaging/Q$b;	com.google.firebase.messaging.Q$b	Ljava/lang/Object;	public	5	26	5726
Lcom/google/firebase/messaging/Q;	com.google.firebase.messaging.Q	LG/a;	public final	6	4	5726
Lcom/google/firebase/messaging/S;	com.google.firebase.messaging.S	Ljava/lang/Object;	public	6	0	5726
Lcom/google/firebase/messaging/T;	com.google.firebase.messaging.T	Ljava/lang/Object;	public final synthetic	2	2	5726
Lcom/google/firebase/messaging/U$a;	com.google.firebase.messaging.U$a	Ljava/lang/Object;	interface abstract	1	0	5726
Lcom/google/firebase/messaging/U;	com.google.firebase.messaging.U	Ljava/lang/Object;	0x0	4	2	5726
Lcom/google/firebase/messaging/V;	com.google.firebase.messaging.V	Ljava/lang/Exception;	public final	2	1	5726
Lcom/google/firebase/messaging/W;	com.google.firebase.messaging.W	Ljava/lang/Object;	public	8	5	5726
Lcom/google/firebase/messaging/X;	com.google.firebase.messaging.X	Ljava/lang/Object;	public final synthetic	2	1	5726
Lcom/google/firebase/messaging/Y;	com.google.firebase.messaging.Y	Ljava/lang/Object;	final	11	6	5726
Lcom/google/firebase/messaging/Z$a;	com.google.firebase.messaging.Z$a	Ljava/lang/Object;	0x0	5	4	5726
Lcom/google/firebase/messaging/Z;	com.google.firebase.messaging.Z	Ljava/lang/Object;	0x0	7	1	5726
Lf0/d;	f0.d	Ljava/lang/Object;	public interface abstract	1	0	5726
Lcom/google/firebase/messaging/a$a;	com.google.firebase.messaging.a$a	Ljava/lang/Object;	final	4	16	5726
Lcom/google/firebase/messaging/a$b;	com.google.firebase.messaging.a$b	Ljava/lang/Object;	final	4	2	5726
Lcom/google/firebase/messaging/a$c;	com.google.firebase.messaging.a$c	Ljava/lang/Object;	final	4	2	5726
Lcom/google/firebase/messaging/a0$a;	com.google.firebase.messaging.a0$a	Landroid/content/BroadcastReceiver;	0x0	3	1	5726
Lcom/google/firebase/messaging/a0;	com.google.firebase.messaging.a0	Ljava/lang/Object;	0x0	7	4	5726
Lg0/a;	g0.a	Ljava/lang/Object;	public interface abstract	1	0	5726
Lcom/google/firebase/messaging/a;	com.google.firebase.messaging.a	Ljava/lang/Object;	public final	3	1	5726
Lcom/google/firebase/messaging/b$a;	com.google.firebase.messaging.b$a	Ljava/io/FilterInputStream;	final	7	2	5726
Lcom/google/firebase/messaging/b0;	com.google.firebase.messaging.b0	Ljava/lang/Object;	final	11	4	5726
Lcom/google/firebase/messaging/b;	com.google.firebase.messaging.b	Ljava/lang/Object;	abstract	5	0	5726
Lcom/google/firebase/messaging/c0;	com.google.firebase.messaging.c0	Ljava/lang/Object;	final	6	4	5726
Lcom/google/firebase/messaging/c;	com.google.firebase.messaging.c	Ljava/lang/Object;	public abstract synthetic	1	0	5726
Lcom/google/firebase/messaging/d$a;	com.google.firebase.messaging.d$a	Ljava/lang/Object;	public	1	3	5726
Lcom/google/firebase/messaging/d0;	com.google.firebase.messaging.d0	Ljava/lang/Object;	public final synthetic	2	5	5726
Lcom/google/firebase/messaging/d;	com.google.firebase.messaging.d	Ljava/lang/Object;	public abstract	18	1	5726
Lcom/google/firebase/messaging/e$a;	com.google.firebase.messaging.e$a	Ljava/lang/Object;	public abstract	1	0	5726
Lcom/google/firebase/messaging/e0;	com.google.firebase.messaging.e0	Ljava/lang/Object;	0x0	23	9	5726
Lcom/google/firebase/messaging/e;	com.google.firebase.messaging.e	Ljava/lang/Object;	public abstract	1	1	5726
Lcom/google/firebase/messaging/f0$a;	com.google.firebase.messaging.f0$a	Landroid/content/BroadcastReceiver;	0x0	3	2	5726
Lcom/google/firebase/messaging/f0;	com.google.firebase.messaging.f0	Ljava/lang/Object;	0x0	13	8	5726
Lcom/google/firebase/messaging/f;	com.google.firebase.messaging.f	Ljava/lang/Object;	0x0	6	3	5726
Lcom/google/firebase/messaging/g0;	com.google.firebase.messaging.g0	Ljava/lang/Object;	public final synthetic	2	1	5726
Lcom/google/firebase/messaging/g;	com.google.firebase.messaging.g	Ljava/lang/Object;	public final synthetic	2	0	5726
Lcom/google/firebase/messaging/h0;	com.google.firebase.messaging.h0	Ljava/lang/Object;	abstract	9	3	5726
Lcom/google/firebase/messaging/h;	com.google.firebase.messaging.h	Ljava/lang/Object;	public final synthetic	2	2	5726
Lcom/google/firebase/messaging/i0;	com.google.firebase.messaging.i0	Ljava/lang/Object;	public final synthetic	2	1	5726
Lcom/google/firebase/messaging/i;	com.google.firebase.messaging.i	Ljava/lang/Object;	public final synthetic	2	3	5726
Lcom/google/firebase/messaging/j0$a;	com.google.firebase.messaging.j0$a	Ljava/lang/Object;	interface abstract	1	0	5726
Lcom/google/firebase/messaging/j$a;	com.google.firebase.messaging.j$a	Ljava/lang/Object;	0x0	2	1	5726
Lcom/google/firebase/messaging/j0;	com.google.firebase.messaging.j0	Landroid/os/Binder;	0x0	4	1	5726
Lcom/google/firebase/messaging/k0;	com.google.firebase.messaging.k0	Ljava/lang/Object;	public final synthetic	2	1	5726
Lcom/google/firebase/messaging/k;	com.google.firebase.messaging.k	Ljava/lang/Object;	public final synthetic	2	2	5726
Lcom/google/firebase/messaging/l0;	com.google.firebase.messaging.l0	Ljava/lang/Object;	public final synthetic	2	1	5726
Lcom/google/firebase/messaging/l;	com.google.firebase.messaging.l	Ljava/lang/Object;	public final synthetic	2	2	5726
Lcom/google/firebase/messaging/m0$a;	com.google.firebase.messaging.m0$a	Ljava/lang/Object;	0x0	8	2	5726
Lcom/google/firebase/messaging/m0;	com.google.firebase.messaging.m0	Ljava/lang/Object;	0x0	8	6	5726
Lcom/google/firebase/messaging/m;	com.google.firebase.messaging.m	Ljava/lang/Object;	public final synthetic	2	0	5726
Lcom/google/firebase/messaging/n;	com.google.firebase.messaging.n	Ljava/lang/Object;	public	12	4	5726
Lcom/google/firebase/messaging/o;	com.google.firebase.messaging.o	Ljava/lang/Object;	abstract	7	0	5726
Lcom/google/firebase/messaging/p;	com.google.firebase.messaging.p	Ljava/lang/Object;	public final synthetic	2	2	5726
Lcom/google/firebase/messaging/q;	com.google.firebase.messaging.q	Ljava/lang/Object;	0x0	11	1	5726
Lcom/google/firebase/messaging/r;	com.google.firebase.messaging.r	Ljava/lang/Object;	public final synthetic	2	1	5726
Ll0/a$a;	l0.a$a	Ljava/lang/Object;	public interface abstract	0	0	5726
Lcom/google/firebase/messaging/s;	com.google.firebase.messaging.s	Ljava/lang/Object;	public final synthetic	1	1	5726
Lcom/google/firebase/messaging/t;	com.google.firebase.messaging.t	Ljava/lang/Object;	public final synthetic	2	1	5726
Lcom/google/firebase/messaging/u;	com.google.firebase.messaging.u	Ljava/lang/Object;	public final synthetic	2	1	5726
Lcom/google/firebase/messaging/v;	com.google.firebase.messaging.v	Ljava/lang/Object;	public final synthetic	2	1	5726
Lcom/google/firebase/messaging/w;	com.google.firebase.messaging.w	Ljava/lang/Object;	public final synthetic	2	2	5726
Lcom/google/firebase/messaging/x;	com.google.firebase.messaging.x	Ljava/lang/Object;	public final synthetic	2	1	5726
Lcom/google/firebase/messaging/y;	com.google.firebase.messaging.y	Ljava/lang/Object;	public final synthetic	2	3	5726
Lcom/google/firebase/messaging/z;	com.google.firebase.messaging.z	Ljava/lang/Object;	public final synthetic	2	3	5726
Lcom/google/firebase/provider/FirebaseInitProvider;	com.google.firebase.provider.FirebaseInitProvider	Landroid/content/ContentProvider;	public	9	0	5726
Ld/a;	d.a	Ljava/lang/Object;	public abstract synthetic	1	0	5726
Ld/b;	d.b	Ljava/lang/Object;	public abstract synthetic	1	0	5726
Ld/d$a;	d.d$a	Ljava/lang/Object;	interface abstract	2	0	5726
Ld/d$b;	d.d$b	Ljava/lang/Object;	0x0	4	2	5726
Ld/d;	d.d	Landroid/content/ContentProvider;	public abstract	9	14	5726
Ld/e;	d.e	Ljava/lang/Object;	public abstract	2	0	5726
Ld0/a;	d0.a	Ljava/lang/Object;	public final synthetic	2	0	5726
Le/a;	e.a	Ljava/lang/Object;	public abstract synthetic	1	0	5726
Le/b;	e.b	Ljava/lang/Object;	public abstract synthetic	1	0	5726
Le/c;	e.c	Ljava/lang/Object;	public abstract synthetic	1	0	5726
Le/d;	e.d	Ljava/lang/Object;	public abstract synthetic	1	0	5726
Le/e;	e.e	Ljava/lang/Object;	public abstract synthetic	1	0	5726
Le/f;	e.f	Ljava/lang/Object;	public abstract synthetic	1	0	5726
Le/g;	e.g	Ljava/lang/Object;	public abstract synthetic	1	0	5726
Le/h;	e.h	Ljava/lang/Object;	public abstract synthetic	1	0	5726
Le/i;	e.i	Ljava/lang/Object;	public abstract synthetic	1	0	5726
Le/j;	e.j	Ljava/lang/Object;	public abstract synthetic	1	0	5726
Le/k;	e.k	Ljava/lang/Object;	public abstract synthetic	1	0	5726
Lf/a;	f.a	Ljava/lang/Object;	public abstract synthetic	1	0	5726
Lf/b;	f.b	Ljava/lang/Object;	public abstract	1	0	5726
Lf/c;	f.c	Ljava/lang/Object;	public abstract synthetic	1	0	5726
Lf/d;	f.d	Ljava/lang/Object;	public final	9	2	5726
Lf/f;	f.f	Ljava/lang/Object;	interface abstract	2	0	5726
Lf/e;	f.e	Ljava/lang/Object;	final	8	6	5726
Lf/g;	f.g	Ljava/lang/Object;	public abstract synthetic	1	0	5726
Lf/h;	f.h	Ljava/lang/Object;	public abstract synthetic	1	0	5726
Lf/i;	f.i	Ljava/lang/Object;	public abstract synthetic	1	0	5726
Lf/j;	f.j	Ljava/lang/Object;	public abstract synthetic	1	0	5726
Lf/k;	f.k	Ljava/lang/Object;	final	6	1	5726
Lf/l;	f.l	Ljava/lang/Object;	public abstract synthetic	1	0	5726
Lf/m;	f.m	Ljava/lang/Object;	public abstract	1	0	5726
Lf0/a;	f0.a	Ljava/lang/Object;	public interface abstract	1	0	5726
Lf0/b;	f0.b	Ljava/lang/RuntimeException;	public final	2	0	5726
Lf0/c$a;	f0.c$a	Ljava/lang/Object;	abstract synthetic	0	0	5726
Lf0/c$b;	f0.c$b	Ljava/lang/Object;	public final	3	2	5726
Lf0/c;	f0.c	Ljava/lang/Object;	public final	9	2	5726
Lf0/e;	f0.e	Ljava/lang/Object;	public interface abstract	3	0	5726
Lf0/f;	f0.f	Ljava/lang/Object;	public interface abstract	1	0	5726
Lf0/g;	f0.g	Ljava/lang/Object;	public interface abstract	2	0	5726
Lg/b;	g.b	Lc/g;	public abstract	0	0	5726
Lg0/b;	g0.b	Ljava/lang/Object;	public interface abstract	1	0	5726
Lh0/a;	h0.a	Ljava/lang/Object;	public final synthetic	2	0	5726
Lh0/b;	h0.b	Ljava/lang/Object;	public final synthetic	2	0	5726
Lh0/c;	h0.c	Ljava/lang/Object;	public final synthetic	2	0	5726
Lh0/d$a;	h0.d$a	Ljava/lang/Object;	0x0	2	1	5726
Lh0/d$b;	h0.d$b	Ljava/lang/Object;	final	5	1	5726
Lh0/d;	h0.d	Ljava/lang/Object;	public final	18	8	5726
Lh0/e;	h0.e	Ljava/lang/Object;	final	21	7	5726
Li0/d;	i0.d	Ljava/lang/Object;	public interface abstract	2	0	5726
Li0/a$a;	i0.a$a	Ljava/lang/Object;	final	7	2	5726
Li0/a;	i0.a	Ljava/lang/Object;	public final	4	2	5726
Li0/b;	i0.b	Ljava/io/OutputStream;	final	5	1	5726
Li0/c;	i0.c	Ljava/lang/Object;	public interface abstract	1	0	5726
Li0/d$a;	i0.d$a	Ljava/lang/Enum;	public final enum	4	4	5726
Li0/e;	i0.e	Ljava/lang/Object;	public final synthetic	2	0	5726
Li0/f$a;	i0.f$a	Ljava/lang/Object;	abstract synthetic	1	1	5726
Li0/f;	i0.f	Ljava/lang/Object;	final	24	9	5726
Li0/g;	i0.g	Ljava/lang/Object;	public final synthetic	2	0	5726
Li0/h$a;	i0.h$a	Ljava/lang/Object;	public final	8	4	5726
Li0/h;	i0.h	Ljava/lang/Object;	public	4	3	5726
Li0/i;	i0.i	Ljava/lang/Object;	0x0	5	4	5726
Lj/a;	j.a	Ljava/lang/Object;	public abstract	3	0	5726
Lj/b$a;	j.b$a	Ljava/lang/Object;	public final	4	10	5726
Lj/b;	j.b	Ljava/lang/Object;	public	5	3	5726
Lj0/a;	j0.a	Ljava/lang/Object;	public abstract	0	0	5726
Lk/c;	k.c	Ljava/lang/Object;	public abstract	5	0	5726
Lk/a;	k.a	Lk/c;	final	7	3	5726
Lk/b;	k.b	Ljava/lang/Object;	public final	6	1	5726
Lk/d;	k.d	Ljava/lang/Enum;	public final enum	4	4	5726
Lk/f;	k.f	Ljava/lang/Object;	public interface abstract	1	0	5726
Lk/g;	k.g	Ljava/lang/Object;	public interface abstract	1	0	5726
Lk/h;	k.h	Ljava/lang/Object;	public interface abstract	1	0	5726
Lk0/s;	k0.s	Ljava/lang/Object;	public abstract	4	0	5726
Lk0/a;	k0.a	Lk0/s;	final	6	2	5726
Lk0/b;	k0.b	Ljava/lang/Object;	public final synthetic	2	0	5726
Lk0/c;	k0.c	Ljava/lang/Object;	public final synthetic	2	0	5726
Lk0/d;	k0.d	Ljava/lang/Object;	public final synthetic	2	2	5726
Lk0/e;	k0.e	Ljava/lang/Object;	public final synthetic	2	1	5726
Lk0/f;	k0.f	Ljava/lang/Object;	public final synthetic	2	1	5726
Lk0/j;	k0.j	Ljava/lang/Object;	public interface abstract	1	0	5726
Lk0/k;	k0.k	Ljava/lang/Object;	public interface abstract	1	0	5726
Lk0/g;	k0.g	Ljava/lang/Object;	public	17	6	5726
Lk0/h;	k0.h	Ljava/lang/Object;	public interface abstract	0	0	5726
Lk0/i$a;	k0.i$a	Ljava/lang/Object;	0x0	1	0	5726
Lk0/i;	k0.i	Ljava/lang/Object;	public abstract	1	0	5726
Lk0/k$a;	k0.k$a	Ljava/lang/Enum;	public final enum	5	6	5726
Lk0/l;	k0.l	Ljava/lang/Object;	public abstract synthetic	1	0	5726
Lk0/m;	k0.m	Ljava/lang/Object;	public abstract synthetic	1	0	5726
Lk0/n;	k0.n	Ljava/lang/Object;	public abstract synthetic	1	0	5726
Lk0/o;	k0.o	Ljava/lang/Object;	public abstract synthetic	1	0	5726
Lk0/p;	k0.p	Ljava/lang/Object;	public abstract synthetic	1	0	5726
Lk0/q;	k0.q	Ljava/lang/Object;	public abstract synthetic	1	0	5726
Lk0/r;	k0.r	Ljava/lang/Object;	0x0	14	1	5726
Ll/a$a;	l.a$a	Ljava/lang/Object;	public abstract	14	0	5726
Ll/a;	l.a	Ljava/lang/Object;	public abstract	14	0	5726
Ll/b$a;	l.b$a	Ljava/lang/Object;	final	4	13	5726
Ll/b$b;	l.b$b	Ljava/lang/Object;	final	4	2	5726
Ll/b$c;	l.b$c	Ljava/lang/Object;	final	4	3	5726
Ll/b$d;	l.b$d	Ljava/lang/Object;	final	4	8	5726
Ll/b$e;	l.b$e	Ljava/lang/Object;	final	4	8	5726
Ll/b$f;	l.b$f	Ljava/lang/Object;	final	4	3	5726
Ll/b;	l.b	Ljava/lang/Object;	public final	3	1	5726
Ll/c$a;	l.c$a	Ljava/lang/Object;	abstract synthetic	0	0	5726
Ll/c$b;	l.c$b	Ll/a$a;	final	14	12	5726
Ll/c;	l.c	Ll/a;	final	17	12	5726
Ll/j;	l.j	Ljava/lang/Object;	public abstract	4	0	5726
Ll/d;	l.d	Ll/j;	final	5	1	5726
Ll/e$a;	l.e$a	Ljava/lang/Object;	abstract synthetic	0	0	5726
Ll/k$a;	l.k$a	Ljava/lang/Object;	public abstract	4	0	5726
Ll/e$b;	l.e$b	Ll/k$a;	final	4	2	5726
Ll/k;	l.k	Ljava/lang/Object;	public abstract	4	0	5726
Ll/e;	l.e	Ll/k;	final	7	2	5726
Ll/f$a;	l.f$a	Ljava/lang/Object;	abstract synthetic	0	0	5726
Ll/l$a;	l.l$a	Ljava/lang/Object;	public abstract	9	0	5726
Ll/f$b;	l.f$b	Ll/l$a;	final	9	7	5726
Ll/l;	l.l	Ljava/lang/Object;	public abstract	11	0	5726
Ll/f;	l.f	Ll/l;	final	12	7	5726
Ll/g$a;	l.g$a	Ljava/lang/Object;	abstract synthetic	0	0	5726
Ll/m$a;	l.m$a	Ljava/lang/Object;	public abstract	11	0	5726
Ll/g$b;	l.g$b	Ll/m$a;	final	9	7	5726
Ll/m;	l.m	Ljava/lang/Object;	public abstract	9	0	5726
Ll/g;	l.g	Ll/m;	final	12	7	5726
Ll/n;	l.n	Ljava/lang/Object;	public abstract	4	0	5726
Ll/h;	l.h	Ll/n;	final	5	1	5726
Ll/i$a;	l.i$a	Ljava/lang/Object;	abstract synthetic	0	0	5726
Ll/o$a;	l.o$a	Ljava/lang/Object;	public abstract	4	0	5726
Ll/i$b;	l.i$b	Ll/o$a;	final	4	2	5726
Ll/o;	l.o	Ljava/lang/Object;	public abstract	4	0	5726
Ll/i;	l.i	Ll/o;	final	7	2	5726
Ll/k$b;	l.k$b	Ljava/lang/Enum;	public final enum	4	4	5726
Ll/o$b;	l.o$b	Ljava/lang/Enum;	public final enum	6	24	5726
Ll/o$c;	l.o$c	Ljava/lang/Enum;	public final enum	6	22	5726
Ll/p;	l.p	Ljava/lang/Enum;	public final enum	4	9	5726
Ll0/a;	l0.a	Ljava/lang/Object;	public interface abstract	1	0	5726
Lm/a$a;	m.a$a	Ljava/lang/Object;	final	4	5	5726
Lm/a$b;	m.a$b	Ljava/lang/Object;	final	4	2	5726
Lm/a$c;	m.a$c	Ljava/lang/Object;	final	4	3	5726
Lm/a$d;	m.a$d	Ljava/lang/Object;	final	4	3	5726
Lm/a$e;	m.a$e	Ljava/lang/Object;	final	4	2	5726
Lm/a$f;	m.a$f	Ljava/lang/Object;	final	4	3	5726
Lm/a$g;	m.a$g	Ljava/lang/Object;	final	4	3	5726
Lm/a;	m.a	Ljava/lang/Object;	public final	3	1	5726
Lm/b;	m.b	Ljava/lang/Object;	public abstract synthetic	1	0	5726
Lm/c$a;	m.c$a	Ljava/lang/Object;	abstract synthetic	0	0	5726
Lm/j$a;	m.j$a	Ljava/lang/Object;	public abstract	12	0	5726
Lm/c$b;	m.c$b	Lm/j$a;	final	9	6	5726
Lm/j;	m.j	Ljava/lang/Object;	public abstract	13	0	5726
Lm/c;	m.c	Lm/j;	final	11	6	5726
Lm/d$a;	m.d$a	Ljava/lang/Object;	abstract synthetic	0	0	5726
Lm/o$a;	m.o$a	Ljava/lang/Object;	public abstract	7	0	5726
Lm/d$b;	m.d$b	Lm/o$a;	final	7	5	5726
Lm/o;	m.o	Ljava/lang/Object;	abstract	8	0	5726
Lm/d;	m.d	Lm/o;	final	10	5	5726
Lm/e$a;	m.e$a	Ljava/lang/Object;	abstract synthetic	0	0	5726
Lm/p$a;	m.p$a	Ljava/lang/Object;	public abstract	5	0	5726
Lm/e$b;	m.e$b	Lm/p$a;	final	5	3	5726
Lm/p;	m.p	Ljava/lang/Object;	public abstract	8	0	5726
Lm/e;	m.e	Lm/p;	final	7	3	5726
Lm/f$a;	m.f$a	Ljava/lang/Object;	abstract synthetic	0	0	5726
Lm/v$a;	m.v$a	Ljava/lang/Object;	interface abstract	2	0	5726
Lm/f$b;	m.f$b	Ljava/lang/Object;	final	5	1	5726
Lm/v;	m.v	Ljava/lang/Object;	abstract	4	0	5726
Lm/f;	m.f	Lm/v;	final	6	13	5726
Lm/i;	m.i	Ljava/lang/Object;	public final	6	2	5726
Lm/k;	m.k	Ljava/lang/Object;	abstract	1	0	5726
Lm/l$a;	m.l$a	Ljava/lang/Object;	abstract	2	1	5726
Ly0/a;	y0.a	Ljava/lang/Object;	public interface abstract	1	0	5726
Lo/b;	o.b	Ljava/lang/Object;	public interface abstract	0	0	5726
Lm/l;	m.l	Ljava/lang/Object;	public final	5	0	5726
Lm/m;	m.m	Ljava/lang/Object;	public abstract	2	1	5726
Lm/n$a;	m.n$a	Ljava/lang/Object;	0x0	2	1	5726
Lm/n;	m.n	Ljava/lang/Object;	0x0	2	1	5726
Lm/q;	m.q	Ljava/lang/Object;	final	2	3	5726
Lm/r;	m.r	Ljava/lang/Object;	public final synthetic	2	0	5726
Lm/s;	m.s	Ljava/lang/Object;	final	5	5	5726
Lm/t;	m.t	Ljava/lang/Object;	interface abstract	1	0	5726
Lm/u;	m.u	Ljava/lang/Object;	public	9	5	5726
Lm/w;	m.w	Ljava/lang/Object;	public final	5	5	5726
Ln/a$a;	n.a$a	Ljava/lang/Object;	abstract synthetic	0	0	5726
Ln/f$a;	n.f$a	Ljava/lang/Object;	public abstract	4	0	5726
Ln/a$b;	n.a$b	Ln/f$a;	final	4	2	5726
Ln/f;	n.f	Ljava/lang/Object;	public abstract	4	0	5726
Ln/a;	n.a	Ln/f;	final	7	2	5726
Ln/g;	n.g	Ljava/lang/Object;	public abstract	7	0	5726
Ln/b;	n.b	Ln/g;	final	6	2	5726
Ln/h;	n.h	Ljava/lang/Object;	public abstract	6	0	5726
Ln/c;	n.c	Ln/h;	final	8	4	5726
Ln/e;	n.e	Ljava/lang/Object;	public interface abstract	1	0	5726
Ln/g$a;	n.g$a	Ljava/lang/Enum;	public final enum	4	5	5726
Ln/i;	n.i	Ljava/lang/Object;	0x0	2	3	5726
Ln/j;	n.j	Ljava/lang/Object;	public final	5	3	5726
Ln/k$a;	n.k$a	Ljava/lang/Object;	0x0	5	2	5726
Ln/k;	n.k	Ljava/lang/Object;	0x0	3	3	5726
Ln/l;	n.l	Ljava/lang/Object;	public final	5	2	5726
Ln0/a;	n0.a	Ljava/lang/Object;	public final synthetic	2	1	5726
Ln0/b;	n0.b	Ljava/lang/Object;	public final synthetic	2	1	5726
Ln0/c;	n0.c	Ljava/lang/Object;	public final synthetic	2	2	5726
Ln0/d;	n0.d	Ljava/lang/Object;	public final synthetic	2	2	5726
Ln0/f;	n0.f	Ljava/lang/Object;	public final synthetic	2	0	5726
Ln0/g;	n0.g	Ljava/lang/Object;	public	5	2	5726
Lo/a;	o.a	Ljava/lang/Object;	public final	5	3	5726
Lo/c;	o.c	Ljava/lang/Object;	public final	4	2	5726
Lo/d;	o.d	Ljava/lang/Object;	public abstract	3	0	5726
Lo0/a$a;	o0.a$a	Ljava/lang/Object;	abstract synthetic	0	0	5726
Lo0/d$a;	o0.d$a	Ljava/lang/Object;	public abstract	9	0	5726
Lo0/a$b;	o0.a$b	Lo0/d$a;	final	11	7	5726
Lo0/d;	o0.d	Ljava/lang/Object;	public abstract	22	1	5726
Lo0/a;	o0.a	Lo0/d;	final	13	7	5726
Lo0/b;	o0.b	Ljava/lang/Object;	public	11	3	5726
Lo0/c$a;	o0.c$a	Ljava/lang/Enum;	public final enum	4	6	5726
Lo0/c;	o0.c	Ljava/lang/Object;	public	5	2	5726
Lorg/cocos2dx/javascript/AppActivity$a;	org.cocos2dx.javascript.AppActivity$a	Ljava/lang/Object;	0x0	2	1	5726
Lorg/cocos2dx/javascript/AppActivity$b;	org.cocos2dx.javascript.AppActivity$b	Ljava/lang/Object;	0x0	2	0	5726
Lorg/cocos2dx/lib/Cocos2dxHelper$Cocos2dxHelperListener;	org.cocos2dx.lib.Cocos2dxHelper$Cocos2dxHelperListener	Ljava/lang/Object;	public interface abstract	2	0	5726
Lorg/cocos2dx/lib/Cocos2dxActivity;	org.cocos2dx.lib.Cocos2dxActivity	Landroid/app/Activity;	public abstract	38	19	5726
Lorg/cocos2dx/javascript/AppActivity;	org.cocos2dx.javascript.AppActivity	Lorg/cocos2dx/lib/Cocos2dxActivity;	public	25	6	5726
Lorg/cocos2dx/javascript/ImageUtils;	org.cocos2dx.javascript.ImageUtils	Ljava/lang/Object;	public	6	0	5726
Lorg/cocos2dx/javascript/JsTool$a;	org.cocos2dx.javascript.JsTool$a	Ljava/lang/Object;	0x0	2	3	5726
Lorg/cocos2dx/javascript/JsTool;	org.cocos2dx.javascript.JsTool	Ljava/lang/Object;	public	4	3	5726
Lorg/cocos2dx/javascript/MyFirebaseMessagingService;	org.cocos2dx.javascript.MyFirebaseMessagingService	Lcom/google/firebase/messaging/FirebaseMessagingService;	public	7	1	5726
Lorg/cocos2dx/javascript/PlatformAndroidApi$a;	org.cocos2dx.javascript.PlatformAndroidApi$a	Ljava/lang/Object;	0x0	2	0	5726
Lorg/cocos2dx/javascript/PlatformAndroidApi$b;	org.cocos2dx.javascript.PlatformAndroidApi$b	Ljava/lang/Object;	0x0	2	0	5726
Lorg/cocos2dx/javascript/PlatformAndroidApi$c;	org.cocos2dx.javascript.PlatformAndroidApi$c	Ljava/lang/Object;	0x0	2	0	5726
Lorg/cocos2dx/javascript/PlatformAndroidApi$d;	org.cocos2dx.javascript.PlatformAndroidApi$d	Ljava/lang/Object;	0x0	2	1	5726
Lorg/cocos2dx/javascript/PlatformAndroidApi$e;	org.cocos2dx.javascript.PlatformAndroidApi$e	Ljava/lang/Object;	0x0	2	1	5726
Lorg/cocos2dx/javascript/PlatformAndroidApi$f;	org.cocos2dx.javascript.PlatformAndroidApi$f	Ljava/lang/Object;	0x0	2	1	5726
Lorg/cocos2dx/javascript/PlatformAndroidApi$g;	org.cocos2dx.javascript.PlatformAndroidApi$g	Ljava/lang/Object;	0x0	2	3	5726
Lorg/cocos2dx/javascript/PlatformAndroidApi;	org.cocos2dx.javascript.PlatformAndroidApi	Ljava/lang/Object;	public	65	8	5726
Lorg/cocos2dx/javascript/ProjUtil$a;	org.cocos2dx.javascript.ProjUtil$a	Ljava/lang/Object;	0x0	2	2	5726
Lorg/cocos2dx/javascript/ProjUtil$b;	org.cocos2dx.javascript.ProjUtil$b	Ljava/lang/Object;	0x0	2	1	5726
Lorg/cocos2dx/javascript/ProjUtil;	org.cocos2dx.javascript.ProjUtil	Ljava/lang/Object;	public	32	1	5726
Lorg/cocos2dx/javascript/SDKWrapper;	org.cocos2dx.javascript.SDKWrapper	Ljava/lang/Object;	public	20	3	5726
Lorg/cocos2dx/javascript/a;	org.cocos2dx.javascript.a	Ljava/lang/Object;	public abstract synthetic	1	0	5726
Lorg/cocos2dx/javascript/b;	org.cocos2dx.javascript.b	Ljava/lang/Object;	public abstract synthetic	1	0	5726
Lorg/cocos2dx/javascript/c;	org.cocos2dx.javascript.c	Ljava/lang/Object;	public abstract synthetic	1	0	5726
Lorg/cocos2dx/javascript/myFileProvider;	org.cocos2dx.javascript.myFileProvider	Ld/d;	public	7	0	5726
Lorg/cocos2dx/javascript/service/SDKInterface;	org.cocos2dx.javascript.service.SDKInterface	Ljava/lang/Object;	public interface abstract	14	0	5726
Lorg/cocos2dx/javascript/service/SDKClass;	org.cocos2dx.javascript.service.SDKClass	Ljava/lang/Object;	public abstract	16	1	5726
Lorg/cocos2dx/lib/CanvasRenderingContext2DImpl$a;	org.cocos2dx.lib.CanvasRenderingContext2DImpl$a	Ljava/lang/Object;	0x0	2	3	5726
Lorg/cocos2dx/lib/CanvasRenderingContext2DImpl$b;	org.cocos2dx.lib.CanvasRenderingContext2DImpl$b	Ljava/lang/Object;	0x0	1	3	5726
Lorg/cocos2dx/lib/CanvasRenderingContext2DImpl;	org.cocos2dx.lib.CanvasRenderingContext2DImpl	Ljava/lang/Object;	public	38	34	5726
Lorg/cocos2dx/lib/Cocos2dxAccelerometer$a;	org.cocos2dx.lib.Cocos2dxAccelerometer$a	Ljava/lang/Object;	0x0	1	4	5726
Lorg/cocos2dx/lib/Cocos2dxAccelerometer$b;	org.cocos2dx.lib.Cocos2dxAccelerometer$b	Ljava/lang/Object;	0x0	1	4	5726
Lorg/cocos2dx/lib/Cocos2dxAccelerometer$c;	org.cocos2dx.lib.Cocos2dxAccelerometer$c	Ljava/lang/Object;	0x0	1	4	5726
Lorg/cocos2dx/lib/Cocos2dxAccelerometer;	org.cocos2dx.lib.Cocos2dxAccelerometer	Ljava/lang/Object;	public	9	8	5726
Lorg/cocos2dx/lib/Cocos2dxActivity$Cocos2dxEGLConfigChooser$a;	org.cocos2dx.lib.Cocos2dxActivity$Cocos2dxEGLConfigChooser$a	Ljava/lang/Object;	0x0	6	4	5726
Lorg/cocos2dx/lib/Cocos2dxActivity$Cocos2dxEGLConfigChooser;	org.cocos2dx.lib.Cocos2dxActivity$Cocos2dxEGLConfigChooser	Ljava/lang/Object;	public	5	2	5726
Lorg/cocos2dx/lib/Cocos2dxActivity$a;	org.cocos2dx.lib.Cocos2dxActivity$a	Ljava/lang/Object;	0x0	2	2	5726
Lorg/cocos2dx/lib/Cocos2dxActivity$b$a;	org.cocos2dx.lib.Cocos2dxActivity$b$a	Ljava/lang/Object;	0x0	2	2	5726
Lorg/cocos2dx/lib/Cocos2dxActivity$b$b;	org.cocos2dx.lib.Cocos2dxActivity$b$b	Ljava/lang/Object;	0x0	2	2	5726
Lorg/cocos2dx/lib/Cocos2dxActivity$b$c;	org.cocos2dx.lib.Cocos2dxActivity$b$c	Ljava/lang/Object;	0x0	2	1	5726
Lorg/cocos2dx/lib/Cocos2dxActivity$b$d;	org.cocos2dx.lib.Cocos2dxActivity$b$d	Ljava/lang/Object;	0x0	2	1	5726
Lorg/cocos2dx/lib/Cocos2dxActivity$b$e;	org.cocos2dx.lib.Cocos2dxActivity$b$e	Ljava/lang/Object;	0x0	2	2	5726
Lorg/cocos2dx/lib/Cocos2dxActivity$b$f;	org.cocos2dx.lib.Cocos2dxActivity$b$f	Ljava/lang/Object;	0x0	2	2	5726
Lorg/cocos2dx/lib/Cocos2dxActivity$b$g;	org.cocos2dx.lib.Cocos2dxActivity$b$g	Ljava/lang/Object;	0x0	2	2	5726
Lorg/cocos2dx/lib/Cocos2dxHelper$OnGameInfoUpdatedListener;	org.cocos2dx.lib.Cocos2dxHelper$OnGameInfoUpdatedListener	Ljava/lang/Object;	public interface abstract	7	0	5726
Lorg/cocos2dx/lib/Cocos2dxActivity$b;	org.cocos2dx.lib.Cocos2dxActivity$b	Ljava/lang/Object;	0x0	8	3	5726
Lorg/cocos2dx/lib/Cocos2dxAudioFocusManager$a$a;	org.cocos2dx.lib.Cocos2dxAudioFocusManager$a$a	Ljava/lang/Object;	0x0	2	1	5726
Lorg/cocos2dx/lib/Cocos2dxAudioFocusManager$a$b;	org.cocos2dx.lib.Cocos2dxAudioFocusManager$a$b	Ljava/lang/Object;	0x0	2	1	5726
Lorg/cocos2dx/lib/Cocos2dxAudioFocusManager$a$c;	org.cocos2dx.lib.Cocos2dxAudioFocusManager$a$c	Ljava/lang/Object;	0x0	2	1	5726
Lorg/cocos2dx/lib/Cocos2dxAudioFocusManager$a$d;	org.cocos2dx.lib.Cocos2dxAudioFocusManager$a$d	Ljava/lang/Object;	0x0	2	1	5726
Lorg/cocos2dx/lib/Cocos2dxAudioFocusManager$a;	org.cocos2dx.lib.Cocos2dxAudioFocusManager$a	Ljava/lang/Object;	0x0	2	0	5726
Lorg/cocos2dx/lib/Cocos2dxAudioFocusManager$b;	org.cocos2dx.lib.Cocos2dxAudioFocusManager$b	Ljava/lang/Object;	0x0	2	0	5726
Lorg/cocos2dx/lib/Cocos2dxAudioFocusManager;	org.cocos2dx.lib.Cocos2dxAudioFocusManager	Ljava/lang/Object;	abstract	5	1	5726
Lorg/cocos2dx/lib/Cocos2dxDownloader$a;	org.cocos2dx.lib.Cocos2dxDownloader$a	Ljava/lang/Object;	0x0	2	5	5726
Lorg/cocos2dx/lib/Cocos2dxDownloader$b;	org.cocos2dx.lib.Cocos2dxDownloader$b	Ljava/lang/Object;	0x0	2	5	5726
Lorg/cocos2dx/okhttp3/Callback;	org.cocos2dx.okhttp3.Callback	Ljava/lang/Object;	public interface abstract	2	0	5726
Lorg/cocos2dx/lib/Cocos2dxDownloader$c$a;	org.cocos2dx.lib.Cocos2dxDownloader$c$a	Ljava/lang/Object;	0x0	3	1	5726
Lorg/cocos2dx/lib/Cocos2dxDownloader$c$b;	org.cocos2dx.lib.Cocos2dxDownloader$c$b	Ljava/lang/Object;	0x0	2	2	5726
Lorg/cocos2dx/lib/Cocos2dxDownloader$c;	org.cocos2dx.lib.Cocos2dxDownloader$c	Ljava/lang/Object;	0x0	2	10	5726
Lorg/cocos2dx/lib/Cocos2dxDownloader$d;	org.cocos2dx.lib.Cocos2dxDownloader$d	Ljava/lang/Object;	0x0	2	2	5726
Lorg/cocos2dx/lib/Cocos2dxDownloader$e;	org.cocos2dx.lib.Cocos2dxDownloader$e	Ljava/lang/Object;	0x0	2	1	5726
Lorg/cocos2dx/lib/Cocos2dxDownloader;	org.cocos2dx.lib.Cocos2dxDownloader	Ljava/lang/Object;	public	20	8	5726
Lorg/cocos2dx/lib/Cocos2dxEditBox$a;	org.cocos2dx.lib.Cocos2dxEditBox$a	Ljava/lang/Object;	0x0	2	1	5726
Lorg/cocos2dx/lib/Cocos2dxEditBox$b;	org.cocos2dx.lib.Cocos2dxEditBox$b	Ljava/lang/Object;	0x0	2	6	5726
Lorg/cocos2dx/lib/Cocos2dxEditBox$c;	org.cocos2dx.lib.Cocos2dxEditBox$c	Ljava/lang/Object;	0x0	2	0	5726
Lorg/cocos2dx/lib/Cocos2dxEditBox$d;	org.cocos2dx.lib.Cocos2dxEditBox$d	Ljava/lang/Object;	0x0	2	2	5726
Lorg/cocos2dx/lib/Cocos2dxEditBox$e;	org.cocos2dx.lib.Cocos2dxEditBox$e	Ljava/lang/Object;	0x0	2	2	5726
Lorg/cocos2dx/lib/Cocos2dxEditBox$f;	org.cocos2dx.lib.Cocos2dxEditBox$f	Ljava/lang/Object;	0x0	2	2	5726
Lorg/cocos2dx/lib/Cocos2dxEditBox$g$a;	org.cocos2dx.lib.Cocos2dxEditBox$g$a	Ljava/lang/Object;	0x0	4	2	5726
Lorg/cocos2dx/lib/Cocos2dxEditBox$g$b;	org.cocos2dx.lib.Cocos2dxEditBox$g$b	Ljava/lang/Object;	0x0	2	1	5726
Lorg/cocos2dx/lib/Cocos2dxEditBox$g$c;	org.cocos2dx.lib.Cocos2dxEditBox$g$c	Ljava/lang/Object;	0x0	2	1	5726
Lorg/cocos2dx/lib/Cocos2dxEditBox$g;	org.cocos2dx.lib.Cocos2dxEditBox$g	Landroid/widget/EditText;	0x0	16	10	5726
Lorg/cocos2dx/lib/Cocos2dxEditBox;	org.cocos2dx.lib.Cocos2dxEditBox	Ljava/lang/Object;	public	32	12	5726
Lorg/cocos2dx/lib/Cocos2dxGLSurfaceView$a;	org.cocos2dx.lib.Cocos2dxGLSurfaceView$a	Ljava/lang/Object;	0x0	2	2	5726
Lorg/cocos2dx/lib/Cocos2dxGLSurfaceView$b;	org.cocos2dx.lib.Cocos2dxGLSurfaceView$b	Ljava/lang/Object;	0x0	2	2	5726
Lorg/cocos2dx/lib/Cocos2dxGLSurfaceView$c;	org.cocos2dx.lib.Cocos2dxGLSurfaceView$c	Ljava/lang/Object;	0x0	2	4	5726
Lorg/cocos2dx/lib/Cocos2dxGLSurfaceView$d;	org.cocos2dx.lib.Cocos2dxGLSurfaceView$d	Ljava/lang/Object;	0x0	2	1	5726
Lorg/cocos2dx/lib/Cocos2dxGLSurfaceView$e;	org.cocos2dx.lib.Cocos2dxGLSurfaceView$e	Ljava/lang/Object;	0x0	2	1	5726
Lorg/cocos2dx/lib/Cocos2dxGLSurfaceView$f;	org.cocos2dx.lib.Cocos2dxGLSurfaceView$f	Ljava/lang/Object;	0x0	2	4	5726
Lorg/cocos2dx/lib/Cocos2dxGLSurfaceView$g;	org.cocos2dx.lib.Cocos2dxGLSurfaceView$g	Ljava/lang/Object;	0x0	2	4	5726
Lorg/cocos2dx/lib/Cocos2dxGLSurfaceView$h;	org.cocos2dx.lib.Cocos2dxGLSurfaceView$h	Ljava/lang/Object;	0x0	2	4	5726
Lorg/cocos2dx/lib/Cocos2dxGLSurfaceView$i;	org.cocos2dx.lib.Cocos2dxGLSurfaceView$i	Ljava/lang/Object;	0x0	2	4	5726
Lorg/cocos2dx/lib/Cocos2dxGLSurfaceView$j;	org.cocos2dx.lib.Cocos2dxGLSurfaceView$j	Ljava/lang/Object;	0x0	2	4	5726
Lorg/cocos2dx/lib/Cocos2dxGLSurfaceView$k;	org.cocos2dx.lib.Cocos2dxGLSurfaceView$k	Ljava/lang/Object;	0x0	2	4	5726
Lorg/cocos2dx/lib/Cocos2dxGLSurfaceView;	org.cocos2dx.lib.Cocos2dxGLSurfaceView	Landroid/opengl/GLSurfaceView;	public	18	7	5726
Lorg/cocos2dx/lib/Cocos2dxHandler$DialogMessage;	org.cocos2dx.lib.Cocos2dxHandler$DialogMessage	Ljava/lang/Object;	public	1	2	5726
Lorg/cocos2dx/lib/Cocos2dxHandler$a;	org.cocos2dx.lib.Cocos2dxHandler$a	Ljava/lang/Object;	0x0	2	1	5726
Lorg/cocos2dx/lib/Cocos2dxHandler;	org.cocos2dx.lib.Cocos2dxHandler	Landroid/os/Handler;	public	3	2	5726
Lorg/cocos2dx/lib/Cocos2dxHelper$a;	org.cocos2dx.lib.Cocos2dxHelper$a	Ljava/lang/Object;	0x0	2	1	5726
Lorg/cocos2dx/lib/Cocos2dxHelper$b;	org.cocos2dx.lib.Cocos2dxHelper$b	Ljava/lang/Object;	0x0	2	1	5726
Lorg/cocos2dx/lib/Cocos2dxHelper$c;	org.cocos2dx.lib.Cocos2dxHelper$c	Landroid/content/BroadcastReceiver;	0x0	3	1	5726
Lorg/cocos2dx/lib/Cocos2dxHelper;	org.cocos2dx.lib.Cocos2dxHelper	Ljava/lang/Object;	public	56	23	5726
Lorg/cocos2dx/lib/Cocos2dxHttpURLConnection;	org.cocos2dx.lib.Cocos2dxHttpURLConnection	Ljava/lang/Object;	public	20	3	5726
Lorg/cocos2dx/lib/Cocos2dxJavascriptJavaBridge;	org.cocos2dx.lib.Cocos2dxJavascriptJavaBridge	Ljava/lang/Object;	public	2	0	5726
Lorg/cocos2dx/lib/Cocos2dxLocalStorage$a;	org.cocos2dx.lib.Cocos2dxLocalStorage$a	Landroid/database/sqlite/SQLiteOpenHelper;	0x0	3	0	5726
Lorg/cocos2dx/lib/Cocos2dxLocalStorage;	org.cocos2dx.lib.Cocos2dxLocalStorage	Ljava/lang/Object;	public	12	6	5726
Lorg/cocos2dx/lib/Cocos2dxReflectionHelper;	org.cocos2dx.lib.Cocos2dxReflectionHelper	Ljava/lang/Object;	public	3	0	5726
Lorg/cocos2dx/lib/Cocos2dxRenderer$OnGameEngineInitializedListener;	org.cocos2dx.lib.Cocos2dxRenderer$OnGameEngineInitializedListener	Ljava/lang/Object;	public interface abstract	1	0	5726
Lorg/cocos2dx/lib/Cocos2dxRenderer$a;	org.cocos2dx.lib.Cocos2dxRenderer$a	Ljava/lang/Object;	0x0	2	1	5726
Lorg/cocos2dx/lib/Cocos2dxRenderer;	org.cocos2dx.lib.Cocos2dxRenderer	Ljava/lang/Object;	public	36	16	5726
Lorg/cocos2dx/lib/Cocos2dxTypefaces;	org.cocos2dx.lib.Cocos2dxTypefaces	Ljava/lang/Object;	public	3	1	5726
Lorg/cocos2dx/lib/Cocos2dxVideoView$OnVideoEventListener;	org.cocos2dx.lib.Cocos2dxVideoView$OnVideoEventListener	Ljava/lang/Object;	public interface abstract	1	0	5726
Lorg/cocos2dx/lib/Cocos2dxVideoHelper$a;	org.cocos2dx.lib.Cocos2dxVideoHelper$a	Ljava/lang/Object;	0x0	2	1	5726
Lorg/cocos2dx/lib/Cocos2dxVideoHelper$b;	org.cocos2dx.lib.Cocos2dxVideoHelper$b	Ljava/lang/Object;	0x0	3	1	5726
Lorg/cocos2dx/lib/Cocos2dxVideoHelper$c;	org.cocos2dx.lib.Cocos2dxVideoHelper$c	Ljava/lang/Object;	0x0	3	1	5726
Lorg/cocos2dx/lib/Cocos2dxVideoHelper$d;	org.cocos2dx.lib.Cocos2dxVideoHelper$d	Ljava/lang/Object;	0x0	2	3	5726
Lorg/cocos2dx/lib/Cocos2dxVideoHelper$e;	org.cocos2dx.lib.Cocos2dxVideoHelper$e	Landroid/os/Handler;	0x0	2	1	5726
Lorg/cocos2dx/lib/Cocos2dxVideoHelper;	org.cocos2dx.lib.Cocos2dxVideoHelper	Ljava/lang/Object;	public	46	22	5726
Lorg/cocos2dx/lib/Cocos2dxVideoView$a;	org.cocos2dx.lib.Cocos2dxVideoView$a	Ljava/lang/Object;	0x0	2	1	5726
Lorg/cocos2dx/lib/Cocos2dxVideoView$b;	org.cocos2dx.lib.Cocos2dxVideoView$b	Ljava/lang/Object;	0x0	2	1	5726
Lorg/cocos2dx/lib/Cocos2dxVideoView$c$a;	org.cocos2dx.lib.Cocos2dxVideoView$c$a	Ljava/lang/Object;	0x0	2	1	5726
Lorg/cocos2dx/lib/Cocos2dxVideoView$c;	org.cocos2dx.lib.Cocos2dxVideoView$c	Ljava/lang/Object;	0x0	2	1	5726
Lorg/cocos2dx/lib/Cocos2dxVideoView$d;	org.cocos2dx.lib.Cocos2dxVideoView$d	Ljava/lang/Object;	0x0	4	1	5726
Lorg/cocos2dx/lib/Cocos2dxVideoView$e;	org.cocos2dx.lib.Cocos2dxVideoView$e	Ljava/lang/Enum;	final enum	5	10	5726
Lorg/cocos2dx/lib/Cocos2dxVideoView;	org.cocos2dx.lib.Cocos2dxVideoView	Landroid/view/SurfaceView;	public	43	40	5726
Lorg/cocos2dx/lib/Cocos2dxWebView$a$a;	org.cocos2dx.lib.Cocos2dxWebView$a$a	Ljava/lang/Object;	0x0	2	2	5726
Lorg/cocos2dx/lib/Cocos2dxWebView$a$b;	org.cocos2dx.lib.Cocos2dxWebView$a$b	Ljava/lang/Object;	0x0	2	2	5726
Lorg/cocos2dx/lib/Cocos2dxWebView$a$c;	org.cocos2dx.lib.Cocos2dxWebView$a$c	Ljava/lang/Object;	0x0	2	2	5726
Lorg/cocos2dx/lib/Cocos2dxWebView$a;	org.cocos2dx.lib.Cocos2dxWebView$a	Landroid/webkit/WebViewClient;	0x0	4	1	5726
Lorg/cocos2dx/lib/Cocos2dxWebView;	org.cocos2dx.lib.Cocos2dxWebView	Landroid/webkit/WebView;	public	9	3	5726
Lorg/cocos2dx/lib/Cocos2dxWebViewHelper$a;	org.cocos2dx.lib.Cocos2dxWebViewHelper$a	Ljava/lang/Object;	0x0	2	2	5726
Lorg/cocos2dx/lib/Cocos2dxWebViewHelper$b;	org.cocos2dx.lib.Cocos2dxWebViewHelper$b	Ljava/lang/Object;	0x0	2	1	5726
Lorg/cocos2dx/lib/Cocos2dxWebViewHelper$c;	org.cocos2dx.lib.Cocos2dxWebViewHelper$c	Ljava/lang/Object;	0x0	2	1	5726
Lorg/cocos2dx/lib/Cocos2dxWebViewHelper$d;	org.cocos2dx.lib.Cocos2dxWebViewHelper$d	Ljava/lang/Object;	0x0	3	1	5726
Lorg/cocos2dx/lib/Cocos2dxWebViewHelper$e;	org.cocos2dx.lib.Cocos2dxWebViewHelper$e	Ljava/lang/Object;	0x0	3	1	5726
Lorg/cocos2dx/lib/Cocos2dxWebViewHelper$f;	org.cocos2dx.lib.Cocos2dxWebViewHelper$f	Ljava/lang/Object;	0x0	2	1	5726
Lorg/cocos2dx/lib/Cocos2dxWebViewHelper$g;	org.cocos2dx.lib.Cocos2dxWebViewHelper$g	Ljava/lang/Object;	0x0	2	1	5726
Lorg/cocos2dx/lib/Cocos2dxWebViewHelper$h;	org.cocos2dx.lib.Cocos2dxWebViewHelper$h	Ljava/lang/Object;	0x0	2	2	5726
Lorg/cocos2dx/lib/Cocos2dxWebViewHelper$i;	org.cocos2dx.lib.Cocos2dxWebViewHelper$i	Ljava/lang/Object;	0x0	2	2	5726
Lorg/cocos2dx/lib/Cocos2dxWebViewHelper$j;	org.cocos2dx.lib.Cocos2dxWebViewHelper$j	Ljava/lang/Object;	0x0	2	1	5726
Lorg/cocos2dx/lib/Cocos2dxWebViewHelper$k;	org.cocos2dx.lib.Cocos2dxWebViewHelper$k	Ljava/lang/Object;	0x0	2	1	5726
Lorg/cocos2dx/lib/Cocos2dxWebViewHelper$l;	org.cocos2dx.lib.Cocos2dxWebViewHelper$l	Ljava/lang/Object;	0x0	2	2	5726
Lorg/cocos2dx/lib/Cocos2dxWebViewHelper$m;	org.cocos2dx.lib.Cocos2dxWebViewHelper$m	Ljava/lang/Object;	0x0	2	5	5726
Lorg/cocos2dx/lib/Cocos2dxWebViewHelper$n;	org.cocos2dx.lib.Cocos2dxWebViewHelper$n	Ljava/lang/Object;	0x0	2	2	5726
Lorg/cocos2dx/lib/Cocos2dxWebViewHelper$o;	org.cocos2dx.lib.Cocos2dxWebViewHelper$o	Ljava/lang/Object;	0x0	2	2	5726
Lorg/cocos2dx/lib/Cocos2dxWebViewHelper$p;	org.cocos2dx.lib.Cocos2dxWebViewHelper$p	Ljava/lang/Object;	0x0	2	5	5726
Lorg/cocos2dx/lib/Cocos2dxWebViewHelper$q;	org.cocos2dx.lib.Cocos2dxWebViewHelper$q	Ljava/lang/Object;	0x0	2	3	5726
Lorg/cocos2dx/lib/Cocos2dxWebViewHelper$r;	org.cocos2dx.lib.Cocos2dxWebViewHelper$r	Ljava/lang/Object;	0x0	2	2	5726
Lorg/cocos2dx/lib/Cocos2dxWebViewHelper;	org.cocos2dx.lib.Cocos2dxWebViewHelper	Ljava/lang/Object;	public	32	6	5726
Lorg/cocos2dx/lib/R$string;	org.cocos2dx.lib.R$string	Ljava/lang/Object;	public final	1	5	5726
Lorg/cocos2dx/lib/R;	org.cocos2dx.lib.R	Ljava/lang/Object;	public final	1	0	5726
Lorg/cocos2dx/lib/Utils;	org.cocos2dx.lib.Utils	Ljava/lang/Object;	public	4	1	5726
Lorg/cocos2dx/lib/a;	org.cocos2dx.lib.a	Ljava/lang/Object;	public abstract synthetic	1	0	5726
Lorg/cocos2dx/lib/b;	org.cocos2dx.lib.b	Ljava/lang/Object;	0x0	2	4	5726
Lorg/cocos2dx/okhttp3/Address;	org.cocos2dx.okhttp3.Address	Ljava/lang/Object;	public final	16	11	5726
Lorg/cocos2dx/okhttp3/Authenticator;	org.cocos2dx.okhttp3.Authenticator	Ljava/lang/Object;	public interface abstract	2	1	5726
Lorg/cocos2dx/okhttp3/Authenticator$a;	org.cocos2dx.okhttp3.Authenticator$a	Ljava/lang/Object;	0x0	2	0	5726
Lorg/cocos2dx/okhttp3/internal/cache/InternalCache;	org.cocos2dx.okhttp3.internal.cache.InternalCache	Ljava/lang/Object;	public interface abstract	6	0	5726
Lorg/cocos2dx/okhttp3/Cache$a;	org.cocos2dx.okhttp3.Cache$a	Ljava/lang/Object;	0x0	7	1	5726
Lorg/cocos2dx/okhttp3/Cache$b;	org.cocos2dx.okhttp3.Cache$b	Ljava/lang/Object;	0x0	5	4	5726
Lorg/cocos2dx/okio/Sink;	org.cocos2dx.okio.Sink	Ljava/lang/Object;	public interface abstract	4	0	5726
Lorg/cocos2dx/okio/ForwardingSink;	org.cocos2dx.okio.ForwardingSink	Ljava/lang/Object;	public abstract	7	1	5726
Lorg/cocos2dx/okhttp3/Cache$c$a;	org.cocos2dx.okhttp3.Cache$c$a	Lorg/cocos2dx/okio/ForwardingSink;	0x0	2	3	5726
Lorg/cocos2dx/okhttp3/internal/cache/CacheRequest;	org.cocos2dx.okhttp3.internal.cache.CacheRequest	Ljava/lang/Object;	public interface abstract	2	0	5726
Lorg/cocos2dx/okhttp3/Cache$c;	org.cocos2dx.okhttp3.Cache$c	Ljava/lang/Object;	final	3	5	5726
Lorg/cocos2dx/okio/Source;	org.cocos2dx.okio.Source	Ljava/lang/Object;	public interface abstract	3	0	5726
Lorg/cocos2dx/okio/ForwardingSource;	org.cocos2dx.okio.ForwardingSource	Ljava/lang/Object;	public abstract	6	1	5726
Lorg/cocos2dx/okhttp3/Cache$d$a;	org.cocos2dx.okhttp3.Cache$d$a	Lorg/cocos2dx/okio/ForwardingSource;	0x0	2	2	5726
Lorg/cocos2dx/okhttp3/ResponseBody;	org.cocos2dx.okhttp3.ResponseBody	Ljava/lang/Object;	public abstract	14	1	5726
Lorg/cocos2dx/okhttp3/Cache$d;	org.cocos2dx.okhttp3.Cache$d	Lorg/cocos2dx/okhttp3/ResponseBody;	0x0	4	4	5726
Lorg/cocos2dx/okhttp3/Cache$e;	org.cocos2dx.okhttp3.Cache$e	Ljava/lang/Object;	final	9	12	5726
Lorg/cocos2dx/okhttp3/Cache;	org.cocos2dx.okhttp3.Cache	Ljava/lang/Object;	public final	26	11	5726
Lorg/cocos2dx/okhttp3/CacheControl$Builder;	org.cocos2dx.okhttp3.CacheControl$Builder	Ljava/lang/Object;	public final	10	8	5726
Lorg/cocos2dx/okhttp3/CacheControl;	org.cocos2dx.okhttp3.CacheControl	Ljava/lang/Object;	public final	18	15	5726
Lorg/cocos2dx/okhttp3/Call$Factory;	org.cocos2dx.okhttp3.Call$Factory	Ljava/lang/Object;	public interface abstract	1	0	5726
Lorg/cocos2dx/okhttp3/Call;	org.cocos2dx.okhttp3.Call	Ljava/lang/Object;	public interface abstract	8	0	5726
Lorg/cocos2dx/okhttp3/CertificatePinner$Builder;	org.cocos2dx.okhttp3.CertificatePinner$Builder	Ljava/lang/Object;	public final	3	1	5726
Lorg/cocos2dx/okhttp3/CertificatePinner$a;	org.cocos2dx.okhttp3.CertificatePinner$a	Ljava/lang/Object;	final	5	4	5726
Lorg/cocos2dx/okhttp3/CertificatePinner;	org.cocos2dx.okhttp3.CertificatePinner	Ljava/lang/Object;	public final	11	3	5726
Lorg/cocos2dx/okhttp3/Challenge;	org.cocos2dx.okhttp3.Challenge	Ljava/lang/Object;	public final	10	2	5726
Lorg/cocos2dx/okhttp3/CipherSuite$a;	org.cocos2dx.okhttp3.CipherSuite$a	Ljava/lang/Object;	0x0	3	0	5726
Lorg/cocos2dx/okhttp3/CipherSuite;	org.cocos2dx.okhttp3.CipherSuite	Ljava/lang/Object;	public final	8	122	5726
Lorg/cocos2dx/okhttp3/Connection;	org.cocos2dx.okhttp3.Connection	Ljava/lang/Object;	public interface abstract	4	0	5726
Lorg/cocos2dx/okhttp3/ConnectionPool$a;	org.cocos2dx.okhttp3.ConnectionPool$a	Ljava/lang/Object;	0x0	2	1	5726
Lorg/cocos2dx/okhttp3/ConnectionPool;	org.cocos2dx.okhttp3.ConnectionPool	Ljava/lang/Object;	public final	12	8	5726
Lorg/cocos2dx/okhttp3/ConnectionSpec$Builder;	org.cocos2dx.okhttp3.ConnectionSpec$Builder	Ljava/lang/Object;	public final	10	4	5726
Lorg/cocos2dx/okhttp3/ConnectionSpec;	org.cocos2dx.okhttp3.ConnectionSpec	Ljava/lang/Object;	public final	12	10	5726
Lorg/cocos2dx/okhttp3/Cookie$Builder;	org.cocos2dx.okhttp3.Cookie$Builder	Ljava/lang/Object;	public final	11	9	5726
Lorg/cocos2dx/okhttp3/Cookie;	org.cocos2dx.okhttp3.Cookie	Ljava/lang/Object;	public final	26	13	5726
Lorg/cocos2dx/okhttp3/CookieJar;	org.cocos2dx.okhttp3.CookieJar	Ljava/lang/Object;	public interface abstract	3	1	5726
Lorg/cocos2dx/okhttp3/CookieJar$a;	org.cocos2dx.okhttp3.CookieJar$a	Ljava/lang/Object;	0x0	3	0	5726
Lorg/cocos2dx/okhttp3/Credentials;	org.cocos2dx.okhttp3.Credentials	Ljava/lang/Object;	public final	3	0	5726
Lorg/cocos2dx/okhttp3/Dispatcher;	org.cocos2dx.okhttp3.Dispatcher	Ljava/lang/Object;	public final	21	8	5726
Lorg/cocos2dx/okhttp3/Dns;	org.cocos2dx.okhttp3.Dns	Ljava/lang/Object;	public interface abstract	2	1	5726
Lorg/cocos2dx/okhttp3/Dns$a;	org.cocos2dx.okhttp3.Dns$a	Ljava/lang/Object;	0x0	2	0	5726
Lorg/cocos2dx/okhttp3/EventListener$Factory;	org.cocos2dx.okhttp3.EventListener$Factory	Ljava/lang/Object;	public interface abstract	1	0	5726
Lorg/cocos2dx/okhttp3/EventListener;	org.cocos2dx.okhttp3.EventListener	Ljava/lang/Object;	public abstract	23	1	5726
Lorg/cocos2dx/okhttp3/EventListener$a;	org.cocos2dx.okhttp3.EventListener$a	Lorg/cocos2dx/okhttp3/EventListener;	0x0	1	0	5726
Lorg/cocos2dx/okhttp3/EventListener$b;	org.cocos2dx.okhttp3.EventListener$b	Ljava/lang/Object;	0x0	2	1	5726
Lorg/cocos2dx/okhttp3/FormBody$Builder;	org.cocos2dx.okhttp3.FormBody$Builder	Ljava/lang/Object;	public final	5	3	5726
Lorg/cocos2dx/okhttp3/RequestBody;	org.cocos2dx.okhttp3.RequestBody	Ljava/lang/Object;	public abstract	9	0	5726
Lorg/cocos2dx/okhttp3/FormBody;	org.cocos2dx.okhttp3.FormBody	Lorg/cocos2dx/okhttp3/RequestBody;	public final	11	3	5726
Lorg/cocos2dx/okhttp3/Handshake;	org.cocos2dx.okhttp3.Handshake	Ljava/lang/Object;	public final	11	4	5726
Lorg/cocos2dx/okhttp3/Headers$Builder;	org.cocos2dx.okhttp3.Headers$Builder	Ljava/lang/Object;	public final	13	1	5726
Lorg/cocos2dx/okhttp3/Headers;	org.cocos2dx.okhttp3.Headers	Ljava/lang/Object;	public final	20	1	5726
Lorg/cocos2dx/okhttp3/HttpUrl$Builder;	org.cocos2dx.okhttp3.HttpUrl$Builder	Ljava/lang/Object;	public final	43	9	5726
Lorg/cocos2dx/okhttp3/HttpUrl;	org.cocos2dx.okhttp3.HttpUrl	Ljava/lang/Object;	public final	51	21	5726
Lorg/cocos2dx/okhttp3/Interceptor$Chain;	org.cocos2dx.okhttp3.Interceptor$Chain	Ljava/lang/Object;	public interface abstract	10	0	5726
Lorg/cocos2dx/okhttp3/Interceptor;	org.cocos2dx.okhttp3.Interceptor	Ljava/lang/Object;	public interface abstract	1	0	5726
Lorg/cocos2dx/okhttp3/MediaType;	org.cocos2dx.okhttp3.MediaType	Ljava/lang/Object;	public final	11	8	5726
Lorg/cocos2dx/okhttp3/MultipartBody$Builder;	org.cocos2dx.okhttp3.MultipartBody$Builder	Ljava/lang/Object;	public final	9	3	5726
Lorg/cocos2dx/okhttp3/MultipartBody$Part;	org.cocos2dx.okhttp3.MultipartBody$Part	Ljava/lang/Object;	public final	7	2	5726
Lorg/cocos2dx/okhttp3/MultipartBody;	org.cocos2dx.okhttp3.MultipartBody	Lorg/cocos2dx/okhttp3/RequestBody;	public final	12	13	5726
Lorg/cocos2dx/okhttp3/OkHttpClient$Builder;	org.cocos2dx.okhttp3.OkHttpClient$Builder	Ljava/lang/Object;	public final	39	28	5726
Lorg/cocos2dx/okhttp3/internal/Internal;	org.cocos2dx.okhttp3.internal.Internal	Ljava/lang/Object;	public abstract	17	1	5726
Lorg/cocos2dx/okhttp3/OkHttpClient$a;	org.cocos2dx.okhttp3.OkHttpClient$a	Lorg/cocos2dx/okhttp3/internal/Internal;	0x0	16	0	5726
Lorg/cocos2dx/okhttp3/WebSocket$Factory;	org.cocos2dx.okhttp3.WebSocket$Factory	Ljava/lang/Object;	public interface abstract	1	0	5726
Lorg/cocos2dx/okhttp3/OkHttpClient;	org.cocos2dx.okhttp3.OkHttpClient	Ljava/lang/Object;	public	34	30	5726
Lorg/cocos2dx/okhttp3/Protocol;	org.cocos2dx.okhttp3.Protocol	Ljava/lang/Enum;	public final enum	6	8	5726
Lorg/cocos2dx/okhttp3/Request$Builder;	org.cocos2dx.okhttp3.Request$Builder	Ljava/lang/Object;	public	21	5	5726
Lorg/cocos2dx/okhttp3/Request;	org.cocos2dx.okhttp3.Request	Ljava/lang/Object;	public final	13	6	5726
Lorg/cocos2dx/okhttp3/RequestBody$a;	org.cocos2dx.okhttp3.RequestBody$a	Lorg/cocos2dx/okhttp3/RequestBody;	0x0	4	2	5726
Lorg/cocos2dx/okhttp3/RequestBody$b;	org.cocos2dx.okhttp3.RequestBody$b	Lorg/cocos2dx/okhttp3/RequestBody;	0x0	4	4	5726
Lorg/cocos2dx/okhttp3/RequestBody$c;	org.cocos2dx.okhttp3.RequestBody$c	Lorg/cocos2dx/okhttp3/RequestBody;	0x0	4	2	5726
Lorg/cocos2dx/okhttp3/Response$Builder;	org.cocos2dx.okhttp3.Response$Builder	Ljava/lang/Object;	public	20	12	5726
Lorg/cocos2dx/okhttp3/Response;	org.cocos2dx.okhttp3.Response	Ljava/lang/Object;	public final	24	13	5726
Lorg/cocos2dx/okhttp3/ResponseBody$a;	org.cocos2dx.okhttp3.ResponseBody$a	Lorg/cocos2dx/okhttp3/ResponseBody;	0x0	4	3	5726
Lorg/cocos2dx/okhttp3/ResponseBody$b;	org.cocos2dx.okhttp3.ResponseBody$b	Ljava/io/Reader;	final	3	4	5726
Lorg/cocos2dx/okhttp3/Route;	org.cocos2dx.okhttp3.Route	Ljava/lang/Object;	public final	8	3	5726
Lorg/cocos2dx/okhttp3/TlsVersion;	org.cocos2dx.okhttp3.TlsVersion	Ljava/lang/Enum;	public final enum	7	7	5726
Lorg/cocos2dx/okhttp3/WebSocket;	org.cocos2dx.okhttp3.WebSocket	Ljava/lang/Object;	public interface abstract	6	0	5726
Lorg/cocos2dx/okhttp3/WebSocketListener;	org.cocos2dx.okhttp3.WebSocketListener	Ljava/lang/Object;	public abstract	7	0	5726
Lorg/cocos2dx/okhttp3/a;	org.cocos2dx.okhttp3.a	Ljava/lang/Object;	public abstract synthetic	1	0	5726
Lorg/cocos2dx/okio/Timeout;	org.cocos2dx.okio.Timeout	Ljava/lang/Object;	public	12	4	5726
Lorg/cocos2dx/okio/AsyncTimeout;	org.cocos2dx.okio.AsyncTimeout	Lorg/cocos2dx/okio/Timeout;	public	14	7	5726
Lorg/cocos2dx/okhttp3/b$a;	org.cocos2dx.okhttp3.b$a	Lorg/cocos2dx/okio/AsyncTimeout;	0x0	2	1	5726
Lorg/cocos2dx/okhttp3/internal/NamedRunnable;	org.cocos2dx.okhttp3.internal.NamedRunnable	Ljava/lang/Object;	public abstract	3	1	5726
Lorg/cocos2dx/okhttp3/b$b;	org.cocos2dx.okhttp3.b$b	Lorg/cocos2dx/okhttp3/internal/NamedRunnable;	final	6	2	5726
Lorg/cocos2dx/okhttp3/b;	org.cocos2dx.okhttp3.b	Ljava/lang/Object;	final	19	7	5726
Lorg/cocos2dx/okhttp3/internal/Util$a;	org.cocos2dx.okhttp3.internal.Util$a	Ljava/lang/Object;	0x0	3	0	5726
Lorg/cocos2dx/okhttp3/internal/Util$b;	org.cocos2dx.okhttp3.internal.Util$b	Ljava/lang/Object;	0x0	2	2	5726
Lorg/cocos2dx/okhttp3/internal/Util;	org.cocos2dx.okhttp3.internal.Util	Ljava/lang/Object;	public final	39	19	5726
Lorg/cocos2dx/okhttp3/internal/Version;	org.cocos2dx.okhttp3.internal.Version	Ljava/lang/Object;	public final	2	0	5726
Lorg/cocos2dx/okhttp3/internal/annotations/EverythingIsNonNull;	org.cocos2dx.okhttp3.internal.annotations.EverythingIsNonNull	Ljava/lang/Object;	public interface abstract	0	0	5726
Lorg/cocos2dx/okhttp3/internal/cache/CacheInterceptor$a;	org.cocos2dx.okhttp3.internal.cache.CacheInterceptor$a	Ljava/lang/Object;	0x0	4	5	5726
Lorg/cocos2dx/okhttp3/internal/cache/CacheInterceptor;	org.cocos2dx.okhttp3.internal.cache.CacheInterceptor	Ljava/lang/Object;	public final	7	1	5726
Lorg/cocos2dx/okhttp3/internal/cache/CacheStrategy$Factory;	org.cocos2dx.okhttp3.internal.cache.CacheStrategy$Factory	Ljava/lang/Object;	public	7	12	5726
Lorg/cocos2dx/okhttp3/internal/cache/CacheStrategy;	org.cocos2dx.okhttp3.internal.cache.CacheStrategy	Ljava/lang/Object;	public final	2	2	5726
Lorg/cocos2dx/okhttp3/internal/cache/a;	org.cocos2dx.okhttp3.internal.cache.a	Lorg/cocos2dx/okio/ForwardingSink;	abstract	5	1	5726
Lorg/cocos2dx/okhttp3/internal/cache/DiskLruCache$Editor$a;	org.cocos2dx.okhttp3.internal.cache.DiskLruCache$Editor$a	Lorg/cocos2dx/okhttp3/internal/cache/a;	0x0	2	1	5726
Lorg/cocos2dx/okhttp3/internal/cache/DiskLruCache$Editor;	org.cocos2dx.okhttp3.internal.cache.DiskLruCache$Editor	Ljava/lang/Object;	public final	7	4	5726
Lorg/cocos2dx/okhttp3/internal/cache/DiskLruCache$Snapshot;	org.cocos2dx.okhttp3.internal.cache.DiskLruCache$Snapshot	Ljava/lang/Object;	public final	7	5	5726
Lorg/cocos2dx/okhttp3/internal/cache/DiskLruCache$a;	org.cocos2dx.okhttp3.internal.cache.DiskLruCache$a	Ljava/lang/Object;	0x0	2	1	5726
Lorg/cocos2dx/okhttp3/internal/cache/DiskLruCache$b;	org.cocos2dx.okhttp3.internal.cache.DiskLruCache$b	Lorg/cocos2dx/okhttp3/internal/cache/a;	0x0	3	1	5726
Lorg/cocos2dx/okhttp3/internal/cache/DiskLruCache$c;	org.cocos2dx.okhttp3.internal.cache.DiskLruCache$c	Ljava/lang/Object;	0x0	5	4	5726
Lorg/cocos2dx/okhttp3/internal/cache/DiskLruCache$d;	org.cocos2dx.okhttp3.internal.cache.DiskLruCache$d	Ljava/lang/Object;	final	5	8	5726
Lorg/cocos2dx/okhttp3/internal/cache/DiskLruCache;	org.cocos2dx.okhttp3.internal.cache.DiskLruCache	Ljava/lang/Object;	public final	29	32	5726
Lorg/cocos2dx/okhttp3/internal/connection/ConnectInterceptor;	org.cocos2dx.okhttp3.internal.connection.ConnectInterceptor	Ljava/lang/Object;	public final	2	1	5726
Lorg/cocos2dx/okhttp3/internal/connection/ConnectionSpecSelector;	org.cocos2dx.okhttp3.internal.connection.ConnectionSpecSelector	Ljava/lang/Object;	public final	4	4	5726
Lorg/cocos2dx/okhttp3/internal/ws/RealWebSocket$Streams;	org.cocos2dx.okhttp3.internal.ws.RealWebSocket$Streams	Ljava/lang/Object;	public abstract	1	3	5726
Lorg/cocos2dx/okhttp3/internal/connection/RealConnection$a;	org.cocos2dx.okhttp3.internal.connection.RealConnection$a	Lorg/cocos2dx/okhttp3/internal/ws/RealWebSocket$Streams;	0x0	2	2	5726
Lorg/cocos2dx/okhttp3/internal/http2/Http2Connection$Listener;	org.cocos2dx.okhttp3.internal.http2.Http2Connection$Listener	Ljava/lang/Object;	public abstract	4	1	5726
Lorg/cocos2dx/okhttp3/internal/connection/RealConnection;	org.cocos2dx.okhttp3.internal.connection.RealConnection	Lorg/cocos2dx/okhttp3/internal/http2/Http2Connection$Listener;	public final	24	16	5726
Lorg/cocos2dx/okhttp3/internal/connection/RouteDatabase;	org.cocos2dx.okhttp3.internal.connection.RouteDatabase	Ljava/lang/Object;	public final	4	1	5726
Lorg/cocos2dx/okhttp3/internal/connection/RouteException;	org.cocos2dx.okhttp3.internal.connection.RouteException	Ljava/lang/RuntimeException;	public final	4	2	5726
Lorg/cocos2dx/okhttp3/internal/connection/RouteSelector$Selection;	org.cocos2dx.okhttp3.internal.connection.RouteSelector$Selection	Ljava/lang/Object;	public final	4	2	5726
Lorg/cocos2dx/okhttp3/internal/connection/RouteSelector;	org.cocos2dx.okhttp3.internal.connection.RouteSelector	Ljava/lang/Object;	public final	9	8	5726
Lorg/cocos2dx/okhttp3/internal/connection/StreamAllocation$StreamAllocationReference;	org.cocos2dx.okhttp3.internal.connection.StreamAllocation$StreamAllocationReference	Ljava/lang/ref/WeakReference;	public final	1	1	5726
Lorg/cocos2dx/okhttp3/internal/connection/StreamAllocation;	org.cocos2dx.okhttp3.internal.connection.StreamAllocation	Ljava/lang/Object;	public final	21	15	5726
Lorg/cocos2dx/okhttp3/internal/http/BridgeInterceptor;	org.cocos2dx.okhttp3.internal.http.BridgeInterceptor	Ljava/lang/Object;	public final	3	1	5726
Lorg/cocos2dx/okhttp3/internal/http/CallServerInterceptor$a;	org.cocos2dx.okhttp3.internal.http.CallServerInterceptor$a	Lorg/cocos2dx/okio/ForwardingSink;	final	2	1	5726
Lorg/cocos2dx/okhttp3/internal/http/CallServerInterceptor;	org.cocos2dx.okhttp3.internal.http.CallServerInterceptor	Ljava/lang/Object;	public final	2	1	5726
Lorg/cocos2dx/okhttp3/internal/http/HttpCodec;	org.cocos2dx.okhttp3.internal.http.HttpCodec	Ljava/lang/Object;	public interface abstract	7	1	5726
Lorg/cocos2dx/okhttp3/internal/http/HttpDate$a;	org.cocos2dx.okhttp3.internal.http.HttpDate$a	Ljava/lang/ThreadLocal;	0x0	3	0	5726
Lorg/cocos2dx/okhttp3/internal/http/HttpDate;	org.cocos2dx.okhttp3.internal.http.HttpDate	Ljava/lang/Object;	public final	4	4	5726
Lorg/cocos2dx/okhttp3/internal/http/HttpHeaders;	org.cocos2dx.okhttp3.internal.http.HttpHeaders	Ljava/lang/Object;	public final	24	2	5726
Lorg/cocos2dx/okhttp3/internal/http/HttpMethod;	org.cocos2dx.okhttp3.internal.http.HttpMethod	Ljava/lang/Object;	public final	6	0	5726
Lorg/cocos2dx/okhttp3/internal/http/RealInterceptorChain;	org.cocos2dx.okhttp3.internal.http.RealInterceptorChain	Ljava/lang/Object;	public final	15	12	5726
Lorg/cocos2dx/okhttp3/internal/http/RealResponseBody;	org.cocos2dx.okhttp3.internal.http.RealResponseBody	Lorg/cocos2dx/okhttp3/ResponseBody;	public final	4	3	5726
Lorg/cocos2dx/okhttp3/internal/http/RequestLine;	org.cocos2dx.okhttp3.internal.http.RequestLine	Ljava/lang/Object;	public final	4	0	5726
Lorg/cocos2dx/okhttp3/internal/http/RetryAndFollowUpInterceptor;	org.cocos2dx.okhttp3.internal.http.RetryAndFollowUpInterceptor	Ljava/lang/Object;	public final	13	6	5726
Lorg/cocos2dx/okhttp3/internal/http/StatusLine;	org.cocos2dx.okhttp3.internal.http.StatusLine	Ljava/lang/Object;	public final	4	6	5726
Lorg/cocos2dx/okhttp3/internal/http/UnrepeatableRequestBody;	org.cocos2dx.okhttp3.internal.http.UnrepeatableRequestBody	Ljava/lang/Object;	public interface abstract	0	0	5726
Lorg/cocos2dx/okhttp3/internal/http1/Http1Codec$a;	org.cocos2dx.okhttp3.internal.http1.Http1Codec$a	Ljava/lang/Object;	abstract synthetic	0	0	5726
Lorg/cocos2dx/okhttp3/internal/http1/Http1Codec$b;	org.cocos2dx.okhttp3.internal.http1.Http1Codec$b	Ljava/lang/Object;	abstract	5	4	5726
Lorg/cocos2dx/okhttp3/internal/http1/Http1Codec$c;	org.cocos2dx.okhttp3.internal.http1.Http1Codec$c	Ljava/lang/Object;	final	5	3	5726
Lorg/cocos2dx/okhttp3/internal/http1/Http1Codec$d;	org.cocos2dx.okhttp3.internal.http1.Http1Codec$d	Lorg/cocos2dx/okhttp3/internal/http1/Http1Codec$b;	0x0	4	4	5726
Lorg/cocos2dx/okhttp3/internal/http1/Http1Codec$e;	org.cocos2dx.okhttp3.internal.http1.Http1Codec$e	Ljava/lang/Object;	final	5	4	5726
Lorg/cocos2dx/okhttp3/internal/http1/Http1Codec$f;	org.cocos2dx.okhttp3.internal.http1.Http1Codec$f	Lorg/cocos2dx/okhttp3/internal/http1/Http1Codec$b;	0x0	3	2	5726
Lorg/cocos2dx/okhttp3/internal/http1/Http1Codec$g;	org.cocos2dx.okhttp3.internal.http1.Http1Codec$g	Lorg/cocos2dx/okhttp3/internal/http1/Http1Codec$b;	0x0	3	2	5726
Lorg/cocos2dx/okhttp3/internal/http1/Http1Codec;	org.cocos2dx.okhttp3.internal.http1.Http1Codec	Ljava/lang/Object;	public final	18	14	5726
Lorg/cocos2dx/okhttp3/internal/http2/ConnectionShutdownException;	org.cocos2dx.okhttp3.internal.http2.ConnectionShutdownException	Ljava/io/IOException;	public final	1	0	5726
Lorg/cocos2dx/okhttp3/internal/http2/ErrorCode;	org.cocos2dx.okhttp3.internal.http2.ErrorCode	Ljava/lang/Enum;	public final enum	5	13	5726
Lorg/cocos2dx/okhttp3/internal/http2/Header$a;	org.cocos2dx.okhttp3.internal.http2.Header$a	Ljava/lang/Object;	interface abstract	0	0	5726
Lorg/cocos2dx/okhttp3/internal/http2/Header;	org.cocos2dx.okhttp3.internal.http2.Header	Ljava/lang/Object;	public final	7	14	5726
Lorg/cocos2dx/okhttp3/internal/http2/Http2;	org.cocos2dx.okhttp3.internal.http2.Http2	Ljava/lang/Object;	public final	6	23	5726
Lorg/cocos2dx/okhttp3/internal/http2/Http2Codec$a;	org.cocos2dx.okhttp3.internal.http2.Http2Codec$a	Lorg/cocos2dx/okio/ForwardingSource;	0x0	4	3	5726
Lorg/cocos2dx/okhttp3/internal/http2/Http2Codec;	org.cocos2dx.okhttp3.internal.http2.Http2Codec	Ljava/lang/Object;	public final	11	15	5726
Lorg/cocos2dx/okhttp3/internal/http2/Http2Connection$Builder;	org.cocos2dx.okhttp3.internal.http2.Http2Connection$Builder	Ljava/lang/Object;	public	7	8	5726
Lorg/cocos2dx/okhttp3/internal/http2/Http2Connection$Listener$a;	org.cocos2dx.okhttp3.internal.http2.Http2Connection$Listener$a	Lorg/cocos2dx/okhttp3/internal/http2/Http2Connection$Listener;	0x0	2	0	5726
Lorg/cocos2dx/okhttp3/internal/http2/Http2Connection$a;	org.cocos2dx.okhttp3.internal.http2.Http2Connection$a	Lorg/cocos2dx/okhttp3/internal/NamedRunnable;	0x0	2	3	5726
Lorg/cocos2dx/okhttp3/internal/http2/Http2Connection$b;	org.cocos2dx.okhttp3.internal.http2.Http2Connection$b	Lorg/cocos2dx/okhttp3/internal/NamedRunnable;	0x0	2	3	5726
Lorg/cocos2dx/okhttp3/internal/http2/Http2Connection$c;	org.cocos2dx.okhttp3.internal.http2.Http2Connection$c	Lorg/cocos2dx/okhttp3/internal/NamedRunnable;	0x0	2	3	5726
Lorg/cocos2dx/okhttp3/internal/http2/Http2Connection$d;	org.cocos2dx.okhttp3.internal.http2.Http2Connection$d	Lorg/cocos2dx/okhttp3/internal/NamedRunnable;	0x0	2	4	5726
Lorg/cocos2dx/okhttp3/internal/http2/Http2Connection$e;	org.cocos2dx.okhttp3.internal.http2.Http2Connection$e	Lorg/cocos2dx/okhttp3/internal/NamedRunnable;	0x0	2	5	5726
Lorg/cocos2dx/okhttp3/internal/http2/Http2Connection$f;	org.cocos2dx.okhttp3.internal.http2.Http2Connection$f	Lorg/cocos2dx/okhttp3/internal/NamedRunnable;	0x0	2	3	5726
Lorg/cocos2dx/okhttp3/internal/http2/Http2Connection$g;	org.cocos2dx.okhttp3.internal.http2.Http2Connection$g	Lorg/cocos2dx/okhttp3/internal/NamedRunnable;	final	2	4	5726
Lorg/cocos2dx/okhttp3/internal/http2/Http2Connection$h$a;	org.cocos2dx.okhttp3.internal.http2.Http2Connection$h$a	Lorg/cocos2dx/okhttp3/internal/NamedRunnable;	0x0	2	2	5726
Lorg/cocos2dx/okhttp3/internal/http2/Http2Connection$h$b;	org.cocos2dx.okhttp3.internal.http2.Http2Connection$h$b	Lorg/cocos2dx/okhttp3/internal/NamedRunnable;	0x0	2	3	5726
Lorg/cocos2dx/okhttp3/internal/http2/Http2Connection$h$c;	org.cocos2dx.okhttp3.internal.http2.Http2Connection$h$c	Lorg/cocos2dx/okhttp3/internal/NamedRunnable;	0x0	2	1	5726
Lorg/cocos2dx/okhttp3/internal/http2/b$b;	org.cocos2dx.okhttp3.internal.http2.b$b	Ljava/lang/Object;	interface abstract	10	0	5726
Lorg/cocos2dx/okhttp3/internal/http2/Http2Connection$h;	org.cocos2dx.okhttp3.internal.http2.Http2Connection$h	Lorg/cocos2dx/okhttp3/internal/NamedRunnable;	0x0	13	2	5726
Lorg/cocos2dx/okhttp3/internal/http2/Http2Connection;	org.cocos2dx.okhttp3.internal.http2.Http2Connection	Ljava/lang/Object;	public final	38	22	5726
Lorg/cocos2dx/okhttp3/internal/http2/Http2Stream$a;	org.cocos2dx.okhttp3.internal.http2.Http2Stream$a	Ljava/lang/Object;	final	7	4	5726
Lorg/cocos2dx/okhttp3/internal/http2/Http2Stream$b;	org.cocos2dx.okhttp3.internal.http2.Http2Stream$b	Ljava/lang/Object;	final	7	6	5726
Lorg/cocos2dx/okhttp3/internal/http2/Http2Stream$c;	org.cocos2dx.okhttp3.internal.http2.Http2Stream$c	Lorg/cocos2dx/okio/AsyncTimeout;	0x0	4	1	5726
Lorg/cocos2dx/okhttp3/internal/http2/Http2Stream;	org.cocos2dx.okhttp3.internal.http2.Http2Stream	Ljava/lang/Object;	public final	27	13	5726
Lorg/cocos2dx/okhttp3/internal/http2/PushObserver;	org.cocos2dx.okhttp3.internal.http2.PushObserver	Ljava/lang/Object;	public interface abstract	5	1	5726
Lorg/cocos2dx/okhttp3/internal/http2/PushObserver$a;	org.cocos2dx.okhttp3.internal.http2.PushObserver$a	Ljava/lang/Object;	0x0	5	0	5726
Lorg/cocos2dx/okhttp3/internal/http2/Settings;	org.cocos2dx.okhttp3.internal.http2.Settings	Ljava/lang/Object;	public final	13	10	5726
Lorg/cocos2dx/okhttp3/internal/http2/StreamResetException;	org.cocos2dx.okhttp3.internal.http2.StreamResetException	Ljava/io/IOException;	public final	1	1	5726
Lorg/cocos2dx/okhttp3/internal/http2/a$a;	org.cocos2dx.okhttp3.internal.http2.a$a	Ljava/lang/Object;	final	19	8	5726
Lorg/cocos2dx/okhttp3/internal/http2/a$b;	org.cocos2dx.okhttp3.internal.http2.a$b	Ljava/lang/Object;	final	10	10	5726
Lorg/cocos2dx/okhttp3/internal/http2/a;	org.cocos2dx.okhttp3.internal.http2.a	Ljava/lang/Object;	abstract	3	2	5726
Lorg/cocos2dx/okhttp3/internal/http2/b$a;	org.cocos2dx.okhttp3.internal.http2.b$a	Ljava/lang/Object;	final	5	6	5726
Lorg/cocos2dx/okhttp3/internal/http2/b;	org.cocos2dx.okhttp3.internal.http2.b	Ljava/lang/Object;	final	18	5	5726
Lorg/cocos2dx/okhttp3/internal/http2/c;	org.cocos2dx.okhttp3.internal.http2.c	Ljava/lang/Object;	final	21	7	5726
Lorg/cocos2dx/okhttp3/internal/http2/d$a;	org.cocos2dx.okhttp3.internal.http2.d$a	Ljava/lang/Object;	final	2	3	5726
Lorg/cocos2dx/okhttp3/internal/http2/d;	org.cocos2dx.okhttp3.internal.http2.d	Ljava/lang/Object;	0x0	8	4	5726
Lorg/cocos2dx/okhttp3/internal/io/FileSystem;	org.cocos2dx.okhttp3.internal.io.FileSystem	Ljava/lang/Object;	public interface abstract	9	1	5726
Lorg/cocos2dx/okhttp3/internal/io/FileSystem$a;	org.cocos2dx.okhttp3.internal.io.FileSystem$a	Ljava/lang/Object;	0x0	9	0	5726
Lorg/cocos2dx/okhttp3/internal/platform/Platform;	org.cocos2dx.okhttp3.internal.platform.Platform	Ljava/lang/Object;	public	24	4	5726
Lorg/cocos2dx/okhttp3/internal/platform/ConscryptPlatform;	org.cocos2dx.okhttp3.internal.platform.ConscryptPlatform	Lorg/cocos2dx/okhttp3/internal/platform/Platform;	public	8	0	5726
Lorg/cocos2dx/okhttp3/internal/tls/CertificateChainCleaner;	org.cocos2dx.okhttp3.internal.tls.CertificateChainCleaner	Ljava/lang/Object;	public abstract	4	0	5726
Lorg/cocos2dx/okhttp3/internal/platform/a$a;	org.cocos2dx.okhttp3.internal.platform.a$a	Lorg/cocos2dx/okhttp3/internal/tls/CertificateChainCleaner;	final	4	2	5726
Lorg/cocos2dx/okhttp3/internal/tls/TrustRootIndex;	org.cocos2dx.okhttp3.internal.tls.TrustRootIndex	Ljava/lang/Object;	public interface abstract	1	0	5726
Lorg/cocos2dx/okhttp3/internal/platform/a$b;	org.cocos2dx.okhttp3.internal.platform.a$b	Ljava/lang/Object;	final	4	2	5726
Lorg/cocos2dx/okhttp3/internal/platform/a$c;	org.cocos2dx.okhttp3.internal.platform.a$c	Ljava/lang/Object;	final	4	3	5726
Lorg/cocos2dx/okhttp3/internal/platform/a;	org.cocos2dx.okhttp3.internal.platform.a	Lorg/cocos2dx/okhttp3/internal/platform/Platform;	0x0	16	6	5726
Lorg/cocos2dx/okhttp3/internal/platform/b;	org.cocos2dx.okhttp3.internal.platform.b	Lorg/cocos2dx/okhttp3/internal/platform/Platform;	final	5	2	5726
Lorg/cocos2dx/okhttp3/internal/platform/c$a;	org.cocos2dx.okhttp3.internal.platform.c$a	Ljava/lang/Object;	0x0	2	3	5726
Lorg/cocos2dx/okhttp3/internal/platform/c;	org.cocos2dx.okhttp3.internal.platform.c	Lorg/cocos2dx/okhttp3/internal/platform/Platform;	0x0	5	5	5726
Lorg/cocos2dx/okhttp3/internal/platform/d;	org.cocos2dx.okhttp3.internal.platform.d	Ljava/lang/Object;	0x0	8	3	5726
Lorg/cocos2dx/okhttp3/internal/proxy/NullProxySelector;	org.cocos2dx.okhttp3.internal.proxy.NullProxySelector	Ljava/net/ProxySelector;	public	3	0	5726
Lorg/cocos2dx/okhttp3/internal/publicsuffix/PublicSuffixDatabase;	org.cocos2dx.okhttp3.internal.publicsuffix.PublicSuffixDatabase	Ljava/lang/Object;	public final	9	10	5726
Lorg/cocos2dx/okhttp3/internal/tls/BasicCertificateChainCleaner;	org.cocos2dx.okhttp3.internal.tls.BasicCertificateChainCleaner	Lorg/cocos2dx/okhttp3/internal/tls/CertificateChainCleaner;	public final	5	2	5726
Lorg/cocos2dx/okhttp3/internal/tls/BasicTrustRootIndex;	org.cocos2dx.okhttp3.internal.tls.BasicTrustRootIndex	Ljava/lang/Object;	public final	4	1	5726
Lorg/cocos2dx/okhttp3/internal/tls/OkHostnameVerifier;	org.cocos2dx.okhttp3.internal.tls.OkHostnameVerifier	Ljava/lang/Object;	public final	9	3	5726
Lorg/cocos2dx/okhttp3/internal/ws/RealWebSocket$a;	org.cocos2dx.okhttp3.internal.ws.RealWebSocket$a	Ljava/lang/Object;	0x0	2	1	5726
Lorg/cocos2dx/okhttp3/internal/ws/RealWebSocket$b;	org.cocos2dx.okhttp3.internal.ws.RealWebSocket$b	Ljava/lang/Object;	0x0	3	2	5726
Lorg/cocos2dx/okhttp3/internal/ws/RealWebSocket$c;	org.cocos2dx.okhttp3.internal.ws.RealWebSocket$c	Ljava/lang/Object;	final	2	1	5726
Lorg/cocos2dx/okhttp3/internal/ws/RealWebSocket$d;	org.cocos2dx.okhttp3.internal.ws.RealWebSocket$d	Ljava/lang/Object;	final	1	3	5726
Lorg/cocos2dx/okhttp3/internal/ws/RealWebSocket$e;	org.cocos2dx.okhttp3.internal.ws.RealWebSocket$e	Ljava/lang/Object;	final	1	2	5726
Lorg/cocos2dx/okhttp3/internal/ws/RealWebSocket$f;	org.cocos2dx.okhttp3.internal.ws.RealWebSocket$f	Ljava/lang/Object;	final	2	1	5726
Lorg/cocos2dx/okhttp3/internal/ws/WebSocketReader$FrameCallback;	org.cocos2dx.okhttp3.internal.ws.WebSocketReader$FrameCallback	Ljava/lang/Object;	public interface abstract	5	0	5726
Lorg/cocos2dx/okhttp3/internal/ws/RealWebSocket;	org.cocos2dx.okhttp3.internal.ws.RealWebSocket	Ljava/lang/Object;	public final	30	27	5726
Lorg/cocos2dx/okhttp3/internal/ws/WebSocketProtocol;	org.cocos2dx.okhttp3.internal.ws.WebSocketProtocol	Ljava/lang/Object;	public final	5	22	5726
Lorg/cocos2dx/okhttp3/internal/ws/WebSocketReader;	org.cocos2dx.okhttp3.internal.ws.WebSocketReader	Ljava/lang/Object;	final	7	12	5726
Lorg/cocos2dx/okhttp3/internal/ws/a$a;	org.cocos2dx.okhttp3.internal.ws.a$a	Ljava/lang/Object;	final	5	5	5726
Lorg/cocos2dx/okhttp3/internal/ws/a;	org.cocos2dx.okhttp3.internal.ws.a	Ljava/lang/Object;	final	7	10	5726
Lorg/cocos2dx/okio/AsyncTimeout$a;	org.cocos2dx.okio.AsyncTimeout$a	Ljava/lang/Object;	0x0	6	2	5726
Lorg/cocos2dx/okio/AsyncTimeout$b;	org.cocos2dx.okio.AsyncTimeout$b	Ljava/lang/Object;	0x0	5	2	5726
Lorg/cocos2dx/okio/AsyncTimeout$c;	org.cocos2dx.okio.AsyncTimeout$c	Ljava/lang/Thread;	final	2	0	5726
Lorg/cocos2dx/okio/Buffer$UnsafeCursor;	org.cocos2dx.okio.Buffer$UnsafeCursor	Ljava/lang/Object;	public final	6	7	5726
Lorg/cocos2dx/okio/Buffer$a;	org.cocos2dx.okio.Buffer$a	Ljava/io/OutputStream;	0x0	6	1	5726
Lorg/cocos2dx/okio/Buffer$b;	org.cocos2dx.okio.Buffer$b	Ljava/io/InputStream;	0x0	6	1	5726
Lorg/cocos2dx/okio/BufferedSource;	org.cocos2dx.okio.BufferedSource	Ljava/lang/Object;	public interface abstract	42	0	5726
Lorg/cocos2dx/okio/BufferedSink;	org.cocos2dx.okio.BufferedSink	Ljava/lang/Object;	public interface abstract	24	0	5726
Lorg/cocos2dx/okio/Buffer;	org.cocos2dx.okio.Buffer	Ljava/lang/Object;	public final	129	4	5726
Lorg/cocos2dx/okio/ByteString;	org.cocos2dx.okio.ByteString	Ljava/lang/Object;	public	58	6	5726
Lorg/cocos2dx/okio/DeflaterSink;	org.cocos2dx.okio.DeflaterSink	Ljava/lang/Object;	public final	9	3	5726
Lorg/cocos2dx/okio/ForwardingTimeout;	org.cocos2dx.okio.ForwardingTimeout	Lorg/cocos2dx/okio/Timeout;	public	11	1	5726
Lorg/cocos2dx/okio/GzipSink;	org.cocos2dx.okio.GzipSink	Ljava/lang/Object;	public final	9	5	5726
Lorg/cocos2dx/okio/GzipSource;	org.cocos2dx.okio.GzipSource	Ljava/lang/Object;	public final	8	13	5726
Lorg/cocos2dx/okio/HashingSink;	org.cocos2dx.okio.HashingSink	Lorg/cocos2dx/okio/ForwardingSink;	public final	11	2	5726
Lorg/cocos2dx/okio/HashingSource;	org.cocos2dx.okio.HashingSource	Lorg/cocos2dx/okio/ForwardingSource;	public final	9	2	5726
Lorg/cocos2dx/okio/InflaterSource;	org.cocos2dx.okio.InflaterSource	Ljava/lang/Object;	public final	7	4	5726
Lorg/cocos2dx/okio/Okio$a;	org.cocos2dx.okio.Okio$a	Ljava/lang/Object;	final	6	2	5726
Lorg/cocos2dx/okio/Okio$b;	org.cocos2dx.okio.Okio$b	Ljava/lang/Object;	final	5	2	5726
Lorg/cocos2dx/okio/Okio$c;	org.cocos2dx.okio.Okio$c	Ljava/lang/Object;	final	5	0	5726
Lorg/cocos2dx/okio/Okio$d;	org.cocos2dx.okio.Okio$d	Lorg/cocos2dx/okio/AsyncTimeout;	final	3	1	5726
Lorg/cocos2dx/okio/Okio;	org.cocos2dx.okio.Okio	Ljava/lang/Object;	public final	18	1	5726
Lorg/cocos2dx/okio/Options;	org.cocos2dx.okio.Options	Ljava/util/AbstractList;	public final	7	2	5726
Lorg/cocos2dx/okio/Pipe$a;	org.cocos2dx.okio.Pipe$a	Ljava/lang/Object;	final	5	2	5726
Lorg/cocos2dx/okio/Pipe$b;	org.cocos2dx.okio.Pipe$b	Ljava/lang/Object;	final	4	2	5726
Lorg/cocos2dx/okio/Pipe;	org.cocos2dx.okio.Pipe	Ljava/lang/Object;	public final	3	6	5726
Lorg/cocos2dx/okio/Timeout$a;	org.cocos2dx.okio.Timeout$a	Lorg/cocos2dx/okio/Timeout;	final	4	0	5726
Lorg/cocos2dx/okio/Utf8;	org.cocos2dx.okio.Utf8	Ljava/lang/Object;	public final	3	0	5726
Lorg/cocos2dx/okio/a;	org.cocos2dx.okio.a	Ljava/lang/Object;	abstract	5	2	5726
Lorg/cocos2dx/okio/b;	org.cocos2dx.okio.b	Ljava/lang/Object;	public abstract synthetic	1	0	5726
Lorg/cocos2dx/okio/c;	org.cocos2dx.okio.c	Ljava/lang/Object;	public abstract synthetic	1	0	5726
Lorg/cocos2dx/okio/d$a;	org.cocos2dx.okio.d$a	Ljava/io/OutputStream;	0x0	6	1	5726
Lorg/cocos2dx/okio/d;	org.cocos2dx.okio.d	Ljava/lang/Object;	final	31	3	5726
Lorg/cocos2dx/okio/e$a;	org.cocos2dx.okio.e$a	Ljava/io/InputStream;	0x0	6	1	5726
Lorg/cocos2dx/okio/e;	org.cocos2dx.okio.e	Ljava/lang/Object;	final	49	3	5726
Lorg/cocos2dx/okio/f;	org.cocos2dx.okio.f	Ljava/lang/Object;	final	9	7	5726
Lorg/cocos2dx/okio/g;	org.cocos2dx.okio.g	Ljava/lang/Object;	abstract	2	2	5726
Lorg/cocos2dx/okio/h;	org.cocos2dx.okio.h	Lorg/cocos2dx/okio/ByteString;	final	31	2	5726
Lorg/cocos2dx/okio/i;	org.cocos2dx.okio.i	Ljava/lang/Object;	abstract	8	1	5726
Lp/a$a;	p.a$a	Ljava/lang/Object;	public final	6	4	5726
Lp/a;	p.a	Ljava/lang/Object;	public final	8	5	5726
Lp/b$a;	p.b$a	Ljava/lang/Object;	public final	3	1	5726
Lp/b;	p.b	Ljava/lang/Object;	public final	4	2	5726
Lp/c$a;	p.c$a	Ljava/lang/Object;	public final	4	2	5726
Lp/c$b;	p.c$b	Ljava/lang/Enum;	public final enum	5	9	5726
Lp/c;	p.c	Ljava/lang/Object;	public final	5	3	5726
Lp/d$a;	p.d$a	Ljava/lang/Object;	public final	4	2	5726
Lp/d;	p.d	Ljava/lang/Object;	public final	5	3	5726
Lp/e$a;	p.e$a	Ljava/lang/Object;	public final	4	2	5726
Lp/e;	p.e	Ljava/lang/Object;	public final	5	3	5726
Lp/f$a;	p.f$a	Ljava/lang/Object;	public final	4	2	5726
Lp/f;	p.f	Ljava/lang/Object;	public final	5	3	5726
Lp0/a$a;	p0.a$a	Ljava/lang/Object;	abstract synthetic	0	0	5726
Lp0/d$a;	p0.d$a	Ljava/lang/Object;	public abstract	7	0	5726
Lp0/a$b;	p0.a$b	Lp0/d$a;	final	7	5	5726
Lp0/d;	p0.d	Ljava/lang/Object;	public abstract	7	0	5726
Lp0/a;	p0.a	Lp0/d;	final	10	5	5726
Lp0/b$a;	p0.b$a	Ljava/lang/Object;	abstract synthetic	0	0	5726
Lp0/f$a;	p0.f$a	Ljava/lang/Object;	public abstract	5	0	5726
Lp0/b$b;	p0.b$b	Lp0/f$a;	final	5	3	5726
Lp0/f;	p0.f	Ljava/lang/Object;	public abstract	5	0	5726
Lp0/b;	p0.b	Lp0/f;	final	8	3	5726
Lp0/c;	p0.c	Ljava/lang/Object;	public	21	5	5726
Lp0/d$b;	p0.d$b	Ljava/lang/Enum;	public final enum	4	3	5726
Lp0/e;	p0.e	Ljava/lang/Object;	0x0	8	5	5726
Lp0/f$b;	p0.f$b	Ljava/lang/Enum;	public final enum	4	4	5726
Lq/a;	q.a	Ljava/lang/Object;	public abstract	7	0	5726
Lq0/a;	q0.a	Ljava/lang/Object;	public interface abstract	1	0	5726
Lq0/b;	q0.b	Ljava/lang/Object;	public	3	1	5726
Lr/b;	r.b	Ljava/lang/Object;	public abstract	1	0	5726
Lr0/a;	r0.a	Ljava/lang/Object;	public	5	4	5726
Ls/a;	s.a	Ljava/lang/Object;	public final synthetic	2	4	5726
Lv/b$a;	v.b$a	Ljava/lang/Object;	public interface abstract	1	0	5726
Ls/b;	s.b	Ljava/lang/Object;	public final synthetic	2	3	5726
Ls/e;	s.e	Ljava/lang/Object;	public interface abstract	1	0	5726
Ls/c;	s.c	Ljava/lang/Object;	public	7	6	5726
Ls/d;	s.d	Ljava/lang/Object;	public final	5	5	5726
Ls/f;	s.f	Ljava/lang/Object;	public abstract	1	0	5726
Ls/g;	s.g	Ljava/lang/Object;	public final	5	1	5726
Ls/h;	s.h	Ljava/lang/Object;	public abstract	1	0	5726
Ls/i;	s.i	Ljava/lang/Object;	public final	5	4	5726
Ls0/a$a;	s0.a$a	Ljava/lang/Object;	public final	14	15	5726
Ls0/a$b;	s0.a$b	Ljava/lang/Enum;	public final enum	5	5	5726
Ls0/a$c;	s0.a$c	Ljava/lang/Enum;	public final enum	5	6	5726
Ls0/a$d;	s0.a$d	Ljava/lang/Enum;	public final enum	5	6	5726
Ls0/a;	s0.a	Ljava/lang/Object;	public final	18	16	5726
Ls0/b$a;	s0.b$a	Ljava/lang/Object;	public final	3	1	5726
Ls0/b;	s0.b	Ljava/lang/Object;	public final	5	2	5726
Lt/a;	t.a	Ljava/lang/Object;	public final synthetic	2	0	5726
Lt/f;	t.f	Ljava/lang/Object;	public abstract	11	0	5726
Lt/b;	t.b	Lt/f;	final	6	2	5726
Lt/c$a;	t.c$a	Ljava/lang/Object;	abstract synthetic	0	0	5726
Lt/f$b$a;	t.f$b$a	Ljava/lang/Object;	public abstract	5	0	5726
Lt/c$b;	t.c$b	Lt/f$b$a;	final	5	3	5726
Lt/f$b;	t.f$b	Ljava/lang/Object;	public abstract	5	0	5726
Lt/c;	t.c	Lt/f$b;	final	8	3	5726
Lt/x;	t.x	Ljava/lang/Object;	public interface abstract	2	0	5726
Lt/d;	t.d	Ljava/lang/Object;	public	5	3	5726
Lt/e;	t.e	Ljava/lang/Object;	public final synthetic	2	2	5726
Lt/f$a;	t.f$a	Ljava/lang/Object;	public	4	2	5726
Lt/f$c;	t.f$c	Ljava/lang/Enum;	public final enum	4	4	5726
Lt/g;	t.g	Ljava/lang/Object;	public final synthetic	2	4	5726
Lt/h;	t.h	Ljava/lang/Object;	public final synthetic	2	1	5726
Lt/i;	t.i	Ljava/lang/Object;	public final synthetic	2	1	5726
Lt/j;	t.j	Ljava/lang/Object;	public final synthetic	2	3	5726
Lt/k;	t.k	Ljava/lang/Object;	public final synthetic	2	2	5726
Lt/l;	t.l	Ljava/lang/Object;	public final synthetic	2	2	5726
Lt/m;	t.m	Ljava/lang/Object;	public final synthetic	2	4	5726
Lt/n;	t.n	Ljava/lang/Object;	public final synthetic	2	2	5726
Lt/o;	t.o	Ljava/lang/Object;	public final synthetic	2	1	5726
Lt/p;	t.p	Ljava/lang/Object;	public final synthetic	2	2	5726
Lt/q;	t.q	Ljava/lang/Object;	public final synthetic	2	3	5726
Lt/r;	t.r	Ljava/lang/Object;	public	23	9	5726
Lt/s;	t.s	Ljava/lang/Object;	public final	5	9	5726
Lt/t;	t.t	Ljava/lang/Object;	public final synthetic	2	1	5726
Lt/u;	t.u	Ljava/lang/Object;	public final synthetic	2	1	5726
Lt/v;	t.v	Ljava/lang/Object;	public	6	4	5726
Lt/w;	t.w	Ljava/lang/Object;	public final	5	4	5726
Lt0/a;	t0.a	Ljava/lang/Object;	public interface abstract	1	0	5726
Lt0/b$a;	t0.b$a	Ljava/lang/Object;	abstract synthetic	0	0	5726
Lt0/b$b;	t0.b$b	Ljava/lang/Object;	0x0	4	0	5726
Lt0/b;	t0.b	Ljava/lang/Object;	public abstract	2	2	5726
Lt0/c;	t0.c	Ljava/lang/Enum;	public final enum	4	3	5726
Lu/M$b;	u.M$b	Ljava/lang/Object;	interface abstract	1	0	5726
Lu/A;	u.A	Ljava/lang/Object;	public final synthetic	2	3	5726
Lu/B;	u.B	Ljava/lang/Object;	public final synthetic	2	0	5726
Lu/C;	u.C	Ljava/lang/Object;	public final synthetic	2	1	5726
Lu/D;	u.D	Ljava/lang/Object;	public final synthetic	2	1	5726
Lu/M$d;	u.M$d	Ljava/lang/Object;	interface abstract	1	0	5726
Lu/E;	u.E	Ljava/lang/Object;	public final synthetic	2	1	5726
Lu/F;	u.F	Ljava/lang/Object;	public final synthetic	2	0	5726
Lu/G;	u.G	Ljava/lang/Object;	public final synthetic	2	0	5726
Lu/H;	u.H	Ljava/lang/Object;	public final synthetic	2	0	5726
Lu/I;	u.I	Ljava/lang/Object;	public final synthetic	2	2	5726
Lu/J;	u.J	Ljava/lang/Object;	public final synthetic	2	0	5726
Lu/K;	u.K	Ljava/lang/Object;	public final synthetic	2	3	5726
Lu/L;	u.	Ljava/lang/Object;	public final synthetic	2	2	5726
Lu/M$a;	u.M$a	Ljava/lang/Object;	abstract synthetic	0	0	5726
Lu/M$c;	u.M$c	Ljava/lang/Object;	0x0	2	2	5726
Lu/d;	u.d	Ljava/lang/Object;	public interface abstract	9	0	5726
Lv/b;	v.b	Ljava/lang/Object;	public interface abstract	1	0	5726
Lu/c;	u.c	Ljava/lang/Object;	public interface abstract	3	0	5726
Lu/M;	u.M	Ljava/lang/Object;	public	88	6	5726
Lu/N;	u.N	Ljava/lang/Object;	public final	5	5	5726
Lu/U$a;	u.U$a	Ljava/lang/Object;	public interface abstract	1	0	5726
Lu/O;	u.O	Ljava/lang/Object;	public final synthetic	2	0	5726
Lu/P;	u.P	Ljava/lang/Object;	public final synthetic	2	0	5726
Lu/Q;	u.Q	Ljava/lang/Object;	public final synthetic	2	0	5726
Lu/S;	u.S	Ljava/lang/Object;	public final synthetic	2	0	5726
Lu/T;	u.T	Ljava/lang/Object;	public final synthetic	2	0	5726
Lu/U;	u.U	Landroid/database/sqlite/SQLiteOpenHelper;	final	20	10	5726
Lu/V;	u.V	Ljava/lang/Object;	public final	5	3	5726
Lu/a$a;	u.a$a	Ljava/lang/Object;	abstract synthetic	0	0	5726
Lu/e$a;	u.e$a	Ljava/lang/Object;	abstract	7	0	5726
Lu/a$b;	u.a$b	Lu/e$a;	final	7	5	5726
Lu/e;	u.e	Ljava/lang/Object;	abstract	8	1	5726
Lu/a;	u.a	Lu/e;	final	10	5	5726
Lu/k;	u.k	Ljava/lang/Object;	public abstract	5	0	5726
Lu/b;	u.b	Lu/k;	final	7	3	5726
Lu/f;	u.f	Ljava/lang/Object;	public abstract	4	0	5726
Lu/g$a;	u.g$a	Ljava/lang/Object;	abstract	2	1	5726
Lu/g;	u.g	Ljava/lang/Object;	public final	5	0	5726
Lu/h;	u.h	Ljava/lang/Object;	public final	5	1	5726
Lu/i$a;	u.i$a	Ljava/lang/Object;	abstract	2	1	5726
Lu/i;	u.i	Ljava/lang/Object;	public final	5	0	5726
Lu/j$a;	u.j$a	Ljava/lang/Object;	abstract	2	1	5726
Lu/j;	u.j	Ljava/lang/Object;	public final	5	0	5726
Lu/l;	u.l	Ljava/lang/Object;	public final synthetic	2	1	5726
Lu/m;	u.m	Ljava/lang/Object;	public final synthetic	2	3	5726
Lu/n;	u.n	Ljava/lang/Object;	public final synthetic	2	2	5726
Lu/o;	u.o	Ljava/lang/Object;	public final synthetic	2	2	5726
Lu/p;	u.p	Ljava/lang/Object;	public final synthetic	2	1	5726
Lu/q;	u.q	Ljava/lang/Object;	public final synthetic	2	3	5726
Lu/r;	u.r	Ljava/lang/Object;	public final synthetic	2	1	5726
Lu/s;	u.s	Ljava/lang/Object;	public final synthetic	2	4	5726
Lu/t;	u.t	Ljava/lang/Object;	public final synthetic	2	0	5726
Lu/u;	u.u	Ljava/lang/Object;	public final synthetic	2	1	5726
Lu/v;	u.v	Ljava/lang/Object;	public final synthetic	2	3	5726
Lu/w;	u.w	Ljava/lang/Object;	public final synthetic	2	0	5726
Lu/x;	u.x	Ljava/lang/Object;	public final synthetic	2	0	5726
Lu/y;	u.y	Ljava/lang/Object;	public final synthetic	2	0	5726
Lu/z;	u.z	Ljava/lang/Object;	public final synthetic	2	1	5726
Lu0/f;	u0.f	Ljava/lang/Object;	abstract	4	0	5726
Lu0/a;	u0.a	Lu0/f;	final	6	2	5726
Lu0/b;	u0.b	Ljava/lang/Object;	public final synthetic	2	0	5726
Lu0/i;	u0.i	Ljava/lang/Object;	public interface abstract	1	0	5726
Lu0/c;	u0.c	Ljava/lang/Object;	public	6	2	5726
Lu0/d;	u0.d	Ljava/lang/Object;	public	3	2	5726
Lu0/e;	u0.e	Ljava/lang/Object;	public abstract	1	0	5726
Lu0/g;	u0.g	Ljava/lang/Object;	public final synthetic	2	2	5726
Lu0/h;	u0.h	Ljava/lang/Object;	public abstract	4	0	5726
Lv/a;	v.a	Ljava/lang/RuntimeException;	public	1	0	5726
Lv0/a;	v0.a	Ljava/lang/Object;	public final synthetic	2	2	5726
Lv0/b;	v0.b	Ljava/lang/Object;	public	4	0	5726
Lv0/c;	v0.c	Ljava/lang/Object;	public abstract	2	0	5726
Lw/a;	w.a	Ljava/lang/Object;	public interface abstract	1	0	5726
Lw/b;	w.b	Ljava/lang/Object;	public abstract	2	0	5726
Lw/c$a;	w.c$a	Ljava/lang/Object;	abstract	2	1	5726
Lw/c;	w.c	Ljava/lang/Object;	public final	5	0	5726
Lw/d$a;	w.d$a	Ljava/lang/Object;	abstract	2	1	5726
Lw/d;	w.d	Ljava/lang/Object;	public final	5	0	5726
Lw/e;	w.e	Ljava/lang/Object;	public	2	0	5726
Lw/f;	w.f	Ljava/lang/Object;	public	2	0	5726
Lw0/a;	w0.a	Ljava/lang/Object;	abstract	9	0	5726
Lw0/b;	w0.b	Ljava/lang/Object;	public	3	2	5726
Lw0/c;	w0.c	Ljava/lang/Object;	public abstract	3	0	5726
Lw0/d;	w0.d	Ljava/lang/Object;	final	5	2	5726
Lw0/e;	w0.e	Ljava/lang/Object;	public abstract	4	0	5726
Lw0/f;	w0.f	Ljava/lang/Exception;	public	1	0	5726
Lw0/g;	w0.g	Ljava/lang/Object;	public abstract	2	0	5726
Lx/a;	x.a	Ljava/lang/Object;	public abstract	3	2	5726
Lx0/a;	x0.a	Ljava/lang/Object;	public abstract	0	1	5726
Lx0/b;	x0.b	Ljava/lang/Object;	public abstract	0	1	5726
Lx0/c;	x0.c	Ljava/lang/Object;	public abstract	0	3	5726
Ly/a$a;	y.a$a	Ljava/lang/Object;	public final	4	2	5726
Ly/a;	y.a	Ljava/lang/Object;	public	9	7	5726
Ly/b;	y.b	Ljava/lang/Thread;	final	2	1	5726
Ly/c;	y.c	Ljava/lang/Thread;	final	3	4	5726
Ly/d;	y.d	Ljava/lang/Object;	public abstract	1	0	5726
Lz/a;	z.a	Ljava/lang/Object;	public	6	4	5726
