path	json_path	string	node_name	component_type
assets/res/import/2f/2f0e1f9e-6e66-4d16-9277-2672ab5717f9.json	/content/name	paytable_footer02		
assets/res/import/20/208dcbdf-0766-4616-b010-df4a670fd217.json	/1/_components/2/abs_url/0	advertise/bank_verify_ad.png		
assets/res/import/20/208dcbdf-0766-4616-b010-df4a670fd217.json	/4/_components/0/_string	Verify Account		cc.Label
assets/res/import/20/208dcbdf-0766-4616-b010-df4a670fd217.json	/4/_components/0/_N$string	Verify Account		cc.Label
assets/res/import/20/208dcbdf-0766-4616-b010-df4a670fd217.json	/4/_components/0/_string	Verify Account		
assets/res/import/20/208dcbdf-0766-4616-b010-df4a670fd217.json	/4/_components/0/_N$string	Verify Account		
assets/res/import/20/208dcbdf-0766-4616-b010-df4a670fd217.json	/4/_components/1/_srcKey	Verify Account		aaffabCRcpLyqXd9ReiHVw6
assets/res/import/20/208dcbdf-0766-4616-b010-df4a670fd217.json	/4/_components/1/_srcKey	Verify Account		
assets/res/import/20/208dcbdf-0766-4616-b010-df4a670fd217.json	/12/_components/0/_string	Verify Account		cc.Label
assets/res/import/20/208dcbdf-0766-4616-b010-df4a670fd217.json	/12/_components/0/_N$string	Verify Account		cc.Label
assets/res/import/20/208dcbdf-0766-4616-b010-df4a670fd217.json	/12/_components/0/_string	Verify Account		
assets/res/import/20/208dcbdf-0766-4616-b010-df4a670fd217.json	/12/_components/0/_N$string	Verify Account		
assets/res/import/20/208dcbdf-0766-4616-b010-df4a670fd217.json	/12/_components/1/_srcKey	Verify Account		aaffabCRcpLyqXd9ReiHVw6
assets/res/import/20/208dcbdf-0766-4616-b010-df4a670fd217.json	/12/_components/1/_srcKey	Verify Account		
assets/res/import/20/208dcbdf-0766-4616-b010-df4a670fd217.json	/17/_components/0/_string	verify_account_2		cc.Label
assets/res/import/20/208dcbdf-0766-4616-b010-df4a670fd217.json	/17/_components/0/_N$string	verify_account_2		cc.Label
assets/res/import/20/208dcbdf-0766-4616-b010-df4a670fd217.json	/17/_components/0/_string	verify_account_2		
assets/res/import/20/208dcbdf-0766-4616-b010-df4a670fd217.json	/17/_components/0/_N$string	verify_account_2		
assets/res/import/20/208dcbdf-0766-4616-b010-df4a670fd217.json	/18/_name	btn_deposit	btn_deposit	cc.Node
assets/res/import/20/208dcbdf-0766-4616-b010-df4a670fd217.json	/18/_name	btn_deposit		
assets/res/import/20/208dcbdf-0766-4616-b010-df4a670fd217.json	/19/_components/0/_string	Verify Now		cc.Label
assets/res/import/20/208dcbdf-0766-4616-b010-df4a670fd217.json	/19/_components/0/_N$string	Verify Now		cc.Label
assets/res/import/20/208dcbdf-0766-4616-b010-df4a670fd217.json	/19/_components/0/_string	Verify Now		
assets/res/import/20/208dcbdf-0766-4616-b010-df4a670fd217.json	/19/_components/0/_N$string	Verify Now		
assets/res/import/20/208dcbdf-0766-4616-b010-df4a670fd217.json	/19/_components/1/_srcKey	Verify Now		aaffabCRcpLyqXd9ReiHVw6
assets/res/import/20/208dcbdf-0766-4616-b010-df4a670fd217.json	/19/_components/1/_srcKey	Verify Now		
assets/res/import/20/208dcbdf-0766-4616-b010-df4a670fd217.json	/23/_name	bank	bank	cc.Node
assets/res/import/20/208dcbdf-0766-4616-b010-df4a670fd217.json	/23/_name	bank		
assets/res/import/20/208dcbdf-0766-4616-b010-df4a670fd217.json	/25/_components/0/_string	Bank Card		cc.Label
assets/res/import/20/208dcbdf-0766-4616-b010-df4a670fd217.json	/25/_components/0/_N$string	Bank Card		cc.Label
assets/res/import/20/208dcbdf-0766-4616-b010-df4a670fd217.json	/25/_components/0/_string	Bank Card		
assets/res/import/20/208dcbdf-0766-4616-b010-df4a670fd217.json	/25/_components/0/_N$string	Bank Card		
assets/res/import/20/208dcbdf-0766-4616-b010-df4a670fd217.json	/25/_components/1/_srcKey	Bank Card		aaffabCRcpLyqXd9ReiHVw6
assets/res/import/20/208dcbdf-0766-4616-b010-df4a670fd217.json	/25/_components/1/_srcKey	Bank Card		
assets/res/import/20/208dcbdf-0766-4616-b010-df4a670fd217.json	/26/_components/0/_string	verify_account_2		cc.Label
assets/res/import/20/208dcbdf-0766-4616-b010-df4a670fd217.json	/26/_components/0/_N$string	verify_account_2		cc.Label
assets/res/import/20/208dcbdf-0766-4616-b010-df4a670fd217.json	/26/_components/0/_string	verify_account_2		
assets/res/import/20/208dcbdf-0766-4616-b010-df4a670fd217.json	/26/_components/0/_N$string	verify_account_2		
assets/res/import/20/208dcbdf-0766-4616-b010-df4a670fd217.json	/27/_name	btn_deposit	btn_deposit	cc.Node
assets/res/import/20/208dcbdf-0766-4616-b010-df4a670fd217.json	/27/_name	btn_deposit		
assets/res/import/20/208dcbdf-0766-4616-b010-df4a670fd217.json	/28/_components/0/_string	Verify Now		cc.Label
assets/res/import/20/208dcbdf-0766-4616-b010-df4a670fd217.json	/28/_components/0/_N$string	Verify Now		cc.Label
assets/res/import/20/208dcbdf-0766-4616-b010-df4a670fd217.json	/28/_components/0/_string	Verify Now		
assets/res/import/20/208dcbdf-0766-4616-b010-df4a670fd217.json	/28/_components/0/_N$string	Verify Now		
assets/res/import/20/208dcbdf-0766-4616-b010-df4a670fd217.json	/28/_components/1/_srcKey	Verify Now		aaffabCRcpLyqXd9ReiHVw6
assets/res/import/20/208dcbdf-0766-4616-b010-df4a670fd217.json	/28/_components/1/_srcKey	Verify Now		
assets/res/import/20/208dcbdf-0766-4616-b010-df4a670fd217.json	/42/_components/0/_string	Online customer service		cc.Label
assets/res/import/20/208dcbdf-0766-4616-b010-df4a670fd217.json	/42/_components/0/_N$string	Online customer service		cc.Label
assets/res/import/20/208dcbdf-0766-4616-b010-df4a670fd217.json	/42/_components/0/_string	Online customer service		
assets/res/import/20/208dcbdf-0766-4616-b010-df4a670fd217.json	/42/_components/0/_N$string	Online customer service		
assets/res/import/20/208dcbdf-0766-4616-b010-df4a670fd217.json	/42/_components/1/_srcKey	Online customer service		aaffabCRcpLyqXd9ReiHVw6
assets/res/import/20/208dcbdf-0766-4616-b010-df4a670fd217.json	/42/_components/1/_srcKey	Online customer service		
assets/res/import/20/208dcbdf-0766-4616-b010-df4a670fd217.json	/43/_components/0/_string	Top to connect customer service 24/7		cc.Label
assets/res/import/20/208dcbdf-0766-4616-b010-df4a670fd217.json	/43/_components/0/_N$string	Top to connect customer service 24/7		cc.Label
assets/res/import/20/208dcbdf-0766-4616-b010-df4a670fd217.json	/43/_components/0/_string	Top to connect customer service 24/7		
assets/res/import/20/208dcbdf-0766-4616-b010-df4a670fd217.json	/43/_components/0/_N$string	Top to connect customer service 24/7		
assets/res/import/20/208dcbdf-0766-4616-b010-df4a670fd217.json	/67/_components/0/_string	Verify KYC Now		cc.Label
assets/res/import/20/208dcbdf-0766-4616-b010-df4a670fd217.json	/67/_components/0/_N$string	Verify KYC Now		cc.Label
assets/res/import/20/208dcbdf-0766-4616-b010-df4a670fd217.json	/67/_components/0/_string	Verify KYC Now		
assets/res/import/20/208dcbdf-0766-4616-b010-df4a670fd217.json	/67/_components/0/_N$string	Verify KYC Now		
assets/res/import/20/208dcbdf-0766-4616-b010-df4a670fd217.json	/67/_components/2/_srcKey	Verify KYC Now		aaffabCRcpLyqXd9ReiHVw6
assets/res/import/20/208dcbdf-0766-4616-b010-df4a670fd217.json	/67/_components/2/_srcKey	Verify KYC Now		
assets/res/import/20/208dcbdf-0766-4616-b010-df4a670fd217.json	/69/_components/0/_string	Verify KYC Now_hint		cc.Label
assets/res/import/20/208dcbdf-0766-4616-b010-df4a670fd217.json	/69/_components/0/_N$string	Verify KYC Now_hint		cc.Label
assets/res/import/20/208dcbdf-0766-4616-b010-df4a670fd217.json	/69/_components/0/_string	Verify KYC Now_hint		
assets/res/import/20/208dcbdf-0766-4616-b010-df4a670fd217.json	/69/_components/0/_N$string	Verify KYC Now_hint		
assets/res/import/20/208dcbdf-0766-4616-b010-df4a670fd217.json	/69/_components/1/_srcKey	Verify KYC Now_hint		aaffabCRcpLyqXd9ReiHVw6
assets/res/import/20/208dcbdf-0766-4616-b010-df4a670fd217.json	/69/_components/1/_srcKey	Verify KYC Now_hint		
assets/res/import/20/208dcbdf-0766-4616-b010-df4a670fd217.json	/71/_components/0/_string	Verify KYC Now		cc.Label
assets/res/import/20/208dcbdf-0766-4616-b010-df4a670fd217.json	/71/_components/0/_N$string	Verify KYC Now		cc.Label
assets/res/import/20/208dcbdf-0766-4616-b010-df4a670fd217.json	/71/_components/0/_string	Verify KYC Now		
assets/res/import/20/208dcbdf-0766-4616-b010-df4a670fd217.json	/71/_components/0/_N$string	Verify KYC Now		
assets/res/import/20/208dcbdf-0766-4616-b010-df4a670fd217.json	/71/_components/1/_srcKey	Verify KYC Now		aaffabCRcpLyqXd9ReiHVw6
assets/res/import/20/208dcbdf-0766-4616-b010-df4a670fd217.json	/71/_components/1/_srcKey	Verify KYC Now		
assets/res/import/8d/8d1d951b-9fbe-4545-ba34-365f0e58b861.json	/0/_name	return_bonus	return_bonus	cc.Prefab
assets/res/import/8d/8d1d951b-9fbe-4545-ba34-365f0e58b861.json	/0/_name	return_bonus		
assets/res/import/8d/8d1d951b-9fbe-4545-ba34-365f0e58b861.json	/1/_name	return_bonus	return_bonus	cc.Node
assets/res/import/8d/8d1d951b-9fbe-4545-ba34-365f0e58b861.json	/1/_name	return_bonus		
assets/res/import/8d/8d1d951b-9fbe-4545-ba34-365f0e58b861.json	/13/_name	icon_reward	icon_reward	cc.Node
assets/res/import/8d/8d1d951b-9fbe-4545-ba34-365f0e58b861.json	/13/_name	icon_reward		
assets/res/import/8d/8d1d951b-9fbe-4545-ba34-365f0e58b861.json	/16/_name	icon_reward	icon_reward	cc.Node
assets/res/import/8d/8d1d951b-9fbe-4545-ba34-365f0e58b861.json	/16/_name	icon_reward		
assets/res/import/8d/8d1d951b-9fbe-4545-ba34-365f0e58b861.json	/26/_name	icon_reward	icon_reward	cc.Node
assets/res/import/8d/8d1d951b-9fbe-4545-ba34-365f0e58b861.json	/26/_name	icon_reward		
assets/res/import/8d/8d1d951b-9fbe-4545-ba34-365f0e58b861.json	/29/_name	icon_reward	icon_reward	cc.Node
assets/res/import/8d/8d1d951b-9fbe-4545-ba34-365f0e58b861.json	/29/_name	icon_reward		
assets/res/import/8d/8d1d951b-9fbe-4545-ba34-365f0e58b861.json	/39/_name	icon_reward	icon_reward	cc.Node
assets/res/import/8d/8d1d951b-9fbe-4545-ba34-365f0e58b861.json	/39/_name	icon_reward		
assets/res/import/8d/8d1d951b-9fbe-4545-ba34-365f0e58b861.json	/42/_name	icon_reward	icon_reward	cc.Node
assets/res/import/8d/8d1d951b-9fbe-4545-ba34-365f0e58b861.json	/42/_name	icon_reward		
assets/res/import/8d/8d1d951b-9fbe-4545-ba34-365f0e58b861.json	/52/_name	icon_reward	icon_reward	cc.Node
assets/res/import/8d/8d1d951b-9fbe-4545-ba34-365f0e58b861.json	/52/_name	icon_reward		
assets/res/import/8d/8d1d951b-9fbe-4545-ba34-365f0e58b861.json	/55/_name	icon_reward	icon_reward	cc.Node
assets/res/import/8d/8d1d951b-9fbe-4545-ba34-365f0e58b861.json	/55/_name	icon_reward		
assets/res/import/8d/8d1d951b-9fbe-4545-ba34-365f0e58b861.json	/65/_name	icon_reward	icon_reward	cc.Node
assets/res/import/8d/8d1d951b-9fbe-4545-ba34-365f0e58b861.json	/65/_name	icon_reward		
assets/res/import/8d/8d1d951b-9fbe-4545-ba34-365f0e58b861.json	/68/_name	icon_reward	icon_reward	cc.Node
assets/res/import/8d/8d1d951b-9fbe-4545-ba34-365f0e58b861.json	/68/_name	icon_reward		
assets/res/import/8d/8d1d951b-9fbe-4545-ba34-365f0e58b861.json	/78/_name	icon_reward	icon_reward	cc.Node
assets/res/import/8d/8d1d951b-9fbe-4545-ba34-365f0e58b861.json	/78/_name	icon_reward		
assets/res/import/8d/8d1d951b-9fbe-4545-ba34-365f0e58b861.json	/81/_name	icon_reward	icon_reward	cc.Node
assets/res/import/8d/8d1d951b-9fbe-4545-ba34-365f0e58b861.json	/81/_name	icon_reward		
assets/res/import/8d/8d1d951b-9fbe-4545-ba34-365f0e58b861.json	/91/_name	icon_reward	icon_reward	cc.Node
assets/res/import/8d/8d1d951b-9fbe-4545-ba34-365f0e58b861.json	/91/_name	icon_reward		
assets/res/import/8d/8d1d951b-9fbe-4545-ba34-365f0e58b861.json	/94/_name	icon_reward	icon_reward	cc.Node
assets/res/import/8d/8d1d951b-9fbe-4545-ba34-365f0e58b861.json	/94/_name	icon_reward		
assets/res/import/8d/8d1d951b-9fbe-4545-ba34-365f0e58b861.json	/145/_components/0/_string	Rewards		cc.Label
assets/res/import/8d/8d1d951b-9fbe-4545-ba34-365f0e58b861.json	/145/_components/0/_N$string	Rewards		cc.Label
assets/res/import/8d/8d1d951b-9fbe-4545-ba34-365f0e58b861.json	/145/_components/0/_string	Rewards		
assets/res/import/8d/8d1d951b-9fbe-4545-ba34-365f0e58b861.json	/145/_components/0/_N$string	Rewards		
assets/res/import/8d/8d1d951b-9fbe-4545-ba34-365f0e58b861.json	/145/_components/1/_srcKey	Rewards		aaffabCRcpLyqXd9ReiHVw6
assets/res/import/8d/8d1d951b-9fbe-4545-ba34-365f0e58b861.json	/145/_components/1/_srcKey	Rewards		
assets/res/import/8d/8d1d951b-9fbe-4545-ba34-365f0e58b861.json	/146/_name	node_rewards	node_rewards	cc.Node
assets/res/import/8d/8d1d951b-9fbe-4545-ba34-365f0e58b861.json	/146/_name	node_rewards		
assets/res/import/8d/8d1d951b-9fbe-4545-ba34-365f0e58b861.json	/147/_name	lay_rewards	lay_rewards	cc.Node
assets/res/import/8d/8d1d951b-9fbe-4545-ba34-365f0e58b861.json	/147/_name	lay_rewards		
assets/res/import/8d/8d1d951b-9fbe-4545-ba34-365f0e58b861.json	/160/_components/0/_string	ReturnBonus_tip1		cc.Label
assets/res/import/8d/8d1d951b-9fbe-4545-ba34-365f0e58b861.json	/160/_components/0/_N$string	ReturnBonus_tip1		cc.Label
assets/res/import/8d/8d1d951b-9fbe-4545-ba34-365f0e58b861.json	/160/_components/0/_string	ReturnBonus_tip1		
assets/res/import/8d/8d1d951b-9fbe-4545-ba34-365f0e58b861.json	/160/_components/0/_N$string	ReturnBonus_tip1		
assets/res/import/44/44149801-fb58-4763-88a7-d8b758483926.json	/content/name	paytable_button1_1_id		
assets/res/import/4e/4ea694b4-4c66-4433-8066-d1f26ce7ea14.json	/0/_name	RewardFlyAnim	RewardFlyAnim	cc.Prefab
assets/res/import/4e/4ea694b4-4c66-4433-8066-d1f26ce7ea14.json	/0/_name	RewardFlyAnim		
assets/res/import/4e/4ea694b4-4c66-4433-8066-d1f26ce7ea14.json	/1/_name	RewardFlyAnim	RewardFlyAnim	cc.Node
assets/res/import/4e/4ea694b4-4c66-4433-8066-d1f26ce7ea14.json	/1/_name	RewardFlyAnim		
assets/res/import/4e/4ea694b4-4c66-4433-8066-d1f26ce7ea14.json	/12/_name	coin_bonus	coin_bonus	cc.Node
assets/res/import/4e/4ea694b4-4c66-4433-8066-d1f26ce7ea14.json	/12/_name	coin_bonus		
assets/res/import/4e/4ea694b4-4c66-4433-8066-d1f26ce7ea14.json	/15/_components/0/_string	Bonus		cc.Label
assets/res/import/4e/4ea694b4-4c66-4433-8066-d1f26ce7ea14.json	/15/_components/0/_N$string	Bonus		cc.Label
assets/res/import/4e/4ea694b4-4c66-4433-8066-d1f26ce7ea14.json	/15/_components/0/_string	Bonus		
assets/res/import/4e/4ea694b4-4c66-4433-8066-d1f26ce7ea14.json	/15/_components/0/_N$string	Bonus		
assets/res/import/4e/4ea694b4-4c66-4433-8066-d1f26ce7ea14.json	/15/_components/1/_srcKey	Bonus		aaffabCRcpLyqXd9ReiHVw6
assets/res/import/4e/4ea694b4-4c66-4433-8066-d1f26ce7ea14.json	/15/_components/1/_srcKey	Bonus		
assets/res/import/4e/4ea694b4-4c66-4433-8066-d1f26ce7ea14.json	/19/_components/0/_string	Withdraw		cc.Label
assets/res/import/4e/4ea694b4-4c66-4433-8066-d1f26ce7ea14.json	/19/_components/0/_N$string	Withdraw		cc.Label
assets/res/import/4e/4ea694b4-4c66-4433-8066-d1f26ce7ea14.json	/19/_components/0/_string	Withdraw		
assets/res/import/4e/4ea694b4-4c66-4433-8066-d1f26ce7ea14.json	/19/_components/0/_N$string	Withdraw		
assets/res/import/4e/4ea694b4-4c66-4433-8066-d1f26ce7ea14.json	/19/_components/1/_srcKey	Withdraw		aaffabCRcpLyqXd9ReiHVw6
assets/res/import/4e/4ea694b4-4c66-4433-8066-d1f26ce7ea14.json	/19/_components/1/_srcKey	Withdraw		
assets/res/import/a1/a1141fbe-b8b5-452c-b1e6-38f0f0b5fdc5.json	/_name	Slot.plist	Slot.plist	cc.SpriteAtlas
assets/res/import/a1/a1141fbe-b8b5-452c-b1e6-38f0f0b5fdc5.json	/_name	Slot.plist		
assets/res/import/5e/5e7a85c2-b414-485d-8af9-a4c405a3aa27.json	/0/_name	LMSlots_Panel_Click	LMSlots_Panel_Click	cc.Prefab
assets/res/import/5e/5e7a85c2-b414-485d-8af9-a4c405a3aa27.json	/0/_name	LMSlots_Panel_Click		
assets/res/import/5e/5e7a85c2-b414-485d-8af9-a4c405a3aa27.json	/1/_name	LMSlots_Panel_Click	LMSlots_Panel_Click	cc.Node
assets/res/import/5e/5e7a85c2-b414-485d-8af9-a4c405a3aa27.json	/1/_name	LMSlots_Panel_Click		
assets/res/import/f7/f7c1e9bb-22d9-4b36-936e-ebb1d009ac62.json	/0/_name	bank_bottom	bank_bottom	cc.Prefab
assets/res/import/f7/f7c1e9bb-22d9-4b36-936e-ebb1d009ac62.json	/0/_name	bank_bottom		
assets/res/import/f7/f7c1e9bb-22d9-4b36-936e-ebb1d009ac62.json	/1/_name	bank_bottom	bank_bottom	cc.Node
assets/res/import/f7/f7c1e9bb-22d9-4b36-936e-ebb1d009ac62.json	/1/_name	bank_bottom		
assets/res/import/f7/f7c1e9bb-22d9-4b36-936e-ebb1d009ac62.json	/8/_components/0/_spriteFrame/__uuid__	22eMqUqcRAPaY+87KNhxBL		
assets/res/import/f7/f7c1e9bb-22d9-4b36-936e-ebb1d009ac62.json	/9/_components/1/key	bank/3		7b4dcq48PtKRZmC8KT63lIe
assets/res/import/f7/f7c1e9bb-22d9-4b36-936e-ebb1d009ac62.json	/9/_components/1/key	bank/3		
assets/res/import/f7/f7c1e9bb-22d9-4b36-936e-ebb1d009ac62.json	/13/_components/0/_string	Add Cash	New Label<Label>	cc.Label
assets/res/import/f7/f7c1e9bb-22d9-4b36-936e-ebb1d009ac62.json	/13/_components/0/_N$string	Add Cash	New Label<Label>	cc.Label
assets/res/import/f7/f7c1e9bb-22d9-4b36-936e-ebb1d009ac62.json	/13/_components/0/_string	Add Cash		
assets/res/import/f7/f7c1e9bb-22d9-4b36-936e-ebb1d009ac62.json	/13/_components/0/_N$string	Add Cash		
assets/res/import/f7/f7c1e9bb-22d9-4b36-936e-ebb1d009ac62.json	/13/_components/1/_srcKey	Add Cash		aaffabCRcpLyqXd9ReiHVw6
assets/res/import/f7/f7c1e9bb-22d9-4b36-936e-ebb1d009ac62.json	/13/_components/1/_srcKey	Add Cash		
assets/res/import/f7/f7c1e9bb-22d9-4b36-936e-ebb1d009ac62.json	/15/_name	btn_shop_wallet_hint	btn_shop_wallet_hint	cc.Node
assets/res/import/f7/f7c1e9bb-22d9-4b36-936e-ebb1d009ac62.json	/15/_name	btn_shop_wallet_hint		
assets/res/import/f7/f7c1e9bb-22d9-4b36-936e-ebb1d009ac62.json	/15/_components/0/_name	btn_shop_wallet_hint<Sprite>	btn_shop_wallet_hint<Sprite>	cc.Sprite
assets/res/import/f7/f7c1e9bb-22d9-4b36-936e-ebb1d009ac62.json	/15/_components/0/_name	btn_shop_wallet_hint<Sprite>		
assets/res/import/f7/f7c1e9bb-22d9-4b36-936e-ebb1d009ac62.json	/17/_components/0/_spriteFrame/__uuid__	22eMqUqcRAPaY+87KNhxBL		
assets/res/import/f7/f7c1e9bb-22d9-4b36-936e-ebb1d009ac62.json	/18/_components/1/key	bank/4		7b4dcq48PtKRZmC8KT63lIe
assets/res/import/f7/f7c1e9bb-22d9-4b36-936e-ebb1d009ac62.json	/18/_components/1/key	bank/4		
assets/res/import/f7/f7c1e9bb-22d9-4b36-936e-ebb1d009ac62.json	/20/_components/0/_string	bank_win_balance_hint	lbl_hint<Label>	cc.Label
assets/res/import/f7/f7c1e9bb-22d9-4b36-936e-ebb1d009ac62.json	/20/_components/0/_N$string	bank_win_balance_hint	lbl_hint<Label>	cc.Label
assets/res/import/f7/f7c1e9bb-22d9-4b36-936e-ebb1d009ac62.json	/20/_components/0/_string	bank_win_balance_hint		
assets/res/import/f7/f7c1e9bb-22d9-4b36-936e-ebb1d009ac62.json	/20/_components/0/_N$string	bank_win_balance_hint		
assets/res/import/f7/f7c1e9bb-22d9-4b36-936e-ebb1d009ac62.json	/21/_name	btn_withdraw	btn_withdraw	cc.Node
assets/res/import/f7/f7c1e9bb-22d9-4b36-936e-ebb1d009ac62.json	/21/_name	btn_withdraw		
assets/res/import/f7/f7c1e9bb-22d9-4b36-936e-ebb1d009ac62.json	/23/_components/0/_string	Withdraw Instantly	lbl_title<Label>	cc.Label
assets/res/import/f7/f7c1e9bb-22d9-4b36-936e-ebb1d009ac62.json	/23/_components/0/_N$string	Withdraw Instantly	lbl_title<Label>	cc.Label
assets/res/import/f7/f7c1e9bb-22d9-4b36-936e-ebb1d009ac62.json	/23/_components/0/_string	Withdraw Instantly		
assets/res/import/f7/f7c1e9bb-22d9-4b36-936e-ebb1d009ac62.json	/23/_components/0/_N$string	Withdraw Instantly		
assets/res/import/f7/f7c1e9bb-22d9-4b36-936e-ebb1d009ac62.json	/23/_components/1/_srcKey	Withdraw Instantly		aaffabCRcpLyqXd9ReiHVw6
assets/res/import/f7/f7c1e9bb-22d9-4b36-936e-ebb1d009ac62.json	/23/_components/1/_srcKey	Withdraw Instantly		
assets/res/import/f7/f7c1e9bb-22d9-4b36-936e-ebb1d009ac62.json	/25/_name	btn_shop_wallet_hint	btn_shop_wallet_hint	cc.Node
assets/res/import/f7/f7c1e9bb-22d9-4b36-936e-ebb1d009ac62.json	/25/_name	btn_shop_wallet_hint		
assets/res/import/f7/f7c1e9bb-22d9-4b36-936e-ebb1d009ac62.json	/25/_components/0/_name	btn_shop_wallet_hint<Sprite>	btn_shop_wallet_hint<Sprite>	cc.Sprite
assets/res/import/f7/f7c1e9bb-22d9-4b36-936e-ebb1d009ac62.json	/25/_components/0/_name	btn_shop_wallet_hint<Sprite>		
assets/res/import/f7/f7c1e9bb-22d9-4b36-936e-ebb1d009ac62.json	/26/_name	item_cashbouns	item_cashbouns	cc.Node
assets/res/import/f7/f7c1e9bb-22d9-4b36-936e-ebb1d009ac62.json	/26/_name	item_cashbouns		
assets/res/import/f7/f7c1e9bb-22d9-4b36-936e-ebb1d009ac62.json	/27/_components/0/_spriteFrame/__uuid__	22eMqUqcRAPaY+87KNhxBL		
assets/res/import/f7/f7c1e9bb-22d9-4b36-936e-ebb1d009ac62.json	/28/_components/1/key	bank/5		7b4dcq48PtKRZmC8KT63lIe
assets/res/import/f7/f7c1e9bb-22d9-4b36-936e-ebb1d009ac62.json	/28/_components/1/key	bank/5		
assets/res/import/f7/f7c1e9bb-22d9-4b36-936e-ebb1d009ac62.json	/33/_components/0/key	transbonus,bonusfreez		ccdb17+ab5Gh7tJ8gpsiEkC
assets/res/import/f7/f7c1e9bb-22d9-4b36-936e-ebb1d009ac62.json	/33/_components/0/key	transbonus,bonusfreez		
assets/res/import/f7/f7c1e9bb-22d9-4b36-936e-ebb1d009ac62.json	/45/_name	download	download	cc.Node
assets/res/import/f7/f7c1e9bb-22d9-4b36-936e-ebb1d009ac62.json	/45/_name	download		
assets/res/import/f7/f7c1e9bb-22d9-4b36-936e-ebb1d009ac62.json	/47/_name	download_fail	download_fail	cc.Node
assets/res/import/f7/f7c1e9bb-22d9-4b36-936e-ebb1d009ac62.json	/47/_name	download_fail		
assets/res/import/f7/f7c1e9bb-22d9-4b36-936e-ebb1d009ac62.json	/49/_name	btn_shop_wallet_hint	btn_shop_wallet_hint	cc.Node
assets/res/import/f7/f7c1e9bb-22d9-4b36-936e-ebb1d009ac62.json	/49/_name	btn_shop_wallet_hint		
assets/res/import/f7/f7c1e9bb-22d9-4b36-936e-ebb1d009ac62.json	/49/_components/0/_name	btn_shop_wallet_hint<Sprite>	btn_shop_wallet_hint<Sprite>	cc.Sprite
assets/res/import/f7/f7c1e9bb-22d9-4b36-936e-ebb1d009ac62.json	/49/_components/0/_name	btn_shop_wallet_hint<Sprite>		
assets/res/import/f7/f7c1e9bb-22d9-4b36-936e-ebb1d009ac62.json	/50/_name	wallet_node	wallet_node	cc.Node
assets/res/import/f7/f7c1e9bb-22d9-4b36-936e-ebb1d009ac62.json	/50/_name	wallet_node		
assets/res/import/f7/f7c1e9bb-22d9-4b36-936e-ebb1d009ac62.json	/68/_name	download	download	cc.Node
assets/res/import/f7/f7c1e9bb-22d9-4b36-936e-ebb1d009ac62.json	/68/_name	download		
assets/res/import/f7/f7c1e9bb-22d9-4b36-936e-ebb1d009ac62.json	/70/_name	download_fail	download_fail	cc.Node
assets/res/import/f7/f7c1e9bb-22d9-4b36-936e-ebb1d009ac62.json	/70/_name	download_fail		
assets/res/import/f7/f7c1e9bb-22d9-4b36-936e-ebb1d009ac62.json	/77/_components/1/key	bank/6		7b4dcq48PtKRZmC8KT63lIe
assets/res/import/f7/f7c1e9bb-22d9-4b36-936e-ebb1d009ac62.json	/77/_components/1/key	bank/6		
assets/res/import/f7/f7c1e9bb-22d9-4b36-936e-ebb1d009ac62.json	/85/_components/1/key	bank/7		7b4dcq48PtKRZmC8KT63lIe
assets/res/import/f7/f7c1e9bb-22d9-4b36-936e-ebb1d009ac62.json	/85/_components/1/key	bank/7		
assets/res/import/f7/f7c1e9bb-22d9-4b36-936e-ebb1d009ac62.json	/86/_components/0/_string	Manage bank accounts & Wallets UPI ID	label<Label>	cc.Label
assets/res/import/f7/f7c1e9bb-22d9-4b36-936e-ebb1d009ac62.json	/86/_components/0/_N$string	Manage bank accounts & Wallets UPI ID	label<Label>	cc.Label
assets/res/import/f7/f7c1e9bb-22d9-4b36-936e-ebb1d009ac62.json	/86/_components/0/_string	Manage bank accounts & Wallets UPI ID		
assets/res/import/f7/f7c1e9bb-22d9-4b36-936e-ebb1d009ac62.json	/86/_components/0/_N$string	Manage bank accounts & Wallets UPI ID		
assets/res/import/2b/2b608d1a-00c1-477a-83e2-1581d4e50059.json	/5/_components/0/_string	Slots		cc.Label
assets/res/import/2b/2b608d1a-00c1-477a-83e2-1581d4e50059.json	/5/_components/0/_N$string	Slots		cc.Label
assets/res/import/2b/2b608d1a-00c1-477a-83e2-1581d4e50059.json	/5/_components/0/_string	Slots		
assets/res/import/2b/2b608d1a-00c1-477a-83e2-1581d4e50059.json	/5/_components/0/_N$string	Slots		
assets/res/import/71/717c8ee9-977b-4404-9498-bdda115dd0f5.json	/0/_name	DownloadGameTip	DownloadGameTip	cc.Prefab
assets/res/import/71/717c8ee9-977b-4404-9498-bdda115dd0f5.json	/0/_name	DownloadGameTip		
assets/res/import/71/717c8ee9-977b-4404-9498-bdda115dd0f5.json	/1/_name	DownloadGameTip	DownloadGameTip	cc.Node
assets/res/import/71/717c8ee9-977b-4404-9498-bdda115dd0f5.json	/1/_name	DownloadGameTip		
assets/res/import/71/717c8ee9-977b-4404-9498-bdda115dd0f5.json	/8/_name	slot_spine	slot_spine	cc.Node
assets/res/import/71/717c8ee9-977b-4404-9498-bdda115dd0f5.json	/8/_name	slot_spine		
assets/res/import/71/717c8ee9-977b-4404-9498-bdda115dd0f5.json	/21/_name	download	download	cc.Node
assets/res/import/71/717c8ee9-977b-4404-9498-bdda115dd0f5.json	/21/_name	download		
assets/res/import/71/717c8ee9-977b-4404-9498-bdda115dd0f5.json	/25/_name	download_fail	download_fail	cc.Node
assets/res/import/71/717c8ee9-977b-4404-9498-bdda115dd0f5.json	/25/_name	download_fail		
assets/res/import/71/717c8ee9-977b-4404-9498-bdda115dd0f5.json	/34/_components/0/_string	download_tips		cc.Label
assets/res/import/71/717c8ee9-977b-4404-9498-bdda115dd0f5.json	/34/_components/0/_N$string	download_tips		cc.Label
assets/res/import/71/717c8ee9-977b-4404-9498-bdda115dd0f5.json	/34/_components/0/_string	download_tips		
assets/res/import/71/717c8ee9-977b-4404-9498-bdda115dd0f5.json	/34/_components/0/_N$string	download_tips		
assets/res/import/71/717c8ee9-977b-4404-9498-bdda115dd0f5.json	/34/_components/1/_srcKey	download_tips		aaffabCRcpLyqXd9ReiHVw6
assets/res/import/71/717c8ee9-977b-4404-9498-bdda115dd0f5.json	/34/_components/1/_srcKey	download_tips		
assets/res/import/3d/3da53d67-9ec2-4529-9c5e-9aa120fe229e.json	/content/name	z_bank		
assets/res/import/63/632a58d1-7a8c-4a00-9977-e19dd00dcac3.json	/_skeletonJson/bones/44/name	bank		
assets/res/import/63/632a58d1-7a8c-4a00-9977-e19dd00dcac3.json	/_skeletonJson/slots/15/name	bank		
assets/res/import/63/632a58d1-7a8c-4a00-9977-e19dd00dcac3.json	/_skeletonJson/slots/15/bone	bank		
assets/res/import/63/632a58d1-7a8c-4a00-9977-e19dd00dcac3.json	/_skeletonJson/slots/16/name	bank2		
assets/res/import/63/632a58d1-7a8c-4a00-9977-e19dd00dcac3.json	/_skeletonJson/slots/16/bone	bank		
assets/res/import/aa/aa2477ea-e39a-4e12-ba53-cd2e3dcdc9f4.json	/content/name	slot_subcat		
assets/res/import/fb/fba68dfd-1365-4f95-9f66-1940b31ab064.json	/_skeletonJson/skeleton/audio	D:/lybwork/2023.11.01 Slots优化/★通用/nicewin/光		
assets/res/import/85/85d09e31-aa73-457e-bcd5-d94233d133f4.json	/0/_name	ShopWalletHintCashBouns	ShopWalletHintCashBouns	cc.Prefab
assets/res/import/85/85d09e31-aa73-457e-bcd5-d94233d133f4.json	/0/_name	ShopWalletHintCashBouns		
assets/res/import/85/85d09e31-aa73-457e-bcd5-d94233d133f4.json	/1/_name	ShopWalletHintCashBouns	ShopWalletHintCashBouns	cc.Node
assets/res/import/85/85d09e31-aa73-457e-bcd5-d94233d133f4.json	/1/_name	ShopWalletHintCashBouns		
assets/res/import/85/85d09e31-aa73-457e-bcd5-d94233d133f4.json	/2/_components/0/_string	Money that you can transfer to cash balance		cc.Label
assets/res/import/85/85d09e31-aa73-457e-bcd5-d94233d133f4.json	/2/_components/0/_N$string	Money that you can transfer to cash balance		cc.Label
assets/res/import/85/85d09e31-aa73-457e-bcd5-d94233d133f4.json	/2/_components/0/_string	Money that you can transfer to cash balance		
assets/res/import/85/85d09e31-aa73-457e-bcd5-d94233d133f4.json	/2/_components/0/_N$string	Money that you can transfer to cash balance		
assets/res/import/85/85d09e31-aa73-457e-bcd5-d94233d133f4.json	/2/_components/1/_srcKey	Money that you can transfer to cash balance		aaffabCRcpLyqXd9ReiHVw6
assets/res/import/85/85d09e31-aa73-457e-bcd5-d94233d133f4.json	/2/_components/1/_srcKey	Money that you can transfer to cash balance		
assets/res/import/64/643d0e4e-cbe9-4683-a076-db92ec3df6ea.json	/1/_components/1/abs_url/0	bonus/rule_task_Betting.png		
assets/res/import/64/643d0e4e-cbe9-4683-a076-db92ec3df6ea.json	/15/_name	rule_cash	rule_cash	cc.Node
assets/res/import/64/643d0e4e-cbe9-4683-a076-db92ec3df6ea.json	/15/_name	rule_cash		
assets/res/import/1b/1bdae250-ab4b-40f2-a0a7-4c36b2748655.json	/0/_name	LMSlots_SpeedEffect	LMSlots_SpeedEffect	cc.Prefab
assets/res/import/1b/1bdae250-ab4b-40f2-a0a7-4c36b2748655.json	/0/_name	LMSlots_SpeedEffect		
assets/res/import/1b/1bdae250-ab4b-40f2-a0a7-4c36b2748655.json	/1/_name	LMSlots_SpeedEffect	LMSlots_SpeedEffect	cc.Node
assets/res/import/1b/1bdae250-ab4b-40f2-a0a7-4c36b2748655.json	/1/_name	LMSlots_SpeedEffect		
assets/res/import/c8/c821f0d9-ac1d-4f6b-bb56-2cf4564baba0.json	/20/_name	btn_service	btn_service	cc.Node
assets/res/import/c8/c821f0d9-ac1d-4f6b-bb56-2cf4564baba0.json	/20/_name	btn_service		
assets/res/import/9c/9c993281-3c7f-4ed1-92e1-13b722f64689.json	/16/_name	download	download	cc.Node
assets/res/import/9c/9c993281-3c7f-4ed1-92e1-13b722f64689.json	/16/_name	download		
assets/res/import/9c/9c993281-3c7f-4ed1-92e1-13b722f64689.json	/18/_name	download_fail	download_fail	cc.Node
assets/res/import/9c/9c993281-3c7f-4ed1-92e1-13b722f64689.json	/18/_name	download_fail		
assets/res/import/2c/2cd98ec7-ce0f-4371-afe9-c8ce56ee0880.json	/13/_prefab/fileId	80RO3iupFEc7wYKpWQCAsH		cc.PrefabInfo
assets/res/import/2c/2cd98ec7-ce0f-4371-afe9-c8ce56ee0880.json	/13/_prefab/fileId	80RO3iupFEc7wYKpWQCAsH		
assets/res/import/2c/2cd98ec7-ce0f-4371-afe9-c8ce56ee0880.json	/48/_name	btn_deposit	btn_deposit	cc.Node
assets/res/import/2c/2cd98ec7-ce0f-4371-afe9-c8ce56ee0880.json	/48/_name	btn_deposit		
assets/res/import/2c/2cd98ec7-ce0f-4371-afe9-c8ce56ee0880.json	/50/_name	banklist	banklist	cc.Node
assets/res/import/2c/2cd98ec7-ce0f-4371-afe9-c8ce56ee0880.json	/50/_name	banklist		
assets/res/import/2c/2cd98ec7-ce0f-4371-afe9-c8ce56ee0880.json	/51/_name	bankTypeBox	bankTypeBox	cc.Node
assets/res/import/2c/2cd98ec7-ce0f-4371-afe9-c8ce56ee0880.json	/51/_name	bankTypeBox		
assets/res/import/9c/9c8df5df-5839-41df-9bb8-53db85ababdb.json	/0/_name	promo_end_pop	promo_end_pop	cc.Prefab
assets/res/import/9c/9c8df5df-5839-41df-9bb8-53db85ababdb.json	/0/_name	promo_end_pop		
assets/res/import/9c/9c8df5df-5839-41df-9bb8-53db85ababdb.json	/1/_name	promo_end_pop	promo_end_pop	cc.Node
assets/res/import/9c/9c8df5df-5839-41df-9bb8-53db85ababdb.json	/1/_name	promo_end_pop		
assets/res/import/dd/dd99e7fe-ba44-42a4-b8d2-e17d742e862c.json	/_skeletonJson/bones/15/name	Bonus		
assets/res/import/dd/dd99e7fe-ba44-42a4-b8d2-e17d742e862c.json	/_skeletonJson/bones/16/parent	Bonus		
assets/res/import/dd/dd99e7fe-ba44-42a4-b8d2-e17d742e862c.json	/_skeletonJson/bones/24/parent	Bonus		
assets/res/import/dd/dd99e7fe-ba44-42a4-b8d2-e17d742e862c.json	/_skeletonJson/bones/31/name	Rewards		
assets/res/import/dd/dd99e7fe-ba44-42a4-b8d2-e17d742e862c.json	/_skeletonJson/bones/35/name	100bonus		
assets/res/import/dd/dd99e7fe-ba44-42a4-b8d2-e17d742e862c.json	/_skeletonJson/bones/40/parent	Rewards		
assets/res/import/dd/dd99e7fe-ba44-42a4-b8d2-e17d742e862c.json	/_skeletonJson/bones/41/parent	Rewards		
assets/res/import/dd/dd99e7fe-ba44-42a4-b8d2-e17d742e862c.json	/_skeletonJson/bones/42/parent	Rewards		
assets/res/import/dd/dd99e7fe-ba44-42a4-b8d2-e17d742e862c.json	/_skeletonJson/bones/43/parent	Rewards		
assets/res/import/dd/dd99e7fe-ba44-42a4-b8d2-e17d742e862c.json	/_skeletonJson/bones/48/name	freecash		
assets/res/import/dd/dd99e7fe-ba44-42a4-b8d2-e17d742e862c.json	/_skeletonJson/bones/49/name	freecash3		
assets/res/import/dd/dd99e7fe-ba44-42a4-b8d2-e17d742e862c.json	/_skeletonJson/bones/49/parent	freecash		
assets/res/import/dd/dd99e7fe-ba44-42a4-b8d2-e17d742e862c.json	/_skeletonJson/bones/50/name	freecash2		
assets/res/import/dd/dd99e7fe-ba44-42a4-b8d2-e17d742e862c.json	/_skeletonJson/bones/50/parent	freecash3		
assets/res/import/dd/dd99e7fe-ba44-42a4-b8d2-e17d742e862c.json	/_skeletonJson/bones/51/parent	freecash		
assets/res/import/dd/dd99e7fe-ba44-42a4-b8d2-e17d742e862c.json	/_skeletonJson/bones/87/name	invite bonus		
assets/res/import/dd/dd99e7fe-ba44-42a4-b8d2-e17d742e862c.json	/_skeletonJson/bones/88/name	invite bonus2		
assets/res/import/dd/dd99e7fe-ba44-42a4-b8d2-e17d742e862c.json	/_skeletonJson/bones/88/parent	invite bonus		
assets/res/import/dd/dd99e7fe-ba44-42a4-b8d2-e17d742e862c.json	/_skeletonJson/bones/89/parent	invite bonus2		
assets/res/import/dd/dd99e7fe-ba44-42a4-b8d2-e17d742e862c.json	/_skeletonJson/bones/90/parent	invite bonus		
assets/res/import/dd/dd99e7fe-ba44-42a4-b8d2-e17d742e862c.json	/_skeletonJson/bones/91/parent	invite bonus		
assets/res/import/dd/dd99e7fe-ba44-42a4-b8d2-e17d742e862c.json	/_skeletonJson/bones/92/parent	invite bonus		
assets/res/import/dd/dd99e7fe-ba44-42a4-b8d2-e17d742e862c.json	/_skeletonJson/bones/93/parent	invite bonus		
assets/res/import/dd/dd99e7fe-ba44-42a4-b8d2-e17d742e862c.json	/_skeletonJson/bones/94/parent	invite bonus		
assets/res/import/dd/dd99e7fe-ba44-42a4-b8d2-e17d742e862c.json	/_skeletonJson/bones/95/parent	invite bonus2		
assets/res/import/dd/dd99e7fe-ba44-42a4-b8d2-e17d742e862c.json	/_skeletonJson/bones/96/parent	invite bonus		
assets/res/import/dd/dd99e7fe-ba44-42a4-b8d2-e17d742e862c.json	/_skeletonJson/bones/97/parent	invite bonus		
assets/res/import/dd/dd99e7fe-ba44-42a4-b8d2-e17d742e862c.json	/_skeletonJson/bones/98/parent	invite bonus		
assets/res/import/dd/dd99e7fe-ba44-42a4-b8d2-e17d742e862c.json	/_skeletonJson/slots/34/name	Rewards		
assets/res/import/dd/dd99e7fe-ba44-42a4-b8d2-e17d742e862c.json	/_skeletonJson/slots/34/bone	Rewards		
assets/res/import/dd/dd99e7fe-ba44-42a4-b8d2-e17d742e862c.json	/_skeletonJson/slots/41/name	100bonus		
assets/res/import/dd/dd99e7fe-ba44-42a4-b8d2-e17d742e862c.json	/_skeletonJson/slots/41/bone	100bonus		
assets/res/import/dd/dd99e7fe-ba44-42a4-b8d2-e17d742e862c.json	/_skeletonJson/slots/44/bone	Rewards		
assets/res/import/dd/dd99e7fe-ba44-42a4-b8d2-e17d742e862c.json	/_skeletonJson/slots/53/name	freecash/libo1		
assets/res/import/dd/dd99e7fe-ba44-42a4-b8d2-e17d742e862c.json	/_skeletonJson/slots/53/bone	freecash3		
assets/res/import/dd/dd99e7fe-ba44-42a4-b8d2-e17d742e862c.json	/_skeletonJson/slots/54/name	freecash/libo3		
assets/res/import/dd/dd99e7fe-ba44-42a4-b8d2-e17d742e862c.json	/_skeletonJson/slots/54/bone	freecash3		
assets/res/import/dd/dd99e7fe-ba44-42a4-b8d2-e17d742e862c.json	/_skeletonJson/slots/55/name	freecash/libo2		
assets/res/import/dd/dd99e7fe-ba44-42a4-b8d2-e17d742e862c.json	/_skeletonJson/slots/55/bone	freecash2		
assets/res/import/dd/dd99e7fe-ba44-42a4-b8d2-e17d742e862c.json	/_skeletonJson/slots/56/name	freecash/libo4		
assets/res/import/dd/dd99e7fe-ba44-42a4-b8d2-e17d742e862c.json	/_skeletonJson/slots/56/bone	freecash2		
assets/res/import/dd/dd99e7fe-ba44-42a4-b8d2-e17d742e862c.json	/_skeletonJson/slots/112/name	cut_bonus		
assets/res/import/dd/dd99e7fe-ba44-42a4-b8d2-e17d742e862c.json	/_skeletonJson/skins/0/attachments/cut_bonus/cut_bonus/end	cut_bonus		
assets/res/import/dd/dd99e7fe-ba44-42a4-b8d2-e17d742e862c.json	/_skeletonJson/animations/bonus/slots/cut_bonus/attachment/0/name	cut_bonus		
assets/res/import/dd/dd99e7fe-ba44-42a4-b8d2-e17d742e862c.json	/_skeletonJson/animations/first/slots/100bonus/attachment/0/name	100bonus		
assets/res/import/dd/dd99e7fe-ba44-42a4-b8d2-e17d742e862c.json	/_skeletonJson/animations/freecash/slots/freecash/libo1/attachment/0/name	freecash/libo1		
assets/res/import/dd/dd99e7fe-ba44-42a4-b8d2-e17d742e862c.json	/_skeletonJson/animations/freecash/slots/freecash/libo2/attachment/0/name	freecash/libo2		
assets/res/import/dd/dd99e7fe-ba44-42a4-b8d2-e17d742e862c.json	/_skeletonJson/animations/freecash/slots/freecash/libo3/attachment/0/name	freecash/libo1		
assets/res/import/dd/dd99e7fe-ba44-42a4-b8d2-e17d742e862c.json	/_skeletonJson/animations/freecash/slots/freecash/libo4/attachment/0/name	freecash/libo2		
assets/res/import/dd/dd99e7fe-ba44-42a4-b8d2-e17d742e862c.json	/_skeletonJson/animations/rewards/slots/Rewards/attachment/0/name	Rewards		
assets/res/import/13/13be21e2-fbc8-4ef4-8fcf-ddc127c7a2b5.json	/content/name	LMSlots_Common_TOP_JT		
assets/res/import/4e/4ec3f81b-cc86-481c-8135-9d6a7bd12829.json	/content/name	bg_bonus_login_sign_light		
assets/res/import/19/19dd2500-ad46-4789-b97a-8203d80a7d06.json	/0/_name	LMSlots_MenuNode	LMSlots_MenuNode	cc.Prefab
assets/res/import/19/19dd2500-ad46-4789-b97a-8203d80a7d06.json	/0/_name	LMSlots_MenuNode		
assets/res/import/19/19dd2500-ad46-4789-b97a-8203d80a7d06.json	/1/_name	LMSlots_MenuNode	LMSlots_MenuNode	cc.Node
assets/res/import/19/19dd2500-ad46-4789-b97a-8203d80a7d06.json	/1/_name	LMSlots_MenuNode		
assets/res/import/19/19dd2500-ad46-4789-b97a-8203d80a7d06.json	/13/_name	btn_service	btn_service	cc.Node
assets/res/import/19/19dd2500-ad46-4789-b97a-8203d80a7d06.json	/13/_name	btn_service		
assets/res/import/a2/a270b668-9bf7-483f-8615-d414e6726b96.json	/1/_components/1/abs_url/0	bonus/rule_task_Profit.png		
assets/res/import/a2/a270b668-9bf7-483f-8615-d414e6726b96.json	/15/_name	rule_cash	rule_cash	cc.Node
assets/res/import/a2/a270b668-9bf7-483f-8615-d414e6726b96.json	/15/_name	rule_cash		
assets/res/import/30/30216414-8049-4381-bf7c-2f0ff525b3f8.json	/21/_name	yd_float_service	yd_float_service	cc.Node
assets/res/import/30/30216414-8049-4381-bf7c-2f0ff525b3f8.json	/21/_name	yd_float_service		
assets/res/import/30/30216414-8049-4381-bf7c-2f0ff525b3f8.json	/23/_name	btn_download	btn_download	cc.Node
assets/res/import/30/30216414-8049-4381-bf7c-2f0ff525b3f8.json	/23/_name	btn_download		
assets/res/import/30/30216414-8049-4381-bf7c-2f0ff525b3f8.json	/26/_components/0/_string	Download App		cc.Label
assets/res/import/30/30216414-8049-4381-bf7c-2f0ff525b3f8.json	/26/_components/0/_N$string	Download App		cc.Label
assets/res/import/30/30216414-8049-4381-bf7c-2f0ff525b3f8.json	/26/_components/0/_string	Download App		
assets/res/import/30/30216414-8049-4381-bf7c-2f0ff525b3f8.json	/26/_components/0/_N$string	Download App		
assets/res/import/30/30216414-8049-4381-bf7c-2f0ff525b3f8.json	/26/_components/1/_srcKey	Download App		aaffabCRcpLyqXd9ReiHVw6
assets/res/import/30/30216414-8049-4381-bf7c-2f0ff525b3f8.json	/26/_components/1/_srcKey	Download App		
assets/res/import/ba/ba33e932-16b0-4c43-804d-1e22b54284c0.json	/content/name	paytable_tit_bg		
assets/res/import/71/71d1cd16-2474-456b-95f4-22fff504a941.json	/6/_components/0/_string	Login everyday to claim free bonus		cc.Label
assets/res/import/71/71d1cd16-2474-456b-95f4-22fff504a941.json	/6/_components/0/_N$string	Login everyday to claim free bonus		cc.Label
assets/res/import/71/71d1cd16-2474-456b-95f4-22fff504a941.json	/6/_components/0/_string	Login everyday to claim free bonus		
assets/res/import/71/71d1cd16-2474-456b-95f4-22fff504a941.json	/6/_components/0/_N$string	Login everyday to claim free bonus		
assets/res/import/71/71d1cd16-2474-456b-95f4-22fff504a941.json	/6/_components/1/_srcKey	Login everyday to claim free bonus		aaffabCRcpLyqXd9ReiHVw6
assets/res/import/71/71d1cd16-2474-456b-95f4-22fff504a941.json	/6/_components/1/_srcKey	Login everyday to claim free bonus		
assets/res/import/07/078fc3ac-9e59-4486-8ffb-516cf8566a64.json	/0/_name	ShopWalletHintWinnings	ShopWalletHintWinnings	cc.Prefab
assets/res/import/07/078fc3ac-9e59-4486-8ffb-516cf8566a64.json	/0/_name	ShopWalletHintWinnings		
assets/res/import/07/078fc3ac-9e59-4486-8ffb-516cf8566a64.json	/1/_name	ShopWalletHintWinnings	ShopWalletHintWinnings	cc.Node
assets/res/import/07/078fc3ac-9e59-4486-8ffb-516cf8566a64.json	/1/_name	ShopWalletHintWinnings		
assets/res/import/07/078fc3ac-9e59-4486-8ffb-516cf8566a64.json	/2/_components/0/_string	Money that you can withdraw or re-use to play games		cc.Label
assets/res/import/07/078fc3ac-9e59-4486-8ffb-516cf8566a64.json	/2/_components/0/_N$string	Money that you can withdraw or re-use to play games		cc.Label
assets/res/import/07/078fc3ac-9e59-4486-8ffb-516cf8566a64.json	/2/_components/0/_string	Money that you can withdraw or re-use to play games		
assets/res/import/07/078fc3ac-9e59-4486-8ffb-516cf8566a64.json	/2/_components/0/_N$string	Money that you can withdraw or re-use to play games		
assets/res/import/07/078fc3ac-9e59-4486-8ffb-516cf8566a64.json	/2/_components/1/_srcKey	Money that you can withdraw or re-use to play games		aaffabCRcpLyqXd9ReiHVw6
assets/res/import/07/078fc3ac-9e59-4486-8ffb-516cf8566a64.json	/2/_components/1/_srcKey	Money that you can withdraw or re-use to play games		
assets/res/import/26/260b1674-e8c1-4d74-b79b-c6278ba706c0.json	/json/One more step to enjoy the game: Bank verify	गेम का आनंद लेने के लिए एक और कदम: Bank सत्यापित करना		
assets/res/import/26/260b1674-e8c1-4d74-b79b-c6278ba706c0.json	/json/Bank	Bank		
assets/res/import/26/260b1674-e8c1-4d74-b79b-c6278ba706c0.json	/json/Manage bank accounts & Wallets UPI ID	प्रबंधित करना bank खाता और वॉलेट UPI ID		
assets/res/import/26/260b1674-e8c1-4d74-b79b-c6278ba706c0.json	/json/Please enter your UTR or UPI Ref NO.	कृपया अपना UTR या UPI प्रसंग संख्या दर्ज करें।		
assets/res/import/26/260b1674-e8c1-4d74-b79b-c6278ba706c0.json	/json/UTR or UPI Ref NO	UTR या UPI संदर्भ सं		
assets/res/import/26/260b1674-e8c1-4d74-b79b-c6278ba706c0.json	/json/UPI	UPI		
assets/res/import/26/260b1674-e8c1-4d74-b79b-c6278ba706c0.json	/json/abc@upi	abc@upi		
assets/res/import/26/260b1674-e8c1-4d74-b79b-c6278ba706c0.json	/json/Please fill in the UPI id	कृपया UPI आईडी भरें		
assets/res/import/26/260b1674-e8c1-4d74-b79b-c6278ba706c0.json	/json/upi_neirong	UPI ID एक बार जोड़ने के बाद बाद में बदला नहीं जा सकता		
assets/res/import/26/260b1674-e8c1-4d74-b79b-c6278ba706c0.json	/json/upi_biaoti	अपना वैध UPI ID दर्ज करें		
assets/res/import/26/260b1674-e8c1-4d74-b79b-c6278ba706c0.json	/json/Verify New UPI ID	नया UPI ID सत्यापित करें		
assets/res/import/26/260b1674-e8c1-4d74-b79b-c6278ba706c0.json	/json/My Wallets UPI ID	मेरे बटुए UPI ID		
assets/res/import/26/260b1674-e8c1-4d74-b79b-c6278ba706c0.json	/json/UPI ID	UPI ID		
assets/res/import/26/260b1674-e8c1-4d74-b79b-c6278ba706c0.json	/json/Add a new UPI ID to withdraw to.	वापस लेने के लिए एक नया UPI ID जोड़ें।		
assets/res/import/26/260b1674-e8c1-4d74-b79b-c6278ba706c0.json	/json/Add New UPI ID	नया UPI ID जोड़ें		
assets/res/import/26/260b1674-e8c1-4d74-b79b-c6278ba706c0.json	/json/Withdraw to UPI	UPI पर वापस लें		
assets/res/import/26/260b1674-e8c1-4d74-b79b-c6278ba706c0.json	/json/feedback.tips.utr	कृपया अपना UTR या UPI संदर्भ संख्या दर्ज करें।		
assets/res/import/26/260b1674-e8c1-4d74-b79b-c6278ba706c0.json	/json/EVENT_BONUS_RECORD_RTYPE_52	CoinMania bonus		
assets/res/import/26/260b1674-e8c1-4d74-b79b-c6278ba706c0.json	/json/EVENT_JH_T175	UONO Verify		
assets/res/import/26/260b1674-e8c1-4d74-b79b-c6278ba706c0.json	/json/upaywalltes_biaoti	अपना मान्य UPAY वॉलेट पता दर्ज करें		
assets/res/import/26/260b1674-e8c1-4d74-b79b-c6278ba706c0.json	/json/My UPAY Wallet Address	मेरा UPAY वॉलेट पता		
assets/res/import/26/260b1674-e8c1-4d74-b79b-c6278ba706c0.json	/json/Verify UPAY Wallets Address	UPAY वॉलेट पता सत्यापित करें		
assets/res/import/26/260b1674-e8c1-4d74-b79b-c6278ba706c0.json	/json/Withdraw to UPAY Wallet	UPAY वॉलेट में निकास करें		
assets/res/import/26/260b1674-e8c1-4d74-b79b-c6278ba706c0.json	/json/JackpotLottoShareWon	"{1}  Jackpot Lotto 

I just won from the Daily Prize Pool!

{2} Prize
{3}

Real Winners, Real Rewards
Today I'm the winner - Tomorrow it could be YOU!

Fair Draw, Transparent System, Join Now!"		
assets/res/import/26/260b1674-e8c1-4d74-b79b-c6278ba706c0.json	/json/JackpotLottoSharePool	"{1} Jackpot Lotto 

One player just won from the Daily Prize Pool 
Total Prize Pool: ₹{2}

Real Winners, Real Rewards

Fair Draw · Transparent System

Today someone wins — tomorrow it could be YOU or ME!

Join now, check the details, and get your tickets"		
assets/res/import/26/260b1674-e8c1-4d74-b79b-c6278ba706c0.json	/json/Withdraw to BGCASH Wallet	BGCASH वॉलेट में पैसे निकालें		
assets/res/import/26/260b1674-e8c1-4d74-b79b-c6278ba706c0.json	/json/Verify BGCASH Wallet Address	BGCASH वॉलेट एड्रेस वेरिफाई करें		
assets/res/import/26/260b1674-e8c1-4d74-b79b-c6278ba706c0.json	/json/My BGCASH Wallet Address	मेरा BGCASH वॉलेट पता		
assets/res/import/26/260b1674-e8c1-4d74-b79b-c6278ba706c0.json	/json/Lotto_hall_tip1	आपने {1} को JACKPOT LOTTO प्राइज़ जीता है! अपना रिवॉर्ड पाने के लिए क्लेम पर टैप करें।		
assets/res/import/da/da7f1418-c67d-40ba-a3cd-b462cece9357.json	/0/_name	float_bonus_trs	float_bonus_trs	cc.Prefab
assets/res/import/da/da7f1418-c67d-40ba-a3cd-b462cece9357.json	/0/_name	float_bonus_trs		
assets/res/import/da/da7f1418-c67d-40ba-a3cd-b462cece9357.json	/1/_name	float_bonus_trs	float_bonus_trs	cc.Node
assets/res/import/da/da7f1418-c67d-40ba-a3cd-b462cece9357.json	/1/_name	float_bonus_trs		
assets/res/import/da/da7f1418-c67d-40ba-a3cd-b462cece9357.json	/4/_components/0/key	transbonus,bonusfreez		ccdb17+ab5Gh7tJ8gpsiEkC
assets/res/import/da/da7f1418-c67d-40ba-a3cd-b462cece9357.json	/4/_components/0/key	transbonus,bonusfreez		
assets/res/import/da/da7f1418-c67d-40ba-a3cd-b462cece9357.json	/16/_name	download	download	cc.Node
assets/res/import/da/da7f1418-c67d-40ba-a3cd-b462cece9357.json	/16/_name	download		
assets/res/import/da/da7f1418-c67d-40ba-a3cd-b462cece9357.json	/18/_name	download_fail	download_fail	cc.Node
assets/res/import/da/da7f1418-c67d-40ba-a3cd-b462cece9357.json	/18/_name	download_fail		
assets/res/import/69/6924c498-cf3d-4dac-bdd6-38828fd7b43c.json	/_name	slot_show_autoselect	slot_show_autoselect	cc.AudioClip
assets/res/import/69/6924c498-cf3d-4dac-bdd6-38828fd7b43c.json	/_name	slot_show_autoselect		
assets/res/import/b8/b8e97689-e610-46b5-a93c-e080662d06b1.json	/0/_name	upBankWithName	upBankWithName	cc.Prefab
assets/res/import/b8/b8e97689-e610-46b5-a93c-e080662d06b1.json	/0/_name	upBankWithName		
assets/res/import/b8/b8e97689-e610-46b5-a93c-e080662d06b1.json	/1/_name	upBankWithName	upBankWithName	cc.Node
assets/res/import/b8/b8e97689-e610-46b5-a93c-e080662d06b1.json	/1/_name	upBankWithName		
assets/res/import/b8/b8e97689-e610-46b5-a93c-e080662d06b1.json	/5/_components/0/_string	Edit Bank Card		cc.Label
assets/res/import/b8/b8e97689-e610-46b5-a93c-e080662d06b1.json	/5/_components/0/_N$string	Edit Bank Card		cc.Label
assets/res/import/b8/b8e97689-e610-46b5-a93c-e080662d06b1.json	/5/_components/0/_string	Edit Bank Card		
assets/res/import/b8/b8e97689-e610-46b5-a93c-e080662d06b1.json	/5/_components/0/_N$string	Edit Bank Card		
assets/res/import/b8/b8e97689-e610-46b5-a93c-e080662d06b1.json	/5/_components/1/_srcKey	Edit Bank Card		aaffabCRcpLyqXd9ReiHVw6
assets/res/import/b8/b8e97689-e610-46b5-a93c-e080662d06b1.json	/5/_components/1/_srcKey	Edit Bank Card		
assets/res/import/b8/b8e97689-e610-46b5-a93c-e080662d06b1.json	/14/_name	bank_type	bank_type	cc.Node
assets/res/import/b8/b8e97689-e610-46b5-a93c-e080662d06b1.json	/14/_name	bank_type		
assets/res/import/b8/b8e97689-e610-46b5-a93c-e080662d06b1.json	/15/_components/0/_string	Please Select Bank		cc.Label
assets/res/import/b8/b8e97689-e610-46b5-a93c-e080662d06b1.json	/15/_components/0/_N$string	Please Select Bank		cc.Label
assets/res/import/b8/b8e97689-e610-46b5-a93c-e080662d06b1.json	/15/_components/0/_string	Please Select Bank		
assets/res/import/b8/b8e97689-e610-46b5-a93c-e080662d06b1.json	/15/_components/0/_N$string	Please Select Bank		
assets/res/import/b8/b8e97689-e610-46b5-a93c-e080662d06b1.json	/15/_components/1/_srcKey	Please Select Bank		aaffabCRcpLyqXd9ReiHVw6
assets/res/import/b8/b8e97689-e610-46b5-a93c-e080662d06b1.json	/15/_components/1/_srcKey	Please Select Bank		
assets/res/import/b8/b8e97689-e610-46b5-a93c-e080662d06b1.json	/17/_name	node_bank	node_bank	cc.Node
assets/res/import/b8/b8e97689-e610-46b5-a93c-e080662d06b1.json	/17/_name	node_bank		
assets/res/import/b8/b8e97689-e610-46b5-a93c-e080662d06b1.json	/18/_components/0/_string	Please Select Bank		cc.Label
assets/res/import/b8/b8e97689-e610-46b5-a93c-e080662d06b1.json	/18/_components/0/_N$string	Please Select Bank		cc.Label
assets/res/import/b8/b8e97689-e610-46b5-a93c-e080662d06b1.json	/18/_components/0/_string	Please Select Bank		
assets/res/import/b8/b8e97689-e610-46b5-a93c-e080662d06b1.json	/18/_components/0/_N$string	Please Select Bank		
assets/res/import/b8/b8e97689-e610-46b5-a93c-e080662d06b1.json	/18/_components/1/_srcKey	Please Select Bank		aaffabCRcpLyqXd9ReiHVw6
assets/res/import/b8/b8e97689-e610-46b5-a93c-e080662d06b1.json	/18/_components/1/_srcKey	Please Select Bank		
assets/res/import/b8/b8e97689-e610-46b5-a93c-e080662d06b1.json	/36/_name	bankTypeBox	bankTypeBox	cc.Node
assets/res/import/b8/b8e97689-e610-46b5-a93c-e080662d06b1.json	/36/_name	bankTypeBox		
assets/res/import/6a/6aafc8c5-d119-4c2e-8346-e9e23a4d3a83.json	/_name	reward_g_01	reward_g_01	cc.Asset
assets/res/import/6a/6aafc8c5-d119-4c2e-8346-e9e23a4d3a83.json	/_name	reward_g_01		
assets/res/import/9f/9f2a44ef-991a-43ba-84d8-ca00ccc6bd23.json	/0/_name	yd_promo_code	yd_promo_code	cc.Prefab
assets/res/import/9f/9f2a44ef-991a-43ba-84d8-ca00ccc6bd23.json	/0/_name	yd_promo_code		
assets/res/import/9f/9f2a44ef-991a-43ba-84d8-ca00ccc6bd23.json	/1/_name	PromoCode	PromoCode	cc.Node
assets/res/import/9f/9f2a44ef-991a-43ba-84d8-ca00ccc6bd23.json	/1/_name	PromoCode		
assets/res/import/9f/9f2a44ef-991a-43ba-84d8-ca00ccc6bd23.json	/4/_components/1/key	PopupSign/promocode_t		7b4dcq48PtKRZmC8KT63lIe
assets/res/import/9f/9f2a44ef-991a-43ba-84d8-ca00ccc6bd23.json	/4/_components/1/key	PopupSign/promocode_t		
assets/res/import/9f/9f2a44ef-991a-43ba-84d8-ca00ccc6bd23.json	/25/_components/2/_srcKey	Input promo code		aaffabCRcpLyqXd9ReiHVw6
assets/res/import/9f/9f2a44ef-991a-43ba-84d8-ca00ccc6bd23.json	/25/_components/2/_srcKey	Input promo code		
assets/res/import/9f/9f2a44ef-991a-43ba-84d8-ca00ccc6bd23.json	/26/_string	Input promo code		cc.Label
assets/res/import/9f/9f2a44ef-991a-43ba-84d8-ca00ccc6bd23.json	/26/_N$string	Input promo code		cc.Label
assets/res/import/9f/9f2a44ef-991a-43ba-84d8-ca00ccc6bd23.json	/26/_string	Input promo code		
assets/res/import/9f/9f2a44ef-991a-43ba-84d8-ca00ccc6bd23.json	/26/_N$string	Input promo code		
assets/res/import/9f/9f2a44ef-991a-43ba-84d8-ca00ccc6bd23.json	/27/_components/0/_string	Promo code		cc.Label
assets/res/import/9f/9f2a44ef-991a-43ba-84d8-ca00ccc6bd23.json	/27/_components/0/_N$string	Promo code		cc.Label
assets/res/import/9f/9f2a44ef-991a-43ba-84d8-ca00ccc6bd23.json	/27/_components/0/_string	Promo code		
assets/res/import/9f/9f2a44ef-991a-43ba-84d8-ca00ccc6bd23.json	/27/_components/0/_N$string	Promo code		
assets/res/import/9f/9f2a44ef-991a-43ba-84d8-ca00ccc6bd23.json	/27/_components/1/_srcKey	Promo code		aaffabCRcpLyqXd9ReiHVw6
assets/res/import/9f/9f2a44ef-991a-43ba-84d8-ca00ccc6bd23.json	/27/_components/1/_srcKey	Promo code		
assets/res/import/9f/9f2a44ef-991a-43ba-84d8-ca00ccc6bd23.json	/103/_name	rule_cash	rule_cash	cc.Node
assets/res/import/9f/9f2a44ef-991a-43ba-84d8-ca00ccc6bd23.json	/103/_name	rule_cash		
assets/res/import/fe/feabc761-f772-4431-9d02-713b6b9a5bfa.json	/content/name	Slots1		
assets/res/import/eb/ebfcbdc0-e0e1-4bfd-b950-f7c5919d626b.json	/4/_name	yd_float_service	yd_float_service	cc.Node
assets/res/import/eb/ebfcbdc0-e0e1-4bfd-b950-f7c5919d626b.json	/4/_name	yd_float_service		
assets/res/import/a7/a77ffc11-87a2-4b01-91cd-3cf5997e5c0c.json	/0/_name	PopupParivateService	PopupParivateService	cc.Prefab
assets/res/import/a7/a77ffc11-87a2-4b01-91cd-3cf5997e5c0c.json	/0/_name	PopupParivateService		
assets/res/import/a7/a77ffc11-87a2-4b01-91cd-3cf5997e5c0c.json	/1/_name	PopupTermsService	PopupTermsService	cc.Node
assets/res/import/a7/a77ffc11-87a2-4b01-91cd-3cf5997e5c0c.json	/1/_name	PopupTermsService		
assets/res/import/a7/a77ffc11-87a2-4b01-91cd-3cf5997e5c0c.json	/1/_components/1/abs_url/0	PrivacyPolicy/4_01.png		
assets/res/import/a7/a77ffc11-87a2-4b01-91cd-3cf5997e5c0c.json	/1/_components/1/abs_url/1	PrivacyPolicy/4_02.png		
assets/res/import/a7/a77ffc11-87a2-4b01-91cd-3cf5997e5c0c.json	/1/_components/1/abs_url/2	PrivacyPolicy/4_03.png		
assets/res/import/a7/a77ffc11-87a2-4b01-91cd-3cf5997e5c0c.json	/1/_components/1/abs_url/3	PrivacyPolicy/4_04.png		
assets/res/import/a7/a77ffc11-87a2-4b01-91cd-3cf5997e5c0c.json	/1/_components/1/abs_url/4	PrivacyPolicy/4_05.png		
assets/res/import/a7/a77ffc11-87a2-4b01-91cd-3cf5997e5c0c.json	/1/_components/1/abs_url/5	PrivacyPolicy/4_06.png		
assets/res/import/a7/a77ffc11-87a2-4b01-91cd-3cf5997e5c0c.json	/1/_components/1/abs_url/6	PrivacyPolicy/4_07.png		
assets/res/import/a7/a77ffc11-87a2-4b01-91cd-3cf5997e5c0c.json	/1/_components/1/abs_url/7	PrivacyPolicy/4_08.png		
assets/res/import/a7/a77ffc11-87a2-4b01-91cd-3cf5997e5c0c.json	/1/_components/1/abs_url/8	PrivacyPolicy/4_09.png		
assets/res/import/a7/a77ffc11-87a2-4b01-91cd-3cf5997e5c0c.json	/1/_components/1/abs_url/9	PrivacyPolicy/4_10.png		
assets/res/import/a7/a77ffc11-87a2-4b01-91cd-3cf5997e5c0c.json	/5/_components/0/_string	Privacy Policy		cc.Label
assets/res/import/a7/a77ffc11-87a2-4b01-91cd-3cf5997e5c0c.json	/5/_components/0/_N$string	Privacy Policy		cc.Label
assets/res/import/a7/a77ffc11-87a2-4b01-91cd-3cf5997e5c0c.json	/5/_components/0/_string	Privacy Policy		
assets/res/import/a7/a77ffc11-87a2-4b01-91cd-3cf5997e5c0c.json	/5/_components/0/_N$string	Privacy Policy		
assets/res/import/a7/a77ffc11-87a2-4b01-91cd-3cf5997e5c0c.json	/5/_components/1/_srcKey	Privacy Policy		aaffabCRcpLyqXd9ReiHVw6
assets/res/import/a7/a77ffc11-87a2-4b01-91cd-3cf5997e5c0c.json	/5/_components/1/_srcKey	Privacy Policy		
assets/res/import/51/51555e20-9f10-4ba6-848f-140f5df87c3b.json	/0/_name	node_bank	node_bank	cc.Prefab
assets/res/import/51/51555e20-9f10-4ba6-848f-140f5df87c3b.json	/0/_name	node_bank		
assets/res/import/51/51555e20-9f10-4ba6-848f-140f5df87c3b.json	/1/_name	node_bank	node_bank	cc.Node
assets/res/import/51/51555e20-9f10-4ba6-848f-140f5df87c3b.json	/1/_name	node_bank		
assets/res/import/51/51555e20-9f10-4ba6-848f-140f5df87c3b.json	/4/_components/0/_string	Withdraw to bank		cc.Label
assets/res/import/51/51555e20-9f10-4ba6-848f-140f5df87c3b.json	/4/_components/0/_N$string	Withdraw to bank		cc.Label
assets/res/import/51/51555e20-9f10-4ba6-848f-140f5df87c3b.json	/4/_components/0/_string	Withdraw to bank		
assets/res/import/51/51555e20-9f10-4ba6-848f-140f5df87c3b.json	/4/_components/0/_N$string	Withdraw to bank		
assets/res/import/51/51555e20-9f10-4ba6-848f-140f5df87c3b.json	/4/_components/1/_srcKey	Withdraw to bank		aaffabCRcpLyqXd9ReiHVw6
assets/res/import/51/51555e20-9f10-4ba6-848f-140f5df87c3b.json	/4/_components/1/_srcKey	Withdraw to bank		
assets/res/import/51/51555e20-9f10-4ba6-848f-140f5df87c3b.json	/12/_components/0/_string	Withdrawable Balance		cc.Label
assets/res/import/51/51555e20-9f10-4ba6-848f-140f5df87c3b.json	/12/_components/0/_N$string	Withdrawable Balance		cc.Label
assets/res/import/51/51555e20-9f10-4ba6-848f-140f5df87c3b.json	/12/_components/0/_string	Withdrawable Balance		
assets/res/import/51/51555e20-9f10-4ba6-848f-140f5df87c3b.json	/12/_components/0/_N$string	Withdrawable Balance		
assets/res/import/51/51555e20-9f10-4ba6-848f-140f5df87c3b.json	/12/_components/1/_srcKey	Withdrawable Balance		aaffabCRcpLyqXd9ReiHVw6
assets/res/import/51/51555e20-9f10-4ba6-848f-140f5df87c3b.json	/12/_components/1/_srcKey	Withdrawable Balance		
assets/res/import/51/51555e20-9f10-4ba6-848f-140f5df87c3b.json	/17/_components/0/_string	Add a new bank account to withdraw to		cc.Label
assets/res/import/51/51555e20-9f10-4ba6-848f-140f5df87c3b.json	/17/_components/0/_N$string	Add a new bank account to withdraw to		cc.Label
assets/res/import/51/51555e20-9f10-4ba6-848f-140f5df87c3b.json	/17/_components/0/_string	Add a new bank account to withdraw to		
assets/res/import/51/51555e20-9f10-4ba6-848f-140f5df87c3b.json	/17/_components/0/_N$string	Add a new bank account to withdraw to		
assets/res/import/51/51555e20-9f10-4ba6-848f-140f5df87c3b.json	/17/_components/1/_srcKey	Add a new bank account to withdraw to		aaffabCRcpLyqXd9ReiHVw6
assets/res/import/51/51555e20-9f10-4ba6-848f-140f5df87c3b.json	/17/_components/1/_srcKey	Add a new bank account to withdraw to		
assets/res/import/51/51555e20-9f10-4ba6-848f-140f5df87c3b.json	/18/_components/0/_string	Add New Bank Account		cc.Label
assets/res/import/51/51555e20-9f10-4ba6-848f-140f5df87c3b.json	/18/_components/0/_N$string	Add New Bank Account		cc.Label
assets/res/import/51/51555e20-9f10-4ba6-848f-140f5df87c3b.json	/18/_components/0/_string	Add New Bank Account		
assets/res/import/51/51555e20-9f10-4ba6-848f-140f5df87c3b.json	/18/_components/0/_N$string	Add New Bank Account		
assets/res/import/51/51555e20-9f10-4ba6-848f-140f5df87c3b.json	/18/_components/1/_srcKey	Add New Bank Account		aaffabCRcpLyqXd9ReiHVw6
assets/res/import/51/51555e20-9f10-4ba6-848f-140f5df87c3b.json	/18/_components/1/_srcKey	Add New Bank Account		
assets/res/import/51/51555e20-9f10-4ba6-848f-140f5df87c3b.json	/33/_name	withdraw_item_bg	withdraw_item_bg	cc.Node
assets/res/import/51/51555e20-9f10-4ba6-848f-140f5df87c3b.json	/33/_name	withdraw_item_bg		
assets/res/import/51/51555e20-9f10-4ba6-848f-140f5df87c3b.json	/34/_components/0/_string	Withdrawal Amount		cc.Label
assets/res/import/51/51555e20-9f10-4ba6-848f-140f5df87c3b.json	/34/_components/0/_N$string	Withdrawal Amount		cc.Label
assets/res/import/51/51555e20-9f10-4ba6-848f-140f5df87c3b.json	/34/_components/0/_string	Withdrawal Amount		
assets/res/import/51/51555e20-9f10-4ba6-848f-140f5df87c3b.json	/34/_components/0/_N$string	Withdrawal Amount		
assets/res/import/51/51555e20-9f10-4ba6-848f-140f5df87c3b.json	/34/_components/1/_srcKey	Withdrawal Amount		aaffabCRcpLyqXd9ReiHVw6
assets/res/import/51/51555e20-9f10-4ba6-848f-140f5df87c3b.json	/34/_components/1/_srcKey	Withdrawal Amount		
assets/res/import/51/51555e20-9f10-4ba6-848f-140f5df87c3b.json	/42/_components/0/_string	withdraw_hinit		cc.Label
assets/res/import/51/51555e20-9f10-4ba6-848f-140f5df87c3b.json	/42/_components/0/_N$string	withdraw_hinit		cc.Label
assets/res/import/51/51555e20-9f10-4ba6-848f-140f5df87c3b.json	/42/_components/0/_string	withdraw_hinit		
assets/res/import/51/51555e20-9f10-4ba6-848f-140f5df87c3b.json	/42/_components/0/_N$string	withdraw_hinit		
assets/res/import/51/51555e20-9f10-4ba6-848f-140f5df87c3b.json	/42/_components/1/_srcKey	withdraw_hinit		aaffabCRcpLyqXd9ReiHVw6
assets/res/import/51/51555e20-9f10-4ba6-848f-140f5df87c3b.json	/42/_components/1/_srcKey	withdraw_hinit		
assets/res/import/51/51555e20-9f10-4ba6-848f-140f5df87c3b.json	/62/_components/0/_string	Withdraw Now		cc.Label
assets/res/import/51/51555e20-9f10-4ba6-848f-140f5df87c3b.json	/62/_components/0/_N$string	Withdraw Now		cc.Label
assets/res/import/51/51555e20-9f10-4ba6-848f-140f5df87c3b.json	/62/_components/0/_string	Withdraw Now		
assets/res/import/51/51555e20-9f10-4ba6-848f-140f5df87c3b.json	/62/_components/0/_N$string	Withdraw Now		
assets/res/import/51/51555e20-9f10-4ba6-848f-140f5df87c3b.json	/62/_components/1/_srcKey	Withdraw Now		aaffabCRcpLyqXd9ReiHVw6
assets/res/import/51/51555e20-9f10-4ba6-848f-140f5df87c3b.json	/62/_components/1/_srcKey	Withdraw Now		
assets/res/import/51/51555e20-9f10-4ba6-848f-140f5df87c3b.json	/66/_components/0/_string	Online customer service		cc.Label
assets/res/import/51/51555e20-9f10-4ba6-848f-140f5df87c3b.json	/66/_components/0/_N$string	Online customer service		cc.Label
assets/res/import/51/51555e20-9f10-4ba6-848f-140f5df87c3b.json	/66/_components/0/_string	Online customer service		
assets/res/import/51/51555e20-9f10-4ba6-848f-140f5df87c3b.json	/66/_components/0/_N$string	Online customer service		
assets/res/import/51/51555e20-9f10-4ba6-848f-140f5df87c3b.json	/71/_components/0/_string	Online customer service		cc.Label
assets/res/import/51/51555e20-9f10-4ba6-848f-140f5df87c3b.json	/71/_components/0/_N$string	Online customer service		cc.Label
assets/res/import/51/51555e20-9f10-4ba6-848f-140f5df87c3b.json	/71/_components/0/_string	Online customer service		
assets/res/import/51/51555e20-9f10-4ba6-848f-140f5df87c3b.json	/71/_components/0/_N$string	Online customer service		
assets/res/import/4e/4e439942-4fc8-403b-a395-c6815c2fc771.json	/4/_components/0/_string	Verify Mobile Number		cc.Label
assets/res/import/4e/4e439942-4fc8-403b-a395-c6815c2fc771.json	/4/_components/0/_N$string	Verify Mobile Number		cc.Label
assets/res/import/4e/4e439942-4fc8-403b-a395-c6815c2fc771.json	/4/_components/0/_string	Verify Mobile Number		
assets/res/import/4e/4e439942-4fc8-403b-a395-c6815c2fc771.json	/4/_components/0/_N$string	Verify Mobile Number		
assets/res/import/4e/4e439942-4fc8-403b-a395-c6815c2fc771.json	/4/_components/1/_srcKey	Verify Mobile Number		aaffabCRcpLyqXd9ReiHVw6
assets/res/import/4e/4e439942-4fc8-403b-a395-c6815c2fc771.json	/4/_components/1/_srcKey	Verify Mobile Number		
assets/res/import/4e/4e439942-4fc8-403b-a395-c6815c2fc771.json	/12/_prefab/fileId	80RO3iupFEc7wYKpWQCAsH		cc.PrefabInfo
assets/res/import/4e/4e439942-4fc8-403b-a395-c6815c2fc771.json	/12/_prefab/fileId	80RO3iupFEc7wYKpWQCAsH		
assets/res/import/4e/4e439942-4fc8-403b-a395-c6815c2fc771.json	/53/_name	btn_deposit	btn_deposit	cc.Node
assets/res/import/4e/4e439942-4fc8-403b-a395-c6815c2fc771.json	/53/_name	btn_deposit		
assets/res/import/4e/4e439942-4fc8-403b-a395-c6815c2fc771.json	/73/_name	btn_deposit	btn_deposit	cc.Node
assets/res/import/4e/4e439942-4fc8-403b-a395-c6815c2fc771.json	/73/_name	btn_deposit		
assets/res/import/3c/3c37cefd-458e-47d8-8f83-4382633822d7.json	/38/_name	download	download	cc.Node
assets/res/import/3c/3c37cefd-458e-47d8-8f83-4382633822d7.json	/38/_name	download		
assets/res/import/3c/3c37cefd-458e-47d8-8f83-4382633822d7.json	/40/_name	download_fail	download_fail	cc.Node
assets/res/import/3c/3c37cefd-458e-47d8-8f83-4382633822d7.json	/40/_name	download_fail		
assets/res/import/3c/3c37cefd-458e-47d8-8f83-4382633822d7.json	/53/_name	responsible	responsible	cc.Node
assets/res/import/3c/3c37cefd-458e-47d8-8f83-4382633822d7.json	/53/_name	responsible		
assets/res/import/3c/3c37cefd-458e-47d8-8f83-4382633822d7.json	/54/_components/0/_string	Responsible Gaming		cc.Label
assets/res/import/3c/3c37cefd-458e-47d8-8f83-4382633822d7.json	/54/_components/0/_N$string	Responsible Gaming		cc.Label
assets/res/import/3c/3c37cefd-458e-47d8-8f83-4382633822d7.json	/54/_components/0/_string	Responsible Gaming		
assets/res/import/3c/3c37cefd-458e-47d8-8f83-4382633822d7.json	/54/_components/0/_N$string	Responsible Gaming		
assets/res/import/3c/3c37cefd-458e-47d8-8f83-4382633822d7.json	/54/_components/1/_srcKey	Responsible Gaming		aaffabCRcpLyqXd9ReiHVw6
assets/res/import/3c/3c37cefd-458e-47d8-8f83-4382633822d7.json	/54/_components/1/_srcKey	Responsible Gaming		
assets/res/import/3c/3c37cefd-458e-47d8-8f83-4382633822d7.json	/63/_name	termsofservice	termsofservice	cc.Node
assets/res/import/3c/3c37cefd-458e-47d8-8f83-4382633822d7.json	/63/_name	termsofservice		
assets/res/import/3c/3c37cefd-458e-47d8-8f83-4382633822d7.json	/63/_components/2/path	BalootClient/Setting/prefabs/PopupTermsService		5d3dd3JP59CD5GqmRzYtD19
assets/res/import/3c/3c37cefd-458e-47d8-8f83-4382633822d7.json	/63/_components/2/reportKey	SETTING_SERVICE		5d3dd3JP59CD5GqmRzYtD19
assets/res/import/3c/3c37cefd-458e-47d8-8f83-4382633822d7.json	/63/_components/2/path	BalootClient/Setting/prefabs/PopupTermsService		
assets/res/import/3c/3c37cefd-458e-47d8-8f83-4382633822d7.json	/63/_components/2/reportKey	SETTING_SERVICE		
assets/res/import/3c/3c37cefd-458e-47d8-8f83-4382633822d7.json	/64/_name	privateservice	privateservice	cc.Node
assets/res/import/3c/3c37cefd-458e-47d8-8f83-4382633822d7.json	/64/_name	privateservice		
assets/res/import/3c/3c37cefd-458e-47d8-8f83-4382633822d7.json	/64/_components/0/_string	Privacy Policy		cc.Label
assets/res/import/3c/3c37cefd-458e-47d8-8f83-4382633822d7.json	/64/_components/0/_N$string	Privacy Policy		cc.Label
assets/res/import/3c/3c37cefd-458e-47d8-8f83-4382633822d7.json	/64/_components/0/_string	Privacy Policy		
assets/res/import/3c/3c37cefd-458e-47d8-8f83-4382633822d7.json	/64/_components/0/_N$string	Privacy Policy		
assets/res/import/3c/3c37cefd-458e-47d8-8f83-4382633822d7.json	/64/_components/2/path	BalootClient/Setting/prefabs/PopupParivateService		5d3dd3JP59CD5GqmRzYtD19
assets/res/import/3c/3c37cefd-458e-47d8-8f83-4382633822d7.json	/64/_components/2/path	BalootClient/Setting/prefabs/PopupParivateService		
assets/res/import/3c/3c37cefd-458e-47d8-8f83-4382633822d7.json	/64/_components/3/_srcKey	Privacy Policy		aaffabCRcpLyqXd9ReiHVw6
assets/res/import/3c/3c37cefd-458e-47d8-8f83-4382633822d7.json	/64/_components/3/_srcKey	Privacy Policy		
assets/res/import/ce/ce46b048-a1c9-41f8-bfeb-356e8d6b4804.json	/12/_components/0/_string	Set Payment PIN		cc.Label
assets/res/import/ce/ce46b048-a1c9-41f8-bfeb-356e8d6b4804.json	/12/_components/0/_N$string	Set Payment PIN		cc.Label
assets/res/import/ce/ce46b048-a1c9-41f8-bfeb-356e8d6b4804.json	/12/_components/0/_string	Set Payment PIN		
assets/res/import/ce/ce46b048-a1c9-41f8-bfeb-356e8d6b4804.json	/12/_components/0/_N$string	Set Payment PIN		
assets/res/import/ce/ce46b048-a1c9-41f8-bfeb-356e8d6b4804.json	/12/_components/1/_srcKey	Set Payment PIN		aaffabCRcpLyqXd9ReiHVw6
assets/res/import/ce/ce46b048-a1c9-41f8-bfeb-356e8d6b4804.json	/12/_components/1/_srcKey	Set Payment PIN		
assets/res/import/ce/ce46b048-a1c9-41f8-bfeb-356e8d6b4804.json	/17/_components/0/_string	Modify Payment PIN		cc.Label
assets/res/import/ce/ce46b048-a1c9-41f8-bfeb-356e8d6b4804.json	/17/_components/0/_N$string	Modify Payment PIN		cc.Label
assets/res/import/ce/ce46b048-a1c9-41f8-bfeb-356e8d6b4804.json	/17/_components/0/_string	Modify Payment PIN		
assets/res/import/ce/ce46b048-a1c9-41f8-bfeb-356e8d6b4804.json	/17/_components/0/_N$string	Modify Payment PIN		
assets/res/import/ce/ce46b048-a1c9-41f8-bfeb-356e8d6b4804.json	/17/_components/1/_srcKey	Modify Payment PIN		aaffabCRcpLyqXd9ReiHVw6
assets/res/import/ce/ce46b048-a1c9-41f8-bfeb-356e8d6b4804.json	/17/_components/1/_srcKey	Modify Payment PIN		
assets/res/import/ce/ce46b048-a1c9-41f8-bfeb-356e8d6b4804.json	/18/_components/0/_string	Forgot your payment PIN		cc.Label
assets/res/import/ce/ce46b048-a1c9-41f8-bfeb-356e8d6b4804.json	/18/_components/0/_N$string	Forgot your payment PIN		cc.Label
assets/res/import/ce/ce46b048-a1c9-41f8-bfeb-356e8d6b4804.json	/18/_components/0/_string	Forgot your payment PIN		
assets/res/import/ce/ce46b048-a1c9-41f8-bfeb-356e8d6b4804.json	/18/_components/0/_N$string	Forgot your payment PIN		
assets/res/import/ce/ce46b048-a1c9-41f8-bfeb-356e8d6b4804.json	/18/_components/1/_srcKey	Forgot your payment PIN		aaffabCRcpLyqXd9ReiHVw6
assets/res/import/ce/ce46b048-a1c9-41f8-bfeb-356e8d6b4804.json	/18/_components/1/_srcKey	Forgot your payment PIN		
assets/res/import/99/994fda8e-b3ac-4817-8dd5-3fac4bd13ebb.json	/6/_name	bg_bonus_login_2	bg_bonus_login_2	cc.Node
assets/res/import/99/994fda8e-b3ac-4817-8dd5-3fac4bd13ebb.json	/6/_name	bg_bonus_login_2		
assets/res/import/99/994fda8e-b3ac-4817-8dd5-3fac4bd13ebb.json	/22/_name	icon_bonus_login_gou	icon_bonus_login_gou	cc.Node
assets/res/import/99/994fda8e-b3ac-4817-8dd5-3fac4bd13ebb.json	/22/_name	icon_bonus_login_gou		
assets/res/import/99/994fda8e-b3ac-4817-8dd5-3fac4bd13ebb.json	/36/_name	icon_bonus_login_gou	icon_bonus_login_gou	cc.Node
assets/res/import/99/994fda8e-b3ac-4817-8dd5-3fac4bd13ebb.json	/36/_name	icon_bonus_login_gou		
assets/res/import/99/994fda8e-b3ac-4817-8dd5-3fac4bd13ebb.json	/50/_name	icon_bonus_login_gou	icon_bonus_login_gou	cc.Node
assets/res/import/99/994fda8e-b3ac-4817-8dd5-3fac4bd13ebb.json	/50/_name	icon_bonus_login_gou		
assets/res/import/99/994fda8e-b3ac-4817-8dd5-3fac4bd13ebb.json	/64/_name	icon_bonus_login_gou	icon_bonus_login_gou	cc.Node
assets/res/import/99/994fda8e-b3ac-4817-8dd5-3fac4bd13ebb.json	/64/_name	icon_bonus_login_gou		
assets/res/import/99/994fda8e-b3ac-4817-8dd5-3fac4bd13ebb.json	/78/_name	icon_bonus_login_gou	icon_bonus_login_gou	cc.Node
assets/res/import/99/994fda8e-b3ac-4817-8dd5-3fac4bd13ebb.json	/78/_name	icon_bonus_login_gou		
assets/res/import/99/994fda8e-b3ac-4817-8dd5-3fac4bd13ebb.json	/92/_name	icon_bonus_login_gou	icon_bonus_login_gou	cc.Node
assets/res/import/99/994fda8e-b3ac-4817-8dd5-3fac4bd13ebb.json	/92/_name	icon_bonus_login_gou		
assets/res/import/99/994fda8e-b3ac-4817-8dd5-3fac4bd13ebb.json	/106/_name	icon_bonus_login_gou	icon_bonus_login_gou	cc.Node
assets/res/import/99/994fda8e-b3ac-4817-8dd5-3fac4bd13ebb.json	/106/_name	icon_bonus_login_gou		
assets/res/import/99/994fda8e-b3ac-4817-8dd5-3fac4bd13ebb.json	/124/_components/0/_string	Login every day to get free bonus		cc.Label
assets/res/import/99/994fda8e-b3ac-4817-8dd5-3fac4bd13ebb.json	/124/_components/0/_N$string	Login every day to get free bonus		cc.Label
assets/res/import/99/994fda8e-b3ac-4817-8dd5-3fac4bd13ebb.json	/124/_components/0/_string	Login every day to get free bonus		
assets/res/import/99/994fda8e-b3ac-4817-8dd5-3fac4bd13ebb.json	/124/_components/0/_N$string	Login every day to get free bonus		
assets/res/import/99/994fda8e-b3ac-4817-8dd5-3fac4bd13ebb.json	/124/_components/2/_srcKey	Login every day to get free bonus		aaffabCRcpLyqXd9ReiHVw6
assets/res/import/99/994fda8e-b3ac-4817-8dd5-3fac4bd13ebb.json	/124/_components/2/_srcKey	Login every day to get free bonus		
assets/res/import/99/994fda8e-b3ac-4817-8dd5-3fac4bd13ebb.json	/126/_name	bg_bonus_login_2	bg_bonus_login_2	cc.Node
assets/res/import/99/994fda8e-b3ac-4817-8dd5-3fac4bd13ebb.json	/126/_name	bg_bonus_login_2		
assets/res/import/99/994fda8e-b3ac-4817-8dd5-3fac4bd13ebb.json	/145/_name	icon_bonus_login_gou	icon_bonus_login_gou	cc.Node
assets/res/import/99/994fda8e-b3ac-4817-8dd5-3fac4bd13ebb.json	/145/_name	icon_bonus_login_gou		
assets/res/import/99/994fda8e-b3ac-4817-8dd5-3fac4bd13ebb.json	/163/_name	icon_bonus_login_gou	icon_bonus_login_gou	cc.Node
assets/res/import/99/994fda8e-b3ac-4817-8dd5-3fac4bd13ebb.json	/163/_name	icon_bonus_login_gou		
assets/res/import/99/994fda8e-b3ac-4817-8dd5-3fac4bd13ebb.json	/181/_name	icon_bonus_login_gou	icon_bonus_login_gou	cc.Node
assets/res/import/99/994fda8e-b3ac-4817-8dd5-3fac4bd13ebb.json	/181/_name	icon_bonus_login_gou		
assets/res/import/99/994fda8e-b3ac-4817-8dd5-3fac4bd13ebb.json	/199/_name	icon_bonus_login_gou	icon_bonus_login_gou	cc.Node
assets/res/import/99/994fda8e-b3ac-4817-8dd5-3fac4bd13ebb.json	/199/_name	icon_bonus_login_gou		
assets/res/import/99/994fda8e-b3ac-4817-8dd5-3fac4bd13ebb.json	/217/_name	icon_bonus_login_gou	icon_bonus_login_gou	cc.Node
assets/res/import/99/994fda8e-b3ac-4817-8dd5-3fac4bd13ebb.json	/217/_name	icon_bonus_login_gou		
assets/res/import/99/994fda8e-b3ac-4817-8dd5-3fac4bd13ebb.json	/235/_name	icon_bonus_login_gou	icon_bonus_login_gou	cc.Node
assets/res/import/99/994fda8e-b3ac-4817-8dd5-3fac4bd13ebb.json	/235/_name	icon_bonus_login_gou		
assets/res/import/99/994fda8e-b3ac-4817-8dd5-3fac4bd13ebb.json	/250/_name	icon_bonus_login_gou	icon_bonus_login_gou	cc.Node
assets/res/import/99/994fda8e-b3ac-4817-8dd5-3fac4bd13ebb.json	/250/_name	icon_bonus_login_gou		
assets/res/import/99/994fda8e-b3ac-4817-8dd5-3fac4bd13ebb.json	/255/_components/0/_string	Login every day to get free bonus		cc.Label
assets/res/import/99/994fda8e-b3ac-4817-8dd5-3fac4bd13ebb.json	/255/_components/0/_N$string	Login every day to get free bonus		cc.Label
assets/res/import/99/994fda8e-b3ac-4817-8dd5-3fac4bd13ebb.json	/255/_components/0/_string	Login every day to get free bonus		
assets/res/import/99/994fda8e-b3ac-4817-8dd5-3fac4bd13ebb.json	/255/_components/0/_N$string	Login every day to get free bonus		
assets/res/import/99/994fda8e-b3ac-4817-8dd5-3fac4bd13ebb.json	/255/_components/2/_srcKey	Login every day to get free bonus		aaffabCRcpLyqXd9ReiHVw6
assets/res/import/99/994fda8e-b3ac-4817-8dd5-3fac4bd13ebb.json	/255/_components/2/_srcKey	Login every day to get free bonus		
assets/res/import/ea/ea911dd7-1618-421f-9a13-d05810ca5814.json	/6/_components/1/key	BaseRes/t_reward		7b4dcq48PtKRZmC8KT63lIe
assets/res/import/ea/ea911dd7-1618-421f-9a13-d05810ca5814.json	/6/_components/1/key	BaseRes/t_reward		
assets/res/import/ea/ea911dd7-1618-421f-9a13-d05810ca5814.json	/7/_components/0/_string	Rewards		cc.Label
assets/res/import/ea/ea911dd7-1618-421f-9a13-d05810ca5814.json	/7/_components/0/_N$string	Rewards		cc.Label
assets/res/import/ea/ea911dd7-1618-421f-9a13-d05810ca5814.json	/7/_components/0/_string	Rewards		
assets/res/import/ea/ea911dd7-1618-421f-9a13-d05810ca5814.json	/7/_components/0/_N$string	Rewards		
assets/res/import/ea/ea911dd7-1618-421f-9a13-d05810ca5814.json	/7/_components/2/_srcKey	Rewards		aaffabCRcpLyqXd9ReiHVw6
assets/res/import/ea/ea911dd7-1618-421f-9a13-d05810ca5814.json	/7/_components/2/_srcKey	Rewards		
assets/res/import/ea/ea911dd7-1618-421f-9a13-d05810ca5814.json	/75/_components/2/_srcKey	Enter your full name to withdraw		aaffabCRcpLyqXd9ReiHVw6
assets/res/import/ea/ea911dd7-1618-421f-9a13-d05810ca5814.json	/75/_components/2/_srcKey	Enter your full name to withdraw		
assets/res/import/ea/ea911dd7-1618-421f-9a13-d05810ca5814.json	/76/_string	Enter your full name to withdraw		cc.Label
assets/res/import/ea/ea911dd7-1618-421f-9a13-d05810ca5814.json	/76/_N$string	Enter your full name to withdraw		cc.Label
assets/res/import/ea/ea911dd7-1618-421f-9a13-d05810ca5814.json	/76/_string	Enter your full name to withdraw		
assets/res/import/ea/ea911dd7-1618-421f-9a13-d05810ca5814.json	/76/_N$string	Enter your full name to withdraw		
assets/res/import/be/be1edf23-8b20-4839-ba21-9087acd19f51.json	/content/name	icon_download		
assets/res/import/76/76d46e8c-3201-4d48-84cc-19fe679d9f0a.json	/0/_name	LMSlots_Spine_option	LMSlots_Spine_option	cc.Prefab
assets/res/import/76/76d46e8c-3201-4d48-84cc-19fe679d9f0a.json	/0/_name	LMSlots_Spine_option		
assets/res/import/76/76d46e8c-3201-4d48-84cc-19fe679d9f0a.json	/1/_name	LMSlots_Spine_option	LMSlots_Spine_option	cc.Node
assets/res/import/76/76d46e8c-3201-4d48-84cc-19fe679d9f0a.json	/1/_name	LMSlots_Spine_option		
assets/res/import/4a/4a00d1a7-6e14-425d-a6ca-ef6183feb624.json	/8/_components/0/_N$string	Package 1.You can withdraw up to <color=#ff0000>%s</c> without deposit,then all your free winnings will be transfer to Cash Bonus(Not available for withdrawal).		cc.RichText
assets/res/import/4a/4a00d1a7-6e14-425d-a6ca-ef6183feb624.json	/8/_components/0/_N$string	Package 1.You can withdraw up to <color=#ff0000>%s</c> without deposit,then all your free winnings will be transfer to Cash Bonus(Not available for withdrawal).		
assets/res/import/4a/4a00d1a7-6e14-425d-a6ca-ef6183feb624.json	/9/_components/0/_string	Package 1.You can withdraw up to 		cc.Label
assets/res/import/4a/4a00d1a7-6e14-425d-a6ca-ef6183feb624.json	/9/_components/0/_N$string	Package 1.You can withdraw up to 		cc.Label
assets/res/import/4a/4a00d1a7-6e14-425d-a6ca-ef6183feb624.json	/9/_components/0/_string	Package 1.You can withdraw up to 		
assets/res/import/4a/4a00d1a7-6e14-425d-a6ca-ef6183feb624.json	/9/_components/0/_N$string	Package 1.You can withdraw up to 		
assets/res/import/4a/4a00d1a7-6e14-425d-a6ca-ef6183feb624.json	/12/_components/0/_string	deposit,then all your free winnings will be transfer to		cc.Label
assets/res/import/4a/4a00d1a7-6e14-425d-a6ca-ef6183feb624.json	/12/_components/0/_N$string	deposit,then all your free winnings will be transfer to		cc.Label
assets/res/import/4a/4a00d1a7-6e14-425d-a6ca-ef6183feb624.json	/12/_components/0/_string	deposit,then all your free winnings will be transfer to		
assets/res/import/4a/4a00d1a7-6e14-425d-a6ca-ef6183feb624.json	/12/_components/0/_N$string	deposit,then all your free winnings will be transfer to		
assets/res/import/4a/4a00d1a7-6e14-425d-a6ca-ef6183feb624.json	/13/_components/0/_string	Cash Bonus(Not available for withdrawal).		cc.Label
assets/res/import/4a/4a00d1a7-6e14-425d-a6ca-ef6183feb624.json	/13/_components/0/_N$string	Cash Bonus(Not available for withdrawal).		cc.Label
assets/res/import/4a/4a00d1a7-6e14-425d-a6ca-ef6183feb624.json	/13/_components/0/_string	Cash Bonus(Not available for withdrawal).		
assets/res/import/4a/4a00d1a7-6e14-425d-a6ca-ef6183feb624.json	/13/_components/0/_N$string	Cash Bonus(Not available for withdrawal).		
assets/res/import/4a/4a00d1a7-6e14-425d-a6ca-ef6183feb624.json	/14/_components/0/_N$string	Package 2.You can deposit your current free winnings or any higher amount <color=#ff0000>%s</c> (Cash Balance) to claim 100% free winnings back.		cc.RichText
assets/res/import/4a/4a00d1a7-6e14-425d-a6ca-ef6183feb624.json	/14/_components/0/_N$string	Package 2.You can deposit your current free winnings or any higher amount <color=#ff0000>%s</c> (Cash Balance) to claim 100% free winnings back.		
assets/res/import/4a/4a00d1a7-6e14-425d-a6ca-ef6183feb624.json	/15/_components/0/_string	Package 2.You can deposit your current free 		cc.Label
assets/res/import/4a/4a00d1a7-6e14-425d-a6ca-ef6183feb624.json	/15/_components/0/_N$string	Package 2.You can deposit your current free 		cc.Label
assets/res/import/4a/4a00d1a7-6e14-425d-a6ca-ef6183feb624.json	/15/_components/0/_string	Package 2.You can deposit your current free 		
assets/res/import/4a/4a00d1a7-6e14-425d-a6ca-ef6183feb624.json	/15/_components/0/_N$string	Package 2.You can deposit your current free 		
assets/res/import/4a/4a00d1a7-6e14-425d-a6ca-ef6183feb624.json	/18/_components/0/_string	 (Cash Balance) to		cc.Label
assets/res/import/4a/4a00d1a7-6e14-425d-a6ca-ef6183feb624.json	/18/_components/0/_N$string	 (Cash Balance) to		cc.Label
assets/res/import/4a/4a00d1a7-6e14-425d-a6ca-ef6183feb624.json	/18/_components/0/_string	 (Cash Balance) to		
assets/res/import/4a/4a00d1a7-6e14-425d-a6ca-ef6183feb624.json	/18/_components/0/_N$string	 (Cash Balance) to		
assets/res/import/4a/4a00d1a7-6e14-425d-a6ca-ef6183feb624.json	/23/_name	lbl_withdraw	lbl_withdraw	cc.Node
assets/res/import/4a/4a00d1a7-6e14-425d-a6ca-ef6183feb624.json	/23/_name	lbl_withdraw		
assets/res/import/4a/4a00d1a7-6e14-425d-a6ca-ef6183feb624.json	/24/_name	lbl_withdraw	lbl_withdraw	cc.Node
assets/res/import/4a/4a00d1a7-6e14-425d-a6ca-ef6183feb624.json	/24/_name	lbl_withdraw		
assets/res/import/4a/4a00d1a7-6e14-425d-a6ca-ef6183feb624.json	/24/_components/0/_string	Withdrawable Winnings:		cc.Label
assets/res/import/4a/4a00d1a7-6e14-425d-a6ca-ef6183feb624.json	/24/_components/0/_N$string	Withdrawable Winnings:		cc.Label
assets/res/import/4a/4a00d1a7-6e14-425d-a6ca-ef6183feb624.json	/24/_components/0/_string	Withdrawable Winnings:		
assets/res/import/4a/4a00d1a7-6e14-425d-a6ca-ef6183feb624.json	/24/_components/0/_N$string	Withdrawable Winnings:		
assets/res/import/4a/4a00d1a7-6e14-425d-a6ca-ef6183feb624.json	/24/_components/1/_srcKey	Withdrawable Winnings:		aaffabCRcpLyqXd9ReiHVw6
assets/res/import/4a/4a00d1a7-6e14-425d-a6ca-ef6183feb624.json	/24/_components/1/_srcKey	Withdrawable Winnings:		
assets/res/import/4a/4a00d1a7-6e14-425d-a6ca-ef6183feb624.json	/29/_components/0/_N$string	"<color=00ff90>Most Vaule Package:</c><br/>You can deposit your current free winnings <color=ff0000>%s</c> (Cash Balance) or any higher amount to claim 100% free winnings back.
<br /><color=00ff90>Most Popular Package:</c><br />You can deposit any amount(<color=ff0000>%s</c>) to unlock same amount free winnings,then remaining free winnings will be transferred to Cash Bonus (Not available for withdrawal)."		cc.RichText
assets/res/import/4a/4a00d1a7-6e14-425d-a6ca-ef6183feb624.json	/29/_components/0/_N$string	"<color=00ff90>Most Vaule Package:</c><br/>You can deposit your current free winnings <color=ff0000>%s</c> (Cash Balance) or any higher amount to claim 100% free winnings back.
<br /><color=00ff90>Most Popular Package:</c><br />You can deposit any amount(<color=ff0000>%s</c>) to unlock same amount free winnings,then remaining free winnings will be transferred to Cash Bonus (Not available for withdrawal)."		
assets/res/import/4a/4a00d1a7-6e14-425d-a6ca-ef6183feb624.json	/31/_components/0/_string	You can deposit your current free winnings 		cc.Label
assets/res/import/4a/4a00d1a7-6e14-425d-a6ca-ef6183feb624.json	/31/_components/0/_N$string	You can deposit your current free winnings 		cc.Label
assets/res/import/4a/4a00d1a7-6e14-425d-a6ca-ef6183feb624.json	/31/_components/0/_string	You can deposit your current free winnings 		
assets/res/import/4a/4a00d1a7-6e14-425d-a6ca-ef6183feb624.json	/31/_components/0/_N$string	You can deposit your current free winnings 		
assets/res/import/4a/4a00d1a7-6e14-425d-a6ca-ef6183feb624.json	/33/_components/0/_string	 (Cash		cc.Label
assets/res/import/4a/4a00d1a7-6e14-425d-a6ca-ef6183feb624.json	/33/_components/0/_N$string	 (Cash		cc.Label
assets/res/import/4a/4a00d1a7-6e14-425d-a6ca-ef6183feb624.json	/33/_components/0/_string	 (Cash		
assets/res/import/4a/4a00d1a7-6e14-425d-a6ca-ef6183feb624.json	/33/_components/0/_N$string	 (Cash		
assets/res/import/4a/4a00d1a7-6e14-425d-a6ca-ef6183feb624.json	/37/_components/0/_string	You can deposit any amount(		cc.Label
assets/res/import/4a/4a00d1a7-6e14-425d-a6ca-ef6183feb624.json	/37/_components/0/_N$string	You can deposit any amount(		cc.Label
assets/res/import/4a/4a00d1a7-6e14-425d-a6ca-ef6183feb624.json	/37/_components/0/_string	You can deposit any amount(		
assets/res/import/4a/4a00d1a7-6e14-425d-a6ca-ef6183feb624.json	/37/_components/0/_N$string	You can deposit any amount(		
assets/res/import/4a/4a00d1a7-6e14-425d-a6ca-ef6183feb624.json	/41/_components/0/_string	will be transferred to Cash Bonus (Not available for 		cc.Label
assets/res/import/4a/4a00d1a7-6e14-425d-a6ca-ef6183feb624.json	/41/_components/0/_N$string	will be transferred to Cash Bonus (Not available for 		cc.Label
assets/res/import/4a/4a00d1a7-6e14-425d-a6ca-ef6183feb624.json	/41/_components/0/_string	will be transferred to Cash Bonus (Not available for 		
assets/res/import/4a/4a00d1a7-6e14-425d-a6ca-ef6183feb624.json	/41/_components/0/_N$string	will be transferred to Cash Bonus (Not available for 		
assets/res/import/4a/4a00d1a7-6e14-425d-a6ca-ef6183feb624.json	/42/_components/0/_string	withdrawal).		cc.Label
assets/res/import/4a/4a00d1a7-6e14-425d-a6ca-ef6183feb624.json	/42/_components/0/_N$string	withdrawal).		cc.Label
assets/res/import/4a/4a00d1a7-6e14-425d-a6ca-ef6183feb624.json	/42/_components/0/_string	withdrawal).		
assets/res/import/4a/4a00d1a7-6e14-425d-a6ca-ef6183feb624.json	/42/_components/0/_N$string	withdrawal).		
assets/res/import/4a/4a00d1a7-6e14-425d-a6ca-ef6183feb624.json	/45/_components/0/_string	Withdraw Now		cc.Label
assets/res/import/4a/4a00d1a7-6e14-425d-a6ca-ef6183feb624.json	/45/_components/0/_N$string	Withdraw Now		cc.Label
assets/res/import/4a/4a00d1a7-6e14-425d-a6ca-ef6183feb624.json	/45/_components/0/_string	Withdraw Now		
assets/res/import/4a/4a00d1a7-6e14-425d-a6ca-ef6183feb624.json	/45/_components/0/_N$string	Withdraw Now		
assets/res/import/4a/4a00d1a7-6e14-425d-a6ca-ef6183feb624.json	/48/_components/0/_string	Deposit Now		cc.Label
assets/res/import/4a/4a00d1a7-6e14-425d-a6ca-ef6183feb624.json	/48/_components/0/_N$string	Deposit Now		cc.Label
assets/res/import/4a/4a00d1a7-6e14-425d-a6ca-ef6183feb624.json	/48/_components/0/_string	Deposit Now		
assets/res/import/4a/4a00d1a7-6e14-425d-a6ca-ef6183feb624.json	/48/_components/0/_N$string	Deposit Now		
assets/res/import/75/75b244a5-17fc-4962-b6fd-ce1eea445379.json	/content/name	bg_bonus_login_sign_xuanzhong		
assets/res/import/3a/3afb8619-b704-4868-86cd-eac18f7224f3.json	/_name	bank_h5.plist	bank_h5.plist	cc.SpriteAtlas
assets/res/import/3a/3afb8619-b704-4868-86cd-eac18f7224f3.json	/_name	bank_h5.plist		
assets/res/import/59/59bcda78-891b-45ec-80a9-4d7869ee3b79.json	/0/_name	withdraw_unfreeze	withdraw_unfreeze	cc.Prefab
assets/res/import/59/59bcda78-891b-45ec-80a9-4d7869ee3b79.json	/0/_name	withdraw_unfreeze		
assets/res/import/59/59bcda78-891b-45ec-80a9-4d7869ee3b79.json	/1/_name	withdraw_unfreeze	withdraw_unfreeze	cc.Node
assets/res/import/59/59bcda78-891b-45ec-80a9-4d7869ee3b79.json	/1/_name	withdraw_unfreeze		
assets/res/import/59/59bcda78-891b-45ec-80a9-4d7869ee3b79.json	/6/_components/0/_string	Withdraw_unfreze_tit		cc.Label
assets/res/import/59/59bcda78-891b-45ec-80a9-4d7869ee3b79.json	/6/_components/0/_N$string	Withdraw_unfreze_tit		cc.Label
assets/res/import/59/59bcda78-891b-45ec-80a9-4d7869ee3b79.json	/6/_components/0/_string	Withdraw_unfreze_tit		
assets/res/import/59/59bcda78-891b-45ec-80a9-4d7869ee3b79.json	/6/_components/0/_N$string	Withdraw_unfreze_tit		
assets/res/import/59/59bcda78-891b-45ec-80a9-4d7869ee3b79.json	/6/_components/2/_srcKey	Withdraw_unfreze_tit		aaffabCRcpLyqXd9ReiHVw6
assets/res/import/59/59bcda78-891b-45ec-80a9-4d7869ee3b79.json	/6/_components/2/_srcKey	Withdraw_unfreze_tit		
assets/res/import/59/59bcda78-891b-45ec-80a9-4d7869ee3b79.json	/10/_components/0/_string	Withdraw_unfreze_rule		cc.Label
assets/res/import/59/59bcda78-891b-45ec-80a9-4d7869ee3b79.json	/10/_components/0/_N$string	Withdraw_unfreze_rule		cc.Label
assets/res/import/59/59bcda78-891b-45ec-80a9-4d7869ee3b79.json	/10/_components/0/_string	Withdraw_unfreze_rule		
assets/res/import/59/59bcda78-891b-45ec-80a9-4d7869ee3b79.json	/10/_components/0/_N$string	Withdraw_unfreze_rule		
assets/res/import/59/59bcda78-891b-45ec-80a9-4d7869ee3b79.json	/10/_components/1/_srcKey	Withdraw_unfreze_rule		aaffabCRcpLyqXd9ReiHVw6
assets/res/import/59/59bcda78-891b-45ec-80a9-4d7869ee3b79.json	/10/_components/1/_srcKey	Withdraw_unfreze_rule		
assets/res/import/59/59bcda78-891b-45ec-80a9-4d7869ee3b79.json	/19/_components/0/_string	DEPOSIT BONUS		cc.Label
assets/res/import/59/59bcda78-891b-45ec-80a9-4d7869ee3b79.json	/19/_components/0/_N$string	DEPOSIT BONUS		cc.Label
assets/res/import/59/59bcda78-891b-45ec-80a9-4d7869ee3b79.json	/19/_components/0/_string	DEPOSIT BONUS		
assets/res/import/59/59bcda78-891b-45ec-80a9-4d7869ee3b79.json	/19/_components/0/_N$string	DEPOSIT BONUS		
assets/res/import/c9/c9cb9cef-2a5b-45a1-8dcd-79f23736079e.json	/content/name	reward_coin_db		
assets/res/import/69/69be6c64-c47e-4338-99b5-e9d6e60ad1f0.json	/_name	LMSlot_SpineOption.plist	LMSlot_SpineOption.plist	cc.SpriteAtlas
assets/res/import/69/69be6c64-c47e-4338-99b5-e9d6e60ad1f0.json	/_name	LMSlot_SpineOption.plist		
assets/res/import/8b/8b77ca8d-f7f6-42c3-8c86-3bcba5fac596.json	/0/_name	LMSlots_Help_item	LMSlots_Help_item	cc.Prefab
assets/res/import/8b/8b77ca8d-f7f6-42c3-8c86-3bcba5fac596.json	/0/_name	LMSlots_Help_item		
assets/res/import/8b/8b77ca8d-f7f6-42c3-8c86-3bcba5fac596.json	/1/_name	LMSlots_Help_item	LMSlots_Help_item	cc.Node
assets/res/import/8b/8b77ca8d-f7f6-42c3-8c86-3bcba5fac596.json	/1/_name	LMSlots_Help_item		
assets/res/import/d6/d6de9c7f-8931-4483-bd72-b4d1a0802cf1.json	/14/_name	yd_float_service	yd_float_service	cc.Node
assets/res/import/d6/d6de9c7f-8931-4483-bd72-b4d1a0802cf1.json	/14/_name	yd_float_service		
assets/res/import/8d/8d786338-ef01-4a10-bd40-e77085a0b6bc.json	/9/_components/0/_string	Verify Later		cc.Label
assets/res/import/8d/8d786338-ef01-4a10-bd40-e77085a0b6bc.json	/9/_components/0/_N$string	Verify Later		cc.Label
assets/res/import/8d/8d786338-ef01-4a10-bd40-e77085a0b6bc.json	/9/_components/0/_string	Verify Later		
assets/res/import/8d/8d786338-ef01-4a10-bd40-e77085a0b6bc.json	/9/_components/0/_N$string	Verify Later		
assets/res/import/8d/8d786338-ef01-4a10-bd40-e77085a0b6bc.json	/9/_components/2/_srcKey	Verify Later		aaffabCRcpLyqXd9ReiHVw6
assets/res/import/8d/8d786338-ef01-4a10-bd40-e77085a0b6bc.json	/9/_components/2/_srcKey	Verify Later		
assets/res/import/8d/8d786338-ef01-4a10-bd40-e77085a0b6bc.json	/11/_name	btn_pay	btn_pay	cc.Node
assets/res/import/8d/8d786338-ef01-4a10-bd40-e77085a0b6bc.json	/11/_name	btn_pay		
assets/res/import/73/7371d562-af83-436e-9f07-bf3af0d2cab3.json	/content/name	fish_icon		
assets/res/import/ae/aedfdfe6-c468-4ea8-b386-1031578426be.json	/0/_name	LMSlots_Help_prefab_2	LMSlots_Help_prefab_2	cc.Prefab
assets/res/import/ae/aedfdfe6-c468-4ea8-b386-1031578426be.json	/0/_name	LMSlots_Help_prefab_2		
assets/res/import/ae/aedfdfe6-c468-4ea8-b386-1031578426be.json	/1/_name	LMSlots_Help_prefab	LMSlots_Help_prefab	cc.Node
assets/res/import/ae/aedfdfe6-c468-4ea8-b386-1031578426be.json	/1/_name	LMSlots_Help_prefab		
assets/res/import/ae/aedfdfe6-c468-4ea8-b386-1031578426be.json	/7/_components/0/_string	PAYTABLE		cc.Label
assets/res/import/ae/aedfdfe6-c468-4ea8-b386-1031578426be.json	/7/_components/0/_N$string	PAYTABLE		cc.Label
assets/res/import/ae/aedfdfe6-c468-4ea8-b386-1031578426be.json	/7/_components/0/_string	PAYTABLE		
assets/res/import/ae/aedfdfe6-c468-4ea8-b386-1031578426be.json	/7/_components/0/_N$string	PAYTABLE		
assets/res/import/ae/aedfdfe6-c468-4ea8-b386-1031578426be.json	/7/_components/1/_srcKey	PAYTABLE		aaffabCRcpLyqXd9ReiHVw6
assets/res/import/ae/aedfdfe6-c468-4ea8-b386-1031578426be.json	/7/_components/1/_srcKey	PAYTABLE		
assets/res/import/a1/a1755e31-01b8-4156-a66c-1d2eb06e3cc4.json	/_name	bonus_unfreeze.plist	bonus_unfreeze.plist	cc.SpriteAtlas
assets/res/import/a1/a1755e31-01b8-4156-a66c-1d2eb06e3cc4.json	/_name	bonus_unfreeze.plist		
assets/res/import/54/5426e444-3009-44e8-9a72-e2cffd551d17.json	/0/_name	LMSlots_Subgame777_item	LMSlots_Subgame777_item	cc.Prefab
assets/res/import/54/5426e444-3009-44e8-9a72-e2cffd551d17.json	/0/_name	LMSlots_Subgame777_item		
assets/res/import/92/92aa2721-9f63-45b3-82f7-f8d29ac60a78.json	/content/name	bank		
assets/res/import/5e/5eec1634-3ec5-407f-8778-7c13718af531.json	/12/_components/0/_string	Withdrawable Balance		cc.Label
assets/res/import/5e/5eec1634-3ec5-407f-8778-7c13718af531.json	/12/_components/0/_N$string	Withdrawable Balance		cc.Label
assets/res/import/5e/5eec1634-3ec5-407f-8778-7c13718af531.json	/12/_components/0/_string	Withdrawable Balance		
assets/res/import/5e/5eec1634-3ec5-407f-8778-7c13718af531.json	/12/_components/0/_N$string	Withdrawable Balance		
assets/res/import/5e/5eec1634-3ec5-407f-8778-7c13718af531.json	/12/_components/1/_srcKey	Withdrawable Balance		aaffabCRcpLyqXd9ReiHVw6
assets/res/import/5e/5eec1634-3ec5-407f-8778-7c13718af531.json	/12/_components/1/_srcKey	Withdrawable Balance		
assets/res/import/5e/5eec1634-3ec5-407f-8778-7c13718af531.json	/17/_name	lbl_verify	lbl_verify	cc.Node
assets/res/import/5e/5eec1634-3ec5-407f-8778-7c13718af531.json	/17/_name	lbl_verify		
assets/res/import/5e/5eec1634-3ec5-407f-8778-7c13718af531.json	/17/_components/0/_string	Verify E-Wallets Account		cc.Label
assets/res/import/5e/5eec1634-3ec5-407f-8778-7c13718af531.json	/17/_components/0/_N$string	Verify E-Wallets Account		cc.Label
assets/res/import/5e/5eec1634-3ec5-407f-8778-7c13718af531.json	/17/_components/0/_string	Verify E-Wallets Account		
assets/res/import/5e/5eec1634-3ec5-407f-8778-7c13718af531.json	/17/_components/0/_N$string	Verify E-Wallets Account		
assets/res/import/5e/5eec1634-3ec5-407f-8778-7c13718af531.json	/23/_name	lbl_verify	lbl_verify	cc.Node
assets/res/import/5e/5eec1634-3ec5-407f-8778-7c13718af531.json	/23/_name	lbl_verify		
assets/res/import/5e/5eec1634-3ec5-407f-8778-7c13718af531.json	/23/_components/0/_string	Verify E-Wallets Account		cc.Label
assets/res/import/5e/5eec1634-3ec5-407f-8778-7c13718af531.json	/23/_components/0/_N$string	Verify E-Wallets Account		cc.Label
assets/res/import/5e/5eec1634-3ec5-407f-8778-7c13718af531.json	/23/_components/0/_string	Verify E-Wallets Account		
assets/res/import/5e/5eec1634-3ec5-407f-8778-7c13718af531.json	/23/_components/0/_N$string	Verify E-Wallets Account		
assets/res/import/5e/5eec1634-3ec5-407f-8778-7c13718af531.json	/29/_name	lbl_verify	lbl_verify	cc.Node
assets/res/import/5e/5eec1634-3ec5-407f-8778-7c13718af531.json	/29/_name	lbl_verify		
assets/res/import/5e/5eec1634-3ec5-407f-8778-7c13718af531.json	/29/_components/0/_string	Verify E-Wallets Account		cc.Label
assets/res/import/5e/5eec1634-3ec5-407f-8778-7c13718af531.json	/29/_components/0/_N$string	Verify E-Wallets Account		cc.Label
assets/res/import/5e/5eec1634-3ec5-407f-8778-7c13718af531.json	/29/_components/0/_string	Verify E-Wallets Account		
assets/res/import/5e/5eec1634-3ec5-407f-8778-7c13718af531.json	/29/_components/0/_N$string	Verify E-Wallets Account		
assets/res/import/5e/5eec1634-3ec5-407f-8778-7c13718af531.json	/40/_name	withdraw_item_bg	withdraw_item_bg	cc.Node
assets/res/import/5e/5eec1634-3ec5-407f-8778-7c13718af531.json	/40/_name	withdraw_item_bg		
assets/res/import/5e/5eec1634-3ec5-407f-8778-7c13718af531.json	/41/_components/0/_string	Withdrawal Amount		cc.Label
assets/res/import/5e/5eec1634-3ec5-407f-8778-7c13718af531.json	/41/_components/0/_N$string	Withdrawal Amount		cc.Label
assets/res/import/5e/5eec1634-3ec5-407f-8778-7c13718af531.json	/41/_components/0/_string	Withdrawal Amount		
assets/res/import/5e/5eec1634-3ec5-407f-8778-7c13718af531.json	/41/_components/0/_N$string	Withdrawal Amount		
assets/res/import/5e/5eec1634-3ec5-407f-8778-7c13718af531.json	/41/_components/1/_srcKey	Withdrawal Amount		aaffabCRcpLyqXd9ReiHVw6
assets/res/import/5e/5eec1634-3ec5-407f-8778-7c13718af531.json	/41/_components/1/_srcKey	Withdrawal Amount		
assets/res/import/5e/5eec1634-3ec5-407f-8778-7c13718af531.json	/49/_components/0/_string	withdraw_hinit		cc.Label
assets/res/import/5e/5eec1634-3ec5-407f-8778-7c13718af531.json	/49/_components/0/_N$string	withdraw_hinit		cc.Label
assets/res/import/5e/5eec1634-3ec5-407f-8778-7c13718af531.json	/49/_components/0/_string	withdraw_hinit		
assets/res/import/5e/5eec1634-3ec5-407f-8778-7c13718af531.json	/49/_components/0/_N$string	withdraw_hinit		
assets/res/import/5e/5eec1634-3ec5-407f-8778-7c13718af531.json	/49/_components/1/_srcKey	withdraw_hinit		aaffabCRcpLyqXd9ReiHVw6
assets/res/import/5e/5eec1634-3ec5-407f-8778-7c13718af531.json	/49/_components/1/_srcKey	withdraw_hinit		
assets/res/import/5e/5eec1634-3ec5-407f-8778-7c13718af531.json	/69/_components/0/_string	Withdraw Now		cc.Label
assets/res/import/5e/5eec1634-3ec5-407f-8778-7c13718af531.json	/69/_components/0/_N$string	Withdraw Now		cc.Label
assets/res/import/5e/5eec1634-3ec5-407f-8778-7c13718af531.json	/69/_components/0/_string	Withdraw Now		
assets/res/import/5e/5eec1634-3ec5-407f-8778-7c13718af531.json	/69/_components/0/_N$string	Withdraw Now		
assets/res/import/5e/5eec1634-3ec5-407f-8778-7c13718af531.json	/69/_components/1/_srcKey	Withdraw Now		aaffabCRcpLyqXd9ReiHVw6
assets/res/import/5e/5eec1634-3ec5-407f-8778-7c13718af531.json	/69/_components/1/_srcKey	Withdraw Now		
assets/res/import/5e/5eec1634-3ec5-407f-8778-7c13718af531.json	/73/_components/0/_string	Online customer service		cc.Label
assets/res/import/5e/5eec1634-3ec5-407f-8778-7c13718af531.json	/73/_components/0/_N$string	Online customer service		cc.Label
assets/res/import/5e/5eec1634-3ec5-407f-8778-7c13718af531.json	/73/_components/0/_string	Online customer service		
assets/res/import/5e/5eec1634-3ec5-407f-8778-7c13718af531.json	/73/_components/0/_N$string	Online customer service		
assets/res/import/5e/5eec1634-3ec5-407f-8778-7c13718af531.json	/78/_components/0/_string	Online customer service		cc.Label
assets/res/import/5e/5eec1634-3ec5-407f-8778-7c13718af531.json	/78/_components/0/_N$string	Online customer service		cc.Label
assets/res/import/5e/5eec1634-3ec5-407f-8778-7c13718af531.json	/78/_components/0/_string	Online customer service		
assets/res/import/5e/5eec1634-3ec5-407f-8778-7c13718af531.json	/78/_components/0/_N$string	Online customer service		
assets/res/import/e1/e14e0eb0-f68b-42bd-964b-bffa3542f822.json	/0/_name	node_charge_bank	node_charge_bank	cc.Prefab
assets/res/import/e1/e14e0eb0-f68b-42bd-964b-bffa3542f822.json	/0/_name	node_charge_bank		
assets/res/import/e1/e14e0eb0-f68b-42bd-964b-bffa3542f822.json	/1/_name	node_charge_bank	node_charge_bank	cc.Node
assets/res/import/e1/e14e0eb0-f68b-42bd-964b-bffa3542f822.json	/1/_name	node_charge_bank		
assets/res/import/e1/e14e0eb0-f68b-42bd-964b-bffa3542f822.json	/4/_components/0/_string	Net Banking		cc.Label
assets/res/import/e1/e14e0eb0-f68b-42bd-964b-bffa3542f822.json	/4/_components/0/_N$string	Net Banking		cc.Label
assets/res/import/e1/e14e0eb0-f68b-42bd-964b-bffa3542f822.json	/4/_components/0/_string	Net Banking		
assets/res/import/e1/e14e0eb0-f68b-42bd-964b-bffa3542f822.json	/4/_components/0/_N$string	Net Banking		
assets/res/import/e1/e14e0eb0-f68b-42bd-964b-bffa3542f822.json	/11/_name	node_bankname	node_bankname	cc.Node
assets/res/import/e1/e14e0eb0-f68b-42bd-964b-bffa3542f822.json	/11/_name	node_bankname		
assets/res/import/e1/e14e0eb0-f68b-42bd-964b-bffa3542f822.json	/12/_components/0/_string	Bank Name		cc.Label
assets/res/import/e1/e14e0eb0-f68b-42bd-964b-bffa3542f822.json	/12/_components/0/_N$string	Bank Name		cc.Label
assets/res/import/e1/e14e0eb0-f68b-42bd-964b-bffa3542f822.json	/12/_components/0/_string	Bank Name		
assets/res/import/e1/e14e0eb0-f68b-42bd-964b-bffa3542f822.json	/12/_components/0/_N$string	Bank Name		
assets/res/import/e1/e14e0eb0-f68b-42bd-964b-bffa3542f822.json	/12/_components/1/_srcKey	Bank Name		aaffabCRcpLyqXd9ReiHVw6
assets/res/import/e1/e14e0eb0-f68b-42bd-964b-bffa3542f822.json	/12/_components/1/_srcKey	Bank Name		
assets/res/import/e1/e14e0eb0-f68b-42bd-964b-bffa3542f822.json	/31/_components/0/_string	Deposit Amount		cc.Label
assets/res/import/e1/e14e0eb0-f68b-42bd-964b-bffa3542f822.json	/31/_components/0/_N$string	Deposit Amount		cc.Label
assets/res/import/e1/e14e0eb0-f68b-42bd-964b-bffa3542f822.json	/31/_components/0/_string	Deposit Amount		
assets/res/import/e1/e14e0eb0-f68b-42bd-964b-bffa3542f822.json	/31/_components/0/_N$string	Deposit Amount		
assets/res/import/e1/e14e0eb0-f68b-42bd-964b-bffa3542f822.json	/31/_components/1/_srcKey	Deposit Amount		aaffabCRcpLyqXd9ReiHVw6
assets/res/import/e1/e14e0eb0-f68b-42bd-964b-bffa3542f822.json	/31/_components/1/_srcKey	Deposit Amount		
assets/res/import/e1/e14e0eb0-f68b-42bd-964b-bffa3542f822.json	/33/_name	node_bonus	node_bonus	cc.Node
assets/res/import/e1/e14e0eb0-f68b-42bd-964b-bffa3542f822.json	/33/_name	node_bonus		
assets/res/import/e1/e14e0eb0-f68b-42bd-964b-bffa3542f822.json	/34/_components/0/_string	Bonus Amount		cc.Label
assets/res/import/e1/e14e0eb0-f68b-42bd-964b-bffa3542f822.json	/34/_components/0/_N$string	Bonus Amount		cc.Label
assets/res/import/e1/e14e0eb0-f68b-42bd-964b-bffa3542f822.json	/34/_components/0/_string	Bonus Amount		
assets/res/import/e1/e14e0eb0-f68b-42bd-964b-bffa3542f822.json	/34/_components/0/_N$string	Bonus Amount		
assets/res/import/e1/e14e0eb0-f68b-42bd-964b-bffa3542f822.json	/34/_components/1/_srcKey	Bonus Amount		aaffabCRcpLyqXd9ReiHVw6
assets/res/import/e1/e14e0eb0-f68b-42bd-964b-bffa3542f822.json	/34/_components/1/_srcKey	Bonus Amount		
assets/res/import/e1/e14e0eb0-f68b-42bd-964b-bffa3542f822.json	/48/_components/0/_string	Upload Payment Proof		cc.Label
assets/res/import/e1/e14e0eb0-f68b-42bd-964b-bffa3542f822.json	/48/_components/0/_N$string	Upload Payment Proof		cc.Label
assets/res/import/e1/e14e0eb0-f68b-42bd-964b-bffa3542f822.json	/48/_components/0/_string	Upload Payment Proof		
assets/res/import/e1/e14e0eb0-f68b-42bd-964b-bffa3542f822.json	/48/_components/0/_N$string	Upload Payment Proof		
assets/res/import/e1/e14e0eb0-f68b-42bd-964b-bffa3542f822.json	/48/_components/2/_srcKey	Upload Payment Proof		aaffabCRcpLyqXd9ReiHVw6
assets/res/import/e1/e14e0eb0-f68b-42bd-964b-bffa3542f822.json	/48/_components/2/_srcKey	Upload Payment Proof		
assets/res/import/e1/e14e0eb0-f68b-42bd-964b-bffa3542f822.json	/58/_name	btn_deposit	btn_deposit	cc.Node
assets/res/import/e1/e14e0eb0-f68b-42bd-964b-bffa3542f822.json	/58/_name	btn_deposit		
assets/res/import/a8/a8a36095-2435-4f00-b49f-789e514d5fa4.json	/0/_name	promo_tip	promo_tip	cc.Prefab
assets/res/import/a8/a8a36095-2435-4f00-b49f-789e514d5fa4.json	/0/_name	promo_tip		
assets/res/import/a8/a8a36095-2435-4f00-b49f-789e514d5fa4.json	/1/_name	promo_tip	promo_tip	cc.Node
assets/res/import/a8/a8a36095-2435-4f00-b49f-789e514d5fa4.json	/1/_name	promo_tip		
assets/res/import/eb/eb85c772-176f-490d-afc5-d9451505280b.json	/content/name	bg_reward_item		
assets/res/import/ba/ba892a36-6a3c-420b-aa0f-d3fe3d7bff24.json	/0/_name	LMSlots_Top	LMSlots_Top	cc.Prefab
assets/res/import/ba/ba892a36-6a3c-420b-aa0f-d3fe3d7bff24.json	/0/_name	LMSlots_Top		
assets/res/import/ba/ba892a36-6a3c-420b-aa0f-d3fe3d7bff24.json	/1/_name	LMSlots_Top	LMSlots_Top	cc.Node
assets/res/import/ba/ba892a36-6a3c-420b-aa0f-d3fe3d7bff24.json	/1/_name	LMSlots_Top		
assets/res/import/ba/ba892a36-6a3c-420b-aa0f-d3fe3d7bff24.json	/27/_name	download	download	cc.Node
assets/res/import/ba/ba892a36-6a3c-420b-aa0f-d3fe3d7bff24.json	/27/_name	download		
assets/res/import/ba/ba892a36-6a3c-420b-aa0f-d3fe3d7bff24.json	/29/_name	download_fail	download_fail	cc.Node
assets/res/import/ba/ba892a36-6a3c-420b-aa0f-d3fe3d7bff24.json	/29/_name	download_fail		
assets/res/import/ba/ba892a36-6a3c-420b-aa0f-d3fe3d7bff24.json	/41/_name	download	download	cc.Node
assets/res/import/ba/ba892a36-6a3c-420b-aa0f-d3fe3d7bff24.json	/41/_name	download		
assets/res/import/ba/ba892a36-6a3c-420b-aa0f-d3fe3d7bff24.json	/43/_name	download_fail	download_fail	cc.Node
assets/res/import/ba/ba892a36-6a3c-420b-aa0f-d3fe3d7bff24.json	/43/_name	download_fail		
assets/res/import/9a/9a4ac92d-fb6c-4e4f-94cf-100238e93f30.json	/content/name	fish_icon1		
assets/res/import/92/92728bc4-3bdb-427e-aa30-ee6299ecc4c9.json	/52/_name	lbl_reward	lbl_reward	cc.Node
assets/res/import/92/92728bc4-3bdb-427e-aa30-ee6299ecc4c9.json	/52/_name	lbl_reward		
assets/res/import/92/92728bc4-3bdb-427e-aa30-ee6299ecc4c9.json	/66/_name	download	download	cc.Node
assets/res/import/92/92728bc4-3bdb-427e-aa30-ee6299ecc4c9.json	/66/_name	download		
assets/res/import/92/92728bc4-3bdb-427e-aa30-ee6299ecc4c9.json	/68/_name	download_fail	download_fail	cc.Node
assets/res/import/92/92728bc4-3bdb-427e-aa30-ee6299ecc4c9.json	/68/_name	download_fail		
assets/res/import/22/22c20c95-d47e-45e6-8511-5e377c60b723.json	/13/_components/0/defaultAnimation	bonus		sp.Skeleton
assets/res/import/22/22c20c95-d47e-45e6-8511-5e377c60b723.json	/13/_components/0/_animationName	bonus		sp.Skeleton
assets/res/import/22/22c20c95-d47e-45e6-8511-5e377c60b723.json	/13/_components/0/defaultAnimation	bonus		
assets/res/import/22/22c20c95-d47e-45e6-8511-5e377c60b723.json	/13/_components/0/_animationName	bonus		
assets/res/import/22/22c20c95-d47e-45e6-8511-5e377c60b723.json	/14/_components/0/_string	Welcome Bonus		cc.Label
assets/res/import/22/22c20c95-d47e-45e6-8511-5e377c60b723.json	/14/_components/0/_N$string	Welcome Bonus		cc.Label
assets/res/import/22/22c20c95-d47e-45e6-8511-5e377c60b723.json	/14/_components/0/_string	Welcome Bonus		
assets/res/import/22/22c20c95-d47e-45e6-8511-5e377c60b723.json	/14/_components/0/_N$string	Welcome Bonus		
assets/res/import/22/22c20c95-d47e-45e6-8511-5e377c60b723.json	/14/_components/2/_srcKey	Welcome Bonus		aaffabCRcpLyqXd9ReiHVw6
assets/res/import/22/22c20c95-d47e-45e6-8511-5e377c60b723.json	/14/_components/2/_srcKey	Welcome Bonus		
assets/res/import/22/22c20c95-d47e-45e6-8511-5e377c60b723.json	/24/_prefab/fileId	bcupIZ36RMja6zKpXUaK+H		cc.PrefabInfo
assets/res/import/22/22c20c95-d47e-45e6-8511-5e377c60b723.json	/24/_prefab/fileId	bcupIZ36RMja6zKpXUaK+H		
assets/res/import/22/22c20c95-d47e-45e6-8511-5e377c60b723.json	/37/_name	download	download	cc.Node
assets/res/import/22/22c20c95-d47e-45e6-8511-5e377c60b723.json	/37/_name	download		
assets/res/import/22/22c20c95-d47e-45e6-8511-5e377c60b723.json	/39/_name	download_fail	download_fail	cc.Node
assets/res/import/22/22c20c95-d47e-45e6-8511-5e377c60b723.json	/39/_name	download_fail		
assets/res/import/22/22c20c95-d47e-45e6-8511-5e377c60b723.json	/40/_name	share_cash	share_cash	cc.Node
assets/res/import/22/22c20c95-d47e-45e6-8511-5e377c60b723.json	/40/_name	share_cash		
assets/res/import/22/22c20c95-d47e-45e6-8511-5e377c60b723.json	/41/_components/0/defaultAnimation	freecash		sp.Skeleton
assets/res/import/22/22c20c95-d47e-45e6-8511-5e377c60b723.json	/41/_components/0/_animationName	freecash		sp.Skeleton
assets/res/import/22/22c20c95-d47e-45e6-8511-5e377c60b723.json	/41/_components/0/defaultAnimation	freecash		
assets/res/import/22/22c20c95-d47e-45e6-8511-5e377c60b723.json	/41/_components/0/_animationName	freecash		
assets/res/import/22/22c20c95-d47e-45e6-8511-5e377c60b723.json	/42/_components/0/_string	Free Cash		cc.Label
assets/res/import/22/22c20c95-d47e-45e6-8511-5e377c60b723.json	/42/_components/0/_N$string	Free Cash		cc.Label
assets/res/import/22/22c20c95-d47e-45e6-8511-5e377c60b723.json	/42/_components/0/_string	Free Cash		
assets/res/import/22/22c20c95-d47e-45e6-8511-5e377c60b723.json	/42/_components/0/_N$string	Free Cash		
assets/res/import/22/22c20c95-d47e-45e6-8511-5e377c60b723.json	/42/_components/2/_srcKey	Free Cash		aaffabCRcpLyqXd9ReiHVw6
assets/res/import/22/22c20c95-d47e-45e6-8511-5e377c60b723.json	/42/_components/2/_srcKey	Free Cash		
assets/res/import/22/22c20c95-d47e-45e6-8511-5e377c60b723.json	/43/_components/0/key	localfreecash		ccdb17+ab5Gh7tJ8gpsiEkC
assets/res/import/22/22c20c95-d47e-45e6-8511-5e377c60b723.json	/43/_components/0/key	localfreecash		
assets/res/import/22/22c20c95-d47e-45e6-8511-5e377c60b723.json	/55/_name	download	download	cc.Node
assets/res/import/22/22c20c95-d47e-45e6-8511-5e377c60b723.json	/55/_name	download		
assets/res/import/22/22c20c95-d47e-45e6-8511-5e377c60b723.json	/57/_name	download_fail	download_fail	cc.Node
assets/res/import/22/22c20c95-d47e-45e6-8511-5e377c60b723.json	/57/_name	download_fail		
assets/res/import/22/22c20c95-d47e-45e6-8511-5e377c60b723.json	/58/_name	invite_bonus	invite_bonus	cc.Node
assets/res/import/22/22c20c95-d47e-45e6-8511-5e377c60b723.json	/58/_name	invite_bonus		
assets/res/import/22/22c20c95-d47e-45e6-8511-5e377c60b723.json	/59/_components/0/defaultAnimation	invite bonus		sp.Skeleton
assets/res/import/22/22c20c95-d47e-45e6-8511-5e377c60b723.json	/59/_components/0/_animationName	invite bonus		sp.Skeleton
assets/res/import/22/22c20c95-d47e-45e6-8511-5e377c60b723.json	/59/_components/0/defaultAnimation	invite bonus		
assets/res/import/22/22c20c95-d47e-45e6-8511-5e377c60b723.json	/59/_components/0/_animationName	invite bonus		
assets/res/import/22/22c20c95-d47e-45e6-8511-5e377c60b723.json	/60/_components/0/_string	Invite Reward Chest		cc.Label
assets/res/import/22/22c20c95-d47e-45e6-8511-5e377c60b723.json	/60/_components/0/_N$string	Invite Reward Chest		cc.Label
assets/res/import/22/22c20c95-d47e-45e6-8511-5e377c60b723.json	/60/_components/0/_string	Invite Reward Chest		
assets/res/import/22/22c20c95-d47e-45e6-8511-5e377c60b723.json	/60/_components/0/_N$string	Invite Reward Chest		
assets/res/import/22/22c20c95-d47e-45e6-8511-5e377c60b723.json	/60/_components/2/_srcKey	Invite Reward Chest		aaffabCRcpLyqXd9ReiHVw6
assets/res/import/22/22c20c95-d47e-45e6-8511-5e377c60b723.json	/60/_components/2/_srcKey	Invite Reward Chest		
assets/res/import/22/22c20c95-d47e-45e6-8511-5e377c60b723.json	/61/_components/0/key	share_bonus		ccdb17+ab5Gh7tJ8gpsiEkC
assets/res/import/22/22c20c95-d47e-45e6-8511-5e377c60b723.json	/61/_components/0/key	share_bonus		
assets/res/import/22/22c20c95-d47e-45e6-8511-5e377c60b723.json	/73/_name	download	download	cc.Node
assets/res/import/22/22c20c95-d47e-45e6-8511-5e377c60b723.json	/73/_name	download		
assets/res/import/22/22c20c95-d47e-45e6-8511-5e377c60b723.json	/75/_name	download_fail	download_fail	cc.Node
assets/res/import/22/22c20c95-d47e-45e6-8511-5e377c60b723.json	/75/_name	download_fail		
assets/res/import/22/22c20c95-d47e-45e6-8511-5e377c60b723.json	/91/_name	download	download	cc.Node
assets/res/import/22/22c20c95-d47e-45e6-8511-5e377c60b723.json	/91/_name	download		
assets/res/import/22/22c20c95-d47e-45e6-8511-5e377c60b723.json	/93/_name	download_fail	download_fail	cc.Node
assets/res/import/22/22c20c95-d47e-45e6-8511-5e377c60b723.json	/93/_name	download_fail		
assets/res/import/22/22c20c95-d47e-45e6-8511-5e377c60b723.json	/97/_components/0/key	lb_reward,lb_once		ccdb17+ab5Gh7tJ8gpsiEkC
assets/res/import/22/22c20c95-d47e-45e6-8511-5e377c60b723.json	/97/_components/0/key	lb_reward,lb_once		
assets/res/import/22/22c20c95-d47e-45e6-8511-5e377c60b723.json	/109/_name	download	download	cc.Node
assets/res/import/22/22c20c95-d47e-45e6-8511-5e377c60b723.json	/109/_name	download		
assets/res/import/22/22c20c95-d47e-45e6-8511-5e377c60b723.json	/111/_name	download_fail	download_fail	cc.Node
assets/res/import/22/22c20c95-d47e-45e6-8511-5e377c60b723.json	/111/_name	download_fail		
assets/res/import/22/22c20c95-d47e-45e6-8511-5e377c60b723.json	/112/_components/1/path	YD_Pro/prefab/yd_service		5d3dd3JP59CD5GqmRzYtD19
assets/res/import/22/22c20c95-d47e-45e6-8511-5e377c60b723.json	/112/_components/1/path	YD_Pro/prefab/yd_service		
assets/res/import/22/22c20c95-d47e-45e6-8511-5e377c60b723.json	/118/_components/0/key	vipbonus		ccdb17+ab5Gh7tJ8gpsiEkC
assets/res/import/22/22c20c95-d47e-45e6-8511-5e377c60b723.json	/118/_components/0/key	vipbonus		
assets/res/import/22/22c20c95-d47e-45e6-8511-5e377c60b723.json	/130/_name	download	download	cc.Node
assets/res/import/22/22c20c95-d47e-45e6-8511-5e377c60b723.json	/130/_name	download		
assets/res/import/22/22c20c95-d47e-45e6-8511-5e377c60b723.json	/132/_name	download_fail	download_fail	cc.Node
assets/res/import/22/22c20c95-d47e-45e6-8511-5e377c60b723.json	/132/_name	download_fail		
assets/res/import/22/22c20c95-d47e-45e6-8511-5e377c60b723.json	/133/_name	btn_rewardstoday	btn_rewardstoday	cc.Node
assets/res/import/22/22c20c95-d47e-45e6-8511-5e377c60b723.json	/133/_name	btn_rewardstoday		
assets/res/import/22/22c20c95-d47e-45e6-8511-5e377c60b723.json	/134/_components/0/defaultAnimation	rewards		sp.Skeleton
assets/res/import/22/22c20c95-d47e-45e6-8511-5e377c60b723.json	/134/_components/0/_animationName	rewards		sp.Skeleton
assets/res/import/22/22c20c95-d47e-45e6-8511-5e377c60b723.json	/134/_components/0/defaultAnimation	rewards		
assets/res/import/22/22c20c95-d47e-45e6-8511-5e377c60b723.json	/134/_components/0/_animationName	rewards		
assets/res/import/22/22c20c95-d47e-45e6-8511-5e377c60b723.json	/135/_components/0/_string	Rewards Today		cc.Label
assets/res/import/22/22c20c95-d47e-45e6-8511-5e377c60b723.json	/135/_components/0/_N$string	Rewards Today		cc.Label
assets/res/import/22/22c20c95-d47e-45e6-8511-5e377c60b723.json	/135/_components/0/_string	Rewards Today		
assets/res/import/22/22c20c95-d47e-45e6-8511-5e377c60b723.json	/135/_components/0/_N$string	Rewards Today		
assets/res/import/22/22c20c95-d47e-45e6-8511-5e377c60b723.json	/135/_components/2/_srcKey	Rewards Today		aaffabCRcpLyqXd9ReiHVw6
assets/res/import/22/22c20c95-d47e-45e6-8511-5e377c60b723.json	/135/_components/2/_srcKey	Rewards Today		
assets/res/import/22/22c20c95-d47e-45e6-8511-5e377c60b723.json	/136/_components/0/key	vipbonus,rakeback,mail_coin,return_rewards		ccdb17+ab5Gh7tJ8gpsiEkC
assets/res/import/22/22c20c95-d47e-45e6-8511-5e377c60b723.json	/136/_components/0/key	vipbonus,rakeback,mail_coin,return_rewards		
assets/res/import/22/22c20c95-d47e-45e6-8511-5e377c60b723.json	/148/_name	download	download	cc.Node
assets/res/import/22/22c20c95-d47e-45e6-8511-5e377c60b723.json	/148/_name	download		
assets/res/import/22/22c20c95-d47e-45e6-8511-5e377c60b723.json	/150/_name	download_fail	download_fail	cc.Node
assets/res/import/22/22c20c95-d47e-45e6-8511-5e377c60b723.json	/150/_name	download_fail		
assets/res/import/22/22c20c95-d47e-45e6-8511-5e377c60b723.json	/166/_name	download	download	cc.Node
assets/res/import/22/22c20c95-d47e-45e6-8511-5e377c60b723.json	/166/_name	download		
assets/res/import/22/22c20c95-d47e-45e6-8511-5e377c60b723.json	/168/_name	download_fail	download_fail	cc.Node
assets/res/import/22/22c20c95-d47e-45e6-8511-5e377c60b723.json	/168/_name	download_fail		
assets/res/import/22/22c20c95-d47e-45e6-8511-5e377c60b723.json	/169/_name	btn_promo	btn_promo	cc.Node
assets/res/import/22/22c20c95-d47e-45e6-8511-5e377c60b723.json	/169/_name	btn_promo		
assets/res/import/22/22c20c95-d47e-45e6-8511-5e377c60b723.json	/172/_components/0/_string	Promo code		cc.Label
assets/res/import/22/22c20c95-d47e-45e6-8511-5e377c60b723.json	/172/_components/0/_N$string	Promo code		cc.Label
assets/res/import/22/22c20c95-d47e-45e6-8511-5e377c60b723.json	/172/_components/0/_string	Promo code		
assets/res/import/22/22c20c95-d47e-45e6-8511-5e377c60b723.json	/172/_components/0/_N$string	Promo code		
assets/res/import/22/22c20c95-d47e-45e6-8511-5e377c60b723.json	/172/_components/2/_srcKey	Promo code		aaffabCRcpLyqXd9ReiHVw6
assets/res/import/22/22c20c95-d47e-45e6-8511-5e377c60b723.json	/172/_components/2/_srcKey	Promo code		
assets/res/import/22/22c20c95-d47e-45e6-8511-5e377c60b723.json	/173/_components/0/key	promocode_red		ccdb17+ab5Gh7tJ8gpsiEkC
assets/res/import/22/22c20c95-d47e-45e6-8511-5e377c60b723.json	/173/_components/0/key	promocode_red		
assets/res/import/22/22c20c95-d47e-45e6-8511-5e377c60b723.json	/188/_name	download	download	cc.Node
assets/res/import/22/22c20c95-d47e-45e6-8511-5e377c60b723.json	/188/_name	download		
assets/res/import/22/22c20c95-d47e-45e6-8511-5e377c60b723.json	/190/_name	download_fail	download_fail	cc.Node
assets/res/import/22/22c20c95-d47e-45e6-8511-5e377c60b723.json	/190/_name	download_fail		
assets/res/import/22/22c20c95-d47e-45e6-8511-5e377c60b723.json	/202/_name	download	download	cc.Node
assets/res/import/22/22c20c95-d47e-45e6-8511-5e377c60b723.json	/202/_name	download		
assets/res/import/22/22c20c95-d47e-45e6-8511-5e377c60b723.json	/204/_name	download_fail	download_fail	cc.Node
assets/res/import/22/22c20c95-d47e-45e6-8511-5e377c60b723.json	/204/_name	download_fail		
assets/res/import/22/22c20c95-d47e-45e6-8511-5e377c60b723.json	/208/_components/0/key	lb_reward,vipbonus,rakeback,mail_coin,localbuycard,notice,promocode_red,return_rewards,share_bonus,localredpack		ccdb17+ab5Gh7tJ8gpsiEkC
assets/res/import/22/22c20c95-d47e-45e6-8511-5e377c60b723.json	/208/_components/0/key	lb_reward,vipbonus,rakeback,mail_coin,localbuycard,notice,promocode_red,return_rewards,share_bonus,localredpack		
assets/res/import/4b/4b07146a-40f1-4f5d-9680-c95df995167a.json	/0/_name	RewardItem	RewardItem	cc.Prefab
assets/res/import/4b/4b07146a-40f1-4f5d-9680-c95df995167a.json	/0/_name	RewardItem		
assets/res/import/4b/4b07146a-40f1-4f5d-9680-c95df995167a.json	/1/_name	RewardItem	RewardItem	cc.Node
assets/res/import/4b/4b07146a-40f1-4f5d-9680-c95df995167a.json	/1/_name	RewardItem		
assets/res/import/a8/a8d54e5c-fa19-4051-8142-dce9258408cb.json	/39/_components/0/_string	Total Cash Balance		cc.Label
assets/res/import/a8/a8d54e5c-fa19-4051-8142-dce9258408cb.json	/39/_components/0/_N$string	Total Cash Balance		cc.Label
assets/res/import/a8/a8d54e5c-fa19-4051-8142-dce9258408cb.json	/39/_components/0/_string	Total Cash Balance		
assets/res/import/a8/a8d54e5c-fa19-4051-8142-dce9258408cb.json	/39/_components/0/_N$string	Total Cash Balance		
assets/res/import/a8/a8d54e5c-fa19-4051-8142-dce9258408cb.json	/39/_components/2/_srcKey	Total Cash Balance		aaffabCRcpLyqXd9ReiHVw6
assets/res/import/a8/a8d54e5c-fa19-4051-8142-dce9258408cb.json	/39/_components/2/_srcKey	Total Cash Balance		
assets/res/import/a8/a8d54e5c-fa19-4051-8142-dce9258408cb.json	/40/_components/0/_string	Total Cash Bonus		cc.Label
assets/res/import/a8/a8d54e5c-fa19-4051-8142-dce9258408cb.json	/40/_components/0/_N$string	Total Cash Bonus		cc.Label
assets/res/import/a8/a8d54e5c-fa19-4051-8142-dce9258408cb.json	/40/_components/0/_string	Total Cash Bonus		
assets/res/import/a8/a8d54e5c-fa19-4051-8142-dce9258408cb.json	/40/_components/0/_N$string	Total Cash Bonus		
assets/res/import/a8/a8d54e5c-fa19-4051-8142-dce9258408cb.json	/40/_components/2/_srcKey	Total Cash Bonus		aaffabCRcpLyqXd9ReiHVw6
assets/res/import/a8/a8d54e5c-fa19-4051-8142-dce9258408cb.json	/40/_components/2/_srcKey	Total Cash Bonus		
assets/res/import/30/30c2f456-e00d-49f4-aa38-57c1f1695f0f.json	/content/name	bank_card		
assets/res/import/be/be16c35d-6617-4b07-92b6-8fa1781bb6e8.json	/28/_components/0/_string	Reward		cc.Label
assets/res/import/be/be16c35d-6617-4b07-92b6-8fa1781bb6e8.json	/28/_components/0/_N$string	Reward		cc.Label
assets/res/import/be/be16c35d-6617-4b07-92b6-8fa1781bb6e8.json	/28/_components/0/_string	Reward		
assets/res/import/be/be16c35d-6617-4b07-92b6-8fa1781bb6e8.json	/28/_components/0/_N$string	Reward		
assets/res/import/be/be16c35d-6617-4b07-92b6-8fa1781bb6e8.json	/28/_components/1/_srcKey	Reward		aaffabCRcpLyqXd9ReiHVw6
assets/res/import/be/be16c35d-6617-4b07-92b6-8fa1781bb6e8.json	/28/_components/1/_srcKey	Reward		
assets/res/import/be/be16c35d-6617-4b07-92b6-8fa1781bb6e8.json	/61/_components/0/_string	The daily betting cash back are distributed every day at 12:00 AM		cc.Label
assets/res/import/be/be16c35d-6617-4b07-92b6-8fa1781bb6e8.json	/61/_components/0/_N$string	The daily betting cash back are distributed every day at 12:00 AM		cc.Label
assets/res/import/be/be16c35d-6617-4b07-92b6-8fa1781bb6e8.json	/61/_components/0/_string	The daily betting cash back are distributed every day at 12:00 AM		
assets/res/import/be/be16c35d-6617-4b07-92b6-8fa1781bb6e8.json	/61/_components/0/_N$string	The daily betting cash back are distributed every day at 12:00 AM		
assets/res/import/be/be16c35d-6617-4b07-92b6-8fa1781bb6e8.json	/61/_components/2/_srcKey	The daily betting cash back are distributed every day at 12:00 AM		aaffabCRcpLyqXd9ReiHVw6
assets/res/import/be/be16c35d-6617-4b07-92b6-8fa1781bb6e8.json	/61/_components/2/_srcKey	The daily betting cash back are distributed every day at 12:00 AM		
assets/res/import/51/51a30f70-992b-40f0-8628-3a65bd838ee4.json	/4/_components/0/_string	Withdraw to USDT		cc.Label
assets/res/import/51/51a30f70-992b-40f0-8628-3a65bd838ee4.json	/4/_components/0/_N$string	Withdraw to USDT		cc.Label
assets/res/import/51/51a30f70-992b-40f0-8628-3a65bd838ee4.json	/4/_components/0/_string	Withdraw to USDT		
assets/res/import/51/51a30f70-992b-40f0-8628-3a65bd838ee4.json	/4/_components/0/_N$string	Withdraw to USDT		
assets/res/import/51/51a30f70-992b-40f0-8628-3a65bd838ee4.json	/4/_components/1/_srcKey	Withdraw to USDT		aaffabCRcpLyqXd9ReiHVw6
assets/res/import/51/51a30f70-992b-40f0-8628-3a65bd838ee4.json	/4/_components/1/_srcKey	Withdraw to USDT		
assets/res/import/51/51a30f70-992b-40f0-8628-3a65bd838ee4.json	/12/_components/0/_string	Withdrawable Balance		cc.Label
assets/res/import/51/51a30f70-992b-40f0-8628-3a65bd838ee4.json	/12/_components/0/_N$string	Withdrawable Balance		cc.Label
assets/res/import/51/51a30f70-992b-40f0-8628-3a65bd838ee4.json	/12/_components/0/_string	Withdrawable Balance		
assets/res/import/51/51a30f70-992b-40f0-8628-3a65bd838ee4.json	/12/_components/0/_N$string	Withdrawable Balance		
assets/res/import/51/51a30f70-992b-40f0-8628-3a65bd838ee4.json	/12/_components/1/_srcKey	Withdrawable Balance		aaffabCRcpLyqXd9ReiHVw6
assets/res/import/51/51a30f70-992b-40f0-8628-3a65bd838ee4.json	/12/_components/1/_srcKey	Withdrawable Balance		
assets/res/import/51/51a30f70-992b-40f0-8628-3a65bd838ee4.json	/17/_components/0/_string	Add a new USDT address to withdraw to.		cc.Label
assets/res/import/51/51a30f70-992b-40f0-8628-3a65bd838ee4.json	/17/_components/0/_N$string	Add a new USDT address to withdraw to.		cc.Label
assets/res/import/51/51a30f70-992b-40f0-8628-3a65bd838ee4.json	/17/_components/0/_string	Add a new USDT address to withdraw to.		
assets/res/import/51/51a30f70-992b-40f0-8628-3a65bd838ee4.json	/17/_components/0/_N$string	Add a new USDT address to withdraw to.		
assets/res/import/51/51a30f70-992b-40f0-8628-3a65bd838ee4.json	/17/_components/1/_srcKey	Add a new USDT address to withdraw to.		aaffabCRcpLyqXd9ReiHVw6
assets/res/import/51/51a30f70-992b-40f0-8628-3a65bd838ee4.json	/17/_components/1/_srcKey	Add a new USDT address to withdraw to.		
assets/res/import/51/51a30f70-992b-40f0-8628-3a65bd838ee4.json	/25/_components/0/_string	Add a new USDT address to withdraw to.		cc.Label
assets/res/import/51/51a30f70-992b-40f0-8628-3a65bd838ee4.json	/25/_components/0/_N$string	Add a new USDT address to withdraw to.		cc.Label
assets/res/import/51/51a30f70-992b-40f0-8628-3a65bd838ee4.json	/25/_components/0/_string	Add a new USDT address to withdraw to.		
assets/res/import/51/51a30f70-992b-40f0-8628-3a65bd838ee4.json	/25/_components/0/_N$string	Add a new USDT address to withdraw to.		
assets/res/import/51/51a30f70-992b-40f0-8628-3a65bd838ee4.json	/25/_components/1/_srcKey	Add a new USDT address to withdraw to.		aaffabCRcpLyqXd9ReiHVw6
assets/res/import/51/51a30f70-992b-40f0-8628-3a65bd838ee4.json	/25/_components/1/_srcKey	Add a new USDT address to withdraw to.		
assets/res/import/51/51a30f70-992b-40f0-8628-3a65bd838ee4.json	/29/_name	withdraw_item_bg	withdraw_item_bg	cc.Node
assets/res/import/51/51a30f70-992b-40f0-8628-3a65bd838ee4.json	/29/_name	withdraw_item_bg		
assets/res/import/51/51a30f70-992b-40f0-8628-3a65bd838ee4.json	/30/_components/0/_string	Withdrawal Amount		cc.Label
assets/res/import/51/51a30f70-992b-40f0-8628-3a65bd838ee4.json	/30/_components/0/_N$string	Withdrawal Amount		cc.Label
assets/res/import/51/51a30f70-992b-40f0-8628-3a65bd838ee4.json	/30/_components/0/_string	Withdrawal Amount		
assets/res/import/51/51a30f70-992b-40f0-8628-3a65bd838ee4.json	/30/_components/0/_N$string	Withdrawal Amount		
assets/res/import/51/51a30f70-992b-40f0-8628-3a65bd838ee4.json	/30/_components/1/_srcKey	Withdrawal Amount		aaffabCRcpLyqXd9ReiHVw6
assets/res/import/51/51a30f70-992b-40f0-8628-3a65bd838ee4.json	/30/_components/1/_srcKey	Withdrawal Amount		
assets/res/import/51/51a30f70-992b-40f0-8628-3a65bd838ee4.json	/38/_components/0/_string	withdraw_hinit		cc.Label
assets/res/import/51/51a30f70-992b-40f0-8628-3a65bd838ee4.json	/38/_components/0/_N$string	withdraw_hinit		cc.Label
assets/res/import/51/51a30f70-992b-40f0-8628-3a65bd838ee4.json	/38/_components/0/_string	withdraw_hinit		
assets/res/import/51/51a30f70-992b-40f0-8628-3a65bd838ee4.json	/38/_components/0/_N$string	withdraw_hinit		
assets/res/import/51/51a30f70-992b-40f0-8628-3a65bd838ee4.json	/38/_components/1/_srcKey	withdraw_hinit		aaffabCRcpLyqXd9ReiHVw6
assets/res/import/51/51a30f70-992b-40f0-8628-3a65bd838ee4.json	/38/_components/1/_srcKey	withdraw_hinit		
assets/res/import/51/51a30f70-992b-40f0-8628-3a65bd838ee4.json	/58/_components/0/_string	Withdraw Now		cc.Label
assets/res/import/51/51a30f70-992b-40f0-8628-3a65bd838ee4.json	/58/_components/0/_N$string	Withdraw Now		cc.Label
assets/res/import/51/51a30f70-992b-40f0-8628-3a65bd838ee4.json	/58/_components/0/_string	Withdraw Now		
assets/res/import/51/51a30f70-992b-40f0-8628-3a65bd838ee4.json	/58/_components/0/_N$string	Withdraw Now		
assets/res/import/51/51a30f70-992b-40f0-8628-3a65bd838ee4.json	/58/_components/1/_srcKey	Withdraw Now		aaffabCRcpLyqXd9ReiHVw6
assets/res/import/51/51a30f70-992b-40f0-8628-3a65bd838ee4.json	/58/_components/1/_srcKey	Withdraw Now		
assets/res/import/51/51a30f70-992b-40f0-8628-3a65bd838ee4.json	/62/_components/0/_string	Online customer service		cc.Label
assets/res/import/51/51a30f70-992b-40f0-8628-3a65bd838ee4.json	/62/_components/0/_N$string	Online customer service		cc.Label
assets/res/import/51/51a30f70-992b-40f0-8628-3a65bd838ee4.json	/62/_components/0/_string	Online customer service		
assets/res/import/51/51a30f70-992b-40f0-8628-3a65bd838ee4.json	/62/_components/0/_N$string	Online customer service		
assets/res/import/51/51a30f70-992b-40f0-8628-3a65bd838ee4.json	/67/_components/0/_string	Online customer service		cc.Label
assets/res/import/51/51a30f70-992b-40f0-8628-3a65bd838ee4.json	/67/_components/0/_N$string	Online customer service		cc.Label
assets/res/import/51/51a30f70-992b-40f0-8628-3a65bd838ee4.json	/67/_components/0/_string	Online customer service		
assets/res/import/51/51a30f70-992b-40f0-8628-3a65bd838ee4.json	/67/_components/0/_N$string	Online customer service		
assets/res/import/51/51a30f70-992b-40f0-8628-3a65bd838ee4.json	/110/_name	btn_deposit	btn_deposit	cc.Node
assets/res/import/51/51a30f70-992b-40f0-8628-3a65bd838ee4.json	/110/_name	btn_deposit		
assets/res/import/71/7103c315-31dc-41aa-b0e2-10e9be39c77e.json	/content/name	Game-Bonus		
assets/res/import/63/6341f789-0c23-44e7-b812-4619daabaf00.json	/content/name	Slots		
assets/res/import/c4/c49bc110-3be1-4aad-b0f3-ad8c38c6c645.json	/content/name	bank		
assets/res/import/47/47ba87e6-80ef-4e98-919c-5047aa13e9d2.json	/0/_name	LMSlots_PrizePool_1	LMSlots_PrizePool_1	cc.Prefab
assets/res/import/47/47ba87e6-80ef-4e98-919c-5047aa13e9d2.json	/0/_name	LMSlots_PrizePool_1		
assets/res/import/47/47ba87e6-80ef-4e98-919c-5047aa13e9d2.json	/1/_name	LMSlots_PrizePool_1	LMSlots_PrizePool_1	cc.Node
assets/res/import/47/47ba87e6-80ef-4e98-919c-5047aa13e9d2.json	/1/_name	LMSlots_PrizePool_1		
assets/res/import/99/992e2c6f-4201-47cf-8ade-5d7338a520e8.json	/content/name	icon_deposit		
assets/res/import/7f/7f8381b6-7fa5-4945-b9c1-92adfc99fde2.json	/0/_name	promo_success	promo_success	cc.Prefab
assets/res/import/7f/7f8381b6-7fa5-4945-b9c1-92adfc99fde2.json	/0/_name	promo_success		
assets/res/import/7f/7f8381b6-7fa5-4945-b9c1-92adfc99fde2.json	/1/_name	promo_success	promo_success	cc.Node
assets/res/import/7f/7f8381b6-7fa5-4945-b9c1-92adfc99fde2.json	/1/_name	promo_success		
assets/res/import/e9/e93b1024-6b2d-4dba-b43d-9767e4d7ece0.json	/content/name	paytable_footer01		
assets/res/import/9f/9f8ce375-f903-4b19-83ee-16c270e083ec.json	/0/_name	PopupResponsible	PopupResponsible	cc.Prefab
assets/res/import/9f/9f8ce375-f903-4b19-83ee-16c270e083ec.json	/0/_name	PopupResponsible		
assets/res/import/9f/9f8ce375-f903-4b19-83ee-16c270e083ec.json	/1/_name	PopupResponsible	PopupResponsible	cc.Node
assets/res/import/9f/9f8ce375-f903-4b19-83ee-16c270e083ec.json	/1/_name	PopupResponsible		
assets/res/import/9f/9f8ce375-f903-4b19-83ee-16c270e083ec.json	/1/_components/1/abs_url/0	ResponsibleGaming/2_01.png		
assets/res/import/9f/9f8ce375-f903-4b19-83ee-16c270e083ec.json	/1/_components/1/abs_url/1	ResponsibleGaming/2_02.png		
assets/res/import/9f/9f8ce375-f903-4b19-83ee-16c270e083ec.json	/5/_components/0/_string	Responsible Gaming		cc.Label
assets/res/import/9f/9f8ce375-f903-4b19-83ee-16c270e083ec.json	/5/_components/0/_N$string	Responsible Gaming		cc.Label
assets/res/import/9f/9f8ce375-f903-4b19-83ee-16c270e083ec.json	/5/_components/0/_string	Responsible Gaming		
assets/res/import/9f/9f8ce375-f903-4b19-83ee-16c270e083ec.json	/5/_components/0/_N$string	Responsible Gaming		
assets/res/import/9d/9de5d0ce-b7eb-4b3b-9333-906c8007c0cd.json	/content/name	m_rewards_1		
assets/res/import/36/3618b04e-9cb7-45c6-86ec-4d07577110eb.json	/_name	bonus.plist	bonus.plist	cc.SpriteAtlas
assets/res/import/36/3618b04e-9cb7-45c6-86ec-4d07577110eb.json	/_name	bonus.plist		
assets/res/import/9c/9c38bf7f-1174-4be9-903f-a4241f8e138e.json	/0/_name	node_upi	node_upi	cc.Prefab
assets/res/import/9c/9c38bf7f-1174-4be9-903f-a4241f8e138e.json	/0/_name	node_upi		
assets/res/import/9c/9c38bf7f-1174-4be9-903f-a4241f8e138e.json	/1/_name	node_upi	node_upi	cc.Node
assets/res/import/9c/9c38bf7f-1174-4be9-903f-a4241f8e138e.json	/1/_name	node_upi		
assets/res/import/9c/9c38bf7f-1174-4be9-903f-a4241f8e138e.json	/4/_components/0/_string	Withdraw to UPI		cc.Label
assets/res/import/9c/9c38bf7f-1174-4be9-903f-a4241f8e138e.json	/4/_components/0/_N$string	Withdraw to UPI		cc.Label
assets/res/import/9c/9c38bf7f-1174-4be9-903f-a4241f8e138e.json	/4/_components/0/_string	Withdraw to UPI		
assets/res/import/9c/9c38bf7f-1174-4be9-903f-a4241f8e138e.json	/4/_components/0/_N$string	Withdraw to UPI		
assets/res/import/9c/9c38bf7f-1174-4be9-903f-a4241f8e138e.json	/4/_components/1/_srcKey	Withdraw to UPI		aaffabCRcpLyqXd9ReiHVw6
assets/res/import/9c/9c38bf7f-1174-4be9-903f-a4241f8e138e.json	/4/_components/1/_srcKey	Withdraw to UPI		
assets/res/import/9c/9c38bf7f-1174-4be9-903f-a4241f8e138e.json	/12/_components/0/_string	Withdrawable Balance		cc.Label
assets/res/import/9c/9c38bf7f-1174-4be9-903f-a4241f8e138e.json	/12/_components/0/_N$string	Withdrawable Balance		cc.Label
assets/res/import/9c/9c38bf7f-1174-4be9-903f-a4241f8e138e.json	/12/_components/0/_string	Withdrawable Balance		
assets/res/import/9c/9c38bf7f-1174-4be9-903f-a4241f8e138e.json	/12/_components/0/_N$string	Withdrawable Balance		
assets/res/import/9c/9c38bf7f-1174-4be9-903f-a4241f8e138e.json	/12/_components/1/_srcKey	Withdrawable Balance		aaffabCRcpLyqXd9ReiHVw6
assets/res/import/9c/9c38bf7f-1174-4be9-903f-a4241f8e138e.json	/12/_components/1/_srcKey	Withdrawable Balance		
assets/res/import/9c/9c38bf7f-1174-4be9-903f-a4241f8e138e.json	/17/_components/0/_string	Add a new UPI ID to withdraw to.		cc.Label
assets/res/import/9c/9c38bf7f-1174-4be9-903f-a4241f8e138e.json	/17/_components/0/_N$string	Add a new UPI ID to withdraw to.		cc.Label
assets/res/import/9c/9c38bf7f-1174-4be9-903f-a4241f8e138e.json	/17/_components/0/_string	Add a new UPI ID to withdraw to.		
assets/res/import/9c/9c38bf7f-1174-4be9-903f-a4241f8e138e.json	/17/_components/0/_N$string	Add a new UPI ID to withdraw to.		
assets/res/import/9c/9c38bf7f-1174-4be9-903f-a4241f8e138e.json	/17/_components/1/_srcKey	Add a new UPI ID to withdraw to.		aaffabCRcpLyqXd9ReiHVw6
assets/res/import/9c/9c38bf7f-1174-4be9-903f-a4241f8e138e.json	/17/_components/1/_srcKey	Add a new UPI ID to withdraw to.		
assets/res/import/9c/9c38bf7f-1174-4be9-903f-a4241f8e138e.json	/18/_components/0/_string	Add New UPI ID		cc.Label
assets/res/import/9c/9c38bf7f-1174-4be9-903f-a4241f8e138e.json	/18/_components/0/_N$string	Add New UPI ID		cc.Label
assets/res/import/9c/9c38bf7f-1174-4be9-903f-a4241f8e138e.json	/18/_components/0/_string	Add New UPI ID		
assets/res/import/9c/9c38bf7f-1174-4be9-903f-a4241f8e138e.json	/18/_components/0/_N$string	Add New UPI ID		
assets/res/import/9c/9c38bf7f-1174-4be9-903f-a4241f8e138e.json	/18/_components/1/_srcKey	Add New UPI ID		aaffabCRcpLyqXd9ReiHVw6
assets/res/import/9c/9c38bf7f-1174-4be9-903f-a4241f8e138e.json	/18/_components/1/_srcKey	Add New UPI ID		
assets/res/import/9c/9c38bf7f-1174-4be9-903f-a4241f8e138e.json	/25/_components/0/_string	Add a new USDT address to withdraw to.		cc.Label
assets/res/import/9c/9c38bf7f-1174-4be9-903f-a4241f8e138e.json	/25/_components/0/_N$string	Add a new USDT address to withdraw to.		cc.Label
assets/res/import/9c/9c38bf7f-1174-4be9-903f-a4241f8e138e.json	/25/_components/0/_string	Add a new USDT address to withdraw to.		
assets/res/import/9c/9c38bf7f-1174-4be9-903f-a4241f8e138e.json	/25/_components/0/_N$string	Add a new USDT address to withdraw to.		
assets/res/import/9c/9c38bf7f-1174-4be9-903f-a4241f8e138e.json	/25/_components/1/_srcKey	Add a new USDT address to withdraw to.		aaffabCRcpLyqXd9ReiHVw6
assets/res/import/9c/9c38bf7f-1174-4be9-903f-a4241f8e138e.json	/25/_components/1/_srcKey	Add a new USDT address to withdraw to.		
assets/res/import/9c/9c38bf7f-1174-4be9-903f-a4241f8e138e.json	/29/_name	withdraw_item_bg	withdraw_item_bg	cc.Node
assets/res/import/9c/9c38bf7f-1174-4be9-903f-a4241f8e138e.json	/29/_name	withdraw_item_bg		
assets/res/import/9c/9c38bf7f-1174-4be9-903f-a4241f8e138e.json	/30/_components/0/_string	Withdrawal Amount		cc.Label
assets/res/import/9c/9c38bf7f-1174-4be9-903f-a4241f8e138e.json	/30/_components/0/_N$string	Withdrawal Amount		cc.Label
assets/res/import/9c/9c38bf7f-1174-4be9-903f-a4241f8e138e.json	/30/_components/0/_string	Withdrawal Amount		
assets/res/import/9c/9c38bf7f-1174-4be9-903f-a4241f8e138e.json	/30/_components/0/_N$string	Withdrawal Amount		
assets/res/import/9c/9c38bf7f-1174-4be9-903f-a4241f8e138e.json	/30/_components/1/_srcKey	Withdrawal Amount		aaffabCRcpLyqXd9ReiHVw6
assets/res/import/9c/9c38bf7f-1174-4be9-903f-a4241f8e138e.json	/30/_components/1/_srcKey	Withdrawal Amount		
assets/res/import/9c/9c38bf7f-1174-4be9-903f-a4241f8e138e.json	/38/_components/0/_string	withdraw_hinit		cc.Label
assets/res/import/9c/9c38bf7f-1174-4be9-903f-a4241f8e138e.json	/38/_components/0/_N$string	withdraw_hinit		cc.Label
assets/res/import/9c/9c38bf7f-1174-4be9-903f-a4241f8e138e.json	/38/_components/0/_string	withdraw_hinit		
assets/res/import/9c/9c38bf7f-1174-4be9-903f-a4241f8e138e.json	/38/_components/0/_N$string	withdraw_hinit		
assets/res/import/9c/9c38bf7f-1174-4be9-903f-a4241f8e138e.json	/38/_components/1/_srcKey	withdraw_hinit		aaffabCRcpLyqXd9ReiHVw6
assets/res/import/9c/9c38bf7f-1174-4be9-903f-a4241f8e138e.json	/38/_components/1/_srcKey	withdraw_hinit		
assets/res/import/9c/9c38bf7f-1174-4be9-903f-a4241f8e138e.json	/58/_components/0/_string	Withdraw Now		cc.Label
assets/res/import/9c/9c38bf7f-1174-4be9-903f-a4241f8e138e.json	/58/_components/0/_N$string	Withdraw Now		cc.Label
assets/res/import/9c/9c38bf7f-1174-4be9-903f-a4241f8e138e.json	/58/_components/0/_string	Withdraw Now		
assets/res/import/9c/9c38bf7f-1174-4be9-903f-a4241f8e138e.json	/58/_components/0/_N$string	Withdraw Now		
assets/res/import/9c/9c38bf7f-1174-4be9-903f-a4241f8e138e.json	/58/_components/1/_srcKey	Withdraw Now		aaffabCRcpLyqXd9ReiHVw6
assets/res/import/9c/9c38bf7f-1174-4be9-903f-a4241f8e138e.json	/58/_components/1/_srcKey	Withdraw Now		
assets/res/import/9c/9c38bf7f-1174-4be9-903f-a4241f8e138e.json	/62/_components/0/_string	Online customer service		cc.Label
assets/res/import/9c/9c38bf7f-1174-4be9-903f-a4241f8e138e.json	/62/_components/0/_N$string	Online customer service		cc.Label
assets/res/import/9c/9c38bf7f-1174-4be9-903f-a4241f8e138e.json	/62/_components/0/_string	Online customer service		
assets/res/import/9c/9c38bf7f-1174-4be9-903f-a4241f8e138e.json	/62/_components/0/_N$string	Online customer service		
assets/res/import/9c/9c38bf7f-1174-4be9-903f-a4241f8e138e.json	/67/_components/0/_string	Online customer service		cc.Label
assets/res/import/9c/9c38bf7f-1174-4be9-903f-a4241f8e138e.json	/67/_components/0/_N$string	Online customer service		cc.Label
assets/res/import/9c/9c38bf7f-1174-4be9-903f-a4241f8e138e.json	/67/_components/0/_string	Online customer service		
assets/res/import/9c/9c38bf7f-1174-4be9-903f-a4241f8e138e.json	/67/_components/0/_N$string	Online customer service		
assets/res/import/9c/9c38bf7f-1174-4be9-903f-a4241f8e138e.json	/70/_prefab/fileId	9cma+uBThBUpIlN7vPCkNn		cc.PrefabInfo
assets/res/import/9c/9c38bf7f-1174-4be9-903f-a4241f8e138e.json	/70/_prefab/fileId	9cma+uBThBUpIlN7vPCkNn		
assets/res/import/9c/9c38bf7f-1174-4be9-903f-a4241f8e138e.json	/80/_components/0/_string	withdraw_hint_1		cc.Label
assets/res/import/9c/9c38bf7f-1174-4be9-903f-a4241f8e138e.json	/80/_components/0/_N$string	withdraw_hint_1		cc.Label
assets/res/import/9c/9c38bf7f-1174-4be9-903f-a4241f8e138e.json	/80/_components/0/_string	withdraw_hint_1		
assets/res/import/9c/9c38bf7f-1174-4be9-903f-a4241f8e138e.json	/80/_components/0/_N$string	withdraw_hint_1		
assets/res/import/9c/9c38bf7f-1174-4be9-903f-a4241f8e138e.json	/80/_components/1/_srcKey	withdraw_hint_1		aaffabCRcpLyqXd9ReiHVw6
assets/res/import/9c/9c38bf7f-1174-4be9-903f-a4241f8e138e.json	/80/_components/1/_srcKey	withdraw_hint_1		
assets/res/import/9c/9c38bf7f-1174-4be9-903f-a4241f8e138e.json	/100/_components/0/_string	upi_biaoti		cc.Label
assets/res/import/9c/9c38bf7f-1174-4be9-903f-a4241f8e138e.json	/100/_components/0/_N$string	upi_biaoti		cc.Label
assets/res/import/9c/9c38bf7f-1174-4be9-903f-a4241f8e138e.json	/100/_components/0/_string	upi_biaoti		
assets/res/import/9c/9c38bf7f-1174-4be9-903f-a4241f8e138e.json	/100/_components/0/_N$string	upi_biaoti		
assets/res/import/9c/9c38bf7f-1174-4be9-903f-a4241f8e138e.json	/100/_components/1/_srcKey	upi_biaoti		aaffabCRcpLyqXd9ReiHVw6
assets/res/import/9c/9c38bf7f-1174-4be9-903f-a4241f8e138e.json	/100/_components/1/_srcKey	upi_biaoti		
assets/res/import/9c/9c38bf7f-1174-4be9-903f-a4241f8e138e.json	/101/_components/0/_string	upi_neirong		cc.Label
assets/res/import/9c/9c38bf7f-1174-4be9-903f-a4241f8e138e.json	/101/_components/0/_N$string	upi_neirong		cc.Label
assets/res/import/9c/9c38bf7f-1174-4be9-903f-a4241f8e138e.json	/101/_components/0/_string	upi_neirong		
assets/res/import/9c/9c38bf7f-1174-4be9-903f-a4241f8e138e.json	/101/_components/0/_N$string	upi_neirong		
assets/res/import/9c/9c38bf7f-1174-4be9-903f-a4241f8e138e.json	/101/_components/1/_srcKey	upi_neirong		aaffabCRcpLyqXd9ReiHVw6
assets/res/import/9c/9c38bf7f-1174-4be9-903f-a4241f8e138e.json	/101/_components/1/_srcKey	upi_neirong		
assets/res/import/9c/9c38bf7f-1174-4be9-903f-a4241f8e138e.json	/107/_components/2/_srcKey	abc@upi		aaffabCRcpLyqXd9ReiHVw6
assets/res/import/9c/9c38bf7f-1174-4be9-903f-a4241f8e138e.json	/107/_components/2/_srcKey	abc@upi		
assets/res/import/9c/9c38bf7f-1174-4be9-903f-a4241f8e138e.json	/108/_string	abc@upi		cc.Label
assets/res/import/9c/9c38bf7f-1174-4be9-903f-a4241f8e138e.json	/108/_N$string	abc@upi		cc.Label
assets/res/import/9c/9c38bf7f-1174-4be9-903f-a4241f8e138e.json	/108/_string	abc@upi		
assets/res/import/9c/9c38bf7f-1174-4be9-903f-a4241f8e138e.json	/108/_N$string	abc@upi		
assets/res/import/9c/9c38bf7f-1174-4be9-903f-a4241f8e138e.json	/110/_name	btn_deposit	btn_deposit	cc.Node
assets/res/import/9c/9c38bf7f-1174-4be9-903f-a4241f8e138e.json	/110/_name	btn_deposit		
assets/res/import/03/037d6618-5f15-4583-98cf-51e0b2b9ed6f.json	/0/_name	ReferRewardDetail	ReferRewardDetail	cc.Prefab
assets/res/import/03/037d6618-5f15-4583-98cf-51e0b2b9ed6f.json	/0/_name	ReferRewardDetail		
assets/res/import/03/037d6618-5f15-4583-98cf-51e0b2b9ed6f.json	/1/_name	ReferRewardDetail	ReferRewardDetail	cc.Node
assets/res/import/03/037d6618-5f15-4583-98cf-51e0b2b9ed6f.json	/1/_name	ReferRewardDetail		
assets/res/import/03/037d6618-5f15-4583-98cf-51e0b2b9ed6f.json	/4/_components/0/_string	Reward Detail		cc.Label
assets/res/import/03/037d6618-5f15-4583-98cf-51e0b2b9ed6f.json	/4/_components/0/_N$string	Reward Detail		cc.Label
assets/res/import/03/037d6618-5f15-4583-98cf-51e0b2b9ed6f.json	/4/_components/0/_string	Reward Detail		
assets/res/import/03/037d6618-5f15-4583-98cf-51e0b2b9ed6f.json	/4/_components/0/_N$string	Reward Detail		
assets/res/import/03/037d6618-5f15-4583-98cf-51e0b2b9ed6f.json	/4/_components/1/_srcKey	Reward Detail		aaffabCRcpLyqXd9ReiHVw6
assets/res/import/03/037d6618-5f15-4583-98cf-51e0b2b9ed6f.json	/4/_components/1/_srcKey	Reward Detail		
assets/res/import/03/037d6618-5f15-4583-98cf-51e0b2b9ed6f.json	/9/_components/0/_string	Cash Balance		cc.Label
assets/res/import/03/037d6618-5f15-4583-98cf-51e0b2b9ed6f.json	/9/_components/0/_N$string	Cash Balance		cc.Label
assets/res/import/03/037d6618-5f15-4583-98cf-51e0b2b9ed6f.json	/9/_components/0/_string	Cash Balance		
assets/res/import/03/037d6618-5f15-4583-98cf-51e0b2b9ed6f.json	/9/_components/0/_N$string	Cash Balance		
assets/res/import/03/037d6618-5f15-4583-98cf-51e0b2b9ed6f.json	/9/_components/1/_srcKey	Cash Balance		aaffabCRcpLyqXd9ReiHVw6
assets/res/import/03/037d6618-5f15-4583-98cf-51e0b2b9ed6f.json	/9/_components/1/_srcKey	Cash Balance		
assets/res/import/03/037d6618-5f15-4583-98cf-51e0b2b9ed6f.json	/10/_components/0/_string	Cash Bonus		cc.Label
assets/res/import/03/037d6618-5f15-4583-98cf-51e0b2b9ed6f.json	/10/_components/0/_N$string	Cash Bonus		cc.Label
assets/res/import/03/037d6618-5f15-4583-98cf-51e0b2b9ed6f.json	/10/_components/0/_string	Cash Bonus		
assets/res/import/03/037d6618-5f15-4583-98cf-51e0b2b9ed6f.json	/10/_components/0/_N$string	Cash Bonus		
assets/res/import/03/037d6618-5f15-4583-98cf-51e0b2b9ed6f.json	/10/_components/1/_srcKey	Cash Bonus		aaffabCRcpLyqXd9ReiHVw6
assets/res/import/03/037d6618-5f15-4583-98cf-51e0b2b9ed6f.json	/10/_components/1/_srcKey	Cash Bonus		
assets/res/import/03/037d6618-5f15-4583-98cf-51e0b2b9ed6f.json	/16/_name	lbl_cashbonus	lbl_cashbonus	cc.Node
assets/res/import/03/037d6618-5f15-4583-98cf-51e0b2b9ed6f.json	/16/_name	lbl_cashbonus		
assets/res/import/03/037d6618-5f15-4583-98cf-51e0b2b9ed6f.json	/17/_name	lbl_cashbalance	lbl_cashbalance	cc.Node
assets/res/import/03/037d6618-5f15-4583-98cf-51e0b2b9ed6f.json	/17/_name	lbl_cashbalance		
assets/res/import/44/44d32f87-df40-49ab-8774-0a1a3de21e52.json	/0/_name	pannel_rewards	pannel_rewards	cc.Prefab
assets/res/import/44/44d32f87-df40-49ab-8774-0a1a3de21e52.json	/0/_name	pannel_rewards		
assets/res/import/44/44d32f87-df40-49ab-8774-0a1a3de21e52.json	/1/_name	pannel_rewards	pannel_rewards	cc.Node
assets/res/import/44/44d32f87-df40-49ab-8774-0a1a3de21e52.json	/1/_name	pannel_rewards		
assets/res/import/44/44d32f87-df40-49ab-8774-0a1a3de21e52.json	/15/_name	node_cashbalance	node_cashbalance	cc.Node
assets/res/import/44/44d32f87-df40-49ab-8774-0a1a3de21e52.json	/15/_name	node_cashbalance		
assets/res/import/44/44d32f87-df40-49ab-8774-0a1a3de21e52.json	/16/_components/0/_string	Cash Balance		cc.Label
assets/res/import/44/44d32f87-df40-49ab-8774-0a1a3de21e52.json	/16/_components/0/_N$string	Cash Balance		cc.Label
assets/res/import/44/44d32f87-df40-49ab-8774-0a1a3de21e52.json	/16/_components/0/_string	Cash Balance		
assets/res/import/44/44d32f87-df40-49ab-8774-0a1a3de21e52.json	/16/_components/0/_N$string	Cash Balance		
assets/res/import/44/44d32f87-df40-49ab-8774-0a1a3de21e52.json	/16/_components/1/_srcKey	Cash Balance		aaffabCRcpLyqXd9ReiHVw6
assets/res/import/44/44d32f87-df40-49ab-8774-0a1a3de21e52.json	/16/_components/1/_srcKey	Cash Balance		
assets/res/import/44/44d32f87-df40-49ab-8774-0a1a3de21e52.json	/18/_name	node_cashbonus	node_cashbonus	cc.Node
assets/res/import/44/44d32f87-df40-49ab-8774-0a1a3de21e52.json	/18/_name	node_cashbonus		
assets/res/import/44/44d32f87-df40-49ab-8774-0a1a3de21e52.json	/19/_components/0/_string	Cash Bonus		cc.Label
assets/res/import/44/44d32f87-df40-49ab-8774-0a1a3de21e52.json	/19/_components/0/_N$string	Cash Bonus		cc.Label
assets/res/import/44/44d32f87-df40-49ab-8774-0a1a3de21e52.json	/19/_components/0/_string	Cash Bonus		
assets/res/import/44/44d32f87-df40-49ab-8774-0a1a3de21e52.json	/19/_components/0/_N$string	Cash Bonus		
assets/res/import/44/44d32f87-df40-49ab-8774-0a1a3de21e52.json	/19/_components/1/_srcKey	Cash Bonus		aaffabCRcpLyqXd9ReiHVw6
assets/res/import/44/44d32f87-df40-49ab-8774-0a1a3de21e52.json	/19/_components/1/_srcKey	Cash Bonus		
assets/res/import/44/44d32f87-df40-49ab-8774-0a1a3de21e52.json	/21/_name	rewards	rewards	cc.Node
assets/res/import/44/44d32f87-df40-49ab-8774-0a1a3de21e52.json	/21/_name	rewards		
assets/res/import/44/44d32f87-df40-49ab-8774-0a1a3de21e52.json	/26/_components/0/_string	Registration bonus		cc.Label
assets/res/import/44/44d32f87-df40-49ab-8774-0a1a3de21e52.json	/26/_components/0/_N$string	Registration bonus		cc.Label
assets/res/import/44/44d32f87-df40-49ab-8774-0a1a3de21e52.json	/26/_components/0/_string	Registration bonus		
assets/res/import/44/44d32f87-df40-49ab-8774-0a1a3de21e52.json	/26/_components/0/_N$string	Registration bonus		
assets/res/import/44/44d32f87-df40-49ab-8774-0a1a3de21e52.json	/26/_components/1/_srcKey	Registration bonus		aaffabCRcpLyqXd9ReiHVw6
assets/res/import/44/44d32f87-df40-49ab-8774-0a1a3de21e52.json	/26/_components/1/_srcKey	Registration bonus		
assets/res/import/44/44d32f87-df40-49ab-8774-0a1a3de21e52.json	/29/_components/0/_string	Deposit bonus		cc.Label
assets/res/import/44/44d32f87-df40-49ab-8774-0a1a3de21e52.json	/29/_components/0/_N$string	Deposit bonus		cc.Label
assets/res/import/44/44d32f87-df40-49ab-8774-0a1a3de21e52.json	/29/_components/0/_string	Deposit bonus		
assets/res/import/44/44d32f87-df40-49ab-8774-0a1a3de21e52.json	/29/_components/0/_N$string	Deposit bonus		
assets/res/import/44/44d32f87-df40-49ab-8774-0a1a3de21e52.json	/29/_components/1/_srcKey	Deposit bonus		aaffabCRcpLyqXd9ReiHVw6
assets/res/import/44/44d32f87-df40-49ab-8774-0a1a3de21e52.json	/29/_components/1/_srcKey	Deposit bonus		
assets/res/import/44/44d32f87-df40-49ab-8774-0a1a3de21e52.json	/32/_components/0/_string	Betting bonus		cc.Label
assets/res/import/44/44d32f87-df40-49ab-8774-0a1a3de21e52.json	/32/_components/0/_N$string	Betting bonus		cc.Label
assets/res/import/44/44d32f87-df40-49ab-8774-0a1a3de21e52.json	/32/_components/0/_string	Betting bonus		
assets/res/import/44/44d32f87-df40-49ab-8774-0a1a3de21e52.json	/32/_components/0/_N$string	Betting bonus		
assets/res/import/44/44d32f87-df40-49ab-8774-0a1a3de21e52.json	/32/_components/1/_srcKey	Betting bonus		aaffabCRcpLyqXd9ReiHVw6
assets/res/import/44/44d32f87-df40-49ab-8774-0a1a3de21e52.json	/32/_components/1/_srcKey	Betting bonus		
assets/res/import/44/44d32f87-df40-49ab-8774-0a1a3de21e52.json	/35/_components/0/_string	Tax bonus		cc.Label
assets/res/import/44/44d32f87-df40-49ab-8774-0a1a3de21e52.json	/35/_components/0/_N$string	Tax bonus		cc.Label
assets/res/import/44/44d32f87-df40-49ab-8774-0a1a3de21e52.json	/35/_components/0/_string	Tax bonus		
assets/res/import/44/44d32f87-df40-49ab-8774-0a1a3de21e52.json	/35/_components/0/_N$string	Tax bonus		
assets/res/import/44/44d32f87-df40-49ab-8774-0a1a3de21e52.json	/35/_components/1/_srcKey	Tax bonus		aaffabCRcpLyqXd9ReiHVw6
assets/res/import/44/44d32f87-df40-49ab-8774-0a1a3de21e52.json	/35/_components/1/_srcKey	Tax bonus		
assets/res/import/44/44d32f87-df40-49ab-8774-0a1a3de21e52.json	/43/_components/0/_string	Current Bonus:		cc.Label
assets/res/import/44/44d32f87-df40-49ab-8774-0a1a3de21e52.json	/43/_components/0/_N$string	Current Bonus:		cc.Label
assets/res/import/44/44d32f87-df40-49ab-8774-0a1a3de21e52.json	/43/_components/0/_string	Current Bonus:		
assets/res/import/44/44d32f87-df40-49ab-8774-0a1a3de21e52.json	/43/_components/0/_N$string	Current Bonus:		
assets/res/import/44/44d32f87-df40-49ab-8774-0a1a3de21e52.json	/43/_components/1/_srcKey	Current Bonus:		aaffabCRcpLyqXd9ReiHVw6
assets/res/import/44/44d32f87-df40-49ab-8774-0a1a3de21e52.json	/43/_components/1/_srcKey	Current Bonus:		
assets/res/import/44/44d32f87-df40-49ab-8774-0a1a3de21e52.json	/57/_components/0/_string	Total Cash Balance		cc.Label
assets/res/import/44/44d32f87-df40-49ab-8774-0a1a3de21e52.json	/57/_components/0/_N$string	Total Cash Balance		cc.Label
assets/res/import/44/44d32f87-df40-49ab-8774-0a1a3de21e52.json	/57/_components/0/_string	Total Cash Balance		
assets/res/import/44/44d32f87-df40-49ab-8774-0a1a3de21e52.json	/57/_components/0/_N$string	Total Cash Balance		
assets/res/import/44/44d32f87-df40-49ab-8774-0a1a3de21e52.json	/57/_components/2/_srcKey	Total Cash Balance		aaffabCRcpLyqXd9ReiHVw6
assets/res/import/44/44d32f87-df40-49ab-8774-0a1a3de21e52.json	/57/_components/2/_srcKey	Total Cash Balance		
assets/res/import/44/44d32f87-df40-49ab-8774-0a1a3de21e52.json	/58/_components/0/_string	Total Cash Bonus		cc.Label
assets/res/import/44/44d32f87-df40-49ab-8774-0a1a3de21e52.json	/58/_components/0/_N$string	Total Cash Bonus		cc.Label
assets/res/import/44/44d32f87-df40-49ab-8774-0a1a3de21e52.json	/58/_components/0/_string	Total Cash Bonus		
assets/res/import/44/44d32f87-df40-49ab-8774-0a1a3de21e52.json	/58/_components/0/_N$string	Total Cash Bonus		
assets/res/import/44/44d32f87-df40-49ab-8774-0a1a3de21e52.json	/58/_components/2/_srcKey	Total Cash Bonus		aaffabCRcpLyqXd9ReiHVw6
assets/res/import/44/44d32f87-df40-49ab-8774-0a1a3de21e52.json	/58/_components/2/_srcKey	Total Cash Bonus		
assets/res/import/94/9459cc46-d3cd-42fa-b3d9-8886938934bd.json	/3/_name	slot_spine	slot_spine	cc.Node
assets/res/import/94/9459cc46-d3cd-42fa-b3d9-8886938934bd.json	/3/_name	slot_spine		
assets/res/import/94/9459cc46-d3cd-42fa-b3d9-8886938934bd.json	/20/_name	download	download	cc.Node
assets/res/import/94/9459cc46-d3cd-42fa-b3d9-8886938934bd.json	/20/_name	download		
assets/res/import/94/9459cc46-d3cd-42fa-b3d9-8886938934bd.json	/24/_name	download_fail	download_fail	cc.Node
assets/res/import/94/9459cc46-d3cd-42fa-b3d9-8886938934bd.json	/24/_name	download_fail		
assets/res/import/ad/ad1bd841-3164-4e1a-938a-7fe0e10df503.json	/content/name	paytable_button1_1		
assets/res/import/6a/6aaad9e4-e523-4304-bf8f-d5d4a13c5143.json	/_name	texture_shop_wallet.plist	texture_shop_wallet.plist	cc.SpriteAtlas
assets/res/import/6a/6aaad9e4-e523-4304-bf8f-d5d4a13c5143.json	/_name	texture_shop_wallet.plist		
assets/res/import/6a/6aaad9e4-e523-4304-bf8f-d5d4a13c5143.json	/_spriteFrames/db_04/__uuid__	22eMqUqcRAPaY+87KNhxBL		
assets/res/import/c4/c4676765-4b73-43a8-8f05-da228c3aad35.json	/31/_name	bank_type	bank_type	cc.Node
assets/res/import/c4/c4676765-4b73-43a8-8f05-da228c3aad35.json	/31/_name	bank_type		
assets/res/import/c4/c4676765-4b73-43a8-8f05-da228c3aad35.json	/32/_components/0/_string	Please Select E-Wallet		cc.Label
assets/res/import/c4/c4676765-4b73-43a8-8f05-da228c3aad35.json	/32/_components/0/_N$string	Please Select E-Wallet		cc.Label
assets/res/import/c4/c4676765-4b73-43a8-8f05-da228c3aad35.json	/32/_components/0/_string	Please Select E-Wallet		
assets/res/import/c4/c4676765-4b73-43a8-8f05-da228c3aad35.json	/32/_components/0/_N$string	Please Select E-Wallet		
assets/res/import/c4/c4676765-4b73-43a8-8f05-da228c3aad35.json	/34/_name	node_bank	node_bank	cc.Node
assets/res/import/c4/c4676765-4b73-43a8-8f05-da228c3aad35.json	/34/_name	node_bank		
assets/res/import/c4/c4676765-4b73-43a8-8f05-da228c3aad35.json	/35/_components/0/_string	Please Select E-Wallet		cc.Label
assets/res/import/c4/c4676765-4b73-43a8-8f05-da228c3aad35.json	/35/_components/0/_N$string	Please Select E-Wallet		cc.Label
assets/res/import/c4/c4676765-4b73-43a8-8f05-da228c3aad35.json	/35/_components/0/_string	Please Select E-Wallet		
assets/res/import/c4/c4676765-4b73-43a8-8f05-da228c3aad35.json	/35/_components/0/_N$string	Please Select E-Wallet		
assets/res/import/c4/c4676765-4b73-43a8-8f05-da228c3aad35.json	/36/_name	bankTypeBox	bankTypeBox	cc.Node
assets/res/import/c4/c4676765-4b73-43a8-8f05-da228c3aad35.json	/36/_name	bankTypeBox		
assets/res/import/25/2545dc7c-d34d-480f-b8b8-8919735a9279.json	/json/Rewards	Rewards		
assets/res/import/25/2545dc7c-d34d-480f-b8b8-8919735a9279.json	/json/One more step to enjoy the game:Mobile number verify	One more step to enjoy the game:Mobile number verify		
assets/res/import/25/2545dc7c-d34d-480f-b8b8-8919735a9279.json	/json/Verify Now	Verify Now		
assets/res/import/25/2545dc7c-d34d-480f-b8b8-8919735a9279.json	/json/Verify Later	Verify Later		
assets/res/import/25/2545dc7c-d34d-480f-b8b8-8919735a9279.json	/json/One more step to enjoy the game: Bank verify	One more step to enjoy the game: Bank verify		
assets/res/import/25/2545dc7c-d34d-480f-b8b8-8919735a9279.json	/json/Deposit	Deposit		
assets/res/import/25/2545dc7c-d34d-480f-b8b8-8919735a9279.json	/json/You do not have enough Cash	You do not have enough Cash		
assets/res/import/25/2545dc7c-d34d-480f-b8b8-8919735a9279.json	/json/Billing service DisConnected	Billing Service DisConnected		
assets/res/import/25/2545dc7c-d34d-480f-b8b8-8919735a9279.json	/json/you_are_not_allowed_to_send_messages	You are not allowed to send messages.Contact customer service for further assistance.		
assets/res/import/25/2545dc7c-d34d-480f-b8b8-8919735a9279.json	/json/bankruptcy_coins_have_been_received	Bankruptcy coins have been received		
assets/res/import/25/2545dc7c-d34d-480f-b8b8-8919735a9279.json	/json/Download	Download		
assets/res/import/25/2545dc7c-d34d-480f-b8b8-8919735a9279.json	/json/cash_exceeds_the_room_limit	Cash exceeds the room limit		
assets/res/import/25/2545dc7c-d34d-480f-b8b8-8919735a9279.json	/json/binding_FB_is_successful_tip	Binding FB is successful, it is recommended to download the App to experience the complete game experience		
assets/res/import/25/2545dc7c-d34d-480f-b8b8-8919735a9279.json	/json/INVITE CLUB FRIENDS	INVITE CLUB FRIENDS		
assets/res/import/25/2545dc7c-d34d-480f-b8b8-8919735a9279.json	/json/Invite in the club chat	Invite in the club chat		
assets/res/import/25/2545dc7c-d34d-480f-b8b8-8919735a9279.json	/json/Invite in public club chat	Invite in public club chat		
assets/res/import/25/2545dc7c-d34d-480f-b8b8-8919735a9279.json	/json/INVITE GAME FRIENDS	INVITE GAME FRIENDS		
assets/res/import/25/2545dc7c-d34d-480f-b8b8-8919735a9279.json	/json/Cash balance is lower than the room minimum balance!	Cash is lower than the room minimum balance!		
assets/res/import/25/2545dc7c-d34d-480f-b8b8-8919735a9279.json	/json/Upgrade your VIP level to enjoy unlimited withdraw	Upgrade your VIP level to enjoy unlimited withdraw		
assets/res/import/25/2545dc7c-d34d-480f-b8b8-8919735a9279.json	/json/Can't enjoy any discount!	Unable to claim this reward.		
assets/res/import/25/2545dc7c-d34d-480f-b8b8-8919735a9279.json	/json/Safe, secure & easy payment methods	Safe, secure & easy payment methods		
assets/res/import/25/2545dc7c-d34d-480f-b8b8-8919735a9279.json	/json/Instant and unlimited withdrawals	Instant and unlimited withdrawals		
assets/res/import/25/2545dc7c-d34d-480f-b8b8-8919735a9279.json	/json/24x7 customer service support	24x7 customer service support		
assets/res/import/25/2545dc7c-d34d-480f-b8b8-8919735a9279.json	/json/Fair and responsible play protect	Fair and responsible play protect		
assets/res/import/25/2545dc7c-d34d-480f-b8b8-8919735a9279.json	/json/Best Value and Top Rewards	Best Value and Top Rewards		
assets/res/import/25/2545dc7c-d34d-480f-b8b8-8919735a9279.json	/json/Tournament,Salon Room,Multiplayers,Slot	Tournament,Salon Room,Multiplayers,Slot		
assets/res/import/25/2545dc7c-d34d-480f-b8b8-8919735a9279.json	/json/Login everyday to claim free bonus	Login everyday to claim free bonus		
assets/res/import/25/2545dc7c-d34d-480f-b8b8-8919735a9279.json	/json/Add Cash	Add Cash		
assets/res/import/25/2545dc7c-d34d-480f-b8b8-8919735a9279.json	/json/Manage bank accounts & Wallets UPI ID	Manage bank account & Wallets UPI ID		
assets/res/import/25/2545dc7c-d34d-480f-b8b8-8919735a9279.json	/json/Bank	Bank		
assets/res/import/25/2545dc7c-d34d-480f-b8b8-8919735a9279.json	/json/Bonus	Bonus		
assets/res/import/25/2545dc7c-d34d-480f-b8b8-8919735a9279.json	/json/Total Cash Balance	Total Cash		
assets/res/import/25/2545dc7c-d34d-480f-b8b8-8919735a9279.json	/json/Total Cash Bonus	Total Bonus		
assets/res/import/25/2545dc7c-d34d-480f-b8b8-8919735a9279.json	/json/Cash Balance Details	Cash Details		
assets/res/import/25/2545dc7c-d34d-480f-b8b8-8919735a9279.json	/json/Cash Bonus Details	Bonus Details		
assets/res/import/25/2545dc7c-d34d-480f-b8b8-8919735a9279.json	/json/For example you invite friend A, he registered and desposited 2000rs and finished the bet of 2000,new check in details how much you can earn from him.	For example you invite friend A, he registered and deposited 2000rs and finished the bet of 2000,new check in details how much you can earn from him.		
assets/res/import/25/2545dc7c-d34d-480f-b8b8-8919735a9279.json	/json/Cash Balance You Earn	Cash You Earn		
assets/res/import/25/2545dc7c-d34d-480f-b8b8-8919735a9279.json	/json/Cash Bonus You Earn	Bonus You Earn		
assets/res/import/25/2545dc7c-d34d-480f-b8b8-8919735a9279.json	/json/refer&Earn Most importan	Most importan: You can earn forever by your refrrals,no time limit,no amount limit, if your referrals deposit you earn,if your referrals bet you earn, So what you waiting for share your refer link to your friends or any social media to start your journery of earning big!8.How to earn with Refer&Earn		
assets/res/import/25/2545dc7c-d34d-480f-b8b8-8919735a9279.json	/json/Deposit 2000	Deposit 2000		
assets/res/import/25/2545dc7c-d34d-480f-b8b8-8919735a9279.json	/json/Promo	Promo		
assets/res/import/25/2545dc7c-d34d-480f-b8b8-8919735a9279.json	/json/Beting Cash Back	Cash Back on Losses		
assets/res/import/25/2545dc7c-d34d-480f-b8b8-8919735a9279.json	/json/Total Cash Bonus :	Total Bonus :		
assets/res/import/25/2545dc7c-d34d-480f-b8b8-8919735a9279.json	/json/Today Cash Bonus :	Today Bonus :		
assets/res/import/25/2545dc7c-d34d-480f-b8b8-8919735a9279.json	/json/Bonus Record	Bonus Record		
assets/res/import/25/2545dc7c-d34d-480f-b8b8-8919735a9279.json	/json/Various and easy tasks to get rewards There is always one for you	Various and easy tasks to get rewards There is always one for you		
assets/res/import/25/2545dc7c-d34d-480f-b8b8-8919735a9279.json	/json/Desposit	Deposit		
assets/res/import/25/2545dc7c-d34d-480f-b8b8-8919735a9279.json	/json/Daily Desposit Up to {1}	Daily Deposit Up to {1}		
assets/res/import/25/2545dc7c-d34d-480f-b8b8-8919735a9279.json	/json/Daily Play RUMMY Games {1}	Daily Play RUMMY Games {1}		
assets/res/import/25/2545dc7c-d34d-480f-b8b8-8919735a9279.json	/json/Reward	Reward		
assets/res/import/25/2545dc7c-d34d-480f-b8b8-8919735a9279.json	/json/The daily betting cash back are distributed every day at 12:00 AM	The daily betting cash back are distributed every day at 12:00 AM.		
assets/res/import/25/2545dc7c-d34d-480f-b8b8-8919735a9279.json	/json/Welcome Bonus	Welcome Bonus		
assets/res/import/25/2545dc7c-d34d-480f-b8b8-8919735a9279.json	/json/Verify Mobile Number	Verify Mobile Number		
assets/res/import/25/2545dc7c-d34d-480f-b8b8-8919735a9279.json	/json/Enter your full name to withdraw	Enter your full name to withdraw		
assets/res/import/25/2545dc7c-d34d-480f-b8b8-8919735a9279.json	/json/SHARE WITH FRIENDS DOWNLOAD AND PLAY TOGETHER	SHARE WITH FRIENDS DOWNLOAD AND PLAY TOGETHER		
assets/res/import/25/2545dc7c-d34d-480f-b8b8-8919735a9279.json	/json/Share APP download link to your friend.	"Share APP download link 
to your friend."		
assets/res/import/25/2545dc7c-d34d-480f-b8b8-8919735a9279.json	/json/Let your friends scan the QR code to download 	Let your friends scan the QR code to download 		
assets/res/import/25/2545dc7c-d34d-480f-b8b8-8919735a9279.json	/json/Online customer service	Online Customer Service		
assets/res/import/25/2545dc7c-d34d-480f-b8b8-8919735a9279.json	/json/Cash games	Cash games		
assets/res/import/25/2545dc7c-d34d-480f-b8b8-8919735a9279.json	/json/Depositors	Depositors		
assets/res/import/25/2545dc7c-d34d-480f-b8b8-8919735a9279.json	/json/vip_Weekl_Bonus	Weekly Bonus:Login every <b><color=#FFE544>{1}</c></b> to claim Weekly Bonus.		
assets/res/import/25/2545dc7c-d34d-480f-b8b8-8919735a9279.json	/json/Level Up Bonus: Upgrade to next level to claim Level upbonus.	Level Up Bonus: upgrade to next level to claim Level up bonus.		
assets/res/import/25/2545dc7c-d34d-480f-b8b8-8919735a9279.json	/json/Weekly Bonus/Monthly Bonus/Level up Bonus	Weekly Bonus/Monthly Bonus/Level up Bonus		
assets/res/import/25/2545dc7c-d34d-480f-b8b8-8919735a9279.json	/json/Slots	Slots		
assets/res/import/25/2545dc7c-d34d-480f-b8b8-8919735a9279.json	/json/Responsible Gaming	Responsible Gaming		
assets/res/import/25/2545dc7c-d34d-480f-b8b8-8919735a9279.json	/json/Privacy Policy	Privacy Policy		
assets/res/import/25/2545dc7c-d34d-480f-b8b8-8919735a9279.json	/json/BETTING CASH BACK	CASH BACK ON LOSSES		
assets/res/import/25/2545dc7c-d34d-480f-b8b8-8919735a9279.json	/json/PLAY MORE REWARD MORE	PLAY MORE REWARD MORE		
assets/res/import/25/2545dc7c-d34d-480f-b8b8-8919735a9279.json	/json/Verify now	Verify now		
assets/res/import/25/2545dc7c-d34d-480f-b8b8-8919735a9279.json	/json/Money that you can withdraw or re-use to play games	Money that you can withdraw or re-use to play games		
assets/res/import/25/2545dc7c-d34d-480f-b8b8-8919735a9279.json	/json/Money that you can transfer to cash balance	Money that you can transfer to Cash		
assets/res/import/25/2545dc7c-d34d-480f-b8b8-8919735a9279.json	/json/Cash bonus that you have received	Bonus that you have received		
assets/res/import/25/2545dc7c-d34d-480f-b8b8-8919735a9279.json	/json/Cash bonus that you have received today	Bonus that you have received today		
assets/res/import/25/2545dc7c-d34d-480f-b8b8-8919735a9279.json	/json/You do not have enough cash balance	You do not have enough Cash		
assets/res/import/25/2545dc7c-d34d-480f-b8b8-8919735a9279.json	/json/Cash balance exceeds the room limit	Cash exceeds the room limit		
assets/res/import/25/2545dc7c-d34d-480f-b8b8-8919735a9279.json	/json/Withdraw Instantly	Withdraw Instantly		
assets/res/import/25/2545dc7c-d34d-480f-b8b8-8919735a9279.json	/json/ReferEarnRichText1	<bord>You can get   <color=#FEE644>{1}</c>   Cash for every successfully registration with a deposit of your invites.</b>		
assets/res/import/25/2545dc7c-d34d-480f-b8b8-8919735a9279.json	/json/ReferEarnRichText2	<bold>You can get a   <color=#FEE644>{1}</c>   Cash for each deposit of your invites.</b>		
assets/res/import/25/2545dc7c-d34d-480f-b8b8-8919735a9279.json	/json/ReferEarnRichText3	<bold>You can get a   <color=#FEE644>{1}</c>   Bonus for each bet amount of your invites.</b>		
assets/res/import/25/2545dc7c-d34d-480f-b8b8-8919735a9279.json	/json/ReferEarnRichText4	<bold>You can get a   <color=#FEE644>{1}</c>   Cash for each bet amount of your invites.</b>		
assets/res/import/25/2545dc7c-d34d-480f-b8b8-8919735a9279.json	/json/Login every day to get free bonus	Login every day to get free bonus		
assets/res/import/25/2545dc7c-d34d-480f-b8b8-8919735a9279.json	/json/Reward Detail	Reward Detail		
assets/res/import/25/2545dc7c-d34d-480f-b8b8-8919735a9279.json	/json/Cash Balance	Cash		
assets/res/import/25/2545dc7c-d34d-480f-b8b8-8919735a9279.json	/json/Cash Bonus	Bonus		
assets/res/import/25/2545dc7c-d34d-480f-b8b8-8919735a9279.json	/json/Money that you can use to play games but can’t withdraw	Money that you can use to play games but can’t withdraw		
assets/res/import/25/2545dc7c-d34d-480f-b8b8-8919735a9279.json	/json/Money that you can deposit in and withdraw out for responsible gaming	Money that you can deposit in and withdraw out for responsible gaming		
assets/res/import/25/2545dc7c-d34d-480f-b8b8-8919735a9279.json	/json/You can enjoy VIP privileges with total deposit	You can enjoy VIP privileges with total deposit 		
assets/res/import/25/2545dc7c-d34d-480f-b8b8-8919735a9279.json	/json/Weekly Bonus	Weekly Bonus		
assets/res/import/25/2545dc7c-d34d-480f-b8b8-8919735a9279.json	/json/Level Up Bonus	Level Up Bonus		
assets/res/import/25/2545dc7c-d34d-480f-b8b8-8919735a9279.json	/json/Monthly Bonus	Monthly Bonus		
assets/res/import/25/2545dc7c-d34d-480f-b8b8-8919735a9279.json	/json/Betting Cash Back	Betting Cash Back		
assets/res/import/25/2545dc7c-d34d-480f-b8b8-8919735a9279.json	/json/Email Bonus	Email Bonus		
assets/res/import/25/2545dc7c-d34d-480f-b8b8-8919735a9279.json	/json/Withdraw Now	Withdraw Now		
assets/res/import/25/2545dc7c-d34d-480f-b8b8-8919735a9279.json	/json/Deposit Now	Deposit Now		
assets/res/import/25/2545dc7c-d34d-480f-b8b8-8919735a9279.json	/json/Deposit Later	Deposit Later		
assets/res/import/25/2545dc7c-d34d-480f-b8b8-8919735a9279.json	/json/Free Winnings PackagesrRichText2	<color=00ff90>Package 2.</c><br />You can deposit any amount to claim 100% free winnings back.		
assets/res/import/25/2545dc7c-d34d-480f-b8b8-8919735a9279.json	/json/Free Winnings PackagesrRichText3	<color=00ff90>Most Vaule Package:</c><br/>You can deposit your current free winnings <color=#ffd56a>{1}</c> or any higher amount to claim 100% free winnings back.<br/><br/><color=00ff90>Most Popular Package:</c><br/>You can deposit any amount(<color=#ffd56a>Less than {2}</c>) to unlock same amount free winnings,then remaining free winnings will be transferred to Bonus (Not available for withdrawal).		
assets/res/import/25/2545dc7c-d34d-480f-b8b8-8919735a9279.json	/json/Free Winnings PackagesrRichText1	<color=00ff90>Package 1.</c><br/>You can withdraw up to <color=#ffd56a>₹ {1}</c> without deposit		
assets/res/import/25/2545dc7c-d34d-480f-b8b8-8919735a9279.json	/json/Withdrawable Winnings:	Withdrawable Winnings:		
assets/res/import/25/2545dc7c-d34d-480f-b8b8-8919735a9279.json	/json/About Betting Cash backKey	"1. The Betting Cash back Bonus only applies to users who made a deposit and play. 

2. The Betting Cash back varies on your VIP Level. The higher your VIP Level, the higher the rebate rate.

3. All claimed Betting Cash back bonuses will appear in your Bonus on the App.

4. Claim Betting Cash back bonuses the next day, within 24 hours."		
assets/res/import/25/2545dc7c-d34d-480f-b8b8-8919735a9279.json	/json/About Betting Cash back	About Betting Cash back		
assets/res/import/25/2545dc7c-d34d-480f-b8b8-8919735a9279.json	/json/panel_return_empty_tip	No Cashback Records Yet		
assets/res/import/25/2545dc7c-d34d-480f-b8b8-8919735a9279.json	/json/Share your game ideas or report game bugs for us. Once adopted, you will get huge rewards!	Share your game ideas or report game bugs for us. Once adopted, you will get huge rewards!		
assets/res/import/25/2545dc7c-d34d-480f-b8b8-8919735a9279.json	/json/Bonus_transfer_txt3	3. Transferable can be transferred to your Cash, which you can use to join games.		
assets/res/import/25/2545dc7c-d34d-480f-b8b8-8919735a9279.json	/json/Bonus_transfer_txt2	2. When you lose in event games, up to 100% Bonus will be released and made Transferable.		
assets/res/import/25/2545dc7c-d34d-480f-b8b8-8919735a9279.json	/json/Bonus_transfer_txt1	1. Get a Bonus by upgrading your VIP Level or participating in various campaigns.		
assets/res/import/25/2545dc7c-d34d-480f-b8b8-8919735a9279.json	/json/Current deposit:	Current deposit:		
assets/res/import/25/2545dc7c-d34d-480f-b8b8-8919735a9279.json	/json/Today Cash Balance	Today Cash		
assets/res/import/25/2545dc7c-d34d-480f-b8b8-8919735a9279.json	/json/Today Cash Bonus	Today Cash		
assets/res/import/25/2545dc7c-d34d-480f-b8b8-8919735a9279.json	/json/total Cash Balance	total Cash		
assets/res/import/25/2545dc7c-d34d-480f-b8b8-8919735a9279.json	/json/total Cash Bonus	total Cash		
assets/res/import/25/2545dc7c-d34d-480f-b8b8-8919735a9279.json	/json/About LuckySpinKey	"About Daily Free Spin 
1. You can earn a daily free spin by sharing the App every day
2. Daily free spin reward will be directly added to your Cash

About Refer Reward Spin
1. You can earn a free spin for every 5 referrals
2. For example, you refer 16 players, it means, that you will now have a 3 free spins, and refer 4 more to complete another five(5) to get another 1 free spin. 
3. Refer reward spin reward will be directly added to your Cash"		
assets/res/import/25/2545dc7c-d34d-480f-b8b8-8919735a9279.json	/json/Corresponding rewards for players with corresponding rankings	Corresponding rewards for players with corresponding rankings		
assets/res/import/25/2545dc7c-d34d-480f-b8b8-8919735a9279.json	/json/refer_add_tips	Congratulation,<color=#ff0000>{1}</c> new players has been referred by you yesterday,keep referring today for more rewards!		
assets/res/import/25/2545dc7c-d34d-480f-b8b8-8919735a9279.json	/json/Refer Reward Spin	Refer Reward Spin		
assets/res/import/25/2545dc7c-d34d-480f-b8b8-8919735a9279.json	/json/Share & spin bonus	Share & spin bonus		
assets/res/import/25/2545dc7c-d34d-480f-b8b8-8919735a9279.json	/json/Login bonus	Login bonus		
assets/res/import/25/2545dc7c-d34d-480f-b8b8-8919735a9279.json	/json/Task bonus profit task	Task bonus profit task		
assets/res/import/25/2545dc7c-d34d-480f-b8b8-8919735a9279.json	/json/Task bonus betting task	Task bonus betting task		
assets/res/import/25/2545dc7c-d34d-480f-b8b8-8919735a9279.json	/json/PAYTABLE	PAYTABLE		
assets/res/import/25/2545dc7c-d34d-480f-b8b8-8919735a9279.json	/json/Coming Soon	We're preparing your rewards!		
assets/res/import/25/2545dc7c-d34d-480f-b8b8-8919735a9279.json	/json/Transfer to Cash Balance	Transfer to Cash		
assets/res/import/25/2545dc7c-d34d-480f-b8b8-8919735a9279.json	/json/VIP_Month_Bonus	Monthly Bonus:Login every <b><color=#FFE544>{1}</c></b> to claim Monthly bonus.		
assets/res/import/25/2545dc7c-d34d-480f-b8b8-8919735a9279.json	/json/desp_rule	<color=#ffdf50>{1}</c> of his deposit to your<color=#ffdf50>{2}</c>		
assets/res/import/25/2545dc7c-d34d-480f-b8b8-8919735a9279.json	/json/desp_rule_limit	<color=#ffdf50>{1}</c> of his deposit and deposit <color=#ffdf50>{2}</c> above to your<color=#ffdf50>{3}</c>		
assets/res/import/25/2545dc7c-d34d-480f-b8b8-8919735a9279.json	/json/rule_ac_reg	received <color=#ffdf50>{1}</c> Cash from player <color=#ffdf50>{2}</c> registration		
assets/res/import/25/2545dc7c-d34d-480f-b8b8-8919735a9279.json	/json/rule_ac_dep	received <color=#ffdf50>{1}</c> Cash from player <color=#ffdf50>{2}</c> deposit		
assets/res/import/25/2545dc7c-d34d-480f-b8b8-8919735a9279.json	/json/rule_ac_bet	received <color=#ffdf50>{1}</c> Cash from player <color=#ffdf50>{2}</c> betting		
assets/res/import/25/2545dc7c-d34d-480f-b8b8-8919735a9279.json	/json/rule_ac_tax	received <color=#ffdf50>{1}</c> Cash from player <color=#ffdf50>{2}</c> tax		
assets/res/import/25/2545dc7c-d34d-480f-b8b8-8919735a9279.json	/json/Current Bonus:	Current Bonus:		
assets/res/import/25/2545dc7c-d34d-480f-b8b8-8919735a9279.json	/json/lead_congrlations	Your are ranking at {1} on refer leader board last week,please claim your bonus now and keep referring friends to earn more reward this week		
assets/res/import/25/2545dc7c-d34d-480f-b8b8-8919735a9279.json	/json/My Rewards	My Rewards		
assets/res/import/25/2545dc7c-d34d-480f-b8b8-8919735a9279.json	/json/Downlines Bettings Rebate	All Refer & Earn Bonus		
assets/res/import/25/2545dc7c-d34d-480f-b8b8-8919735a9279.json	/json/Registration bonus	Welcome bonus		
assets/res/import/25/2545dc7c-d34d-480f-b8b8-8919735a9279.json	/json/Deposit bonus	Deposit bonus		
assets/res/import/25/2545dc7c-d34d-480f-b8b8-8919735a9279.json	/json/Betting bonus	Betting bonus		
assets/res/import/25/2545dc7c-d34d-480f-b8b8-8919735a9279.json	/json/Tax bonus	Tax bonus		
assets/res/import/25/2545dc7c-d34d-480f-b8b8-8919735a9279.json	/json/feedback_tip	Share your game ideas or report game bugs for us.Once adopted, you will get huge rewards!		
assets/res/import/25/2545dc7c-d34d-480f-b8b8-8919735a9279.json	/json/Upgrade to VIP{1} for more bonuses	Upgrade to VIP{1} for more bonuses		
assets/res/import/25/2545dc7c-d34d-480f-b8b8-8919735a9279.json	/json/no_newgift_tips	Your IP has already received the bonus and no longer enjoys it		
assets/res/import/25/2545dc7c-d34d-480f-b8b8-8919735a9279.json	/json/Cash	Cash		
assets/res/import/25/2545dc7c-d34d-480f-b8b8-8919735a9279.json	/json/PromoCode_5	You have already used this type of promo code.		
assets/res/import/25/2545dc7c-d34d-480f-b8b8-8919735a9279.json	/json/PromoCode_4	Please upgrade your VIP level to at least VIP {1} to use this promo code.		
assets/res/import/25/2545dc7c-d34d-480f-b8b8-8919735a9279.json	/json/PromoCode_3	This promo code has been fully claimed.		
assets/res/import/25/2545dc7c-d34d-480f-b8b8-8919735a9279.json	/json/PromoCode_2	Promo code has out of period		
assets/res/import/25/2545dc7c-d34d-480f-b8b8-8919735a9279.json	/json/PromoCode_1	This promo code does not exist.		
assets/res/import/25/2545dc7c-d34d-480f-b8b8-8919735a9279.json	/json/Rewards Today	Rewards Today		
assets/res/import/25/2545dc7c-d34d-480f-b8b8-8919735a9279.json	/json/PromoCode_uptip	Deposit {1} to collect rewards		
assets/res/import/25/2545dc7c-d34d-480f-b8b8-8919735a9279.json	/json/Betting_Cash_Back_tip	Higher bet amount. Higher cash back		
assets/res/import/25/2545dc7c-d34d-480f-b8b8-8919735a9279.json	/json/Email_Bonus_tip	Check email and claim special bonus		
assets/res/import/25/2545dc7c-d34d-480f-b8b8-8919735a9279.json	/json/Promo code	Promo code		
assets/res/import/25/2545dc7c-d34d-480f-b8b8-8919735a9279.json	/json/Get Rewards	Get Rewards		
assets/res/import/25/2545dc7c-d34d-480f-b8b8-8919735a9279.json	/json/forbidtrade	Your account has been disabled for withdrawing please check your Inbox for the reason and contact our customer service to solve the problem.		
assets/res/import/25/2545dc7c-d34d-480f-b8b8-8919735a9279.json	/json/forbidAny	Your account balance is on hold please check your Inbox for the reason and contact our customer service to solve the problem		
assets/res/import/25/2545dc7c-d34d-480f-b8b8-8919735a9279.json	/json/Deposits	Deposits		
assets/res/import/25/2545dc7c-d34d-480f-b8b8-8919735a9279.json	/json/Withdrawals	Withdrawals		
assets/res/import/25/2545dc7c-d34d-480f-b8b8-8919735a9279.json	/json/Please enter your UTR or UPI Ref NO.	Please enter your UTR or UPI Ref NO.		
assets/res/import/25/2545dc7c-d34d-480f-b8b8-8919735a9279.json	/json/UTR or UPI Ref NO	UTR or UPI Ref NO		
assets/res/import/25/2545dc7c-d34d-480f-b8b8-8919735a9279.json	/json/UPI	UPI		
assets/res/import/25/2545dc7c-d34d-480f-b8b8-8919735a9279.json	/json/Bank Card	Bank Account		
assets/res/import/25/2545dc7c-d34d-480f-b8b8-8919735a9279.json	/json/VERIFY NOW	VERIFY NOW		
assets/res/import/25/2545dc7c-d34d-480f-b8b8-8919735a9279.json	/json/Verify Account	Verify Account		
assets/res/import/25/2545dc7c-d34d-480f-b8b8-8919735a9279.json	/json/verify_account_1	"Verify your account details
for a seamless Skilled Games
Experience"		
assets/res/import/25/2545dc7c-d34d-480f-b8b8-8919735a9279.json	/json/verify_account_2	For login options and customer service contact.		
assets/res/import/25/2545dc7c-d34d-480f-b8b8-8919735a9279.json	/json/verify_account_3	For quick withdrawals to you bank account.		
assets/res/import/25/2545dc7c-d34d-480f-b8b8-8919735a9279.json	/json/abc@upi	abc@upi		
assets/res/import/25/2545dc7c-d34d-480f-b8b8-8919735a9279.json	/json/Please fill in the UPI id	Please fill in the UPI id		
assets/res/import/25/2545dc7c-d34d-480f-b8b8-8919735a9279.json	/json/upi_neirong	UPI ID once added can't be changed later		
assets/res/import/25/2545dc7c-d34d-480f-b8b8-8919735a9279.json	/json/upi_biaoti	Enter your valid UPI ID		
assets/res/import/25/2545dc7c-d34d-480f-b8b8-8919735a9279.json	/json/My Wallets USDT Address	My Wallets USDT Address		
assets/res/import/25/2545dc7c-d34d-480f-b8b8-8919735a9279.json	/json/Verify New UPI ID	Verify New UPI ID		
assets/res/import/25/2545dc7c-d34d-480f-b8b8-8919735a9279.json	/json/My Wallets UPI ID	My Wallets UPI ID		
assets/res/import/25/2545dc7c-d34d-480f-b8b8-8919735a9279.json	/json/My Bank Accounts	My Bank Accounts		
assets/res/import/25/2545dc7c-d34d-480f-b8b8-8919735a9279.json	/json/Manage Payments	Manage Payments		
assets/res/import/25/2545dc7c-d34d-480f-b8b8-8919735a9279.json	/json/number_hint_3	Enter your full name to withdraw		
assets/res/import/25/2545dc7c-d34d-480f-b8b8-8919735a9279.json	/json/number_neirong3	Unable to get OTP? Please Contact Customer Service for assistaance.		
assets/res/import/25/2545dc7c-d34d-480f-b8b8-8919735a9279.json	/json/card_hint_2	Enter your Bank Account Number		
assets/res/import/25/2545dc7c-d34d-480f-b8b8-8919735a9279.json	/json/card_hint_3	Confirm your Bank Account Number		
assets/res/import/25/2545dc7c-d34d-480f-b8b8-8919735a9279.json	/json/card_hint_4	Enter 11-digit Bank IFSC Code		
assets/res/import/25/2545dc7c-d34d-480f-b8b8-8919735a9279.json	/json/card_neirong2	Bank account once added can't be changed later.		
assets/res/import/25/2545dc7c-d34d-480f-b8b8-8919735a9279.json	/json/willcredited	Deposit is usually credited in minutes		
assets/res/import/25/2545dc7c-d34d-480f-b8b8-8919735a9279.json	/json/charge_add_1	Deposit min:{1} & max:{2} allowed each time		
assets/res/import/25/2545dc7c-d34d-480f-b8b8-8919735a9279.json	/json/charge_add_2	Deposit amount not available!		
assets/res/import/25/2545dc7c-d34d-480f-b8b8-8919735a9279.json	/json/charge_add_3	Please upload payment proof		
assets/res/import/25/2545dc7c-d34d-480f-b8b8-8919735a9279.json	/json/Withdraw	Withdraw		
assets/res/import/25/2545dc7c-d34d-480f-b8b8-8919735a9279.json	/json/Deposit Rate	Deposit Rate		
assets/res/import/25/2545dc7c-d34d-480f-b8b8-8919735a9279.json	/json/Upload Payment Proof	Upload Payment Proof		
assets/res/import/25/2545dc7c-d34d-480f-b8b8-8919735a9279.json	/json/Bonus Amount	Bonus Amount		
assets/res/import/25/2545dc7c-d34d-480f-b8b8-8919735a9279.json	/json/Deposit Amount	Deposit Amount		
assets/res/import/25/2545dc7c-d34d-480f-b8b8-8919735a9279.json	/json/UPI ID	UPI ID		
assets/res/import/25/2545dc7c-d34d-480f-b8b8-8919735a9279.json	/json/Bank Name	Bank Name		
assets/res/import/25/2545dc7c-d34d-480f-b8b8-8919735a9279.json	/json/STEP1	STEP1: Before requesting a deposit,please make a transfer using the payment details stated below.		
assets/res/import/25/2545dc7c-d34d-480f-b8b8-8919735a9279.json	/json/STEP2	STEP2: Please fill in the payer's information accurately so that you can receive a deposit quickly.		
assets/res/import/25/2545dc7c-d34d-480f-b8b8-8919735a9279.json	/json/successful_hint	Amount will be credited to your verified Bank Account within 10 minutes.		
assets/res/import/25/2545dc7c-d34d-480f-b8b8-8919735a9279.json	/json/Add a new UPI ID to withdraw to.	Add a new UPI ID to withdraw to.		
assets/res/import/25/2545dc7c-d34d-480f-b8b8-8919735a9279.json	/json/Add New UPI ID	Add New UPI ID		
assets/res/import/25/2545dc7c-d34d-480f-b8b8-8919735a9279.json	/json/Withdraw to UPI	Withdraw to UPI		
assets/res/import/25/2545dc7c-d34d-480f-b8b8-8919735a9279.json	/json/Add a new bank account to withdraw to	Add a new bank account to withdraw to 		
assets/res/import/25/2545dc7c-d34d-480f-b8b8-8919735a9279.json	/json/Add New Bank Account	Add New Bank Account		
assets/res/import/25/2545dc7c-d34d-480f-b8b8-8919735a9279.json	/json/Withdraw to bank	Withdraw to bank		
assets/res/import/25/2545dc7c-d34d-480f-b8b8-8919735a9279.json	/json/withdraw_hinit	Withdraw min:{1} & max:{2} allowed each time.		
assets/res/import/25/2545dc7c-d34d-480f-b8b8-8919735a9279.json	/json/usdt_text	"Service Tax:
Withdraw Rate:
Amount received:"		
assets/res/import/25/2545dc7c-d34d-480f-b8b8-8919735a9279.json	/json/upi_text	"Service Tax:
Amount received:"		
assets/res/import/25/2545dc7c-d34d-480f-b8b8-8919735a9279.json	/json/Withdrawal Amount	Withdrawal Amount		
assets/res/import/25/2545dc7c-d34d-480f-b8b8-8919735a9279.json	/json/Add a new USDT address to withdraw to.	Add a new USDT address to withdraw to.		
assets/res/import/25/2545dc7c-d34d-480f-b8b8-8919735a9279.json	/json/Top to connect customer service 24/7	Top to connect customer service 24/7		
assets/res/import/25/2545dc7c-d34d-480f-b8b8-8919735a9279.json	/json/Withdraw to BANK	Withdraw to BANK		
assets/res/import/25/2545dc7c-d34d-480f-b8b8-8919735a9279.json	/json/Withdraw to USDT	Withdraw to USDT		
assets/res/import/25/2545dc7c-d34d-480f-b8b8-8919735a9279.json	/json/Withdrawable Balance	Withdrawable Balance		
assets/res/import/25/2545dc7c-d34d-480f-b8b8-8919735a9279.json	/json/draw.emptyamount	Withdraw amount cannot be empty		
assets/res/import/25/2545dc7c-d34d-480f-b8b8-8919735a9279.json	/json/draw.lessthan	Withdraw amount cannot less than 		
assets/res/import/25/2545dc7c-d34d-480f-b8b8-8919735a9279.json	/json/draw.morethan	Withdraw amount cannot more than 		
assets/res/import/25/2545dc7c-d34d-480f-b8b8-8919735a9279.json	/json/draw.selectaccount	Please select a withdrawal account!		
assets/res/import/25/2545dc7c-d34d-480f-b8b8-8919735a9279.json	/json/Customer Service	Customer Service		
assets/res/import/25/2545dc7c-d34d-480f-b8b8-8919735a9279.json	/json/Download App	Download App		
assets/res/import/25/2545dc7c-d34d-480f-b8b8-8919735a9279.json	/json/feedback.success.content	Thank you for submitting the information,we will check the payment in 10 minutes,if any questions we will call you to help		
assets/res/import/25/2545dc7c-d34d-480f-b8b8-8919735a9279.json	/json/feedback.tips.utr	Please enter your UTR or UPI Ref No.		
assets/res/import/25/2545dc7c-d34d-480f-b8b8-8919735a9279.json	/json/bank.notmatch	The Bank account number does not match!		
assets/res/import/25/2545dc7c-d34d-480f-b8b8-8919735a9279.json	/json/bank.emptybank	Please fill in your Bank Account!		
assets/res/import/25/2545dc7c-d34d-480f-b8b8-8919735a9279.json	/json/bank.errifsc5	Payment bank or small finance bank not accept, please change your bank		
assets/res/import/25/2545dc7c-d34d-480f-b8b8-8919735a9279.json	/json/bank.errifsc6	This bank is not supported for withdrawals.Please verify another bank account.		
assets/res/import/25/2545dc7c-d34d-480f-b8b8-8919735a9279.json	/json/bank.verified	Your bank account details have been Verified!		
assets/res/import/25/2545dc7c-d34d-480f-b8b8-8919735a9279.json	/json/bank.underverify	Your bank account details have been submitted and is under verification.		
assets/res/import/25/2545dc7c-d34d-480f-b8b8-8919735a9279.json	/json/Bank Proof	Bank Proof		
assets/res/import/25/2545dc7c-d34d-480f-b8b8-8919735a9279.json	/json/Verify KYC Now_hint	Complete your KYC verification to unlock withdraws.		
assets/res/import/25/2545dc7c-d34d-480f-b8b8-8919735a9279.json	/json/bank_win_balance_hint	Tips: Withdrawable Balance = Winning Balance		
assets/res/import/25/2545dc7c-d34d-480f-b8b8-8919735a9279.json	/json/cheaer_fangkui_hinit	You have already submit a feedback ,please wait for the reply from customer service.		
assets/res/import/25/2545dc7c-d34d-480f-b8b8-8919735a9279.json	/json/PromoCode_6	Current deposit is {1}, please deposit at least {2} today before using this promo code.		
assets/res/import/25/2545dc7c-d34d-480f-b8b8-8919735a9279.json	/json/PromoCode_7	This promo code is currently unavailable.		
assets/res/import/25/2545dc7c-d34d-480f-b8b8-8919735a9279.json	/json/willwithdraw	Withdraw is usually processed in minutes		
assets/res/import/25/2545dc7c-d34d-480f-b8b8-8919735a9279.json	/json/DEPOSIT NOW	Deposit Now		
assets/res/import/25/2545dc7c-d34d-480f-b8b8-8919735a9279.json	/json/rank_xianzhi	Entry Criteria Deposit Min coin {1}		
assets/res/import/25/2545dc7c-d34d-480f-b8b8-8919735a9279.json	/json/rank_does_not_meet_the_threshold_hint1	You need deposit at least {1} today to join the leaderboard		
assets/res/import/25/2545dc7c-d34d-480f-b8b8-8919735a9279.json	/json/rank_does_not_meet_the_threshold_hint2	You need deposit at least {1} this week to join the leaderboard		
assets/res/import/25/2545dc7c-d34d-480f-b8b8-8919735a9279.json	/json/rank_does_not_meet_the_threshold_hint3	You need deposit at least {1} this month to join the leaderboard		
assets/res/import/25/2545dc7c-d34d-480f-b8b8-8919735a9279.json	/json/share_binwin_slogon	"Join me on {1} & start winning Real Cash Prizes today! 
 Click the link to download:{2}"		
assets/res/import/25/2545dc7c-d34d-480f-b8b8-8919735a9279.json	/json/Update Bonus	Update Bonus		
assets/res/import/25/2545dc7c-d34d-480f-b8b8-8919735a9279.json	/json/Payment Method	Payment Method		
assets/res/import/25/2545dc7c-d34d-480f-b8b8-8919735a9279.json	/json/Verify New Bank Account	Verify New Bank Account		
assets/res/import/25/2545dc7c-d34d-480f-b8b8-8919735a9279.json	/json/Verify New USDT(TRC20) Address	Verify New USDT(TRC20) Address		
assets/res/import/25/2545dc7c-d34d-480f-b8b8-8919735a9279.json	/json/buycard_tip4	Dear {1} member, this is your rewards today.		
assets/res/import/25/2545dc7c-d34d-480f-b8b8-8919735a9279.json	/json/Share to friends help get bonus	Share to friends help get bonus		
assets/res/import/25/2545dc7c-d34d-480f-b8b8-8919735a9279.json	/json/help you get cash	help you get cash		
assets/res/import/25/2545dc7c-d34d-480f-b8b8-8919735a9279.json	/json/EVENT_BONUS_RECORD_RTYPE_1	Referrals register bonus		
assets/res/import/25/2545dc7c-d34d-480f-b8b8-8919735a9279.json	/json/EVENT_BONUS_RECORD_RTYPE_2	Referrals deposit bonus		
assets/res/import/25/2545dc7c-d34d-480f-b8b8-8919735a9279.json	/json/EVENT_BONUS_RECORD_RTYPE_3	Referrals bet bonus		
assets/res/import/25/2545dc7c-d34d-480f-b8b8-8919735a9279.json	/json/EVENT_BONUS_RECORD_RTYPE_4	Task rewards		
assets/res/import/25/2545dc7c-d34d-480f-b8b8-8919735a9279.json	/json/EVENT_BONUS_RECORD_RTYPE_5	VIP level up bonus		
assets/res/import/25/2545dc7c-d34d-480f-b8b8-8919735a9279.json	/json/EVENT_BONUS_RECORD_RTYPE_7	Mail rewards		
assets/res/import/25/2545dc7c-d34d-480f-b8b8-8919735a9279.json	/json/EVENT_BONUS_RECORD_RTYPE_9	VIP weekly bonus		
assets/res/import/25/2545dc7c-d34d-480f-b8b8-8919735a9279.json	/json/EVENT_BONUS_RECORD_RTYPE_10	VIP monthly bonus		
assets/res/import/25/2545dc7c-d34d-480f-b8b8-8919735a9279.json	/json/EVENT_BONUS_RECORD_RTYPE_11	Deposit task bonus		
assets/res/import/25/2545dc7c-d34d-480f-b8b8-8919735a9279.json	/json/EVENT_BONUS_RECORD_RTYPE_12	Deposit		
assets/res/import/25/2545dc7c-d34d-480f-b8b8-8919735a9279.json	/json/EVENT_BONUS_RECORD_RTYPE_22	Game task bonus		
assets/res/import/25/2545dc7c-d34d-480f-b8b8-8919735a9279.json	/json/EVENT_BONUS_RECORD_RTYPE_23	Profit task bonus		
assets/res/import/25/2545dc7c-d34d-480f-b8b8-8919735a9279.json	/json/EVENT_BONUS_RECORD_RTYPE_33	Bet task bonus		
assets/res/import/25/2545dc7c-d34d-480f-b8b8-8919735a9279.json	/json/EVENT_BONUS_RECORD_RTYPE_34	Bonus to cash		
assets/res/import/25/2545dc7c-d34d-480f-b8b8-8919735a9279.json	/json/EVENT_BONUS_RECORD_RTYPE_35	Sign in bonus		
assets/res/import/25/2545dc7c-d34d-480f-b8b8-8919735a9279.json	/json/EVENT_BONUS_RECORD_RTYPE_36	Lucky spin bonus		
assets/res/import/25/2545dc7c-d34d-480f-b8b8-8919735a9279.json	/json/EVENT_BONUS_RECORD_RTYPE_37	Betting Cash back bonus		
assets/res/import/25/2545dc7c-d34d-480f-b8b8-8919735a9279.json	/json/EVENT_BONUS_RECORD_RTYPE_40	Member's first withdrawal balance transfer		
assets/res/import/25/2545dc7c-d34d-480f-b8b8-8919735a9279.json	/json/EVENT_BONUS_RECORD_RTYPE_42	Refer & Earn bonus		
assets/res/import/25/2545dc7c-d34d-480f-b8b8-8919735a9279.json	/json/EVENT_BONUS_RECORD_RTYPE_43	Promo code bonus		
assets/res/import/25/2545dc7c-d34d-480f-b8b8-8919735a9279.json	/json/EVENT_BONUS_RECORD_RTYPE_45	Share withdrawal		
assets/res/import/25/2545dc7c-d34d-480f-b8b8-8919735a9279.json	/json/EVENT_BONUS_RECORD_RTYPE_47	Lucky draw bonus		
assets/res/import/25/2545dc7c-d34d-480f-b8b8-8919735a9279.json	/json/EVENT_BONUS_RECORD_RTYPE_48	Lucky wheel bonus		
assets/res/import/25/2545dc7c-d34d-480f-b8b8-8919735a9279.json	/json/EVENT_BONUS_RECORD_RTYPE_49	Interest Bonus		
assets/res/import/25/2545dc7c-d34d-480f-b8b8-8919735a9279.json	/json/EVENT_BONUS_RECORD_RTYPE_50	Deposit offer voucher		
assets/res/import/25/2545dc7c-d34d-480f-b8b8-8919735a9279.json	/json/EVENT_BONUS_RECORD_RTYPE_52	CoinMania bonus		
assets/res/import/25/2545dc7c-d34d-480f-b8b8-8919735a9279.json	/json/EVENT_BONUS_RECORD_RTYPE_53	Web verify bonus		
assets/res/import/25/2545dc7c-d34d-480f-b8b8-8919735a9279.json	/json/EVENT_BONUS_RECORD_RTYPE_54	Return Rewards		
assets/res/import/25/2545dc7c-d34d-480f-b8b8-8919735a9279.json	/json/EVENT_BONUS_RECORD_RTYPE_55	Share Box bonus		
assets/res/import/25/2545dc7c-d34d-480f-b8b8-8919735a9279.json	/json/EVENT_BONUS_RECORD_RTYPE_56	Jackpot Lotto bonus		
assets/res/import/25/2545dc7c-d34d-480f-b8b8-8919735a9279.json	/json/EVENT_BONUS_RECORD_RTYPE_57	Game task bonus		
assets/res/import/25/2545dc7c-d34d-480f-b8b8-8919735a9279.json	/json/EVENT_BONUS_RECORD_RTYPE_58	Return bonus		
assets/res/import/25/2545dc7c-d34d-480f-b8b8-8919735a9279.json	/json/Share_Cash_Tip1	Only need <color=#fff152>{1}</c> to withdraw <color=#fff152>{2}</c>		
assets/res/import/25/2545dc7c-d34d-480f-b8b8-8919735a9279.json	/json/Share_Cash_Tip2	withdraw immediately!		
assets/res/import/25/2545dc7c-d34d-480f-b8b8-8919735a9279.json	/json/Share_Cash_Tip3	1.You can withdraw when your Activated cash reaches<size=33><color=#fff152>{1}</c></size>		
assets/res/import/25/2545dc7c-d34d-480f-b8b8-8919735a9279.json	/json/Share_Cash_Tip5	4.When your friends deposited,you will randomly get <size=33><color=#fff152>{1}</c></size>.(every time)		
assets/res/import/25/2545dc7c-d34d-480f-b8b8-8919735a9279.json	/json/Share_Cash_Tip9	5.When players deposited,you will randomly get 2X <size=33><color=#fff152>{1}</c></size>.		
assets/res/import/25/2545dc7c-d34d-480f-b8b8-8919735a9279.json	/json/Free Cash	Free Cash		
assets/res/import/25/2545dc7c-d34d-480f-b8b8-8919735a9279.json	/json/Share_Cash_Tip7	Cash has been send to wallet		
assets/res/import/25/2545dc7c-d34d-480f-b8b8-8919735a9279.json	/json/Edit Bank Card	Edit Bank Card		
assets/res/import/25/2545dc7c-d34d-480f-b8b8-8919735a9279.json	/json/charge_add_hinit_1	There are currently no payment channels available		
assets/res/import/25/2545dc7c-d34d-480f-b8b8-8919735a9279.json	/json/withdraw_Fee_tip	Insufficient Balance to pay Fee		
assets/res/import/25/2545dc7c-d34d-480f-b8b8-8919735a9279.json	/json/edit_amount	Edit Withdraw Amount		
assets/res/import/25/2545dc7c-d34d-480f-b8b8-8919735a9279.json	/json/draw_free_tip	Withdraw above {1} charge for 0 Fee		
assets/res/import/25/2545dc7c-d34d-480f-b8b8-8919735a9279.json	/json/Bonus value:	Bonus amount:		
assets/res/import/25/2545dc7c-d34d-480f-b8b8-8919735a9279.json	/json/EVENT_JH_T1	System deposit		
assets/res/import/25/2545dc7c-d34d-480f-b8b8-8919735a9279.json	/json/EVENT_JH_T2	System withdrawal		
assets/res/import/25/2545dc7c-d34d-480f-b8b8-8919735a9279.json	/json/EVENT_JH_T15	Deposit		
assets/res/import/25/2545dc7c-d34d-480f-b8b8-8919735a9279.json	/json/EVENT_JH_T29	Welcome bonus		
assets/res/import/25/2545dc7c-d34d-480f-b8b8-8919735a9279.json	/json/EVENT_JH_T34	Daily share bonus		
assets/res/import/25/2545dc7c-d34d-480f-b8b8-8919735a9279.json	/json/EVENT_JH_T47	Sign in bonus		
assets/res/import/25/2545dc7c-d34d-480f-b8b8-8919735a9279.json	/json/EVENT_JH_T127	Cash Back on Losses		
assets/res/import/25/2545dc7c-d34d-480f-b8b8-8919735a9279.json	/json/EVENT_JH_T136	Mail rewards		
assets/res/import/25/2545dc7c-d34d-480f-b8b8-8919735a9279.json	/json/EVENT_JH_T138	VIP Bonus		
assets/res/import/25/2545dc7c-d34d-480f-b8b8-8919735a9279.json	/json/EVENT_JH_T139	Other bonus		
assets/res/import/25/2545dc7c-d34d-480f-b8b8-8919735a9279.json	/json/EVENT_JH_T141	Deposit task bonus		
assets/res/import/25/2545dc7c-d34d-480f-b8b8-8919735a9279.json	/json/EVENT_JH_T142	Game task bonus		
assets/res/import/25/2545dc7c-d34d-480f-b8b8-8919735a9279.json	/json/EVENT_JH_T143	Profit task bonus		
assets/res/import/25/2545dc7c-d34d-480f-b8b8-8919735a9279.json	/json/EVENT_JH_T144	Bet task bonus		
assets/res/import/25/2545dc7c-d34d-480f-b8b8-8919735a9279.json	/json/EVENT_JH_T145	Bonus to cash		
assets/res/import/25/2545dc7c-d34d-480f-b8b8-8919735a9279.json	/json/EVENT_JH_T146	VIP weekly bonus		
assets/res/import/25/2545dc7c-d34d-480f-b8b8-8919735a9279.json	/json/EVENT_JH_T147	VIP monthly bonus		
assets/res/import/25/2545dc7c-d34d-480f-b8b8-8919735a9279.json	/json/EVENT_JH_T148	Deposit bonus		
assets/res/import/25/2545dc7c-d34d-480f-b8b8-8919735a9279.json	/json/EVENT_JH_T149	Daily leaderboard bonus		
assets/res/import/25/2545dc7c-d34d-480f-b8b8-8919735a9279.json	/json/EVENT_JH_T150	Weekly leaderboard bonus		
assets/res/import/25/2545dc7c-d34d-480f-b8b8-8919735a9279.json	/json/EVENT_JH_T151	Monthly leaderboard bonus		
assets/res/import/25/2545dc7c-d34d-480f-b8b8-8919735a9279.json	/json/EVENT_JH_T152	Referral leaderboard bonus		
assets/res/import/25/2545dc7c-d34d-480f-b8b8-8919735a9279.json	/json/EVENT_JH_T156	Refer & Earn bonus		
assets/res/import/25/2545dc7c-d34d-480f-b8b8-8919735a9279.json	/json/EVENT_JH_T157	Promo code bonus		
assets/res/import/25/2545dc7c-d34d-480f-b8b8-8919735a9279.json	/json/EVENT_JH_T158	Leaderboard buyin cashback		
assets/res/import/25/2545dc7c-d34d-480f-b8b8-8919735a9279.json	/json/EVENT_JH_T159	Daily card bonus		
assets/res/import/25/2545dc7c-d34d-480f-b8b8-8919735a9279.json	/json/EVENT_JH_T160	Free Cash		
assets/res/import/25/2545dc7c-d34d-480f-b8b8-8919735a9279.json	/json/EVENT_JH_T166	Lucky draw bonus		
assets/res/import/25/2545dc7c-d34d-480f-b8b8-8919735a9279.json	/json/EVENT_JH_T167	Lucky wheel bonus		
assets/res/import/25/2545dc7c-d34d-480f-b8b8-8919735a9279.json	/json/EVENT_JH_T171	Deposit Offer Voucher		
assets/res/import/25/2545dc7c-d34d-480f-b8b8-8919735a9279.json	/json/EVENT_JH_T178	Return Rewards		
assets/res/import/25/2545dc7c-d34d-480f-b8b8-8919735a9279.json	/json/EVENT_JH_T180	Jackpot Lotto		
assets/res/import/25/2545dc7c-d34d-480f-b8b8-8919735a9279.json	/json/EVENT_JH_T181	Game task bonus		
assets/res/import/25/2545dc7c-d34d-480f-b8b8-8919735a9279.json	/json/EVENT_JH_T182	Return bonus		
assets/res/import/25/2545dc7c-d34d-480f-b8b8-8919735a9279.json	/json/Bonus_unfreze_tit	Complete bet requirement to enjoy unlimited bonus		
assets/res/import/25/2545dc7c-d34d-480f-b8b8-8919735a9279.json	/json/Withdraw_unfreze_tit	Complete bet requirement to enjoy unlimited withdraw		
assets/res/import/25/2545dc7c-d34d-480f-b8b8-8919735a9279.json	/json/Withdraw_unfreze_rule	"1.All the amount that add to Cash must complete the same amount bet.
2.Complete all the bet requirement and enjoy unlimited withdraw."		
assets/res/import/25/2545dc7c-d34d-480f-b8b8-8919735a9279.json	/json/withdraw_limit_title	Withdrawal Limit Reached		
assets/res/import/25/2545dc7c-d34d-480f-b8b8-8919735a9279.json	/json/withdraw_limit_daily_title	Daily Withdrawal Limit Reached		
assets/res/import/25/2545dc7c-d34d-480f-b8b8-8919735a9279.json	/json/withdraw_limit_non_deposit_msg	"You have reached the withdrawal limit for non-deposit users.
Please make a deposit first to unlock a higher withdrawal limit."		
assets/res/import/25/2545dc7c-d34d-480f-b8b8-8919735a9279.json	/json/withdraw_limit_vip_msg	"Your current VIP level has reached its maximum withdrawal limit.
Upgrade your VIP level to enjoy a higher daily withdrawal allowance."		
assets/res/import/25/2545dc7c-d34d-480f-b8b8-8919735a9279.json	/json/Bonus_unfreze_rule	"1.All the amount that add to Bonus must complete the certain bet amount.
2.Data synchronization takes 2 minutes, please wait patiently.
3.Complete the requirement bet in event games to collect bonus and withdraw directly.
4.Complete the requirement bet in requirement time or it will out of time.
5.You can change the certain bet requirement queue by tapping 'Top' to collect the bonus."		
assets/res/import/25/2545dc7c-d34d-480f-b8b8-8919735a9279.json	/json/pts_board_templete	{1} won jackpot <color=#fff152>{2}</c> Cash		
assets/res/import/25/2545dc7c-d34d-480f-b8b8-8919735a9279.json	/json/pts_join_tip2	"Important:
 Higher participate amount get higher winning rate.
 Jackpot prize will directly send to your CASH."		
assets/res/import/25/2545dc7c-d34d-480f-b8b8-8919735a9279.json	/json/Bonus Receive	Bonus Receive		
assets/res/import/25/2545dc7c-d34d-480f-b8b8-8919735a9279.json	/json/pts_exchange_tip1	"Important:
 Higher exchange amount get higher exchange rate.
 Exchange amount will directly send to your BONUS."		
assets/res/import/25/2545dc7c-d34d-480f-b8b8-8919735a9279.json	/json/pts_ex_board	{1} exchanges <color=#fff152>{2}</c> Bonus		
assets/res/import/25/2545dc7c-d34d-480f-b8b8-8919735a9279.json	/json/vip_rule_1	The bigger the deposit amount, the higher the increase in VIP level,and you can reach higher levels.		
assets/res/import/25/2545dc7c-d34d-480f-b8b8-8919735a9279.json	/json/vip_rule_2	The higher your VIP level,the higher your weekly and monthly bonuses! Plus, you'll receive a bigger level-up bonus.		
assets/res/import/25/2545dc7c-d34d-480f-b8b8-8919735a9279.json	/json/Verify Bank Account	Verify Bank Account		
assets/res/import/25/2545dc7c-d34d-480f-b8b8-8919735a9279.json	/json/win_tips1	You have cashed out!		
assets/res/import/25/2545dc7c-d34d-480f-b8b8-8919735a9279.json	/json/Cash out	Cash out		
assets/res/import/25/2545dc7c-d34d-480f-b8b8-8919735a9279.json	/json/Auto Cash Out	Auto Cash Out		
assets/res/import/25/2545dc7c-d34d-480f-b8b8-8919735a9279.json	/json/Please Select Bank	Please Select Bank		
assets/res/import/25/2545dc7c-d34d-480f-b8b8-8919735a9279.json	/json/Verify E-Wallets Account	Verify {1} Account		
assets/res/import/25/2545dc7c-d34d-480f-b8b8-8919735a9279.json	/json/Verify E-Wallets Address	Verify {1} Address		
assets/res/import/25/2545dc7c-d34d-480f-b8b8-8919735a9279.json	/json/ewallte_hint_3	Withdraw to {1}		
assets/res/import/25/2545dc7c-d34d-480f-b8b8-8919735a9279.json	/json/Rakeback bonus	Cashback Bonus		
assets/res/import/25/2545dc7c-d34d-480f-b8b8-8919735a9279.json	/json/select_ewalltes	Please select the E-wallet name		
assets/res/import/25/2545dc7c-d34d-480f-b8b8-8919735a9279.json	/json/quickpay_sel	Select payment method		
assets/res/import/25/2545dc7c-d34d-480f-b8b8-8919735a9279.json	/json/PromoCode_9	This promo code is only valid for players who registered between {1} and {2}.		
assets/res/import/25/2545dc7c-d34d-480f-b8b8-8919735a9279.json	/json/PromoCode_10	One more step to enjoy this promo code bonus: Please verify your mobile number.		
assets/res/import/25/2545dc7c-d34d-480f-b8b8-8919735a9279.json	/json/lb_tip_cont	"Now you are ranking {1}
Current points {2}
Get another {3} points to active the {4} bonus"		
assets/res/import/25/2545dc7c-d34d-480f-b8b8-8919735a9279.json	/json/vip_get_tip1	You haven't deposited {1} within the last {2} days.Please deposit at least {3} today to continue claiming your bonus.current deposit is {4}		
assets/res/import/25/2545dc7c-d34d-480f-b8b8-8919735a9279.json	/json/withdraw_maintain	Daily financial maintenance time {1}-{2} Please apply for withdrawal after {3}		
assets/res/import/25/2545dc7c-d34d-480f-b8b8-8919735a9279.json	/json/download_go	{1} has download success,join this game right now?		
assets/res/import/25/2545dc7c-d34d-480f-b8b8-8919735a9279.json	/json/usdt_step1	"STEP1:
Copy the address or scan the QR code"		
assets/res/import/25/2545dc7c-d34d-480f-b8b8-8919735a9279.json	/json/reg_actype2	registration and deposition		
assets/res/import/25/2545dc7c-d34d-480f-b8b8-8919735a9279.json	/json/PromoCode_11	Current deposit is {1}, please deposit at least {2} after the promo code is released before using it.		
assets/res/import/25/2545dc7c-d34d-480f-b8b8-8919735a9279.json	/json/PromoCode_12	You are not eligible to claim this promo code. Please try another one.		
assets/res/import/25/2545dc7c-d34d-480f-b8b8-8919735a9279.json	/json/LuckyDraw_11	Please deposit at least {1} after {2} is released to start {3}.		
assets/res/import/25/2545dc7c-d34d-480f-b8b8-8919735a9279.json	/json/LuckyDraw_10	One more step to start {1}: Please verify your mobile number.		
assets/res/import/25/2545dc7c-d34d-480f-b8b8-8919735a9279.json	/json/LuckyDraw_6	Please deposit at least {1} today to start {2}.		
assets/res/import/25/2545dc7c-d34d-480f-b8b8-8919735a9279.json	/json/LuckSpin_t2	Deposit {1} to get {2} spin		
assets/res/import/25/2545dc7c-d34d-480f-b8b8-8919735a9279.json	/json/luckSpin_rule	"1. There are four(4) levels of lucky wheels: Silver,Gold,Diamond and Special. Unlock the spins of each lucky wheel by depositing. The higher level of lucky wheel, the bigger rewards.

2. 100% opportunity to win rewards in each spin.

3. All rewards directly goes to your gaming account,complete betting requirement to withdraw.

4. All rights of the activity reserved by {1},contact customer service for any questions."		
assets/res/import/25/2545dc7c-d34d-480f-b8b8-8919735a9279.json	/json/luckyspin_tip2	complete the deposit task to participate in the wheel spin activity and win up to 5000+		
assets/res/import/25/2545dc7c-d34d-480f-b8b8-8919735a9279.json	/json/interest_txt2	* For the safety of your funds,you need to set a withdrawal password first!		
assets/res/import/25/2545dc7c-d34d-480f-b8b8-8919735a9279.json	/json/Withdrawal Password	Withdrawal Password		
assets/res/import/25/2545dc7c-d34d-480f-b8b8-8919735a9279.json	/json/interest_txt_pw	New Withdrawal Password		
assets/res/import/25/2545dc7c-d34d-480f-b8b8-8919735a9279.json	/json/interest_pw_ag	Confirm New Withdrawal Password		
assets/res/import/25/2545dc7c-d34d-480f-b8b8-8919735a9279.json	/json/interest_next	After this deposit,the first interest generation will occur at:{1}		
assets/res/import/25/2545dc7c-d34d-480f-b8b8-8919735a9279.json	/json/interest_tip5	The minimum deposit amount is {1}		
assets/res/import/25/2545dc7c-d34d-480f-b8b8-8919735a9279.json	/json/interest_tip9	You do not have enough withdrawable balance 		
assets/res/import/25/2545dc7c-d34d-480f-b8b8-8919735a9279.json	/json/interest_txt_dp	Gullak Deposit Amount		
assets/res/import/25/2545dc7c-d34d-480f-b8b8-8919735a9279.json	/json/interest_recomd	DEPOSIT IN GULLAK EARN UP TO {1} INTEREST		
assets/res/import/25/2545dc7c-d34d-480f-b8b8-8919735a9279.json	/json/Download Success!	Download Success!		
assets/res/import/25/2545dc7c-d34d-480f-b8b8-8919735a9279.json	/json/lucky_wheel_gift	Congratulations on winning the prize! You can contact us to claim your reward.		
assets/res/import/25/2545dc7c-d34d-480f-b8b8-8919735a9279.json	/json/Deposit Feedback	Deposit Feedback		
assets/res/import/25/2545dc7c-d34d-480f-b8b8-8919735a9279.json	/json/d_f_title	How to make a deposit feedback		
assets/res/import/25/2545dc7c-d34d-480f-b8b8-8919735a9279.json	/json/Withdraw Feedback	Withdraw Feedback		
assets/res/import/25/2545dc7c-d34d-480f-b8b8-8919735a9279.json	/json/d_w_title	How to make a withdraw feedback		
assets/res/import/25/2545dc7c-d34d-480f-b8b8-8919735a9279.json	/json/Sign_T5	Please deposit at least {1}.		
assets/res/import/25/2545dc7c-d34d-480f-b8b8-8919735a9279.json	/json/inrEwalltes_biaoti	Enter your valid INR Wallet Address		
assets/res/import/25/2545dc7c-d34d-480f-b8b8-8919735a9279.json	/json/inrEwalltes_neirong	INR Wallet once added can't be changed later		
assets/res/import/25/2545dc7c-d34d-480f-b8b8-8919735a9279.json	/json/UPAY wallet Account Number	UPAY wallet Account Number		
assets/res/import/25/2545dc7c-d34d-480f-b8b8-8919735a9279.json	/json/My INR Wallet Address	My INR Wallet Address		
assets/res/import/25/2545dc7c-d34d-480f-b8b8-8919735a9279.json	/json/Modify_UPAY_Addr	Enter your UPAY wallet Account Number		
assets/res/import/25/2545dc7c-d34d-480f-b8b8-8919735a9279.json	/json/Withdraw to INR Wallet	Withdraw to INR Wallet		
assets/res/import/25/2545dc7c-d34d-480f-b8b8-8919735a9279.json	/json/sms_tip4	Too many times failed,please verify your mobile number after 24 hours.		
assets/res/import/25/2545dc7c-d34d-480f-b8b8-8919735a9279.json	/json/feedback_tip2	Upload the payment picture with UTR		
assets/res/import/25/2545dc7c-d34d-480f-b8b8-8919735a9279.json	/json/feedback_tip2_bl	Upload the payment picture with Transaction ID		
assets/res/import/25/2545dc7c-d34d-480f-b8b8-8919735a9279.json	/json/feedback_tip5	2. Contact our Online customer service to offer your bank statement		
assets/res/import/25/2545dc7c-d34d-480f-b8b8-8919735a9279.json	/json/Promo_des1	"1 Minimum Deposit:{1}
2 Get Extra {2}"		
assets/res/import/25/2545dc7c-d34d-480f-b8b8-8919735a9279.json	/json/Vocher_sel	Please select your deposit offer voucher		
assets/res/import/25/2545dc7c-d34d-480f-b8b8-8919735a9279.json	/json/Download_pro	Download:{1}		
assets/res/import/25/2545dc7c-d34d-480f-b8b8-8919735a9279.json	/json/Vocher_mini_deposit	This voucher requires a minimum deposit amount of {1}		
assets/res/import/25/2545dc7c-d34d-480f-b8b8-8919735a9279.json	/json/VocherCode_6	Current deposit is {1}, please deposit at least {2} today before using this voucher code.		
assets/res/import/25/2545dc7c-d34d-480f-b8b8-8919735a9279.json	/json/VocherCode_10	One more step to enjoy this voucher code: Please verify your mobile number.		
assets/res/import/25/2545dc7c-d34d-480f-b8b8-8919735a9279.json	/json/VocherCode_11	Current deposit is {1}, please deposit at least {2} after the voucher code is released before using it.		
assets/res/import/25/2545dc7c-d34d-480f-b8b8-8919735a9279.json	/json/Input promo code	Input promo code		
assets/res/import/25/2545dc7c-d34d-480f-b8b8-8919735a9279.json	/json/Vocher_get	Join to Get Promo Code & Voucher		
assets/res/import/25/2545dc7c-d34d-480f-b8b8-8919735a9279.json	/json/past_tip	Paste promo code from clipboard		
assets/res/import/25/2545dc7c-d34d-480f-b8b8-8919735a9279.json	/json/bind_name_tip1	Make sure the name your input exactly match with your Bank/Wallet account name		
assets/res/import/25/2545dc7c-d34d-480f-b8b8-8919735a9279.json	/json/Avaitor_share_slogan	"Unbelievable Winnings at {1} 
 Bet:{2} 
 Cash out:{3} 
 Win:{4} 
 Now join me at {5} and win the same multiple also share the daily 1 million leaderboard prize together!"		
assets/res/import/25/2545dc7c-d34d-480f-b8b8-8919735a9279.json	/json/charge_with_voucher	You do not have enough cash,use the voucher to complete your deposit and start to win.		
assets/res/import/25/2545dc7c-d34d-480f-b8b8-8919735a9279.json	/json/Avaitor_leaderboard	" 1 Daily leaderboard prize:{1}. 
 2 Prize the first {2} ranking players and rewards directly to your CASH. 
 3 Rewards will be released at 0:10 AM. 
 4 leaderboard updates every 15 minutes"		
assets/res/import/25/2545dc7c-d34d-480f-b8b8-8919735a9279.json	/json/deposit_voucher_availd	There is a deposit offer voucher available, check it out now		
assets/res/import/25/2545dc7c-d34d-480f-b8b8-8919735a9279.json	/json/bind_name_tip3	Make sure the name your input exactly match with your Bank/GCash account name		
assets/res/import/25/2545dc7c-d34d-480f-b8b8-8919735a9279.json	/json/channel_tips_amount	This deposit amount is unavailable,try other amount please!		
assets/res/import/25/2545dc7c-d34d-480f-b8b8-8919735a9279.json	/json/code_des	Special promo code reward		
assets/res/import/25/2545dc7c-d34d-480f-b8b8-8919735a9279.json	/json/feedback_tip6	Upload the payment picture		
assets/res/import/25/2545dc7c-d34d-480f-b8b8-8919735a9279.json	/json/shop_magtips	Manage bank account & Wallets account		
assets/res/import/25/2545dc7c-d34d-480f-b8b8-8919735a9279.json	/json/rd_voCode	Promo Code & Voucher		
assets/res/import/25/2545dc7c-d34d-480f-b8b8-8919735a9279.json	/json/Deposit voucher	Deposit voucher		
assets/res/import/25/2545dc7c-d34d-480f-b8b8-8919735a9279.json	/json/max_rew	3 Maximum Rewards {1}		
assets/res/import/25/2545dc7c-d34d-480f-b8b8-8919735a9279.json	/json/rep_his_succ	Your feedback has successfully solved by customer service!		
assets/res/import/25/2545dc7c-d34d-480f-b8b8-8919735a9279.json	/json/UONO Verify	UONO Verify		
assets/res/import/25/2545dc7c-d34d-480f-b8b8-8919735a9279.json	/json/Verify_t2	Verify exclusively with		
assets/res/import/25/2545dc7c-d34d-480f-b8b8-8919735a9279.json	/json/Verify_t3	Press 'Verify' to verify your APP. or press 'Ignore' to skip the verification.		
assets/res/import/25/2545dc7c-d34d-480f-b8b8-8919735a9279.json	/json/Verify_t5	Verify		
assets/res/import/25/2545dc7c-d34d-480f-b8b8-8919735a9279.json	/json/Verify	Verify		
assets/res/import/25/2545dc7c-d34d-480f-b8b8-8919735a9279.json	/json/Active_mania_receive_VIP_tips	There are free times to be claimed.Go and claim your VIP upgrade rewards now.		
assets/res/import/25/2545dc7c-d34d-480f-b8b8-8919735a9279.json	/json/phone_sec_otp	For your account funds safety,please verify your mobile number again.OTP will be sent to your mobile number		
assets/res/import/25/2545dc7c-d34d-480f-b8b8-8919735a9279.json	/json/bank_verify_tip	"We noticed that your last withdrawal to the following bank account was not successful. 
Please confirm or update your bank details."		
assets/res/import/25/2545dc7c-d34d-480f-b8b8-8919735a9279.json	/json/withdraw_lock_tip	"Tips
Withdrawals are blocked for this bank account,the reason are as following: {1}"		
assets/res/import/25/2545dc7c-d34d-480f-b8b8-8919735a9279.json	/json/withdraw_bank_not_supported_tip	"Tips
This bank is not supported for withdrawal right now.
Please choose another bank account to withdrawal."		
assets/res/import/25/2545dc7c-d34d-480f-b8b8-8919735a9279.json	/json/The best slots machine in {1}	The best slots machine in {1}		
assets/res/import/25/2545dc7c-d34d-480f-b8b8-8919735a9279.json	/json/EVENT_JH_T175	UONO Verify		
assets/res/import/25/2545dc7c-d34d-480f-b8b8-8919735a9279.json	/json/upaywalltes_biaoti	Enter your valid UPAY wallet Address		
assets/res/import/25/2545dc7c-d34d-480f-b8b8-8919735a9279.json	/json/My UPAY Wallet Address	My UPAY Wallet Address		
assets/res/import/25/2545dc7c-d34d-480f-b8b8-8919735a9279.json	/json/Verify UPAY Wallets Address	Verify UPAY Wallets Address		
assets/res/import/25/2545dc7c-d34d-480f-b8b8-8919735a9279.json	/json/Withdraw to UPAY Wallet	Withdraw to UPAY Wallet		
assets/res/import/25/2545dc7c-d34d-480f-b8b8-8919735a9279.json	/json/Return Rewards	Return Rewards		
assets/res/import/25/2545dc7c-d34d-480f-b8b8-8919735a9279.json	/json/Invite Reward Chest	Invite Reward Chest		
assets/res/import/25/2545dc7c-d34d-480f-b8b8-8919735a9279.json	/json/my_direct_invites	My Direct Invites		
assets/res/import/25/2545dc7c-d34d-480f-b8b8-8919735a9279.json	/json/rich_subordinates_statistics	<color=#ffde00>Invite:{1}</color>(<color=#ffde00>Valid Invite:{2}</color>)		
assets/res/import/25/2545dc7c-d34d-480f-b8b8-8919735a9279.json	/json/invite_bonus_condition	"Promotion
<color=#ffde00>{1}</color> Player"		
assets/res/import/25/2545dc7c-d34d-480f-b8b8-8919735a9279.json	/json/invite_bonus_condition_plural	"Promotion
<color=#ffde00>{1}</color> Players"		
assets/res/import/25/2545dc7c-d34d-480f-b8b8-8919735a9279.json	/json/invite_bonus_details_tips	What is a valid invite/referral? (Meet the following conditions)		
assets/res/import/25/2545dc7c-d34d-480f-b8b8-8919735a9279.json	/json/Accumulated deposits by referrals:	Accumulated deposits by referrals:		
assets/res/import/25/2545dc7c-d34d-480f-b8b8-8919735a9279.json	/json/About Invite Reward Chest	About Invite Reward Chest		
assets/res/import/25/2545dc7c-d34d-480f-b8b8-8919735a9279.json	/json/Please invite {1} valid player to open the chest.	Please invite {1} valid player to open the chest.		
assets/res/import/25/2545dc7c-d34d-480f-b8b8-8919735a9279.json	/json/Deposit Credited	Deposit Credited		
assets/res/import/25/2545dc7c-d34d-480f-b8b8-8919735a9279.json	/json/Withdraw Credited	Withdraw Credited		
assets/res/import/25/2545dc7c-d34d-480f-b8b8-8919735a9279.json	/json/Withdrawal Refund	Withdrawal Refund		
assets/res/import/25/2545dc7c-d34d-480f-b8b8-8919735a9279.json	/json/widhtdraw_board_tip1	Check your bank balance!		
assets/res/import/25/2545dc7c-d34d-480f-b8b8-8919735a9279.json	/json/widhtdraw_board_tip2	withdraw again anytime!		
assets/res/import/25/2545dc7c-d34d-480f-b8b8-8919735a9279.json	/json/If you withdraw, you will lose the opportunity to compete!	If you withdraw, you will lose the opportunity to compete!		
assets/res/import/25/2545dc7c-d34d-480f-b8b8-8919735a9279.json	/json/Set Payment PIN	Set Payment PIN		
assets/res/import/25/2545dc7c-d34d-480f-b8b8-8919735a9279.json	/json/Forgot your payment PIN	Forgot your payment PIN		
assets/res/import/25/2545dc7c-d34d-480f-b8b8-8919735a9279.json	/json/Create_Payment_PIN_tip	"Create Payment PIN
Enter a 6-digit numeric PIN."		
assets/res/import/25/2545dc7c-d34d-480f-b8b8-8919735a9279.json	/json/Confirm_Payment_PIN_tip	"Confirm Payment PIN
Re-enter your Payment PIN."		
assets/res/import/25/2545dc7c-d34d-480f-b8b8-8919735a9279.json	/json/Re-enter your Payment PIN.	Re-enter your Payment PIN.		
assets/res/import/25/2545dc7c-d34d-480f-b8b8-8919735a9279.json	/json/These answers will help you reset your Payment PIN if you forget it.	These answers will help you reset your Payment PIN if you forget it.		
assets/res/import/25/2545dc7c-d34d-480f-b8b8-8919735a9279.json	/json/Please enter your 6-digit Payment PIN to confirm withdrawal.	Please enter your 6-digit Payment PIN to confirm withdrawal.		
assets/res/import/25/2545dc7c-d34d-480f-b8b8-8919735a9279.json	/json/Please answer all the security questions to reset payment PIN.	Please answer all the security questions to reset payment PIN.		
assets/res/import/25/2545dc7c-d34d-480f-b8b8-8919735a9279.json	/json/Modify Payment PIN	Modify Payment PIN		
assets/res/import/25/2545dc7c-d34d-480f-b8b8-8919735a9279.json	/json/PIN does not match. Please Re-enter your Payment PIN.	PIN does not match. Please Re-enter your Payment PIN.		
assets/res/import/25/2545dc7c-d34d-480f-b8b8-8919735a9279.json	/json/Withdrawals are temporarily unavailable for 30 minutes.	Withdrawals are temporarily unavailable for 30 minutes.		
assets/res/import/25/2545dc7c-d34d-480f-b8b8-8919735a9279.json	/json/paymentpin_settips	For your security, please set a 6-digit Payment PIN. This PIN is required only for withdrawals and needs to be set once.		
assets/res/import/25/2545dc7c-d34d-480f-b8b8-8919735a9279.json	/json/Input Payment PIN	Input Payment PIN		
assets/res/import/25/2545dc7c-d34d-480f-b8b8-8919735a9279.json	/json/paymentpin_modifytips	Too many incorrect attempts. Withdrawals are temporarily unavailable for 30 minutes. You can reset your Payment PIN now.		
assets/res/import/25/2545dc7c-d34d-480f-b8b8-8919735a9279.json	/json/question_answer_tips	Too many incorrect attempts. Payment PIN reset are temporarily unavailable for 10 minutes.		
assets/res/import/25/2545dc7c-d34d-480f-b8b8-8919735a9279.json	/json/Earn Lotto Tickets by Completing Tasks	Earn Lotto Tickets by Completing Tasks		
assets/res/import/25/2545dc7c-d34d-480f-b8b8-8919735a9279.json	/json/Activate Jackpot Lotto	Activate Jackpot Lotto		
assets/res/import/25/2545dc7c-d34d-480f-b8b8-8919735a9279.json	/json/Deposit More, Earn More Tickets	Deposit More, Earn More Tickets		
assets/res/import/25/2545dc7c-d34d-480f-b8b8-8919735a9279.json	/json/Bonus Tickets for Bigger Deposits	Bonus Tickets for Bigger Deposits		
assets/res/import/25/2545dc7c-d34d-480f-b8b8-8919735a9279.json	/json/Lotto draw results	Lotto draw results		
assets/res/import/25/2545dc7c-d34d-480f-b8b8-8919735a9279.json	/json/My Lotto Tickets	My Lotto Tickets		
assets/res/import/25/2545dc7c-d34d-480f-b8b8-8919735a9279.json	/json/My Lotto Tickets({1}/{2})	My Lotto Tickets({1}/{2})		
assets/res/import/25/2545dc7c-d34d-480f-b8b8-8919735a9279.json	/json/Deposit {1}+ to activate Jackpot Lotto	Deposit {1}+ to activate Jackpot Lotto		
assets/res/import/25/2545dc7c-d34d-480f-b8b8-8919735a9279.json	/json/Earn tickets by playing and depositing	Earn tickets by playing and depositing		
assets/res/import/25/2545dc7c-d34d-480f-b8b8-8919735a9279.json	/json/Min {1} deposit = +{2} Lotto Ticket	Min {1} deposit = +{2} Lotto Ticket		
assets/res/import/25/2545dc7c-d34d-480f-b8b8-8919735a9279.json	/json/Every {1} valid bets = +{2} Lotto Ticket	Every {1} valid bets = +{2} Lotto Ticket		
assets/res/import/25/2545dc7c-d34d-480f-b8b8-8919735a9279.json	/json/Deposit More, Earn More Tickets({1}/{2})	Deposit More, Earn More Tickets({1}/{2})		
assets/res/import/25/2545dc7c-d34d-480f-b8b8-8919735a9279.json	/json/JackpotLottoRule	How Jackpot Lotto Works		
assets/res/import/25/2545dc7c-d34d-480f-b8b8-8919735a9279.json	/json/Deposit ≥ {1}	Deposit ≥ {1}		
assets/res/import/25/2545dc7c-d34d-480f-b8b8-8919735a9279.json	/json/JackpotLottoShareWon	"{1}  Jackpot Lotto 

I just won from the Daily Prize Pool!

{2} Prize
{3}

Real Winners, Real Rewards
Today I'm the winner - Tomorrow it could be YOU!

Fair Draw, Transparent System, Join Now!"		
assets/res/import/25/2545dc7c-d34d-480f-b8b8-8919735a9279.json	/json/JackpotLottoSharePool	"{1} Jackpot Lotto 

One player just won from the Daily Prize Pool 
Total Prize Pool: {2}

Real Winners, Real Rewards

Fair Draw · Transparent System

Today someone wins — tomorrow it could be YOU or ME!

Join now, check the details, and get your tickets"		
assets/res/import/25/2545dc7c-d34d-480f-b8b8-8919735a9279.json	/json/Withdraw to BGCASH Wallet	Withdraw to BGCASH Wallet		
assets/res/import/25/2545dc7c-d34d-480f-b8b8-8919735a9279.json	/json/Verify BGCASH Wallet Address	Verify BGCASH Wallet Address		
assets/res/import/25/2545dc7c-d34d-480f-b8b8-8919735a9279.json	/json/vayuwalltes_biaoti	Enter your valid BGCASH Wallet address		
assets/res/import/25/2545dc7c-d34d-480f-b8b8-8919735a9279.json	/json/My BGCASH Wallet Address	My BGCASH Wallet Address		
assets/res/import/25/2545dc7c-d34d-480f-b8b8-8919735a9279.json	/json/Lotto_hall_tip1	You won a JACKPOT LOTTO prize on {1}! Tap Claim to receive your reward.		
assets/res/import/25/2545dc7c-d34d-480f-b8b8-8919735a9279.json	/json/task_comp_all	Complete all tasks to claim rewards		
assets/res/import/25/2545dc7c-d34d-480f-b8b8-8919735a9279.json	/json/Bind_TG_Bot_Desc	connect your telegram account to your games uid for daily lucky draw,notice and rewards		
assets/res/import/25/2545dc7c-d34d-480f-b8b8-8919735a9279.json	/json/My Lotto Tickets:	My Lotto Tickets:		
assets/res/import/25/2545dc7c-d34d-480f-b8b8-8919735a9279.json	/json/Lotto_hall_tip2	The Jackpot Lotto for {1} has been drawn. Go check it out now!		
assets/res/import/25/2545dc7c-d34d-480f-b8b8-8919735a9279.json	/json/ReturnBonus_tip2	Login to claim today's rewards.		
assets/res/import/25/2545dc7c-d34d-480f-b8b8-8919735a9279.json	/json/CleanIdleGamesTip	Delete downloaded games you have not played in the last 7 days?		
assets/res/import/86/86314311-139d-40de-ad0c-94721f20af3c.json	/0/_name	ShopWalletHintSafe	ShopWalletHintSafe	cc.Prefab
assets/res/import/86/86314311-139d-40de-ad0c-94721f20af3c.json	/0/_name	ShopWalletHintSafe		
assets/res/import/86/86314311-139d-40de-ad0c-94721f20af3c.json	/1/_name	ShopWalletHintAmount	ShopWalletHintAmount	cc.Node
assets/res/import/86/86314311-139d-40de-ad0c-94721f20af3c.json	/1/_name	ShopWalletHintAmount		
assets/res/import/86/86314311-139d-40de-ad0c-94721f20af3c.json	/2/_components/0/_string	Money that you can deposit in and withdraw out for responsible gaming		cc.Label
assets/res/import/86/86314311-139d-40de-ad0c-94721f20af3c.json	/2/_components/0/_N$string	Money that you can deposit in and withdraw out for responsible gaming		cc.Label
assets/res/import/86/86314311-139d-40de-ad0c-94721f20af3c.json	/2/_components/0/_string	Money that you can deposit in and withdraw out for responsible gaming		
assets/res/import/86/86314311-139d-40de-ad0c-94721f20af3c.json	/2/_components/0/_N$string	Money that you can deposit in and withdraw out for responsible gaming		
assets/res/import/86/86314311-139d-40de-ad0c-94721f20af3c.json	/2/_components/1/_srcKey	Money that you can deposit in and withdraw out for responsible gaming		aaffabCRcpLyqXd9ReiHVw6
assets/res/import/86/86314311-139d-40de-ad0c-94721f20af3c.json	/2/_components/1/_srcKey	Money that you can deposit in and withdraw out for responsible gaming		
assets/res/import/43/43a299bf-7883-4455-9222-da7080819d45.json	/0/_name	LMSlots_Loading_Bottom	LMSlots_Loading_Bottom	cc.Prefab
assets/res/import/43/43a299bf-7883-4455-9222-da7080819d45.json	/0/_name	LMSlots_Loading_Bottom		
assets/res/import/43/43a299bf-7883-4455-9222-da7080819d45.json	/1/_name	LMSlots_Loading_Bottom	LMSlots_Loading_Bottom	cc.Node
assets/res/import/43/43a299bf-7883-4455-9222-da7080819d45.json	/1/_name	LMSlots_Loading_Bottom		
assets/res/import/75/7503657e-d8d3-4aeb-be19-5398f90dacd8.json	/12/_name	download	download	cc.Node
assets/res/import/75/7503657e-d8d3-4aeb-be19-5398f90dacd8.json	/12/_name	download		
assets/res/import/75/7503657e-d8d3-4aeb-be19-5398f90dacd8.json	/14/_name	download_fail	download_fail	cc.Node
assets/res/import/75/7503657e-d8d3-4aeb-be19-5398f90dacd8.json	/14/_name	download_fail		
assets/res/import/2d/2d0ef9d2-19b8-4c62-a4a2-2bbbd15dc2c4.json	/_name	slot_win	slot_win	cc.AudioClip
assets/res/import/2d/2d0ef9d2-19b8-4c62-a4a2-2bbbd15dc2c4.json	/_name	slot_win		
assets/res/import/1c/1cec6345-6052-4127-9ce5-0a2b4b4bbfc2.json	/content/name	icon_bank		
assets/res/import/7e/7e62b4c5-d26c-4b35-ae11-6ad75435a820.json	/0/_name	LMSlots_Bottom	LMSlots_Bottom	cc.Prefab
assets/res/import/7e/7e62b4c5-d26c-4b35-ae11-6ad75435a820.json	/0/_name	LMSlots_Bottom		
assets/res/import/7e/7e62b4c5-d26c-4b35-ae11-6ad75435a820.json	/1/_name	LMSlots_Bottom	LMSlots_Bottom	cc.Node
assets/res/import/7e/7e62b4c5-d26c-4b35-ae11-6ad75435a820.json	/1/_name	LMSlots_Bottom		
assets/res/import/cc/cc70dba0-8324-46af-a5f1-3758dd746da6.json	/10/_name	yd_float_service	yd_float_service	cc.Node
assets/res/import/cc/cc70dba0-8324-46af-a5f1-3758dd746da6.json	/10/_name	yd_float_service		
assets/res/import/b1/b1442153-d49f-42fd-9240-440c2c91555f.json	/content/name	paytable_button1_1_in		
assets/res/import/8b/8b6a8e14-ba3e-48a1-8add-0f77c065abdc.json	/content/name	paytable_button1_2		
assets/res/import/b0/b08bec7b-b06b-4504-805c-48c87bea1da6.json	/6/_components/0/_string	SCAN & DOWNLOAD AND WIN WITH ME.		cc.Label
assets/res/import/b0/b08bec7b-b06b-4504-805c-48c87bea1da6.json	/6/_components/0/_N$string	SCAN & DOWNLOAD AND WIN WITH ME.		cc.Label
assets/res/import/b0/b08bec7b-b06b-4504-805c-48c87bea1da6.json	/6/_components/0/_string	SCAN & DOWNLOAD AND WIN WITH ME.		
assets/res/import/b0/b08bec7b-b06b-4504-805c-48c87bea1da6.json	/6/_components/0/_N$string	SCAN & DOWNLOAD AND WIN WITH ME.		
assets/res/import/b0/b08bec7b-b06b-4504-805c-48c87bea1da6.json	/7/_components/0/_string	https://www.philslotsagent.com		cc.Label
assets/res/import/b0/b08bec7b-b06b-4504-805c-48c87bea1da6.json	/7/_components/0/_N$string	https://www.philslotsagent.com		cc.Label
assets/res/import/b0/b08bec7b-b06b-4504-805c-48c87bea1da6.json	/7/_components/0/_string	https://www.philslotsagent.com		
assets/res/import/b0/b08bec7b-b06b-4504-805c-48c87bea1da6.json	/7/_components/0/_N$string	https://www.philslotsagent.com		
assets/res/import/b0/b091d4bf-2b94-4d57-bebf-a18f5a161481.json	/content/name	download		
assets/res/import/d8/d883e5e5-23f8-4471-9cd9-611c39936ec8.json	/content/name	promocode_t		
assets/res/import/ce/ceec4cbf-dec7-47bd-b7b9-fc21956fbafa.json	/10/_name	node_bank	node_bank	cc.Node
assets/res/import/ce/ceec4cbf-dec7-47bd-b7b9-fc21956fbafa.json	/10/_name	node_bank		
assets/res/import/ce/ceec4cbf-dec7-47bd-b7b9-fc21956fbafa.json	/11/_components/0/_string	Please Select E-Wallet		cc.Label
assets/res/import/ce/ceec4cbf-dec7-47bd-b7b9-fc21956fbafa.json	/11/_components/0/_N$string	Please Select E-Wallet		cc.Label
assets/res/import/ce/ceec4cbf-dec7-47bd-b7b9-fc21956fbafa.json	/11/_components/0/_string	Please Select E-Wallet		
assets/res/import/ce/ceec4cbf-dec7-47bd-b7b9-fc21956fbafa.json	/11/_components/0/_N$string	Please Select E-Wallet		
assets/res/import/ce/ceec4cbf-dec7-47bd-b7b9-fc21956fbafa.json	/12/_name	bank_type	bank_type	cc.Node
assets/res/import/ce/ceec4cbf-dec7-47bd-b7b9-fc21956fbafa.json	/12/_name	bank_type		
assets/res/import/ce/ceec4cbf-dec7-47bd-b7b9-fc21956fbafa.json	/13/_components/0/_string	Select E-Wallet		cc.Label
assets/res/import/ce/ceec4cbf-dec7-47bd-b7b9-fc21956fbafa.json	/13/_components/0/_N$string	Select E-Wallet		cc.Label
assets/res/import/ce/ceec4cbf-dec7-47bd-b7b9-fc21956fbafa.json	/13/_components/0/_string	Select E-Wallet		
assets/res/import/ce/ceec4cbf-dec7-47bd-b7b9-fc21956fbafa.json	/13/_components/0/_N$string	Select E-Wallet		
assets/res/import/ce/ceec4cbf-dec7-47bd-b7b9-fc21956fbafa.json	/18/_prefab/fileId	80RO3iupFEc7wYKpWQCAsH		cc.PrefabInfo
assets/res/import/ce/ceec4cbf-dec7-47bd-b7b9-fc21956fbafa.json	/18/_prefab/fileId	80RO3iupFEc7wYKpWQCAsH		
assets/res/import/ce/ceec4cbf-dec7-47bd-b7b9-fc21956fbafa.json	/92/_name	btn_deposit	btn_deposit	cc.Node
assets/res/import/ce/ceec4cbf-dec7-47bd-b7b9-fc21956fbafa.json	/92/_name	btn_deposit		
assets/res/import/ce/ceec4cbf-dec7-47bd-b7b9-fc21956fbafa.json	/94/_name	bankTypeBox	bankTypeBox	cc.Node
assets/res/import/ce/ceec4cbf-dec7-47bd-b7b9-fc21956fbafa.json	/94/_name	bankTypeBox		
assets/res/import/97/97f60494-0892-4875-a5a0-db44aab3853b.json	/21/_components/0/_string	Deposit Amount		cc.Label
assets/res/import/97/97f60494-0892-4875-a5a0-db44aab3853b.json	/21/_components/0/_N$string	Deposit Amount		cc.Label
assets/res/import/97/97f60494-0892-4875-a5a0-db44aab3853b.json	/21/_components/0/_string	Deposit Amount		
assets/res/import/97/97f60494-0892-4875-a5a0-db44aab3853b.json	/21/_components/0/_N$string	Deposit Amount		
assets/res/import/97/97f60494-0892-4875-a5a0-db44aab3853b.json	/21/_components/1/_srcKey	Deposit Amount		aaffabCRcpLyqXd9ReiHVw6
assets/res/import/97/97f60494-0892-4875-a5a0-db44aab3853b.json	/21/_components/1/_srcKey	Deposit Amount		
assets/res/import/97/97f60494-0892-4875-a5a0-db44aab3853b.json	/23/_name	node_bonus	node_bonus	cc.Node
assets/res/import/97/97f60494-0892-4875-a5a0-db44aab3853b.json	/23/_name	node_bonus		
assets/res/import/97/97f60494-0892-4875-a5a0-db44aab3853b.json	/31/_components/0/_string	Upload Payment Proof		cc.Label
assets/res/import/97/97f60494-0892-4875-a5a0-db44aab3853b.json	/31/_components/0/_N$string	Upload Payment Proof		cc.Label
assets/res/import/97/97f60494-0892-4875-a5a0-db44aab3853b.json	/31/_components/0/_string	Upload Payment Proof		
assets/res/import/97/97f60494-0892-4875-a5a0-db44aab3853b.json	/31/_components/0/_N$string	Upload Payment Proof		
assets/res/import/97/97f60494-0892-4875-a5a0-db44aab3853b.json	/31/_components/2/_srcKey	Upload Payment Proof		aaffabCRcpLyqXd9ReiHVw6
assets/res/import/97/97f60494-0892-4875-a5a0-db44aab3853b.json	/31/_components/2/_srcKey	Upload Payment Proof		
assets/res/import/97/97f60494-0892-4875-a5a0-db44aab3853b.json	/41/_name	btn_deposit	btn_deposit	cc.Node
assets/res/import/97/97f60494-0892-4875-a5a0-db44aab3853b.json	/41/_name	btn_deposit		
assets/res/import/3d/3d2c2d84-a6b8-400c-be4c-b9b06237d0a6.json	/_skeletonJson/skeleton/images	E:/lybAnimation/2020.10.22 Cash Hero/image_wait		
assets/res/import/c0/c07b50fb-50cb-4bf7-8564-733490906197.json	/_name	bonus_task.plist	bonus_task.plist	cc.SpriteAtlas
assets/res/import/c0/c07b50fb-50cb-4bf7-8564-733490906197.json	/_name	bonus_task.plist		
assets/res/import/5d/5d4b0c7f-8d6e-412e-849d-2336be3425ff.json	/content/name	promo_2		
assets/res/import/39/39d5e8c1-5bcc-4b24-acb0-65ab41ff575d.json	/10/_components/0/_string	UTR or UPI Ref NO		cc.Label
assets/res/import/39/39d5e8c1-5bcc-4b24-acb0-65ab41ff575d.json	/10/_components/0/_N$string	UTR or UPI Ref NO		cc.Label
assets/res/import/39/39d5e8c1-5bcc-4b24-acb0-65ab41ff575d.json	/10/_components/0/_string	UTR or UPI Ref NO		
assets/res/import/39/39d5e8c1-5bcc-4b24-acb0-65ab41ff575d.json	/10/_components/0/_N$string	UTR or UPI Ref NO		
assets/res/import/39/39d5e8c1-5bcc-4b24-acb0-65ab41ff575d.json	/10/_components/1/_srcKey	UTR or UPI Ref NO		aaffabCRcpLyqXd9ReiHVw6
assets/res/import/39/39d5e8c1-5bcc-4b24-acb0-65ab41ff575d.json	/10/_components/1/_srcKey	UTR or UPI Ref NO		
assets/res/import/39/39d5e8c1-5bcc-4b24-acb0-65ab41ff575d.json	/12/_name	utrOrupi	utrOrupi	cc.Node
assets/res/import/39/39d5e8c1-5bcc-4b24-acb0-65ab41ff575d.json	/12/_name	utrOrupi		
assets/res/import/39/39d5e8c1-5bcc-4b24-acb0-65ab41ff575d.json	/16/_components/2/_srcKey	Please enter your UTR or UPI Ref NO.		aaffabCRcpLyqXd9ReiHVw6
assets/res/import/39/39d5e8c1-5bcc-4b24-acb0-65ab41ff575d.json	/16/_components/2/_srcKey	Please enter your UTR or UPI Ref NO.		
assets/res/import/39/39d5e8c1-5bcc-4b24-acb0-65ab41ff575d.json	/17/_string	Please enter your UTR or UPI Ref NO.		cc.Label
assets/res/import/39/39d5e8c1-5bcc-4b24-acb0-65ab41ff575d.json	/17/_N$string	Please enter your UTR or UPI Ref NO.		cc.Label
assets/res/import/39/39d5e8c1-5bcc-4b24-acb0-65ab41ff575d.json	/17/_string	Please enter your UTR or UPI Ref NO.		
assets/res/import/39/39d5e8c1-5bcc-4b24-acb0-65ab41ff575d.json	/17/_N$string	Please enter your UTR or UPI Ref NO.		
assets/res/import/39/39d5e8c1-5bcc-4b24-acb0-65ab41ff575d.json	/21/_components/0/_string	Upload Payment Proof		cc.Label
assets/res/import/39/39d5e8c1-5bcc-4b24-acb0-65ab41ff575d.json	/21/_components/0/_N$string	Upload Payment Proof		cc.Label
assets/res/import/39/39d5e8c1-5bcc-4b24-acb0-65ab41ff575d.json	/21/_components/0/_string	Upload Payment Proof		
assets/res/import/39/39d5e8c1-5bcc-4b24-acb0-65ab41ff575d.json	/21/_components/0/_N$string	Upload Payment Proof		
assets/res/import/39/39d5e8c1-5bcc-4b24-acb0-65ab41ff575d.json	/21/_components/1/_srcKey	Upload Payment Proof		aaffabCRcpLyqXd9ReiHVw6
assets/res/import/39/39d5e8c1-5bcc-4b24-acb0-65ab41ff575d.json	/21/_components/1/_srcKey	Upload Payment Proof		
assets/res/import/39/39d5e8c1-5bcc-4b24-acb0-65ab41ff575d.json	/41/_name	btn_deposit	btn_deposit	cc.Node
assets/res/import/39/39d5e8c1-5bcc-4b24-acb0-65ab41ff575d.json	/41/_name	btn_deposit		
assets/res/import/39/39d5e8c1-5bcc-4b24-acb0-65ab41ff575d.json	/69/_name	btn_deposit	btn_deposit	cc.Node
assets/res/import/39/39d5e8c1-5bcc-4b24-acb0-65ab41ff575d.json	/69/_name	btn_deposit		
assets/res/import/d7/d72ce7e9-6afa-441a-8245-6b173a09d94d.json	/0/_name	quickpay_select	quickpay_select	cc.Prefab
assets/res/import/d7/d72ce7e9-6afa-441a-8245-6b173a09d94d.json	/0/_name	quickpay_select		
assets/res/import/d7/d72ce7e9-6afa-441a-8245-6b173a09d94d.json	/1/_name	quickpay_select	quickpay_select	cc.Node
assets/res/import/d7/d72ce7e9-6afa-441a-8245-6b173a09d94d.json	/1/_name	quickpay_select		
assets/res/import/d7/d72ce7e9-6afa-441a-8245-6b173a09d94d.json	/5/_components/0/_string	quickpay_sel		cc.Label
assets/res/import/d7/d72ce7e9-6afa-441a-8245-6b173a09d94d.json	/5/_components/0/_N$string	quickpay_sel		cc.Label
assets/res/import/d7/d72ce7e9-6afa-441a-8245-6b173a09d94d.json	/5/_components/0/_string	quickpay_sel		
assets/res/import/d7/d72ce7e9-6afa-441a-8245-6b173a09d94d.json	/5/_components/0/_N$string	quickpay_sel		
assets/res/import/d7/d72ce7e9-6afa-441a-8245-6b173a09d94d.json	/5/_components/1/_srcKey	quickpay_sel		aaffabCRcpLyqXd9ReiHVw6
assets/res/import/d7/d72ce7e9-6afa-441a-8245-6b173a09d94d.json	/5/_components/1/_srcKey	quickpay_sel		
assets/res/import/d0/d044c208-f8ee-4449-b87f-33960444e012.json	/0/_name	ShopWalletHintAmount	ShopWalletHintAmount	cc.Prefab
assets/res/import/d0/d044c208-f8ee-4449-b87f-33960444e012.json	/0/_name	ShopWalletHintAmount		
assets/res/import/d0/d044c208-f8ee-4449-b87f-33960444e012.json	/1/_name	ShopWalletHintCashBouns	ShopWalletHintCashBouns	cc.Node
assets/res/import/d0/d044c208-f8ee-4449-b87f-33960444e012.json	/1/_name	ShopWalletHintCashBouns		
assets/res/import/d0/d044c208-f8ee-4449-b87f-33960444e012.json	/2/_components/0/_string	Money that you can use to play games but can’t withdraw		cc.Label
assets/res/import/d0/d044c208-f8ee-4449-b87f-33960444e012.json	/2/_components/0/_N$string	Money that you can use to play games but can’t withdraw		cc.Label
assets/res/import/d0/d044c208-f8ee-4449-b87f-33960444e012.json	/2/_components/0/_string	Money that you can use to play games but can’t withdraw		
assets/res/import/d0/d044c208-f8ee-4449-b87f-33960444e012.json	/2/_components/0/_N$string	Money that you can use to play games but can’t withdraw		
assets/res/import/d0/d044c208-f8ee-4449-b87f-33960444e012.json	/2/_components/1/_srcKey	Money that you can use to play games but can’t withdraw		aaffabCRcpLyqXd9ReiHVw6
assets/res/import/d0/d044c208-f8ee-4449-b87f-33960444e012.json	/2/_components/1/_srcKey	Money that you can use to play games but can’t withdraw		
assets/res/import/cc/cc566495-9138-4edf-b290-5ed58c842818.json	/0/_name	PopupTermsService	PopupTermsService	cc.Prefab
assets/res/import/cc/cc566495-9138-4edf-b290-5ed58c842818.json	/0/_name	PopupTermsService		
assets/res/import/cc/cc566495-9138-4edf-b290-5ed58c842818.json	/1/_name	PopupParivateService	PopupParivateService	cc.Node
assets/res/import/cc/cc566495-9138-4edf-b290-5ed58c842818.json	/1/_name	PopupParivateService		
assets/res/import/cc/cc566495-9138-4edf-b290-5ed58c842818.json	/5/_components/0/_string	Terms Of Use		cc.Label
assets/res/import/cc/cc566495-9138-4edf-b290-5ed58c842818.json	/5/_components/0/_N$string	Terms Of Use		cc.Label
assets/res/import/cc/cc566495-9138-4edf-b290-5ed58c842818.json	/5/_components/0/_string	Terms Of Use		
assets/res/import/cc/cc566495-9138-4edf-b290-5ed58c842818.json	/5/_components/0/_N$string	Terms Of Use		
assets/res/import/cc/cc566495-9138-4edf-b290-5ed58c842818.json	/5/_components/1/_srcKey	Terms Of Use		aaffabCRcpLyqXd9ReiHVw6
assets/res/import/cc/cc566495-9138-4edf-b290-5ed58c842818.json	/5/_components/1/_srcKey	Terms Of Use		
assets/res/import/27/271b9393-748e-446a-81c8-d1029b2b001c.json	/_name	paytable_common.plist	paytable_common.plist	cc.SpriteAtlas
assets/res/import/27/271b9393-748e-446a-81c8-d1029b2b001c.json	/_name	paytable_common.plist		
assets/res/import/25/258fe63e-2669-46b3-8475-4d0295cb3f4a.json	/_name	bank_history.plist	bank_history.plist	cc.SpriteAtlas
assets/res/import/25/258fe63e-2669-46b3-8475-4d0295cb3f4a.json	/_name	bank_history.plist		
assets/res/import/7f/7f2c95bf-9f60-4c5b-b1d4-eda4fe09b601.json	/36/_prefab/fileId	3d211kUv9PAYOIPSKegY9Y		cc.PrefabInfo
assets/res/import/7f/7f2c95bf-9f60-4c5b-b1d4-eda4fe09b601.json	/36/_prefab/fileId	3d211kUv9PAYOIPSKegY9Y		
assets/res/import/7f/7f2c95bf-9f60-4c5b-b1d4-eda4fe09b601.json	/54/_name	rewards	rewards	cc.Node
assets/res/import/7f/7f2c95bf-9f60-4c5b-b1d4-eda4fe09b601.json	/54/_name	rewards		
assets/res/import/1f/1f8cfa64-2044-4b5b-9103-a86c03495abe.json	/30/_name	bank_info	bank_info	cc.Node
assets/res/import/1f/1f8cfa64-2044-4b5b-9103-a86c03495abe.json	/30/_name	bank_info		
assets/res/import/1f/1f8cfa64-2044-4b5b-9103-a86c03495abe.json	/31/_name	lbl_bank_holdname	lbl_bank_holdname	cc.Node
assets/res/import/1f/1f8cfa64-2044-4b5b-9103-a86c03495abe.json	/31/_name	lbl_bank_holdname		
assets/res/import/1f/1f8cfa64-2044-4b5b-9103-a86c03495abe.json	/32/_name	lbl_bank_num	lbl_bank_num	cc.Node
assets/res/import/1f/1f8cfa64-2044-4b5b-9103-a86c03495abe.json	/32/_name	lbl_bank_num		
assets/res/import/1f/1f8cfa64-2044-4b5b-9103-a86c03495abe.json	/33/_name	lbl_bank_ifsc	lbl_bank_ifsc	cc.Node
assets/res/import/1f/1f8cfa64-2044-4b5b-9103-a86c03495abe.json	/33/_name	lbl_bank_ifsc		
assets/res/import/1f/1f8cfa64-2044-4b5b-9103-a86c03495abe.json	/34/_name	bank_verify	bank_verify	cc.Node
assets/res/import/1f/1f8cfa64-2044-4b5b-9103-a86c03495abe.json	/34/_name	bank_verify		
assets/res/import/1f/1f8cfa64-2044-4b5b-9103-a86c03495abe.json	/61/_components/0/_string	Bank info		cc.Label
assets/res/import/1f/1f8cfa64-2044-4b5b-9103-a86c03495abe.json	/61/_components/0/_N$string	Bank info		cc.Label
assets/res/import/1f/1f8cfa64-2044-4b5b-9103-a86c03495abe.json	/61/_components/0/_string	Bank info		
assets/res/import/1f/1f8cfa64-2044-4b5b-9103-a86c03495abe.json	/61/_components/0/_N$string	Bank info		
assets/res/import/1f/1f8cfa64-2044-4b5b-9103-a86c03495abe.json	/63/_components/0/_string	Verify Now		cc.Label
assets/res/import/1f/1f8cfa64-2044-4b5b-9103-a86c03495abe.json	/63/_components/0/_N$string	Verify Now		cc.Label
assets/res/import/1f/1f8cfa64-2044-4b5b-9103-a86c03495abe.json	/63/_components/0/_string	Verify Now		
assets/res/import/1f/1f8cfa64-2044-4b5b-9103-a86c03495abe.json	/63/_components/0/_N$string	Verify Now		
assets/res/import/1f/1f8cfa64-2044-4b5b-9103-a86c03495abe.json	/63/_components/1/_srcKey	Verify Now		aaffabCRcpLyqXd9ReiHVw6
assets/res/import/1f/1f8cfa64-2044-4b5b-9103-a86c03495abe.json	/63/_components/1/_srcKey	Verify Now		
assets/res/import/89/89b58144-1d13-4a6c-9fcd-6895a2b94312.json	/content/name	paytable_bg		
assets/res/import/1b/1b49c6d4-e09f-43f8-858f-2ea6b30c34b0.json	/content/name	bg_bonus_login_sign_mask		
assets/res/import/3d/3dee3ace-ef96-46ba-886b-1e1ad5336583.json	/6/_name	bonus	bonus	cc.Node
assets/res/import/3d/3dee3ace-ef96-46ba-886b-1e1ad5336583.json	/6/_name	bonus		
assets/res/import/dc/dc1446ad-894b-4f90-be1a-f06a9923059c.json	/content/name	paytable_buttonleft_2		
assets/res/import/79/79c578dd-5f8c-42c7-b339-092dfed2e9ee.json	/0/_name	node_mobile_bank	node_mobile_bank	cc.Prefab
assets/res/import/79/79c578dd-5f8c-42c7-b339-092dfed2e9ee.json	/0/_name	node_mobile_bank		
assets/res/import/79/79c578dd-5f8c-42c7-b339-092dfed2e9ee.json	/1/_name	node_mobile_bank	node_mobile_bank	cc.Node
assets/res/import/79/79c578dd-5f8c-42c7-b339-092dfed2e9ee.json	/1/_name	node_mobile_bank		
assets/res/import/79/79c578dd-5f8c-42c7-b339-092dfed2e9ee.json	/4/_components/0/_string	Verify Bank Account		cc.Label
assets/res/import/79/79c578dd-5f8c-42c7-b339-092dfed2e9ee.json	/4/_components/0/_N$string	Verify Bank Account		cc.Label
assets/res/import/79/79c578dd-5f8c-42c7-b339-092dfed2e9ee.json	/4/_components/0/_string	Verify Bank Account		
assets/res/import/79/79c578dd-5f8c-42c7-b339-092dfed2e9ee.json	/4/_components/0/_N$string	Verify Bank Account		
assets/res/import/79/79c578dd-5f8c-42c7-b339-092dfed2e9ee.json	/4/_components/1/_srcKey	Verify Bank Account		aaffabCRcpLyqXd9ReiHVw6
assets/res/import/79/79c578dd-5f8c-42c7-b339-092dfed2e9ee.json	/4/_components/1/_srcKey	Verify Bank Account		
assets/res/import/79/79c578dd-5f8c-42c7-b339-092dfed2e9ee.json	/10/_name	node_bank	node_bank	cc.Node
assets/res/import/79/79c578dd-5f8c-42c7-b339-092dfed2e9ee.json	/10/_name	node_bank		
assets/res/import/79/79c578dd-5f8c-42c7-b339-092dfed2e9ee.json	/11/_components/0/_string	Please Select Bank		cc.Label
assets/res/import/79/79c578dd-5f8c-42c7-b339-092dfed2e9ee.json	/11/_components/0/_N$string	Please Select Bank		cc.Label
assets/res/import/79/79c578dd-5f8c-42c7-b339-092dfed2e9ee.json	/11/_components/0/_string	Please Select Bank		
assets/res/import/79/79c578dd-5f8c-42c7-b339-092dfed2e9ee.json	/11/_components/0/_N$string	Please Select Bank		
assets/res/import/79/79c578dd-5f8c-42c7-b339-092dfed2e9ee.json	/11/_components/1/_srcKey	Please Select Bank		aaffabCRcpLyqXd9ReiHVw6
assets/res/import/79/79c578dd-5f8c-42c7-b339-092dfed2e9ee.json	/11/_components/1/_srcKey	Please Select Bank		
assets/res/import/79/79c578dd-5f8c-42c7-b339-092dfed2e9ee.json	/12/_name	bank_type	bank_type	cc.Node
assets/res/import/79/79c578dd-5f8c-42c7-b339-092dfed2e9ee.json	/12/_name	bank_type		
assets/res/import/79/79c578dd-5f8c-42c7-b339-092dfed2e9ee.json	/13/_components/1/_srcKey	Please Select Bank		aaffabCRcpLyqXd9ReiHVw6
assets/res/import/79/79c578dd-5f8c-42c7-b339-092dfed2e9ee.json	/13/_components/1/_srcKey	Please Select Bank		
assets/res/import/79/79c578dd-5f8c-42c7-b339-092dfed2e9ee.json	/19/_prefab/fileId	80RO3iupFEc7wYKpWQCAsH		cc.PrefabInfo
assets/res/import/79/79c578dd-5f8c-42c7-b339-092dfed2e9ee.json	/19/_prefab/fileId	80RO3iupFEc7wYKpWQCAsH		
assets/res/import/79/79c578dd-5f8c-42c7-b339-092dfed2e9ee.json	/79/_components/0/_string	Bank Proof		cc.Label
assets/res/import/79/79c578dd-5f8c-42c7-b339-092dfed2e9ee.json	/79/_components/0/_N$string	Bank Proof		cc.Label
assets/res/import/79/79c578dd-5f8c-42c7-b339-092dfed2e9ee.json	/79/_components/0/_string	Bank Proof		
assets/res/import/79/79c578dd-5f8c-42c7-b339-092dfed2e9ee.json	/79/_components/0/_N$string	Bank Proof		
assets/res/import/79/79c578dd-5f8c-42c7-b339-092dfed2e9ee.json	/79/_components/1/_srcKey	Bank Proof		aaffabCRcpLyqXd9ReiHVw6
assets/res/import/79/79c578dd-5f8c-42c7-b339-092dfed2e9ee.json	/79/_components/1/_srcKey	Bank Proof		
assets/res/import/79/79c578dd-5f8c-42c7-b339-092dfed2e9ee.json	/99/_name	btn_deposit	btn_deposit	cc.Node
assets/res/import/79/79c578dd-5f8c-42c7-b339-092dfed2e9ee.json	/99/_name	btn_deposit		
assets/res/import/79/79c578dd-5f8c-42c7-b339-092dfed2e9ee.json	/101/_name	bankTypeBox	bankTypeBox	cc.Node
assets/res/import/79/79c578dd-5f8c-42c7-b339-092dfed2e9ee.json	/101/_name	bankTypeBox		
assets/res/import/d6/d6efe31f-0da1-44ca-bbf4-0c8445fd3c60.json	/0/_name	LMSlots_MenuNode1	LMSlots_MenuNode1	cc.Prefab
assets/res/import/d6/d6efe31f-0da1-44ca-bbf4-0c8445fd3c60.json	/0/_name	LMSlots_MenuNode1		
assets/res/import/d6/d6efe31f-0da1-44ca-bbf4-0c8445fd3c60.json	/1/_name	LMSlots_MenuNode	LMSlots_MenuNode	cc.Node
assets/res/import/d6/d6efe31f-0da1-44ca-bbf4-0c8445fd3c60.json	/1/_name	LMSlots_MenuNode		
assets/res/import/d6/d6efe31f-0da1-44ca-bbf4-0c8445fd3c60.json	/9/_components/0/_string	PAYTABLE		cc.Label
assets/res/import/d6/d6efe31f-0da1-44ca-bbf4-0c8445fd3c60.json	/9/_components/0/_N$string	PAYTABLE		cc.Label
assets/res/import/d6/d6efe31f-0da1-44ca-bbf4-0c8445fd3c60.json	/9/_components/0/_string	PAYTABLE		
assets/res/import/d6/d6efe31f-0da1-44ca-bbf4-0c8445fd3c60.json	/9/_components/0/_N$string	PAYTABLE		
assets/res/import/d6/d6efe31f-0da1-44ca-bbf4-0c8445fd3c60.json	/9/_components/1/_srcKey	PAYTABLE		aaffabCRcpLyqXd9ReiHVw6
assets/res/import/d6/d6efe31f-0da1-44ca-bbf4-0c8445fd3c60.json	/9/_components/1/_srcKey	PAYTABLE		
assets/res/import/ab/ab296f72-7893-4c87-b38c-1dce7350b890.json	/_name	paytable_zit	paytable_zit	cc.BitmapFont
assets/res/import/ab/ab296f72-7893-4c87-b38c-1dce7350b890.json	/_name	paytable_zit		
assets/res/import/ab/ab296f72-7893-4c87-b38c-1dce7350b890.json	/_fntConfig/atlasName	paytable_zit.png		
assets/res/import/5d/5dab0d81-a48e-47f0-8f2f-7d396ab2554e.json	/content/name	paytable_button1_1_en		
assets/res/import/33/33d3e6a3-3235-41a9-b974-7a7e7bb0fbaa.json	/3/_components/1/key	bonus/gg_text		7b4dcq48PtKRZmC8KT63lIe
assets/res/import/33/33d3e6a3-3235-41a9-b974-7a7e7bb0fbaa.json	/3/_components/1/key	bonus/gg_text		
assets/res/import/33/33d3e6a3-3235-41a9-b974-7a7e7bb0fbaa.json	/74/_name	node_rewards_des	node_rewards_des	cc.Node
assets/res/import/33/33d3e6a3-3235-41a9-b974-7a7e7bb0fbaa.json	/74/_name	node_rewards_des		
assets/res/import/da/daca4a19-1707-42de-9a6f-fc2618aa8b30.json	/_name	ReturnBonus.plist	ReturnBonus.plist	cc.SpriteAtlas
assets/res/import/da/daca4a19-1707-42de-9a6f-fc2618aa8b30.json	/_name	ReturnBonus.plist		
assets/res/import/88/88c428f1-f77f-41e7-a600-a35cbaae76cd.json	/content/name	m_rewards_2		
assets/res/import/d0/d01fddde-11d7-4d86-8cce-a3154c0a93c2.json	/content/name	paytable_button1_1_pt		
assets/res/import/70/704f6836-c2b8-492a-95c4-1504279a8a60.json	/0/_name	yd_rule_rewards	yd_rule_rewards	cc.Prefab
assets/res/import/70/704f6836-c2b8-492a-95c4-1504279a8a60.json	/0/_name	yd_rule_rewards		
assets/res/import/70/704f6836-c2b8-492a-95c4-1504279a8a60.json	/1/_name	yd_rule_rewards	yd_rule_rewards	cc.Node
assets/res/import/70/704f6836-c2b8-492a-95c4-1504279a8a60.json	/1/_name	yd_rule_rewards		
assets/res/import/70/704f6836-c2b8-492a-95c4-1504279a8a60.json	/4/_components/0/_string	Corresponding rewards for players with corresponding rankings		cc.Label
assets/res/import/70/704f6836-c2b8-492a-95c4-1504279a8a60.json	/4/_components/0/_N$string	Corresponding rewards for players with corresponding rankings		cc.Label
assets/res/import/70/704f6836-c2b8-492a-95c4-1504279a8a60.json	/4/_components/0/_string	Corresponding rewards for players with corresponding rankings		
assets/res/import/70/704f6836-c2b8-492a-95c4-1504279a8a60.json	/4/_components/0/_N$string	Corresponding rewards for players with corresponding rankings		
assets/res/import/70/704f6836-c2b8-492a-95c4-1504279a8a60.json	/4/_components/1/_srcKey	Corresponding rewards for players with corresponding rankings		aaffabCRcpLyqXd9ReiHVw6
assets/res/import/70/704f6836-c2b8-492a-95c4-1504279a8a60.json	/4/_components/1/_srcKey	Corresponding rewards for players with corresponding rankings		
assets/res/import/48/486f3f93-84dc-4059-a49b-4d7dd3d36fd0.json	/0/_name	node_payments	node_payments	cc.Prefab
assets/res/import/48/486f3f93-84dc-4059-a49b-4d7dd3d36fd0.json	/0/_name	node_payments		
assets/res/import/48/486f3f93-84dc-4059-a49b-4d7dd3d36fd0.json	/1/_name	node_payments	node_payments	cc.Node
assets/res/import/48/486f3f93-84dc-4059-a49b-4d7dd3d36fd0.json	/1/_name	node_payments		
assets/res/import/48/486f3f93-84dc-4059-a49b-4d7dd3d36fd0.json	/4/_components/0/_string	Manage Payments		cc.Label
assets/res/import/48/486f3f93-84dc-4059-a49b-4d7dd3d36fd0.json	/4/_components/0/_N$string	Manage Payments		cc.Label
assets/res/import/48/486f3f93-84dc-4059-a49b-4d7dd3d36fd0.json	/4/_components/0/_string	Manage Payments		
assets/res/import/48/486f3f93-84dc-4059-a49b-4d7dd3d36fd0.json	/4/_components/0/_N$string	Manage Payments		
assets/res/import/48/486f3f93-84dc-4059-a49b-4d7dd3d36fd0.json	/4/_components/1/_srcKey	Manage Payments		aaffabCRcpLyqXd9ReiHVw6
assets/res/import/48/486f3f93-84dc-4059-a49b-4d7dd3d36fd0.json	/4/_components/1/_srcKey	Manage Payments		
assets/res/import/48/486f3f93-84dc-4059-a49b-4d7dd3d36fd0.json	/11/_components/0/_string	My Bank Accounts		cc.Label
assets/res/import/48/486f3f93-84dc-4059-a49b-4d7dd3d36fd0.json	/11/_components/0/_N$string	My Bank Accounts		cc.Label
assets/res/import/48/486f3f93-84dc-4059-a49b-4d7dd3d36fd0.json	/11/_components/0/_string	My Bank Accounts		
assets/res/import/48/486f3f93-84dc-4059-a49b-4d7dd3d36fd0.json	/11/_components/0/_N$string	My Bank Accounts		
assets/res/import/48/486f3f93-84dc-4059-a49b-4d7dd3d36fd0.json	/11/_components/1/_srcKey	My Bank Accounts		aaffabCRcpLyqXd9ReiHVw6
assets/res/import/48/486f3f93-84dc-4059-a49b-4d7dd3d36fd0.json	/11/_components/1/_srcKey	My Bank Accounts		
assets/res/import/48/486f3f93-84dc-4059-a49b-4d7dd3d36fd0.json	/12/_name	list_bank	list_bank	cc.Node
assets/res/import/48/486f3f93-84dc-4059-a49b-4d7dd3d36fd0.json	/12/_name	list_bank		
assets/res/import/48/486f3f93-84dc-4059-a49b-4d7dd3d36fd0.json	/15/_name	bank	bank	cc.Node
assets/res/import/48/486f3f93-84dc-4059-a49b-4d7dd3d36fd0.json	/15/_name	bank		
assets/res/import/48/486f3f93-84dc-4059-a49b-4d7dd3d36fd0.json	/23/_prefab/fileId	80RO3iupFEc7wYKpWQCAsH		cc.PrefabInfo
assets/res/import/48/486f3f93-84dc-4059-a49b-4d7dd3d36fd0.json	/23/_prefab/fileId	80RO3iupFEc7wYKpWQCAsH		
assets/res/import/48/486f3f93-84dc-4059-a49b-4d7dd3d36fd0.json	/25/_components/0/_string	Verify New Bank Account		cc.Label
assets/res/import/48/486f3f93-84dc-4059-a49b-4d7dd3d36fd0.json	/25/_components/0/_N$string	Verify New Bank Account		cc.Label
assets/res/import/48/486f3f93-84dc-4059-a49b-4d7dd3d36fd0.json	/25/_components/0/_string	Verify New Bank Account		
assets/res/import/48/486f3f93-84dc-4059-a49b-4d7dd3d36fd0.json	/25/_components/0/_N$string	Verify New Bank Account		
assets/res/import/48/486f3f93-84dc-4059-a49b-4d7dd3d36fd0.json	/25/_components/1/_srcKey	Verify New Bank Account		aaffabCRcpLyqXd9ReiHVw6
assets/res/import/48/486f3f93-84dc-4059-a49b-4d7dd3d36fd0.json	/25/_components/1/_srcKey	Verify New Bank Account		
assets/res/import/48/486f3f93-84dc-4059-a49b-4d7dd3d36fd0.json	/30/_components/0/_string	My UPAY Wallet Address		cc.Label
assets/res/import/48/486f3f93-84dc-4059-a49b-4d7dd3d36fd0.json	/30/_components/0/_N$string	My UPAY Wallet Address		cc.Label
assets/res/import/48/486f3f93-84dc-4059-a49b-4d7dd3d36fd0.json	/30/_components/0/_string	My UPAY Wallet Address		
assets/res/import/48/486f3f93-84dc-4059-a49b-4d7dd3d36fd0.json	/30/_components/0/_N$string	My UPAY Wallet Address		
assets/res/import/48/486f3f93-84dc-4059-a49b-4d7dd3d36fd0.json	/30/_components/1/_srcKey	My UPAY Wallet Address		aaffabCRcpLyqXd9ReiHVw6
assets/res/import/48/486f3f93-84dc-4059-a49b-4d7dd3d36fd0.json	/30/_components/1/_srcKey	My UPAY Wallet Address		
assets/res/import/48/486f3f93-84dc-4059-a49b-4d7dd3d36fd0.json	/34/_name	bank	bank	cc.Node
assets/res/import/48/486f3f93-84dc-4059-a49b-4d7dd3d36fd0.json	/34/_name	bank		
assets/res/import/48/486f3f93-84dc-4059-a49b-4d7dd3d36fd0.json	/40/_components/0/_string	Verify UPAY Wallets Address		cc.Label
assets/res/import/48/486f3f93-84dc-4059-a49b-4d7dd3d36fd0.json	/40/_components/0/_N$string	Verify UPAY Wallets Address		cc.Label
assets/res/import/48/486f3f93-84dc-4059-a49b-4d7dd3d36fd0.json	/40/_components/0/_string	Verify UPAY Wallets Address		
assets/res/import/48/486f3f93-84dc-4059-a49b-4d7dd3d36fd0.json	/40/_components/0/_N$string	Verify UPAY Wallets Address		
assets/res/import/48/486f3f93-84dc-4059-a49b-4d7dd3d36fd0.json	/40/_components/1/_srcKey	Verify UPAY Wallets Address		aaffabCRcpLyqXd9ReiHVw6
assets/res/import/48/486f3f93-84dc-4059-a49b-4d7dd3d36fd0.json	/40/_components/1/_srcKey	Verify UPAY Wallets Address		
assets/res/import/48/486f3f93-84dc-4059-a49b-4d7dd3d36fd0.json	/45/_components/0/_string	My E-Wallets		cc.Label
assets/res/import/48/486f3f93-84dc-4059-a49b-4d7dd3d36fd0.json	/45/_components/0/_N$string	My E-Wallets		cc.Label
assets/res/import/48/486f3f93-84dc-4059-a49b-4d7dd3d36fd0.json	/45/_components/0/_string	My E-Wallets		
assets/res/import/48/486f3f93-84dc-4059-a49b-4d7dd3d36fd0.json	/45/_components/0/_N$string	My E-Wallets		
assets/res/import/48/486f3f93-84dc-4059-a49b-4d7dd3d36fd0.json	/49/_name	bank	bank	cc.Node
assets/res/import/48/486f3f93-84dc-4059-a49b-4d7dd3d36fd0.json	/49/_name	bank		
assets/res/import/48/486f3f93-84dc-4059-a49b-4d7dd3d36fd0.json	/55/_components/0/_string	Verify E-Wallets Account		cc.Label
assets/res/import/48/486f3f93-84dc-4059-a49b-4d7dd3d36fd0.json	/55/_components/0/_N$string	Verify E-Wallets Account		cc.Label
assets/res/import/48/486f3f93-84dc-4059-a49b-4d7dd3d36fd0.json	/55/_components/0/_string	Verify E-Wallets Account		
assets/res/import/48/486f3f93-84dc-4059-a49b-4d7dd3d36fd0.json	/55/_components/0/_N$string	Verify E-Wallets Account		
assets/res/import/48/486f3f93-84dc-4059-a49b-4d7dd3d36fd0.json	/59/_name	node_upi	node_upi	cc.Node
assets/res/import/48/486f3f93-84dc-4059-a49b-4d7dd3d36fd0.json	/59/_name	node_upi		
assets/res/import/48/486f3f93-84dc-4059-a49b-4d7dd3d36fd0.json	/60/_components/0/_string	My Wallets UPI ID		cc.Label
assets/res/import/48/486f3f93-84dc-4059-a49b-4d7dd3d36fd0.json	/60/_components/0/_N$string	My Wallets UPI ID		cc.Label
assets/res/import/48/486f3f93-84dc-4059-a49b-4d7dd3d36fd0.json	/60/_components/0/_string	My Wallets UPI ID		
assets/res/import/48/486f3f93-84dc-4059-a49b-4d7dd3d36fd0.json	/60/_components/0/_N$string	My Wallets UPI ID		
assets/res/import/48/486f3f93-84dc-4059-a49b-4d7dd3d36fd0.json	/60/_components/1/_srcKey	My Wallets UPI ID		aaffabCRcpLyqXd9ReiHVw6
assets/res/import/48/486f3f93-84dc-4059-a49b-4d7dd3d36fd0.json	/60/_components/1/_srcKey	My Wallets UPI ID		
assets/res/import/48/486f3f93-84dc-4059-a49b-4d7dd3d36fd0.json	/61/_name	list_upi	list_upi	cc.Node
assets/res/import/48/486f3f93-84dc-4059-a49b-4d7dd3d36fd0.json	/61/_name	list_upi		
assets/res/import/48/486f3f93-84dc-4059-a49b-4d7dd3d36fd0.json	/64/_name	upi	upi	cc.Node
assets/res/import/48/486f3f93-84dc-4059-a49b-4d7dd3d36fd0.json	/64/_name	upi		
assets/res/import/48/486f3f93-84dc-4059-a49b-4d7dd3d36fd0.json	/65/_name	bank	bank	cc.Node
assets/res/import/48/486f3f93-84dc-4059-a49b-4d7dd3d36fd0.json	/65/_name	bank		
assets/res/import/48/486f3f93-84dc-4059-a49b-4d7dd3d36fd0.json	/65/_components/0/_string	UPI		cc.Label
assets/res/import/48/486f3f93-84dc-4059-a49b-4d7dd3d36fd0.json	/65/_components/0/_N$string	UPI		cc.Label
assets/res/import/48/486f3f93-84dc-4059-a49b-4d7dd3d36fd0.json	/65/_components/0/_string	UPI		
assets/res/import/48/486f3f93-84dc-4059-a49b-4d7dd3d36fd0.json	/65/_components/0/_N$string	UPI		
assets/res/import/48/486f3f93-84dc-4059-a49b-4d7dd3d36fd0.json	/65/_components/1/_srcKey	UPI		aaffabCRcpLyqXd9ReiHVw6
assets/res/import/48/486f3f93-84dc-4059-a49b-4d7dd3d36fd0.json	/65/_components/1/_srcKey	UPI		
assets/res/import/48/486f3f93-84dc-4059-a49b-4d7dd3d36fd0.json	/68/_name	button_upi	button_upi	cc.Node
assets/res/import/48/486f3f93-84dc-4059-a49b-4d7dd3d36fd0.json	/68/_name	button_upi		
assets/res/import/48/486f3f93-84dc-4059-a49b-4d7dd3d36fd0.json	/70/_components/0/_string	Verify New UPI ID		cc.Label
assets/res/import/48/486f3f93-84dc-4059-a49b-4d7dd3d36fd0.json	/70/_components/0/_N$string	Verify New UPI ID		cc.Label
assets/res/import/48/486f3f93-84dc-4059-a49b-4d7dd3d36fd0.json	/70/_components/0/_string	Verify New UPI ID		
assets/res/import/48/486f3f93-84dc-4059-a49b-4d7dd3d36fd0.json	/70/_components/0/_N$string	Verify New UPI ID		
assets/res/import/48/486f3f93-84dc-4059-a49b-4d7dd3d36fd0.json	/70/_components/1/_srcKey	Verify New UPI ID		aaffabCRcpLyqXd9ReiHVw6
assets/res/import/48/486f3f93-84dc-4059-a49b-4d7dd3d36fd0.json	/70/_components/1/_srcKey	Verify New UPI ID		
assets/res/import/48/486f3f93-84dc-4059-a49b-4d7dd3d36fd0.json	/75/_components/0/_string	My Wallets USDT Address		cc.Label
assets/res/import/48/486f3f93-84dc-4059-a49b-4d7dd3d36fd0.json	/75/_components/0/_N$string	My Wallets USDT Address		cc.Label
assets/res/import/48/486f3f93-84dc-4059-a49b-4d7dd3d36fd0.json	/75/_components/0/_string	My Wallets USDT Address		
assets/res/import/48/486f3f93-84dc-4059-a49b-4d7dd3d36fd0.json	/75/_components/0/_N$string	My Wallets USDT Address		
assets/res/import/48/486f3f93-84dc-4059-a49b-4d7dd3d36fd0.json	/75/_components/1/_srcKey	My Wallets USDT Address		aaffabCRcpLyqXd9ReiHVw6
assets/res/import/48/486f3f93-84dc-4059-a49b-4d7dd3d36fd0.json	/75/_components/1/_srcKey	My Wallets USDT Address		
assets/res/import/48/486f3f93-84dc-4059-a49b-4d7dd3d36fd0.json	/79/_name	upi	upi	cc.Node
assets/res/import/48/486f3f93-84dc-4059-a49b-4d7dd3d36fd0.json	/79/_name	upi		
assets/res/import/48/486f3f93-84dc-4059-a49b-4d7dd3d36fd0.json	/80/_components/0/_string	UPI		cc.Label
assets/res/import/48/486f3f93-84dc-4059-a49b-4d7dd3d36fd0.json	/80/_components/0/_N$string	UPI		cc.Label
assets/res/import/48/486f3f93-84dc-4059-a49b-4d7dd3d36fd0.json	/80/_components/0/_string	UPI		
assets/res/import/48/486f3f93-84dc-4059-a49b-4d7dd3d36fd0.json	/80/_components/0/_N$string	UPI		
assets/res/import/48/486f3f93-84dc-4059-a49b-4d7dd3d36fd0.json	/80/_components/1/_srcKey	UPI		aaffabCRcpLyqXd9ReiHVw6
assets/res/import/48/486f3f93-84dc-4059-a49b-4d7dd3d36fd0.json	/80/_components/1/_srcKey	UPI		
assets/res/import/48/486f3f93-84dc-4059-a49b-4d7dd3d36fd0.json	/85/_components/0/_string	Verify New USDT(TRC20) Address		cc.Label
assets/res/import/48/486f3f93-84dc-4059-a49b-4d7dd3d36fd0.json	/85/_components/0/_N$string	Verify New USDT(TRC20) Address		cc.Label
assets/res/import/48/486f3f93-84dc-4059-a49b-4d7dd3d36fd0.json	/85/_components/0/_string	Verify New USDT(TRC20) Address		
assets/res/import/48/486f3f93-84dc-4059-a49b-4d7dd3d36fd0.json	/85/_components/0/_N$string	Verify New USDT(TRC20) Address		
assets/res/import/48/486f3f93-84dc-4059-a49b-4d7dd3d36fd0.json	/85/_components/1/_srcKey	Verify New USDT(TRC20) Address		aaffabCRcpLyqXd9ReiHVw6
assets/res/import/48/486f3f93-84dc-4059-a49b-4d7dd3d36fd0.json	/85/_components/1/_srcKey	Verify New USDT(TRC20) Address		
assets/res/import/48/486f3f93-84dc-4059-a49b-4d7dd3d36fd0.json	/90/_components/0/_string	My BGCASH Wallet Address		cc.Label
assets/res/import/48/486f3f93-84dc-4059-a49b-4d7dd3d36fd0.json	/90/_components/0/_N$string	My BGCASH Wallet Address		cc.Label
assets/res/import/48/486f3f93-84dc-4059-a49b-4d7dd3d36fd0.json	/90/_components/0/_string	My BGCASH Wallet Address		
assets/res/import/48/486f3f93-84dc-4059-a49b-4d7dd3d36fd0.json	/90/_components/0/_N$string	My BGCASH Wallet Address		
assets/res/import/48/486f3f93-84dc-4059-a49b-4d7dd3d36fd0.json	/90/_components/1/_srcKey	My BGCASH Wallet Address		aaffabCRcpLyqXd9ReiHVw6
assets/res/import/48/486f3f93-84dc-4059-a49b-4d7dd3d36fd0.json	/90/_components/1/_srcKey	My BGCASH Wallet Address		
assets/res/import/48/486f3f93-84dc-4059-a49b-4d7dd3d36fd0.json	/94/_name	bank	bank	cc.Node
assets/res/import/48/486f3f93-84dc-4059-a49b-4d7dd3d36fd0.json	/94/_name	bank		
assets/res/import/48/486f3f93-84dc-4059-a49b-4d7dd3d36fd0.json	/100/_components/0/_string	Verify BGCASH Wallet Address		cc.Label
assets/res/import/48/486f3f93-84dc-4059-a49b-4d7dd3d36fd0.json	/100/_components/0/_N$string	Verify BGCASH Wallet Address		cc.Label
assets/res/import/48/486f3f93-84dc-4059-a49b-4d7dd3d36fd0.json	/100/_components/0/_string	Verify BGCASH Wallet Address		
assets/res/import/48/486f3f93-84dc-4059-a49b-4d7dd3d36fd0.json	/100/_components/0/_N$string	Verify BGCASH Wallet Address		
assets/res/import/48/486f3f93-84dc-4059-a49b-4d7dd3d36fd0.json	/100/_components/1/_srcKey	Verify BGCASH Wallet Address		aaffabCRcpLyqXd9ReiHVw6
assets/res/import/48/486f3f93-84dc-4059-a49b-4d7dd3d36fd0.json	/100/_components/1/_srcKey	Verify BGCASH Wallet Address		
assets/res/import/48/486f3f93-84dc-4059-a49b-4d7dd3d36fd0.json	/110/_components/0/_string	upi_biaoti		cc.Label
assets/res/import/48/486f3f93-84dc-4059-a49b-4d7dd3d36fd0.json	/110/_components/0/_N$string	upi_biaoti		cc.Label
assets/res/import/48/486f3f93-84dc-4059-a49b-4d7dd3d36fd0.json	/110/_components/0/_string	upi_biaoti		
assets/res/import/48/486f3f93-84dc-4059-a49b-4d7dd3d36fd0.json	/110/_components/0/_N$string	upi_biaoti		
assets/res/import/48/486f3f93-84dc-4059-a49b-4d7dd3d36fd0.json	/111/_components/0/_string	upi_neirong		cc.Label
assets/res/import/48/486f3f93-84dc-4059-a49b-4d7dd3d36fd0.json	/111/_components/0/_N$string	upi_neirong		cc.Label
assets/res/import/48/486f3f93-84dc-4059-a49b-4d7dd3d36fd0.json	/111/_components/0/_string	upi_neirong		
assets/res/import/48/486f3f93-84dc-4059-a49b-4d7dd3d36fd0.json	/111/_components/0/_N$string	upi_neirong		
assets/res/import/48/486f3f93-84dc-4059-a49b-4d7dd3d36fd0.json	/118/_string	abc@upi		cc.Label
assets/res/import/48/486f3f93-84dc-4059-a49b-4d7dd3d36fd0.json	/118/_N$string	abc@upi		cc.Label
assets/res/import/48/486f3f93-84dc-4059-a49b-4d7dd3d36fd0.json	/118/_string	abc@upi		
assets/res/import/48/486f3f93-84dc-4059-a49b-4d7dd3d36fd0.json	/118/_N$string	abc@upi		
assets/res/import/48/486f3f93-84dc-4059-a49b-4d7dd3d36fd0.json	/123/_name	btn_deposit	btn_deposit	cc.Node
assets/res/import/48/486f3f93-84dc-4059-a49b-4d7dd3d36fd0.json	/123/_name	btn_deposit		
assets/res/import/48/486f3f93-84dc-4059-a49b-4d7dd3d36fd0.json	/126/_name	upBank	upBank	cc.Node
assets/res/import/48/486f3f93-84dc-4059-a49b-4d7dd3d36fd0.json	/126/_name	upBank		
assets/res/import/48/486f3f93-84dc-4059-a49b-4d7dd3d36fd0.json	/132/_components/0/_string	Edit Bank Card		cc.Label
assets/res/import/48/486f3f93-84dc-4059-a49b-4d7dd3d36fd0.json	/132/_components/0/_N$string	Edit Bank Card		cc.Label
assets/res/import/48/486f3f93-84dc-4059-a49b-4d7dd3d36fd0.json	/132/_components/0/_string	Edit Bank Card		
assets/res/import/48/486f3f93-84dc-4059-a49b-4d7dd3d36fd0.json	/132/_components/0/_N$string	Edit Bank Card		
assets/res/import/50/507b95e0-cbc2-4e63-8a53-9e19cebd164c.json	/content/name	reward_g_01		
assets/res/import/64/64249ffa-5032-455c-bc96-126739ab9776.json	/0/_name	yd_service	yd_service	cc.Prefab
assets/res/import/64/64249ffa-5032-455c-bc96-126739ab9776.json	/0/_name	yd_service		
assets/res/import/64/64249ffa-5032-455c-bc96-126739ab9776.json	/1/_name	yd_service	yd_service	cc.Node
assets/res/import/64/64249ffa-5032-455c-bc96-126739ab9776.json	/1/_name	yd_service		
assets/res/import/86/86c0c906-bbdb-4ee1-a838-b33935df53ba.json	/0/_name	slot_bigwin_share	slot_bigwin_share	cc.Prefab
assets/res/import/86/86c0c906-bbdb-4ee1-a838-b33935df53ba.json	/0/_name	slot_bigwin_share		
assets/res/import/86/86c0c906-bbdb-4ee1-a838-b33935df53ba.json	/1/_name	slot_bigwin_share	slot_bigwin_share	cc.Node
assets/res/import/86/86c0c906-bbdb-4ee1-a838-b33935df53ba.json	/1/_name	slot_bigwin_share		
assets/res/import/15/15dc2da5-9b1a-4dbc-a76c-bba786a02076.json	/14/_name	yd_float_service	yd_float_service	cc.Node
assets/res/import/15/15dc2da5-9b1a-4dbc-a76c-bba786a02076.json	/14/_name	yd_float_service		
assets/res/import/2f/2f2a2c68-d6db-4f39-b4e5-d78aaaf571df.json	/0/_name	LMSlots_SpinEffect	LMSlots_SpinEffect	cc.Prefab
assets/res/import/2f/2f2a2c68-d6db-4f39-b4e5-d78aaaf571df.json	/0/_name	LMSlots_SpinEffect		
assets/res/import/2f/2f2a2c68-d6db-4f39-b4e5-d78aaaf571df.json	/1/_name	LMSlots_SpinEffect	LMSlots_SpinEffect	cc.Node
assets/res/import/2f/2f2a2c68-d6db-4f39-b4e5-d78aaaf571df.json	/1/_name	LMSlots_SpinEffect		
assets/res/import/06/06ddcbad-4138-4cbc-ae24-f9c94992a313.json	/content/name	promo_2		
assets/res/import/f6/f692ca6b-e0fb-4251-9b8a-ae124bc0cc7a.json	/_name	reward_g_01	reward_g_01	sp.SkeletonData
assets/res/import/f6/f692ca6b-e0fb-4251-9b8a-ae124bc0cc7a.json	/_atlasText	"
reward_g_01.png
size: 521,124
format: RGBA8888
filter: Linear,Linear
repeat: none
big_WIN/faguang01
  rotate: false
  xy: 0, 18
  size: 394, 106
  orig: 394, 106
  offset: 0, 0
  index: -1
guangdian01
  rotate: true
  xy: 396, 0
  size: 124, 125
  orig: 124, 125
  offset: 0, 0
  index: -1
"	reward_g_01	sp.SkeletonData
assets/res/import/f6/f692ca6b-e0fb-4251-9b8a-ae124bc0cc7a.json	/_name	reward_g_01		
assets/res/import/f6/f692ca6b-e0fb-4251-9b8a-ae124bc0cc7a.json	/_atlasText	"
reward_g_01.png
size: 521,124
format: RGBA8888
filter: Linear,Linear
repeat: none
big_WIN/faguang01
  rotate: false
  xy: 0, 18
  size: 394, 106
  orig: 394, 106
  offset: 0, 0
  index: -1
guangdian01
  rotate: true
  xy: 396, 0
  size: 124, 125
  orig: 124, 125
  offset: 0, 0
  index: -1
"		
assets/res/import/f6/f692ca6b-e0fb-4251-9b8a-ae124bc0cc7a.json	/textureNames/0	reward_g_01.png		
assets/res/import/c7/c75237bd-ac3a-4fb0-90d5-fda2bac2d2b0.json	/1/_prefab/fileId	33y/zv9ZlOXqeeOpAYdr3m		cc.PrefabInfo
assets/res/import/c7/c75237bd-ac3a-4fb0-90d5-fda2bac2d2b0.json	/1/_prefab/fileId	33y/zv9ZlOXqeeOpAYdr3m		
assets/res/import/fd/fd665b2f-f145-43a1-aa85-407c1afda901.json	/5/_components/0/_string	About Betting Cash back		cc.Label
assets/res/import/fd/fd665b2f-f145-43a1-aa85-407c1afda901.json	/5/_components/0/_N$string	About Betting Cash back		cc.Label
assets/res/import/fd/fd665b2f-f145-43a1-aa85-407c1afda901.json	/5/_components/0/_string	About Betting Cash back		
assets/res/import/fd/fd665b2f-f145-43a1-aa85-407c1afda901.json	/5/_components/0/_N$string	About Betting Cash back		
assets/res/import/fd/fd665b2f-f145-43a1-aa85-407c1afda901.json	/10/_components/0/_string	About Betting Cash backKey		cc.Label
assets/res/import/fd/fd665b2f-f145-43a1-aa85-407c1afda901.json	/10/_components/0/_N$string	About Betting Cash backKey		cc.Label
assets/res/import/fd/fd665b2f-f145-43a1-aa85-407c1afda901.json	/10/_components/0/_string	About Betting Cash backKey		
assets/res/import/fd/fd665b2f-f145-43a1-aa85-407c1afda901.json	/10/_components/0/_N$string	About Betting Cash backKey		
assets/res/import/a4/a40c9a37-acd1-41a0-89eb-3e0b301cf465.json	/content/name	bg_bonus		
assets/res/import/e7/e75b2cd1-fa7a-4a4c-ac8b-ab08f791bfa8.json	/4/_components/0/_string	Withdraw to UPAY Wallet		cc.Label
assets/res/import/e7/e75b2cd1-fa7a-4a4c-ac8b-ab08f791bfa8.json	/4/_components/0/_N$string	Withdraw to UPAY Wallet		cc.Label
assets/res/import/e7/e75b2cd1-fa7a-4a4c-ac8b-ab08f791bfa8.json	/4/_components/0/_string	Withdraw to UPAY Wallet		
assets/res/import/e7/e75b2cd1-fa7a-4a4c-ac8b-ab08f791bfa8.json	/4/_components/0/_N$string	Withdraw to UPAY Wallet		
assets/res/import/e7/e75b2cd1-fa7a-4a4c-ac8b-ab08f791bfa8.json	/4/_components/1/_srcKey	Withdraw to UPAY Wallet		aaffabCRcpLyqXd9ReiHVw6
assets/res/import/e7/e75b2cd1-fa7a-4a4c-ac8b-ab08f791bfa8.json	/4/_components/1/_srcKey	Withdraw to UPAY Wallet		
assets/res/import/e7/e75b2cd1-fa7a-4a4c-ac8b-ab08f791bfa8.json	/12/_components/0/_string	Withdrawable Balance		cc.Label
assets/res/import/e7/e75b2cd1-fa7a-4a4c-ac8b-ab08f791bfa8.json	/12/_components/0/_N$string	Withdrawable Balance		cc.Label
assets/res/import/e7/e75b2cd1-fa7a-4a4c-ac8b-ab08f791bfa8.json	/12/_components/0/_string	Withdrawable Balance		
assets/res/import/e7/e75b2cd1-fa7a-4a4c-ac8b-ab08f791bfa8.json	/12/_components/0/_N$string	Withdrawable Balance		
assets/res/import/e7/e75b2cd1-fa7a-4a4c-ac8b-ab08f791bfa8.json	/12/_components/1/_srcKey	Withdrawable Balance		aaffabCRcpLyqXd9ReiHVw6
assets/res/import/e7/e75b2cd1-fa7a-4a4c-ac8b-ab08f791bfa8.json	/12/_components/1/_srcKey	Withdrawable Balance		
assets/res/import/e7/e75b2cd1-fa7a-4a4c-ac8b-ab08f791bfa8.json	/17/_components/0/_string	Verify UPAY Wallets Address		cc.Label
assets/res/import/e7/e75b2cd1-fa7a-4a4c-ac8b-ab08f791bfa8.json	/17/_components/0/_N$string	Verify UPAY Wallets Address		cc.Label
assets/res/import/e7/e75b2cd1-fa7a-4a4c-ac8b-ab08f791bfa8.json	/17/_components/0/_string	Verify UPAY Wallets Address		
assets/res/import/e7/e75b2cd1-fa7a-4a4c-ac8b-ab08f791bfa8.json	/17/_components/0/_N$string	Verify UPAY Wallets Address		
assets/res/import/e7/e75b2cd1-fa7a-4a4c-ac8b-ab08f791bfa8.json	/17/_components/1/_srcKey	Verify UPAY Wallets Address		aaffabCRcpLyqXd9ReiHVw6
assets/res/import/e7/e75b2cd1-fa7a-4a4c-ac8b-ab08f791bfa8.json	/17/_components/1/_srcKey	Verify UPAY Wallets Address		
assets/res/import/e7/e75b2cd1-fa7a-4a4c-ac8b-ab08f791bfa8.json	/28/_name	withdraw_item_bg	withdraw_item_bg	cc.Node
assets/res/import/e7/e75b2cd1-fa7a-4a4c-ac8b-ab08f791bfa8.json	/28/_name	withdraw_item_bg		
assets/res/import/e7/e75b2cd1-fa7a-4a4c-ac8b-ab08f791bfa8.json	/29/_components/0/_string	Withdrawal Amount		cc.Label
assets/res/import/e7/e75b2cd1-fa7a-4a4c-ac8b-ab08f791bfa8.json	/29/_components/0/_N$string	Withdrawal Amount		cc.Label
assets/res/import/e7/e75b2cd1-fa7a-4a4c-ac8b-ab08f791bfa8.json	/29/_components/0/_string	Withdrawal Amount		
assets/res/import/e7/e75b2cd1-fa7a-4a4c-ac8b-ab08f791bfa8.json	/29/_components/0/_N$string	Withdrawal Amount		
assets/res/import/e7/e75b2cd1-fa7a-4a4c-ac8b-ab08f791bfa8.json	/29/_components/1/_srcKey	Withdrawal Amount		aaffabCRcpLyqXd9ReiHVw6
assets/res/import/e7/e75b2cd1-fa7a-4a4c-ac8b-ab08f791bfa8.json	/29/_components/1/_srcKey	Withdrawal Amount		
assets/res/import/e7/e75b2cd1-fa7a-4a4c-ac8b-ab08f791bfa8.json	/37/_components/0/_string	withdraw_hinit		cc.Label
assets/res/import/e7/e75b2cd1-fa7a-4a4c-ac8b-ab08f791bfa8.json	/37/_components/0/_N$string	withdraw_hinit		cc.Label
assets/res/import/e7/e75b2cd1-fa7a-4a4c-ac8b-ab08f791bfa8.json	/37/_components/0/_string	withdraw_hinit		
assets/res/import/e7/e75b2cd1-fa7a-4a4c-ac8b-ab08f791bfa8.json	/37/_components/0/_N$string	withdraw_hinit		
assets/res/import/e7/e75b2cd1-fa7a-4a4c-ac8b-ab08f791bfa8.json	/37/_components/1/_srcKey	withdraw_hinit		aaffabCRcpLyqXd9ReiHVw6
assets/res/import/e7/e75b2cd1-fa7a-4a4c-ac8b-ab08f791bfa8.json	/37/_components/1/_srcKey	withdraw_hinit		
assets/res/import/e7/e75b2cd1-fa7a-4a4c-ac8b-ab08f791bfa8.json	/57/_components/0/_string	Withdraw Now		cc.Label
assets/res/import/e7/e75b2cd1-fa7a-4a4c-ac8b-ab08f791bfa8.json	/57/_components/0/_N$string	Withdraw Now		cc.Label
assets/res/import/e7/e75b2cd1-fa7a-4a4c-ac8b-ab08f791bfa8.json	/57/_components/0/_string	Withdraw Now		
assets/res/import/e7/e75b2cd1-fa7a-4a4c-ac8b-ab08f791bfa8.json	/57/_components/0/_N$string	Withdraw Now		
assets/res/import/e7/e75b2cd1-fa7a-4a4c-ac8b-ab08f791bfa8.json	/57/_components/1/_srcKey	Withdraw Now		aaffabCRcpLyqXd9ReiHVw6
assets/res/import/e7/e75b2cd1-fa7a-4a4c-ac8b-ab08f791bfa8.json	/57/_components/1/_srcKey	Withdraw Now		
assets/res/import/e7/e75b2cd1-fa7a-4a4c-ac8b-ab08f791bfa8.json	/61/_components/0/_string	Online customer service		cc.Label
assets/res/import/e7/e75b2cd1-fa7a-4a4c-ac8b-ab08f791bfa8.json	/61/_components/0/_N$string	Online customer service		cc.Label
assets/res/import/e7/e75b2cd1-fa7a-4a4c-ac8b-ab08f791bfa8.json	/61/_components/0/_string	Online customer service		
assets/res/import/e7/e75b2cd1-fa7a-4a4c-ac8b-ab08f791bfa8.json	/61/_components/0/_N$string	Online customer service		
assets/res/import/e7/e75b2cd1-fa7a-4a4c-ac8b-ab08f791bfa8.json	/66/_components/0/_string	Online customer service		cc.Label
assets/res/import/e7/e75b2cd1-fa7a-4a4c-ac8b-ab08f791bfa8.json	/66/_components/0/_N$string	Online customer service		cc.Label
assets/res/import/e7/e75b2cd1-fa7a-4a4c-ac8b-ab08f791bfa8.json	/66/_components/0/_string	Online customer service		
assets/res/import/e7/e75b2cd1-fa7a-4a4c-ac8b-ab08f791bfa8.json	/66/_components/0/_N$string	Online customer service		
assets/res/import/e7/e75b2cd1-fa7a-4a4c-ac8b-ab08f791bfa8.json	/69/_prefab/fileId	9cma+uBThBUpIlN7vPCkNn		cc.PrefabInfo
assets/res/import/e7/e75b2cd1-fa7a-4a4c-ac8b-ab08f791bfa8.json	/69/_prefab/fileId	9cma+uBThBUpIlN7vPCkNn		
assets/res/import/e7/e75b2cd1-fa7a-4a4c-ac8b-ab08f791bfa8.json	/79/_components/0/_string	withdraw_hint_1		cc.Label
assets/res/import/e7/e75b2cd1-fa7a-4a4c-ac8b-ab08f791bfa8.json	/79/_components/0/_N$string	withdraw_hint_1		cc.Label
assets/res/import/e7/e75b2cd1-fa7a-4a4c-ac8b-ab08f791bfa8.json	/79/_components/0/_string	withdraw_hint_1		
assets/res/import/e7/e75b2cd1-fa7a-4a4c-ac8b-ab08f791bfa8.json	/79/_components/0/_N$string	withdraw_hint_1		
assets/res/import/e7/e75b2cd1-fa7a-4a4c-ac8b-ab08f791bfa8.json	/79/_components/1/_srcKey	withdraw_hint_1		aaffabCRcpLyqXd9ReiHVw6
assets/res/import/e7/e75b2cd1-fa7a-4a4c-ac8b-ab08f791bfa8.json	/79/_components/1/_srcKey	withdraw_hint_1		
assets/res/import/1a/1ab4ac4a-6afb-4efd-ba59-49b354ca9844.json	/content/name	paytable_zit		
assets/res/import/6f/6fa22766-cfe3-457c-b820-ba6581001ec1.json	/_name	slot_openBetSelector	slot_openBetSelector	cc.AudioClip
assets/res/import/6f/6fa22766-cfe3-457c-b820-ba6581001ec1.json	/_name	slot_openBetSelector		
assets/res/import/35/35a49d25-418f-43df-bd3d-467e44592df0.json	/content/name	promo_1		
assets/res/import/9a/9aac7cd0-bc03-4516-aacb-c41019fe69cf.json	/_name	slot_reel_click	slot_reel_click	cc.AudioClip
assets/res/import/9a/9aac7cd0-bc03-4516-aacb-c41019fe69cf.json	/_name	slot_reel_click		
assets/res/import/87/87bfdfe1-978e-4b81-8ed4-416fa3bd27cb.json	/3/_name	slot_spine	slot_spine	cc.Node
assets/res/import/87/87bfdfe1-978e-4b81-8ed4-416fa3bd27cb.json	/3/_name	slot_spine		
assets/res/import/87/87bfdfe1-978e-4b81-8ed4-416fa3bd27cb.json	/19/_name	download	download	cc.Node
assets/res/import/87/87bfdfe1-978e-4b81-8ed4-416fa3bd27cb.json	/19/_name	download		
assets/res/import/87/87bfdfe1-978e-4b81-8ed4-416fa3bd27cb.json	/23/_name	download_fail	download_fail	cc.Node
assets/res/import/87/87bfdfe1-978e-4b81-8ed4-416fa3bd27cb.json	/23/_name	download_fail		
assets/res/import/b4/b427491d-98eb-4919-8a91-3992c7de5fa6.json	/2/_prefab/fileId	08KupiQMBC0bcKk28/aT62		cc.PrefabInfo
assets/res/import/b4/b427491d-98eb-4919-8a91-3992c7de5fa6.json	/2/_prefab/fileId	08KupiQMBC0bcKk28/aT62		
assets/res/import/b4/b427491d-98eb-4919-8a91-3992c7de5fa6.json	/49/_components/0/_string	Payment Method		cc.Label
assets/res/import/b4/b427491d-98eb-4919-8a91-3992c7de5fa6.json	/49/_components/0/_N$string	Payment Method		cc.Label
assets/res/import/b4/b427491d-98eb-4919-8a91-3992c7de5fa6.json	/49/_components/0/_string	Payment Method		
assets/res/import/b4/b427491d-98eb-4919-8a91-3992c7de5fa6.json	/49/_components/0/_N$string	Payment Method		
assets/res/import/b4/b427491d-98eb-4919-8a91-3992c7de5fa6.json	/49/_components/1/_srcKey	Payment Method		aaffabCRcpLyqXd9ReiHVw6
assets/res/import/b4/b427491d-98eb-4919-8a91-3992c7de5fa6.json	/49/_components/1/_srcKey	Payment Method		
assets/res/import/b4/b427491d-98eb-4919-8a91-3992c7de5fa6.json	/53/_components/0/_string	UPI 01		cc.Label
assets/res/import/b4/b427491d-98eb-4919-8a91-3992c7de5fa6.json	/53/_components/0/_N$string	UPI 01		cc.Label
assets/res/import/b4/b427491d-98eb-4919-8a91-3992c7de5fa6.json	/53/_components/0/_string	UPI 01		
assets/res/import/b4/b427491d-98eb-4919-8a91-3992c7de5fa6.json	/53/_components/0/_N$string	UPI 01		
assets/res/import/b4/b427491d-98eb-4919-8a91-3992c7de5fa6.json	/60/_prefab/fileId	36wu8glvNKDqv13pAyD9qW		cc.PrefabInfo
assets/res/import/b4/b427491d-98eb-4919-8a91-3992c7de5fa6.json	/60/_prefab/fileId	36wu8glvNKDqv13pAyD9qW		
assets/res/import/b4/b427491d-98eb-4919-8a91-3992c7de5fa6.json	/62/_components/0/_string	Deposit min:200 & max:100000 allowed each time		cc.Label
assets/res/import/b4/b427491d-98eb-4919-8a91-3992c7de5fa6.json	/62/_components/0/_N$string	Deposit min:200 & max:100000 allowed each time		cc.Label
assets/res/import/b4/b427491d-98eb-4919-8a91-3992c7de5fa6.json	/62/_components/0/_string	Deposit min:200 & max:100000 allowed each time		
assets/res/import/b4/b427491d-98eb-4919-8a91-3992c7de5fa6.json	/62/_components/0/_N$string	Deposit min:200 & max:100000 allowed each time		
assets/res/import/b4/b427491d-98eb-4919-8a91-3992c7de5fa6.json	/64/_components/0/_string	Cash Balance		cc.Label
assets/res/import/b4/b427491d-98eb-4919-8a91-3992c7de5fa6.json	/64/_components/0/_N$string	Cash Balance		cc.Label
assets/res/import/b4/b427491d-98eb-4919-8a91-3992c7de5fa6.json	/64/_components/0/_string	Cash Balance		
assets/res/import/b4/b427491d-98eb-4919-8a91-3992c7de5fa6.json	/64/_components/0/_N$string	Cash Balance		
assets/res/import/b4/b427491d-98eb-4919-8a91-3992c7de5fa6.json	/64/_components/1/_srcKey	Cash Balance		aaffabCRcpLyqXd9ReiHVw6
assets/res/import/b4/b427491d-98eb-4919-8a91-3992c7de5fa6.json	/64/_components/1/_srcKey	Cash Balance		
assets/res/import/b4/b427491d-98eb-4919-8a91-3992c7de5fa6.json	/67/_name	t_bonus	t_bonus	cc.Node
assets/res/import/b4/b427491d-98eb-4919-8a91-3992c7de5fa6.json	/67/_name	t_bonus		
assets/res/import/b4/b427491d-98eb-4919-8a91-3992c7de5fa6.json	/67/_components/0/_string	Cash Bonus		cc.Label
assets/res/import/b4/b427491d-98eb-4919-8a91-3992c7de5fa6.json	/67/_components/0/_N$string	Cash Bonus		cc.Label
assets/res/import/b4/b427491d-98eb-4919-8a91-3992c7de5fa6.json	/67/_components/0/_string	Cash Bonus		
assets/res/import/b4/b427491d-98eb-4919-8a91-3992c7de5fa6.json	/67/_components/0/_N$string	Cash Bonus		
assets/res/import/b4/b427491d-98eb-4919-8a91-3992c7de5fa6.json	/67/_components/1/_srcKey	Cash Bonus		aaffabCRcpLyqXd9ReiHVw6
assets/res/import/b4/b427491d-98eb-4919-8a91-3992c7de5fa6.json	/67/_components/1/_srcKey	Cash Bonus		
assets/res/import/b4/b427491d-98eb-4919-8a91-3992c7de5fa6.json	/96/_name	btn_deposit	btn_deposit	cc.Node
assets/res/import/b4/b427491d-98eb-4919-8a91-3992c7de5fa6.json	/96/_name	btn_deposit		
assets/res/import/b4/b427491d-98eb-4919-8a91-3992c7de5fa6.json	/97/_components/0/_string	DEPOSIT NOW		cc.Label
assets/res/import/b4/b427491d-98eb-4919-8a91-3992c7de5fa6.json	/97/_components/0/_N$string	DEPOSIT NOW		cc.Label
assets/res/import/b4/b427491d-98eb-4919-8a91-3992c7de5fa6.json	/97/_components/0/_string	DEPOSIT NOW		
assets/res/import/b4/b427491d-98eb-4919-8a91-3992c7de5fa6.json	/97/_components/0/_N$string	DEPOSIT NOW		
assets/res/import/b4/b427491d-98eb-4919-8a91-3992c7de5fa6.json	/97/_components/1/_srcKey	DEPOSIT NOW		aaffabCRcpLyqXd9ReiHVw6
assets/res/import/b4/b427491d-98eb-4919-8a91-3992c7de5fa6.json	/97/_components/1/_srcKey	DEPOSIT NOW		
assets/res/import/b4/b427491d-98eb-4919-8a91-3992c7de5fa6.json	/101/_components/0/_string	Online customer service		cc.Label
assets/res/import/b4/b427491d-98eb-4919-8a91-3992c7de5fa6.json	/101/_components/0/_N$string	Online customer service		cc.Label
assets/res/import/b4/b427491d-98eb-4919-8a91-3992c7de5fa6.json	/101/_components/0/_string	Online customer service		
assets/res/import/b4/b427491d-98eb-4919-8a91-3992c7de5fa6.json	/101/_components/0/_N$string	Online customer service		
assets/res/import/b4/b427491d-98eb-4919-8a91-3992c7de5fa6.json	/101/_components/1/_srcKey	Online customer service		aaffabCRcpLyqXd9ReiHVw6
assets/res/import/b4/b427491d-98eb-4919-8a91-3992c7de5fa6.json	/101/_components/1/_srcKey	Online customer service		
assets/res/import/b4/b427491d-98eb-4919-8a91-3992c7de5fa6.json	/102/_components/0/_string	Top to connect customer service 24/7		cc.Label
assets/res/import/b4/b427491d-98eb-4919-8a91-3992c7de5fa6.json	/102/_components/0/_N$string	Top to connect customer service 24/7		cc.Label
assets/res/import/b4/b427491d-98eb-4919-8a91-3992c7de5fa6.json	/102/_components/0/_string	Top to connect customer service 24/7		
assets/res/import/b4/b427491d-98eb-4919-8a91-3992c7de5fa6.json	/102/_components/0/_N$string	Top to connect customer service 24/7		
assets/res/import/b4/b427491d-98eb-4919-8a91-3992c7de5fa6.json	/106/_components/0/_string	Online customer service		cc.Label
assets/res/import/b4/b427491d-98eb-4919-8a91-3992c7de5fa6.json	/106/_components/0/_N$string	Online customer service		cc.Label
assets/res/import/b4/b427491d-98eb-4919-8a91-3992c7de5fa6.json	/106/_components/0/_string	Online customer service		
assets/res/import/b4/b427491d-98eb-4919-8a91-3992c7de5fa6.json	/106/_components/0/_N$string	Online customer service		
assets/res/import/b4/b427491d-98eb-4919-8a91-3992c7de5fa6.json	/106/_components/1/_srcKey	Online customer service		aaffabCRcpLyqXd9ReiHVw6
assets/res/import/b4/b427491d-98eb-4919-8a91-3992c7de5fa6.json	/106/_components/1/_srcKey	Online customer service		
assets/res/import/b4/b427491d-98eb-4919-8a91-3992c7de5fa6.json	/107/_components/0/_string	Top to connect customer service 24/7		cc.Label
assets/res/import/b4/b427491d-98eb-4919-8a91-3992c7de5fa6.json	/107/_components/0/_N$string	Top to connect customer service 24/7		cc.Label
assets/res/import/b4/b427491d-98eb-4919-8a91-3992c7de5fa6.json	/107/_components/0/_string	Top to connect customer service 24/7		
assets/res/import/b4/b427491d-98eb-4919-8a91-3992c7de5fa6.json	/107/_components/0/_N$string	Top to connect customer service 24/7		
assets/res/import/b4/b427491d-98eb-4919-8a91-3992c7de5fa6.json	/151/_components/0/_string	Deposit		cc.Label
assets/res/import/b4/b427491d-98eb-4919-8a91-3992c7de5fa6.json	/151/_components/0/_N$string	Deposit		cc.Label
assets/res/import/b4/b427491d-98eb-4919-8a91-3992c7de5fa6.json	/151/_components/0/_string	Deposit		
assets/res/import/b4/b427491d-98eb-4919-8a91-3992c7de5fa6.json	/151/_components/0/_N$string	Deposit		
assets/res/import/b4/b427491d-98eb-4919-8a91-3992c7de5fa6.json	/151/_components/1/_srcKey	Deposit		aaffabCRcpLyqXd9ReiHVw6
assets/res/import/b4/b427491d-98eb-4919-8a91-3992c7de5fa6.json	/151/_components/1/_srcKey	Deposit		
assets/res/import/e2/e2fa24ea-9463-4f84-922d-254ecab0e17b.json	/content/name	promo_1		
assets/res/import/4d/4d78c994-b8c3-4562-af5a-ce23cc6352eb.json	/0/_name	LMSlots_Top_Small	LMSlots_Top_Small	cc.Prefab
assets/res/import/4d/4d78c994-b8c3-4562-af5a-ce23cc6352eb.json	/0/_name	LMSlots_Top_Small		
assets/res/import/4d/4d78c994-b8c3-4562-af5a-ce23cc6352eb.json	/1/_name	LMSlots_Top_Small	LMSlots_Top_Small	cc.Node
assets/res/import/4d/4d78c994-b8c3-4562-af5a-ce23cc6352eb.json	/1/_name	LMSlots_Top_Small		
assets/res/import/4d/4d78c994-b8c3-4562-af5a-ce23cc6352eb.json	/8/_name	LMSlots_Common_TOP_JT	LMSlots_Common_TOP_JT	cc.Node
assets/res/import/4d/4d78c994-b8c3-4562-af5a-ce23cc6352eb.json	/8/_name	LMSlots_Common_TOP_JT		
assets/res/import/77/77aa2ec2-63bb-4f88-bbd6-a9402c3db5f7.json	/4/_components/0/_string	Withdraw		cc.Label
assets/res/import/77/77aa2ec2-63bb-4f88-bbd6-a9402c3db5f7.json	/4/_components/0/_N$string	Withdraw		cc.Label
assets/res/import/77/77aa2ec2-63bb-4f88-bbd6-a9402c3db5f7.json	/4/_components/0/_string	Withdraw		
assets/res/import/77/77aa2ec2-63bb-4f88-bbd6-a9402c3db5f7.json	/4/_components/0/_N$string	Withdraw		
assets/res/import/77/77aa2ec2-63bb-4f88-bbd6-a9402c3db5f7.json	/4/_components/1/_srcKey	Withdraw		aaffabCRcpLyqXd9ReiHVw6
assets/res/import/77/77aa2ec2-63bb-4f88-bbd6-a9402c3db5f7.json	/4/_components/1/_srcKey	Withdraw		
assets/res/import/77/77aa2ec2-63bb-4f88-bbd6-a9402c3db5f7.json	/12/_components/0/_string	Withdrawable Balance		cc.Label
assets/res/import/77/77aa2ec2-63bb-4f88-bbd6-a9402c3db5f7.json	/12/_components/0/_N$string	Withdrawable Balance		cc.Label
assets/res/import/77/77aa2ec2-63bb-4f88-bbd6-a9402c3db5f7.json	/12/_components/0/_string	Withdrawable Balance		
assets/res/import/77/77aa2ec2-63bb-4f88-bbd6-a9402c3db5f7.json	/12/_components/0/_N$string	Withdrawable Balance		
assets/res/import/77/77aa2ec2-63bb-4f88-bbd6-a9402c3db5f7.json	/12/_components/1/_srcKey	Withdrawable Balance		aaffabCRcpLyqXd9ReiHVw6
assets/res/import/77/77aa2ec2-63bb-4f88-bbd6-a9402c3db5f7.json	/12/_components/1/_srcKey	Withdrawable Balance		
assets/res/import/77/77aa2ec2-63bb-4f88-bbd6-a9402c3db5f7.json	/15/_components/0/_string	Select withdrawal method		cc.Label
assets/res/import/77/77aa2ec2-63bb-4f88-bbd6-a9402c3db5f7.json	/15/_components/0/_N$string	Select withdrawal method		cc.Label
assets/res/import/77/77aa2ec2-63bb-4f88-bbd6-a9402c3db5f7.json	/15/_components/0/_string	Select withdrawal method		
assets/res/import/77/77aa2ec2-63bb-4f88-bbd6-a9402c3db5f7.json	/15/_components/0/_N$string	Select withdrawal method		
assets/res/import/77/77aa2ec2-63bb-4f88-bbd6-a9402c3db5f7.json	/15/_components/1/_srcKey	Select withdrawal method		aaffabCRcpLyqXd9ReiHVw6
assets/res/import/77/77aa2ec2-63bb-4f88-bbd6-a9402c3db5f7.json	/15/_components/1/_srcKey	Select withdrawal method		
assets/res/import/77/77aa2ec2-63bb-4f88-bbd6-a9402c3db5f7.json	/18/_components/0/_string	Withdraw to USDT		cc.Label
assets/res/import/77/77aa2ec2-63bb-4f88-bbd6-a9402c3db5f7.json	/18/_components/0/_N$string	Withdraw to USDT		cc.Label
assets/res/import/77/77aa2ec2-63bb-4f88-bbd6-a9402c3db5f7.json	/18/_components/0/_string	Withdraw to USDT		
assets/res/import/77/77aa2ec2-63bb-4f88-bbd6-a9402c3db5f7.json	/18/_components/0/_N$string	Withdraw to USDT		
assets/res/import/77/77aa2ec2-63bb-4f88-bbd6-a9402c3db5f7.json	/18/_components/1/_srcKey	Withdraw to USDT		aaffabCRcpLyqXd9ReiHVw6
assets/res/import/77/77aa2ec2-63bb-4f88-bbd6-a9402c3db5f7.json	/18/_components/1/_srcKey	Withdraw to USDT		
assets/res/import/77/77aa2ec2-63bb-4f88-bbd6-a9402c3db5f7.json	/20/_name	withdraw_tips	withdraw_tips	cc.Node
assets/res/import/77/77aa2ec2-63bb-4f88-bbd6-a9402c3db5f7.json	/20/_name	withdraw_tips		
assets/res/import/77/77aa2ec2-63bb-4f88-bbd6-a9402c3db5f7.json	/22/_name	bank	bank	cc.Node
assets/res/import/77/77aa2ec2-63bb-4f88-bbd6-a9402c3db5f7.json	/22/_name	bank		
assets/res/import/77/77aa2ec2-63bb-4f88-bbd6-a9402c3db5f7.json	/24/_components/0/_string	Withdraw to BANK		cc.Label
assets/res/import/77/77aa2ec2-63bb-4f88-bbd6-a9402c3db5f7.json	/24/_components/0/_N$string	Withdraw to BANK		cc.Label
assets/res/import/77/77aa2ec2-63bb-4f88-bbd6-a9402c3db5f7.json	/24/_components/0/_string	Withdraw to BANK		
assets/res/import/77/77aa2ec2-63bb-4f88-bbd6-a9402c3db5f7.json	/24/_components/0/_N$string	Withdraw to BANK		
assets/res/import/77/77aa2ec2-63bb-4f88-bbd6-a9402c3db5f7.json	/24/_components/1/_srcKey	Withdraw to BANK		aaffabCRcpLyqXd9ReiHVw6
assets/res/import/77/77aa2ec2-63bb-4f88-bbd6-a9402c3db5f7.json	/24/_components/1/_srcKey	Withdraw to BANK		
assets/res/import/77/77aa2ec2-63bb-4f88-bbd6-a9402c3db5f7.json	/26/_name	withdraw_tips	withdraw_tips	cc.Node
assets/res/import/77/77aa2ec2-63bb-4f88-bbd6-a9402c3db5f7.json	/26/_name	withdraw_tips		
assets/res/import/77/77aa2ec2-63bb-4f88-bbd6-a9402c3db5f7.json	/32/_name	withdraw_tips	withdraw_tips	cc.Node
assets/res/import/77/77aa2ec2-63bb-4f88-bbd6-a9402c3db5f7.json	/32/_name	withdraw_tips		
assets/res/import/77/77aa2ec2-63bb-4f88-bbd6-a9402c3db5f7.json	/34/_name	upi	upi	cc.Node
assets/res/import/77/77aa2ec2-63bb-4f88-bbd6-a9402c3db5f7.json	/34/_name	upi		
assets/res/import/77/77aa2ec2-63bb-4f88-bbd6-a9402c3db5f7.json	/36/_components/0/_string	Withdraw to UPI		cc.Label
assets/res/import/77/77aa2ec2-63bb-4f88-bbd6-a9402c3db5f7.json	/36/_components/0/_N$string	Withdraw to UPI		cc.Label
assets/res/import/77/77aa2ec2-63bb-4f88-bbd6-a9402c3db5f7.json	/36/_components/0/_string	Withdraw to UPI		
assets/res/import/77/77aa2ec2-63bb-4f88-bbd6-a9402c3db5f7.json	/36/_components/0/_N$string	Withdraw to UPI		
assets/res/import/77/77aa2ec2-63bb-4f88-bbd6-a9402c3db5f7.json	/36/_components/1/_srcKey	Withdraw to UPI		aaffabCRcpLyqXd9ReiHVw6
assets/res/import/77/77aa2ec2-63bb-4f88-bbd6-a9402c3db5f7.json	/36/_components/1/_srcKey	Withdraw to UPI		
assets/res/import/77/77aa2ec2-63bb-4f88-bbd6-a9402c3db5f7.json	/38/_name	withdraw_tips	withdraw_tips	cc.Node
assets/res/import/77/77aa2ec2-63bb-4f88-bbd6-a9402c3db5f7.json	/38/_name	withdraw_tips		
assets/res/import/77/77aa2ec2-63bb-4f88-bbd6-a9402c3db5f7.json	/42/_components/0/_string	Withdraw to BGCASH Wallet		cc.Label
assets/res/import/77/77aa2ec2-63bb-4f88-bbd6-a9402c3db5f7.json	/42/_components/0/_N$string	Withdraw to BGCASH Wallet		cc.Label
assets/res/import/77/77aa2ec2-63bb-4f88-bbd6-a9402c3db5f7.json	/42/_components/0/_string	Withdraw to BGCASH Wallet		
assets/res/import/77/77aa2ec2-63bb-4f88-bbd6-a9402c3db5f7.json	/42/_components/0/_N$string	Withdraw to BGCASH Wallet		
assets/res/import/77/77aa2ec2-63bb-4f88-bbd6-a9402c3db5f7.json	/42/_components/1/_srcKey	Withdraw to BGCASH Wallet		aaffabCRcpLyqXd9ReiHVw6
assets/res/import/77/77aa2ec2-63bb-4f88-bbd6-a9402c3db5f7.json	/42/_components/1/_srcKey	Withdraw to BGCASH Wallet		
assets/res/import/77/77aa2ec2-63bb-4f88-bbd6-a9402c3db5f7.json	/44/_name	withdraw_tips	withdraw_tips	cc.Node
assets/res/import/77/77aa2ec2-63bb-4f88-bbd6-a9402c3db5f7.json	/44/_name	withdraw_tips		
assets/res/import/77/77aa2ec2-63bb-4f88-bbd6-a9402c3db5f7.json	/48/_components/0/_string	Withdraw to UPAY Wallet		cc.Label
assets/res/import/77/77aa2ec2-63bb-4f88-bbd6-a9402c3db5f7.json	/48/_components/0/_N$string	Withdraw to UPAY Wallet		cc.Label
assets/res/import/77/77aa2ec2-63bb-4f88-bbd6-a9402c3db5f7.json	/48/_components/0/_string	Withdraw to UPAY Wallet		
assets/res/import/77/77aa2ec2-63bb-4f88-bbd6-a9402c3db5f7.json	/48/_components/0/_N$string	Withdraw to UPAY Wallet		
assets/res/import/77/77aa2ec2-63bb-4f88-bbd6-a9402c3db5f7.json	/48/_components/1/_srcKey	Withdraw to UPAY Wallet		aaffabCRcpLyqXd9ReiHVw6
assets/res/import/77/77aa2ec2-63bb-4f88-bbd6-a9402c3db5f7.json	/48/_components/1/_srcKey	Withdraw to UPAY Wallet		
assets/res/import/77/77aa2ec2-63bb-4f88-bbd6-a9402c3db5f7.json	/50/_name	withdraw_tips	withdraw_tips	cc.Node
assets/res/import/77/77aa2ec2-63bb-4f88-bbd6-a9402c3db5f7.json	/50/_name	withdraw_tips		
assets/res/import/77/77aa2ec2-63bb-4f88-bbd6-a9402c3db5f7.json	/55/_components/0/_string	Online customer service		cc.Label
assets/res/import/77/77aa2ec2-63bb-4f88-bbd6-a9402c3db5f7.json	/55/_components/0/_N$string	Online customer service		cc.Label
assets/res/import/77/77aa2ec2-63bb-4f88-bbd6-a9402c3db5f7.json	/55/_components/0/_string	Online customer service		
assets/res/import/77/77aa2ec2-63bb-4f88-bbd6-a9402c3db5f7.json	/55/_components/0/_N$string	Online customer service		
assets/res/import/77/77aa2ec2-63bb-4f88-bbd6-a9402c3db5f7.json	/60/_components/0/_string	Online customer service		cc.Label
assets/res/import/77/77aa2ec2-63bb-4f88-bbd6-a9402c3db5f7.json	/60/_components/0/_N$string	Online customer service		cc.Label
assets/res/import/77/77aa2ec2-63bb-4f88-bbd6-a9402c3db5f7.json	/60/_components/0/_string	Online customer service		
assets/res/import/77/77aa2ec2-63bb-4f88-bbd6-a9402c3db5f7.json	/60/_components/0/_N$string	Online customer service		
assets/res/import/80/807efad5-4ea7-4163-b35f-e3d00b768906.json	/_name	PromoCode.plist	PromoCode.plist	cc.SpriteAtlas
assets/res/import/80/807efad5-4ea7-4163-b35f-e3d00b768906.json	/_name	PromoCode.plist		
assets/res/import/99/990a20d5-cb6b-4c4b-a843-5688030bcb62.json	/content/name	withdraw_tips_bg		
assets/res/import/96/96521601-a1a3-4a59-855b-b2a5ddbb466c.json	/content/name	paytable_button1_1_es		
assets/res/import/69/693d4799-253e-4bc2-b629-7a477840c071.json	/0/_name	LMSlots_Subgame777	LMSlots_Subgame777	cc.Prefab
assets/res/import/69/693d4799-253e-4bc2-b629-7a477840c071.json	/0/_name	LMSlots_Subgame777		
assets/res/import/69/693d4799-253e-4bc2-b629-7a477840c071.json	/1/_name	LMSlots_Subgame777	LMSlots_Subgame777	cc.Node
assets/res/import/69/693d4799-253e-4bc2-b629-7a477840c071.json	/1/_name	LMSlots_Subgame777		
assets/res/import/69/693d4799-253e-4bc2-b629-7a477840c071.json	/41/_prefab/fileId	deUrNrf+ZJK6XsupI87K5R		cc.PrefabInfo
assets/res/import/69/693d4799-253e-4bc2-b629-7a477840c071.json	/41/_prefab/fileId	deUrNrf+ZJK6XsupI87K5R		
assets/res/import/81/81bf9fee-9bf5-44b7-b84f-061fa7efe233.json	/_name	LMSlots_Common_TOP.plist	LMSlots_Common_TOP.plist	cc.SpriteAtlas
assets/res/import/81/81bf9fee-9bf5-44b7-b84f-061fa7efe233.json	/_name	LMSlots_Common_TOP.plist		
assets/res/import/fd/fd6a332a-8045-42e5-a415-dd843fd1974e.json	/_name	slot_spin	slot_spin	cc.AudioClip
assets/res/import/fd/fd6a332a-8045-42e5-a415-dd843fd1974e.json	/_name	slot_spin		
assets/res/import/1f/1fee897f-1150-4640-a719-7bea7a92a14c.json	/43/_components/0/_string	Rewards		cc.Label
assets/res/import/1f/1fee897f-1150-4640-a719-7bea7a92a14c.json	/43/_components/0/_N$string	Rewards		cc.Label
assets/res/import/1f/1fee897f-1150-4640-a719-7bea7a92a14c.json	/43/_components/0/_string	Rewards		
assets/res/import/1f/1fee897f-1150-4640-a719-7bea7a92a14c.json	/43/_components/0/_N$string	Rewards		
assets/res/import/24/2400bcae-2aa3-4a20-ad56-8caf81562c65.json	/_name	service.plist	service.plist	cc.SpriteAtlas
assets/res/import/24/2400bcae-2aa3-4a20-ad56-8caf81562c65.json	/_name	service.plist		
assets/res/import/fe/fe6c277b-5f1b-4ea2-b078-02f7d2c3aa6c.json	/4/_components/0/_string	Withdraw to BGCASH Wallet		cc.Label
assets/res/import/fe/fe6c277b-5f1b-4ea2-b078-02f7d2c3aa6c.json	/4/_components/0/_N$string	Withdraw to BGCASH Wallet		cc.Label
assets/res/import/fe/fe6c277b-5f1b-4ea2-b078-02f7d2c3aa6c.json	/4/_components/0/_string	Withdraw to BGCASH Wallet		
assets/res/import/fe/fe6c277b-5f1b-4ea2-b078-02f7d2c3aa6c.json	/4/_components/0/_N$string	Withdraw to BGCASH Wallet		
assets/res/import/fe/fe6c277b-5f1b-4ea2-b078-02f7d2c3aa6c.json	/4/_components/1/_srcKey	Withdraw to BGCASH Wallet		aaffabCRcpLyqXd9ReiHVw6
assets/res/import/fe/fe6c277b-5f1b-4ea2-b078-02f7d2c3aa6c.json	/4/_components/1/_srcKey	Withdraw to BGCASH Wallet		
assets/res/import/fe/fe6c277b-5f1b-4ea2-b078-02f7d2c3aa6c.json	/12/_components/0/_string	Withdrawable Balance		cc.Label
assets/res/import/fe/fe6c277b-5f1b-4ea2-b078-02f7d2c3aa6c.json	/12/_components/0/_N$string	Withdrawable Balance		cc.Label
assets/res/import/fe/fe6c277b-5f1b-4ea2-b078-02f7d2c3aa6c.json	/12/_components/0/_string	Withdrawable Balance		
assets/res/import/fe/fe6c277b-5f1b-4ea2-b078-02f7d2c3aa6c.json	/12/_components/0/_N$string	Withdrawable Balance		
assets/res/import/fe/fe6c277b-5f1b-4ea2-b078-02f7d2c3aa6c.json	/12/_components/1/_srcKey	Withdrawable Balance		aaffabCRcpLyqXd9ReiHVw6
assets/res/import/fe/fe6c277b-5f1b-4ea2-b078-02f7d2c3aa6c.json	/12/_components/1/_srcKey	Withdrawable Balance		
assets/res/import/fe/fe6c277b-5f1b-4ea2-b078-02f7d2c3aa6c.json	/17/_components/0/_string	Verify BGCASH Wallet Address		cc.Label
assets/res/import/fe/fe6c277b-5f1b-4ea2-b078-02f7d2c3aa6c.json	/17/_components/0/_N$string	Verify BGCASH Wallet Address		cc.Label
assets/res/import/fe/fe6c277b-5f1b-4ea2-b078-02f7d2c3aa6c.json	/17/_components/0/_string	Verify BGCASH Wallet Address		
assets/res/import/fe/fe6c277b-5f1b-4ea2-b078-02f7d2c3aa6c.json	/17/_components/0/_N$string	Verify BGCASH Wallet Address		
assets/res/import/fe/fe6c277b-5f1b-4ea2-b078-02f7d2c3aa6c.json	/17/_components/1/_srcKey	Verify BGCASH Wallet Address		aaffabCRcpLyqXd9ReiHVw6
assets/res/import/fe/fe6c277b-5f1b-4ea2-b078-02f7d2c3aa6c.json	/17/_components/1/_srcKey	Verify BGCASH Wallet Address		
assets/res/import/fe/fe6c277b-5f1b-4ea2-b078-02f7d2c3aa6c.json	/28/_name	withdraw_item_bg	withdraw_item_bg	cc.Node
assets/res/import/fe/fe6c277b-5f1b-4ea2-b078-02f7d2c3aa6c.json	/28/_name	withdraw_item_bg		
assets/res/import/fe/fe6c277b-5f1b-4ea2-b078-02f7d2c3aa6c.json	/29/_components/0/_string	Withdrawal Amount		cc.Label
assets/res/import/fe/fe6c277b-5f1b-4ea2-b078-02f7d2c3aa6c.json	/29/_components/0/_N$string	Withdrawal Amount		cc.Label
assets/res/import/fe/fe6c277b-5f1b-4ea2-b078-02f7d2c3aa6c.json	/29/_components/0/_string	Withdrawal Amount		
assets/res/import/fe/fe6c277b-5f1b-4ea2-b078-02f7d2c3aa6c.json	/29/_components/0/_N$string	Withdrawal Amount		
assets/res/import/fe/fe6c277b-5f1b-4ea2-b078-02f7d2c3aa6c.json	/29/_components/1/_srcKey	Withdrawal Amount		aaffabCRcpLyqXd9ReiHVw6
assets/res/import/fe/fe6c277b-5f1b-4ea2-b078-02f7d2c3aa6c.json	/29/_components/1/_srcKey	Withdrawal Amount		
assets/res/import/fe/fe6c277b-5f1b-4ea2-b078-02f7d2c3aa6c.json	/37/_components/0/_string	withdraw_hinit		cc.Label
assets/res/import/fe/fe6c277b-5f1b-4ea2-b078-02f7d2c3aa6c.json	/37/_components/0/_N$string	withdraw_hinit		cc.Label
assets/res/import/fe/fe6c277b-5f1b-4ea2-b078-02f7d2c3aa6c.json	/37/_components/0/_string	withdraw_hinit		
assets/res/import/fe/fe6c277b-5f1b-4ea2-b078-02f7d2c3aa6c.json	/37/_components/0/_N$string	withdraw_hinit		
assets/res/import/fe/fe6c277b-5f1b-4ea2-b078-02f7d2c3aa6c.json	/37/_components/1/_srcKey	withdraw_hinit		aaffabCRcpLyqXd9ReiHVw6
assets/res/import/fe/fe6c277b-5f1b-4ea2-b078-02f7d2c3aa6c.json	/37/_components/1/_srcKey	withdraw_hinit		
assets/res/import/fe/fe6c277b-5f1b-4ea2-b078-02f7d2c3aa6c.json	/57/_components/0/_string	Withdraw Now		cc.Label
assets/res/import/fe/fe6c277b-5f1b-4ea2-b078-02f7d2c3aa6c.json	/57/_components/0/_N$string	Withdraw Now		cc.Label
assets/res/import/fe/fe6c277b-5f1b-4ea2-b078-02f7d2c3aa6c.json	/57/_components/0/_string	Withdraw Now		
assets/res/import/fe/fe6c277b-5f1b-4ea2-b078-02f7d2c3aa6c.json	/57/_components/0/_N$string	Withdraw Now		
assets/res/import/fe/fe6c277b-5f1b-4ea2-b078-02f7d2c3aa6c.json	/57/_components/1/_srcKey	Withdraw Now		aaffabCRcpLyqXd9ReiHVw6
assets/res/import/fe/fe6c277b-5f1b-4ea2-b078-02f7d2c3aa6c.json	/57/_components/1/_srcKey	Withdraw Now		
assets/res/import/fe/fe6c277b-5f1b-4ea2-b078-02f7d2c3aa6c.json	/61/_components/0/_string	Online customer service		cc.Label
assets/res/import/fe/fe6c277b-5f1b-4ea2-b078-02f7d2c3aa6c.json	/61/_components/0/_N$string	Online customer service		cc.Label
assets/res/import/fe/fe6c277b-5f1b-4ea2-b078-02f7d2c3aa6c.json	/61/_components/0/_string	Online customer service		
assets/res/import/fe/fe6c277b-5f1b-4ea2-b078-02f7d2c3aa6c.json	/61/_components/0/_N$string	Online customer service		
assets/res/import/fe/fe6c277b-5f1b-4ea2-b078-02f7d2c3aa6c.json	/66/_components/0/_string	Online customer service		cc.Label
assets/res/import/fe/fe6c277b-5f1b-4ea2-b078-02f7d2c3aa6c.json	/66/_components/0/_N$string	Online customer service		cc.Label
assets/res/import/fe/fe6c277b-5f1b-4ea2-b078-02f7d2c3aa6c.json	/66/_components/0/_string	Online customer service		
assets/res/import/fe/fe6c277b-5f1b-4ea2-b078-02f7d2c3aa6c.json	/66/_components/0/_N$string	Online customer service		
assets/res/import/fe/fe6c277b-5f1b-4ea2-b078-02f7d2c3aa6c.json	/69/_prefab/fileId	9cma+uBThBUpIlN7vPCkNn		cc.PrefabInfo
assets/res/import/fe/fe6c277b-5f1b-4ea2-b078-02f7d2c3aa6c.json	/69/_prefab/fileId	9cma+uBThBUpIlN7vPCkNn		
assets/res/import/fe/fe6c277b-5f1b-4ea2-b078-02f7d2c3aa6c.json	/79/_components/0/_string	withdraw_hint_1		cc.Label
assets/res/import/fe/fe6c277b-5f1b-4ea2-b078-02f7d2c3aa6c.json	/79/_components/0/_N$string	withdraw_hint_1		cc.Label
assets/res/import/fe/fe6c277b-5f1b-4ea2-b078-02f7d2c3aa6c.json	/79/_components/0/_string	withdraw_hint_1		
assets/res/import/fe/fe6c277b-5f1b-4ea2-b078-02f7d2c3aa6c.json	/79/_components/0/_N$string	withdraw_hint_1		
assets/res/import/fe/fe6c277b-5f1b-4ea2-b078-02f7d2c3aa6c.json	/79/_components/1/_srcKey	withdraw_hint_1		aaffabCRcpLyqXd9ReiHVw6
assets/res/import/fe/fe6c277b-5f1b-4ea2-b078-02f7d2c3aa6c.json	/79/_components/1/_srcKey	withdraw_hint_1		
assets/res/import/88/88b605e4-7ae6-4a08-b9ab-2d0c169fe7ea.json	/content/name	withdraw_item_bg		
assets/res/import/a4/a434d466-2d2e-4849-afb5-7bb2bcee08d0.json	/_name	LMSlots_Common_Portrait.plist	LMSlots_Common_Portrait.plist	cc.SpriteAtlas
assets/res/import/a4/a434d466-2d2e-4849-afb5-7bb2bcee08d0.json	/_name	LMSlots_Common_Portrait.plist		
assets/res/import/d2/d28c2fe2-5494-45e4-8b42-aeed11d8c789.json	/0/_name	LMSlots_Loading_progressBar	LMSlots_Loading_progressBar	cc.Prefab
assets/res/import/d2/d28c2fe2-5494-45e4-8b42-aeed11d8c789.json	/0/_name	LMSlots_Loading_progressBar		
assets/res/import/d2/d28c2fe2-5494-45e4-8b42-aeed11d8c789.json	/1/_name	LMSlots_Loading_progressBar	LMSlots_Loading_progressBar	cc.Node
assets/res/import/d2/d28c2fe2-5494-45e4-8b42-aeed11d8c789.json	/1/_name	LMSlots_Loading_progressBar		
assets/res/import/d2/d28c2fe2-5494-45e4-8b42-aeed11d8c789.json	/1/_components/0/_name	LMSlots_Loading_progressBar<Sprite>	LMSlots_Loading_progressBar<Sprite>	cc.Sprite
assets/res/import/d2/d28c2fe2-5494-45e4-8b42-aeed11d8c789.json	/1/_components/0/_name	LMSlots_Loading_progressBar<Sprite>		
assets/res/import/05/05028815-9e78-4220-a1a2-2c85c0ab4291.json	/content/name	paytable_buttonleft_1		
assets/res/import/d6/d66c9356-28d3-4ce2-880d-a8e9a13293f1.json	/7/_name	rewards	rewards	cc.Node
assets/res/import/d6/d66c9356-28d3-4ce2-880d-a8e9a13293f1.json	/7/_name	rewards		
assets/res/import/62/62c3c14b-751f-48ed-aa71-3ce1c9c743a3.json	/_spriteFrames/bg_hall_bottom/__uuid__	abupiVuQdMWJhTvqiXrbGI		
assets/res/import/73/732004f9-7731-4034-9a5d-bc5707600a02.json	/_name	slot_popup	slot_popup	cc.AudioClip
assets/res/import/73/732004f9-7731-4034-9a5d-bc5707600a02.json	/_name	slot_popup		
assets/res/import/c4/c403c7f8-6fbd-4375-aadd-8133e830c3b0.json	/content/name	promocode_t		
assets/res/import/12/12835871-545d-41a1-891f-15e3b772e3ee.json	/7/_name	t_reward	t_reward	cc.Node
assets/res/import/12/12835871-545d-41a1-891f-15e3b772e3ee.json	/7/_name	t_reward		
assets/res/import/12/12835871-545d-41a1-891f-15e3b772e3ee.json	/7/_components/0/_string	Rewards		cc.Label
assets/res/import/12/12835871-545d-41a1-891f-15e3b772e3ee.json	/7/_components/0/_N$string	Rewards		cc.Label
assets/res/import/12/12835871-545d-41a1-891f-15e3b772e3ee.json	/7/_components/0/_string	Rewards		
assets/res/import/12/12835871-545d-41a1-891f-15e3b772e3ee.json	/7/_components/0/_N$string	Rewards		
assets/res/import/12/12835871-545d-41a1-891f-15e3b772e3ee.json	/7/_components/1/_srcKey	Rewards		aaffabCRcpLyqXd9ReiHVw6
assets/res/import/12/12835871-545d-41a1-891f-15e3b772e3ee.json	/7/_components/1/_srcKey	Rewards		
assets/res/import/12/12835871-545d-41a1-891f-15e3b772e3ee.json	/15/_name	lbl_rewards	lbl_rewards	cc.Node
assets/res/import/12/12835871-545d-41a1-891f-15e3b772e3ee.json	/15/_name	lbl_rewards		
assets/res/import/d5/d54739f4-71ff-49cd-99aa-7467fd4b699b.json	/_name	return_rewards.plist	return_rewards.plist	cc.SpriteAtlas
assets/res/import/d5/d54739f4-71ff-49cd-99aa-7467fd4b699b.json	/_name	return_rewards.plist		
assets/res/import/da/da843ebb-2980-4be9-9a3f-0566fc6280a8.json	/content/name	Withdraw		
assets/res/import/7d/7d090bf2-0f9b-4c04-8bbe-79f10cc54bfc.json	/0/_name	LMSlots_Help_prefab	LMSlots_Help_prefab	cc.Prefab
assets/res/import/7d/7d090bf2-0f9b-4c04-8bbe-79f10cc54bfc.json	/0/_name	LMSlots_Help_prefab		
assets/res/import/7d/7d090bf2-0f9b-4c04-8bbe-79f10cc54bfc.json	/1/_name	LMSlots_Help_prefab	LMSlots_Help_prefab	cc.Node
assets/res/import/7d/7d090bf2-0f9b-4c04-8bbe-79f10cc54bfc.json	/1/_name	LMSlots_Help_prefab		
assets/res/import/7d/7d090bf2-0f9b-4c04-8bbe-79f10cc54bfc.json	/7/_name	paytable_button1_1	paytable_button1_1	cc.Node
assets/res/import/7d/7d090bf2-0f9b-4c04-8bbe-79f10cc54bfc.json	/7/_name	paytable_button1_1		
assets/res/import/68/685abee5-3548-4e7d-91b8-d108d41d68a5.json	/content/name	z_bank		
assets/res/import/dd/dd7da7c3-41e7-4ec5-a950-49b3323e4750.json	/0/_name	pop_rewards	pop_rewards	cc.Prefab
assets/res/import/dd/dd7da7c3-41e7-4ec5-a950-49b3323e4750.json	/0/_name	pop_rewards		
assets/res/import/dd/dd7da7c3-41e7-4ec5-a950-49b3323e4750.json	/1/_name	pop_rewards	pop_rewards	cc.Node
assets/res/import/dd/dd7da7c3-41e7-4ec5-a950-49b3323e4750.json	/1/_name	pop_rewards		
assets/res/import/c1/c1dabdbc-6cd9-44d8-9a86-21210702e539.json	/content/name	paytable_common_V		
assets/res/import/47/47833506-3c8d-4b18-9741-a719e88a9bf1.json	/8/_name	jackpot_lotto	jackpot_lotto	cc.Node
assets/res/import/47/47833506-3c8d-4b18-9741-a719e88a9bf1.json	/8/_name	jackpot_lotto		
assets/res/import/47/47833506-3c8d-4b18-9741-a719e88a9bf1.json	/21/_name	download	download	cc.Node
assets/res/import/47/47833506-3c8d-4b18-9741-a719e88a9bf1.json	/21/_name	download		
assets/res/import/47/47833506-3c8d-4b18-9741-a719e88a9bf1.json	/23/_name	download_fail	download_fail	cc.Node
assets/res/import/47/47833506-3c8d-4b18-9741-a719e88a9bf1.json	/23/_name	download_fail		
assets/res/import/47/47833506-3c8d-4b18-9741-a719e88a9bf1.json	/24/_components/0/key	jackpot_lotto_red,lotto		ccdb17+ab5Gh7tJ8gpsiEkC
assets/res/import/47/47833506-3c8d-4b18-9741-a719e88a9bf1.json	/24/_components/0/key	jackpot_lotto_red,lotto		
assets/res/import/47/47833506-3c8d-4b18-9741-a719e88a9bf1.json	/34/_components/0/_string	My Lotto Tickets:		cc.Label
assets/res/import/47/47833506-3c8d-4b18-9741-a719e88a9bf1.json	/34/_components/0/_N$string	My Lotto Tickets:		cc.Label
assets/res/import/47/47833506-3c8d-4b18-9741-a719e88a9bf1.json	/34/_components/0/_string	My Lotto Tickets:		
assets/res/import/47/47833506-3c8d-4b18-9741-a719e88a9bf1.json	/34/_components/0/_N$string	My Lotto Tickets:		
assets/res/import/47/47833506-3c8d-4b18-9741-a719e88a9bf1.json	/34/_components/1/_srcKey	My Lotto Tickets:		aaffabCRcpLyqXd9ReiHVw6
assets/res/import/47/47833506-3c8d-4b18-9741-a719e88a9bf1.json	/34/_components/1/_srcKey	My Lotto Tickets:		
assets/res/import/47/47833506-3c8d-4b18-9741-a719e88a9bf1.json	/108/_components/0/key	localnewslot		ccdb17+ab5Gh7tJ8gpsiEkC
assets/res/import/47/47833506-3c8d-4b18-9741-a719e88a9bf1.json	/108/_components/0/key	localnewslot		
assets/res/import/47/47833506-3c8d-4b18-9741-a719e88a9bf1.json	/135/_components/0/key	localnewfish		ccdb17+ab5Gh7tJ8gpsiEkC
assets/res/import/47/47833506-3c8d-4b18-9741-a719e88a9bf1.json	/135/_components/0/key	localnewfish		
assets/res/import/47/47833506-3c8d-4b18-9741-a719e88a9bf1.json	/156/_components/0/key	red_verify		ccdb17+ab5Gh7tJ8gpsiEkC
assets/res/import/47/47833506-3c8d-4b18-9741-a719e88a9bf1.json	/156/_components/0/key	red_verify		
assets/res/import/47/47833506-3c8d-4b18-9741-a719e88a9bf1.json	/167/_name	download	download	cc.Node
assets/res/import/47/47833506-3c8d-4b18-9741-a719e88a9bf1.json	/167/_name	download		
assets/res/import/47/47833506-3c8d-4b18-9741-a719e88a9bf1.json	/169/_name	download_fail	download_fail	cc.Node
assets/res/import/47/47833506-3c8d-4b18-9741-a719e88a9bf1.json	/169/_name	download_fail		
assets/res/import/47/47833506-3c8d-4b18-9741-a719e88a9bf1.json	/186/_name	download	download	cc.Node
assets/res/import/47/47833506-3c8d-4b18-9741-a719e88a9bf1.json	/186/_name	download		
assets/res/import/47/47833506-3c8d-4b18-9741-a719e88a9bf1.json	/188/_name	download_fail	download_fail	cc.Node
assets/res/import/47/47833506-3c8d-4b18-9741-a719e88a9bf1.json	/188/_name	download_fail		
assets/res/import/47/47833506-3c8d-4b18-9741-a719e88a9bf1.json	/199/_name	bg_bonus	bg_bonus	cc.Node
assets/res/import/47/47833506-3c8d-4b18-9741-a719e88a9bf1.json	/199/_name	bg_bonus		
assets/res/import/47/47833506-3c8d-4b18-9741-a719e88a9bf1.json	/199/_components/0/_name	bg_bonus<Sprite>	bg_bonus<Sprite>	cc.Sprite
assets/res/import/47/47833506-3c8d-4b18-9741-a719e88a9bf1.json	/199/_components/0/_name	bg_bonus<Sprite>		
assets/res/import/47/47833506-3c8d-4b18-9741-a719e88a9bf1.json	/207/_components/1/key	bank/bt		7b4dcq48PtKRZmC8KT63lIe
assets/res/import/47/47833506-3c8d-4b18-9741-a719e88a9bf1.json	/207/_components/1/key	bank/bt		
assets/res/import/47/47833506-3c8d-4b18-9741-a719e88a9bf1.json	/209/_name	bg_bonus	bg_bonus	cc.Node
assets/res/import/47/47833506-3c8d-4b18-9741-a719e88a9bf1.json	/209/_name	bg_bonus		
assets/res/import/47/47833506-3c8d-4b18-9741-a719e88a9bf1.json	/226/_components/0/key	agent_lb_reward		ccdb17+ab5Gh7tJ8gpsiEkC
assets/res/import/47/47833506-3c8d-4b18-9741-a719e88a9bf1.json	/226/_components/0/key	agent_lb_reward		
assets/res/import/47/47833506-3c8d-4b18-9741-a719e88a9bf1.json	/235/_components/1/key	makemoney/m_rewards_2		7b4dcq48PtKRZmC8KT63lIe
assets/res/import/47/47833506-3c8d-4b18-9741-a719e88a9bf1.json	/235/_components/1/key	makemoney/m_rewards_2		
assets/res/import/47/47833506-3c8d-4b18-9741-a719e88a9bf1.json	/237/_components/1/key	makemoney/m_rewards_1		7b4dcq48PtKRZmC8KT63lIe
assets/res/import/47/47833506-3c8d-4b18-9741-a719e88a9bf1.json	/237/_components/1/key	makemoney/m_rewards_1		
assets/res/import/47/47833506-3c8d-4b18-9741-a719e88a9bf1.json	/238/_components/0/key	agent_reward		ccdb17+ab5Gh7tJ8gpsiEkC
assets/res/import/47/47833506-3c8d-4b18-9741-a719e88a9bf1.json	/238/_components/0/key	agent_reward		
assets/res/import/47/47833506-3c8d-4b18-9741-a719e88a9bf1.json	/266/_name	yd_bonus	yd_bonus	cc.Node
assets/res/import/47/47833506-3c8d-4b18-9741-a719e88a9bf1.json	/266/_name	yd_bonus		
assets/res/import/47/47833506-3c8d-4b18-9741-a719e88a9bf1.json	/268/_name	bg_bonus	bg_bonus	cc.Node
assets/res/import/47/47833506-3c8d-4b18-9741-a719e88a9bf1.json	/268/_name	bg_bonus		
assets/res/import/47/47833506-3c8d-4b18-9741-a719e88a9bf1.json	/557/_components/0/_string	Deposit	Label<Label>	cc.Label
assets/res/import/47/47833506-3c8d-4b18-9741-a719e88a9bf1.json	/557/_components/0/_N$string	Deposit	Label<Label>	cc.Label
assets/res/import/47/47833506-3c8d-4b18-9741-a719e88a9bf1.json	/557/_components/0/_string	Deposit		
assets/res/import/47/47833506-3c8d-4b18-9741-a719e88a9bf1.json	/557/_components/0/_N$string	Deposit		
assets/res/import/47/47833506-3c8d-4b18-9741-a719e88a9bf1.json	/557/_components/2/_srcKey	Deposit		aaffabCRcpLyqXd9ReiHVw6
assets/res/import/47/47833506-3c8d-4b18-9741-a719e88a9bf1.json	/557/_components/2/_srcKey	Deposit		
assets/res/import/47/47833506-3c8d-4b18-9741-a719e88a9bf1.json	/573/_components/0/_spriteFrame/__uuid__	abupiVuQdMWJhTvqiXrbGI		
assets/res/import/47/47833506-3c8d-4b18-9741-a719e88a9bf1.json	/574/_components/0/_spriteFrame/__uuid__	abupiVuQdMWJhTvqiXrbGI		
assets/res/import/47/47833506-3c8d-4b18-9741-a719e88a9bf1.json	/579/_components/1/key	BaseRes/z_bank		7b4dcq48PtKRZmC8KT63lIe
assets/res/import/47/47833506-3c8d-4b18-9741-a719e88a9bf1.json	/579/_components/1/key	BaseRes/z_bank		
assets/res/import/47/47833506-3c8d-4b18-9741-a719e88a9bf1.json	/582/_components/1/key	BaseRes/bank		7b4dcq48PtKRZmC8KT63lIe
assets/res/import/47/47833506-3c8d-4b18-9741-a719e88a9bf1.json	/582/_components/1/key	BaseRes/bank		
assets/res/import/47/47833506-3c8d-4b18-9741-a719e88a9bf1.json	/583/_components/0/key	transbonus,bonusfreez,bestwin		ccdb17+ab5Gh7tJ8gpsiEkC
assets/res/import/47/47833506-3c8d-4b18-9741-a719e88a9bf1.json	/583/_components/0/key	transbonus,bonusfreez,bestwin		
assets/res/import/47/47833506-3c8d-4b18-9741-a719e88a9bf1.json	/614/_components/0/key	agent_reward,agent_lb_reward		ccdb17+ab5Gh7tJ8gpsiEkC
assets/res/import/47/47833506-3c8d-4b18-9741-a719e88a9bf1.json	/614/_components/0/key	agent_reward,agent_lb_reward		
assets/res/import/93/93113191-b251-4e3c-ab00-db943bfe6b15.json	/0/_name	inputPaymentPIN	inputPaymentPIN	cc.Prefab
assets/res/import/93/93113191-b251-4e3c-ab00-db943bfe6b15.json	/0/_name	inputPaymentPIN		
assets/res/import/93/93113191-b251-4e3c-ab00-db943bfe6b15.json	/1/_name	setPaymentPIN	setPaymentPIN	cc.Node
assets/res/import/93/93113191-b251-4e3c-ab00-db943bfe6b15.json	/1/_name	setPaymentPIN		
assets/res/import/93/93113191-b251-4e3c-ab00-db943bfe6b15.json	/3/_components/0/_string	Input Payment PIN		cc.Label
assets/res/import/93/93113191-b251-4e3c-ab00-db943bfe6b15.json	/3/_components/0/_N$string	Input Payment PIN		cc.Label
assets/res/import/93/93113191-b251-4e3c-ab00-db943bfe6b15.json	/3/_components/0/_string	Input Payment PIN		
assets/res/import/93/93113191-b251-4e3c-ab00-db943bfe6b15.json	/3/_components/0/_N$string	Input Payment PIN		
assets/res/import/93/93113191-b251-4e3c-ab00-db943bfe6b15.json	/3/_components/1/_srcKey	Input Payment PIN		aaffabCRcpLyqXd9ReiHVw6
assets/res/import/93/93113191-b251-4e3c-ab00-db943bfe6b15.json	/3/_components/1/_srcKey	Input Payment PIN		
assets/res/import/93/93113191-b251-4e3c-ab00-db943bfe6b15.json	/4/_components/0/_string	Please enter your 6-digit Payment PIN to confirm withdrawal.		cc.Label
assets/res/import/93/93113191-b251-4e3c-ab00-db943bfe6b15.json	/4/_components/0/_N$string	Please enter your 6-digit Payment PIN to confirm withdrawal.		cc.Label
assets/res/import/93/93113191-b251-4e3c-ab00-db943bfe6b15.json	/4/_components/0/_string	Please enter your 6-digit Payment PIN to confirm withdrawal.		
assets/res/import/93/93113191-b251-4e3c-ab00-db943bfe6b15.json	/4/_components/0/_N$string	Please enter your 6-digit Payment PIN to confirm withdrawal.		
assets/res/import/93/93113191-b251-4e3c-ab00-db943bfe6b15.json	/4/_components/2/_srcKey	Please enter your 6-digit Payment PIN to confirm withdrawal.		aaffabCRcpLyqXd9ReiHVw6
assets/res/import/93/93113191-b251-4e3c-ab00-db943bfe6b15.json	/4/_components/2/_srcKey	Please enter your 6-digit Payment PIN to confirm withdrawal.		
assets/res/import/c4/c4fb0726-7b4f-4a31-b885-239e5676c7c7.json	/content/name	bg_shop_wallet_hint		
assets/res/import/5d/5dd1ecd7-648a-44fa-a1ef-d794a868e652.json	/content/name	paytable_button1_1_ar		
assets/res/import/3a/3ac1a1c7-d2a0-44bd-af5f-3d4f652bf1ff.json	/content/name	paytable_buttonleft_1		
assets/res/import/64/64241f9c-066d-4906-87f4-e99fb60afdf6.json	/content/name	m_rewards_1		
assets/res/import/d3/d31bb486-b81d-4dd7-87da-d05906ad2fb6.json	/27/_name	btn_deposit	btn_deposit	cc.Node
assets/res/import/d3/d31bb486-b81d-4dd7-87da-d05906ad2fb6.json	/27/_name	btn_deposit		
assets/res/import/ca/ca7dd3c3-b489-4276-885e-88181d9b4629.json	/13/_components/0/_string	Deposits		cc.Label
assets/res/import/ca/ca7dd3c3-b489-4276-885e-88181d9b4629.json	/13/_components/0/_N$string	Deposits		cc.Label
assets/res/import/ca/ca7dd3c3-b489-4276-885e-88181d9b4629.json	/13/_components/0/_string	Deposits		
assets/res/import/ca/ca7dd3c3-b489-4276-885e-88181d9b4629.json	/13/_components/0/_N$string	Deposits		
assets/res/import/ca/ca7dd3c3-b489-4276-885e-88181d9b4629.json	/13/_components/1/_srcKey	Deposits		aaffabCRcpLyqXd9ReiHVw6
assets/res/import/ca/ca7dd3c3-b489-4276-885e-88181d9b4629.json	/13/_components/1/_srcKey	Deposits		
assets/res/import/ca/ca7dd3c3-b489-4276-885e-88181d9b4629.json	/15/_components/0/_string	Deposits		cc.Label
assets/res/import/ca/ca7dd3c3-b489-4276-885e-88181d9b4629.json	/15/_components/0/_N$string	Deposits		cc.Label
assets/res/import/ca/ca7dd3c3-b489-4276-885e-88181d9b4629.json	/15/_components/0/_string	Deposits		
assets/res/import/ca/ca7dd3c3-b489-4276-885e-88181d9b4629.json	/15/_components/0/_N$string	Deposits		
assets/res/import/ca/ca7dd3c3-b489-4276-885e-88181d9b4629.json	/15/_components/1/_srcKey	Deposits		aaffabCRcpLyqXd9ReiHVw6
assets/res/import/ca/ca7dd3c3-b489-4276-885e-88181d9b4629.json	/15/_components/1/_srcKey	Deposits		
assets/res/import/ca/ca7dd3c3-b489-4276-885e-88181d9b4629.json	/19/_components/0/_string	Withdrawals		cc.Label
assets/res/import/ca/ca7dd3c3-b489-4276-885e-88181d9b4629.json	/19/_components/0/_N$string	Withdrawals		cc.Label
assets/res/import/ca/ca7dd3c3-b489-4276-885e-88181d9b4629.json	/19/_components/0/_string	Withdrawals		
assets/res/import/ca/ca7dd3c3-b489-4276-885e-88181d9b4629.json	/19/_components/0/_N$string	Withdrawals		
assets/res/import/ca/ca7dd3c3-b489-4276-885e-88181d9b4629.json	/19/_components/1/_srcKey	Withdrawals		aaffabCRcpLyqXd9ReiHVw6
assets/res/import/ca/ca7dd3c3-b489-4276-885e-88181d9b4629.json	/19/_components/1/_srcKey	Withdrawals		
assets/res/import/ca/ca7dd3c3-b489-4276-885e-88181d9b4629.json	/21/_components/0/_string	Withdrawals		cc.Label
assets/res/import/ca/ca7dd3c3-b489-4276-885e-88181d9b4629.json	/21/_components/0/_N$string	Withdrawals		cc.Label
assets/res/import/ca/ca7dd3c3-b489-4276-885e-88181d9b4629.json	/21/_components/0/_string	Withdrawals		
assets/res/import/ca/ca7dd3c3-b489-4276-885e-88181d9b4629.json	/21/_components/0/_N$string	Withdrawals		
assets/res/import/ca/ca7dd3c3-b489-4276-885e-88181d9b4629.json	/21/_components/1/_srcKey	Withdrawals		aaffabCRcpLyqXd9ReiHVw6
assets/res/import/ca/ca7dd3c3-b489-4276-885e-88181d9b4629.json	/21/_components/1/_srcKey	Withdrawals		
assets/res/import/ca/ca7dd3c3-b489-4276-885e-88181d9b4629.json	/46/_components/0/_string	Deposits		cc.Label
assets/res/import/ca/ca7dd3c3-b489-4276-885e-88181d9b4629.json	/46/_components/0/_N$string	Deposits		cc.Label
assets/res/import/ca/ca7dd3c3-b489-4276-885e-88181d9b4629.json	/46/_components/0/_string	Deposits		
assets/res/import/ca/ca7dd3c3-b489-4276-885e-88181d9b4629.json	/46/_components/0/_N$string	Deposits		
assets/res/import/ca/ca7dd3c3-b489-4276-885e-88181d9b4629.json	/48/_components/0/_string	Deposits		cc.Label
assets/res/import/ca/ca7dd3c3-b489-4276-885e-88181d9b4629.json	/48/_components/0/_N$string	Deposits		cc.Label
assets/res/import/ca/ca7dd3c3-b489-4276-885e-88181d9b4629.json	/48/_components/0/_string	Deposits		
assets/res/import/ca/ca7dd3c3-b489-4276-885e-88181d9b4629.json	/48/_components/0/_N$string	Deposits		
assets/res/import/ca/ca7dd3c3-b489-4276-885e-88181d9b4629.json	/127/renderEvent/handler	onRenderWithdrawItem		cc.ClickEvent
assets/res/import/ca/ca7dd3c3-b489-4276-885e-88181d9b4629.json	/127/renderEvent/handler	onRenderWithdrawItem		
assets/res/import/43/4388fd07-2957-4ede-b850-5c5baf4c8958.json	/6/_components/0/_string	Login everyday to claim free bonus		cc.Label
assets/res/import/43/4388fd07-2957-4ede-b850-5c5baf4c8958.json	/6/_components/0/_N$string	Login everyday to claim free bonus		cc.Label
assets/res/import/43/4388fd07-2957-4ede-b850-5c5baf4c8958.json	/6/_components/0/_string	Login everyday to claim free bonus		
assets/res/import/43/4388fd07-2957-4ede-b850-5c5baf4c8958.json	/6/_components/0/_N$string	Login everyday to claim free bonus		
assets/res/import/43/4388fd07-2957-4ede-b850-5c5baf4c8958.json	/6/_components/1/_srcKey	Login everyday to claim free bonus		aaffabCRcpLyqXd9ReiHVw6
assets/res/import/43/4388fd07-2957-4ede-b850-5c5baf4c8958.json	/6/_components/1/_srcKey	Login everyday to claim free bonus		
assets/res/import/af/af19543e-ad58-471d-a717-236d3562aece.json	/0/_name	LMSlots_NiceWin_Base	LMSlots_NiceWin_Base	cc.Prefab
assets/res/import/af/af19543e-ad58-471d-a717-236d3562aece.json	/0/_name	LMSlots_NiceWin_Base		
assets/res/import/af/af19543e-ad58-471d-a717-236d3562aece.json	/1/_name	LMSlots_NiceWin_Base	LMSlots_NiceWin_Base	cc.Node
assets/res/import/af/af19543e-ad58-471d-a717-236d3562aece.json	/1/_name	LMSlots_NiceWin_Base		
assets/res/import/af/af19543e-ad58-471d-a717-236d3562aece.json	/11/_components/0/_N$file/__uuid__	54RcO+N/dA3rKdb7oiIuPi		
assets/res/import/f1/f1a853a4-4a92-4ec2-81ef-39ebb24d8f41.json	/_name	LMSlots_Common.plist	LMSlots_Common.plist	cc.SpriteAtlas
assets/res/import/f1/f1a853a4-4a92-4ec2-81ef-39ebb24d8f41.json	/_name	LMSlots_Common.plist		
assets/res/import/41/4179672d-29cb-4f24-b978-d599cc459548.json	/0/_name	yd_float_service	yd_float_service	cc.Prefab
assets/res/import/41/4179672d-29cb-4f24-b978-d599cc459548.json	/0/_name	yd_float_service		
assets/res/import/41/4179672d-29cb-4f24-b978-d599cc459548.json	/1/_name	yd_float_service	yd_float_service	cc.Node
assets/res/import/41/4179672d-29cb-4f24-b978-d599cc459548.json	/1/_name	yd_float_service		
assets/res/import/48/48b7b2a6-d8b6-4c6a-a951-fce5cbefe260.json	/content/name	m_rewards_2		
assets/res/import/07/0724c98c-48b8-4f7a-bfd9-1e2795b33462.json	/0/_name	setPaymentPIN	setPaymentPIN	cc.Prefab
assets/res/import/07/0724c98c-48b8-4f7a-bfd9-1e2795b33462.json	/0/_name	setPaymentPIN		
assets/res/import/07/0724c98c-48b8-4f7a-bfd9-1e2795b33462.json	/1/_name	setPaymentPIN	setPaymentPIN	cc.Node
assets/res/import/07/0724c98c-48b8-4f7a-bfd9-1e2795b33462.json	/1/_name	setPaymentPIN		
assets/res/import/07/0724c98c-48b8-4f7a-bfd9-1e2795b33462.json	/3/_components/0/_string	Set Payment PIN		cc.Label
assets/res/import/07/0724c98c-48b8-4f7a-bfd9-1e2795b33462.json	/3/_components/0/_N$string	Set Payment PIN		cc.Label
assets/res/import/07/0724c98c-48b8-4f7a-bfd9-1e2795b33462.json	/3/_components/0/_string	Set Payment PIN		
assets/res/import/07/0724c98c-48b8-4f7a-bfd9-1e2795b33462.json	/3/_components/0/_N$string	Set Payment PIN		
assets/res/import/07/0724c98c-48b8-4f7a-bfd9-1e2795b33462.json	/5/_components/0/_string	Create_Payment_PIN_tip		cc.Label
assets/res/import/07/0724c98c-48b8-4f7a-bfd9-1e2795b33462.json	/5/_components/0/_N$string	Create_Payment_PIN_tip		cc.Label
assets/res/import/07/0724c98c-48b8-4f7a-bfd9-1e2795b33462.json	/5/_components/0/_string	Create_Payment_PIN_tip		
assets/res/import/07/0724c98c-48b8-4f7a-bfd9-1e2795b33462.json	/5/_components/0/_N$string	Create_Payment_PIN_tip		
assets/res/import/07/0724c98c-48b8-4f7a-bfd9-1e2795b33462.json	/5/_components/3/_srcKey	Create_Payment_PIN_tip		aaffabCRcpLyqXd9ReiHVw6
assets/res/import/07/0724c98c-48b8-4f7a-bfd9-1e2795b33462.json	/5/_components/3/_srcKey	Create_Payment_PIN_tip		
assets/res/import/07/0724c98c-48b8-4f7a-bfd9-1e2795b33462.json	/33/_components/0/_string	Confirm_Payment_PIN_tip		cc.Label
assets/res/import/07/0724c98c-48b8-4f7a-bfd9-1e2795b33462.json	/33/_components/0/_N$string	Confirm_Payment_PIN_tip		cc.Label
assets/res/import/07/0724c98c-48b8-4f7a-bfd9-1e2795b33462.json	/33/_components/0/_string	Confirm_Payment_PIN_tip		
assets/res/import/07/0724c98c-48b8-4f7a-bfd9-1e2795b33462.json	/33/_components/0/_N$string	Confirm_Payment_PIN_tip		
assets/res/import/07/0724c98c-48b8-4f7a-bfd9-1e2795b33462.json	/33/_components/3/_srcKey	Confirm_Payment_PIN_tip		aaffabCRcpLyqXd9ReiHVw6
assets/res/import/07/0724c98c-48b8-4f7a-bfd9-1e2795b33462.json	/33/_components/3/_srcKey	Confirm_Payment_PIN_tip		
assets/res/import/07/0724c98c-48b8-4f7a-bfd9-1e2795b33462.json	/61/_components/0/_string	These answers will help you reset your Payment PIN if you forget it.		cc.Label
assets/res/import/07/0724c98c-48b8-4f7a-bfd9-1e2795b33462.json	/61/_components/0/_N$string	These answers will help you reset your Payment PIN if you forget it.		cc.Label
assets/res/import/07/0724c98c-48b8-4f7a-bfd9-1e2795b33462.json	/61/_components/0/_string	These answers will help you reset your Payment PIN if you forget it.		
assets/res/import/07/0724c98c-48b8-4f7a-bfd9-1e2795b33462.json	/61/_components/0/_N$string	These answers will help you reset your Payment PIN if you forget it.		
assets/res/import/07/0724c98c-48b8-4f7a-bfd9-1e2795b33462.json	/61/_components/3/_srcKey	These answers will help you reset your Payment PIN if you forget it.		aaffabCRcpLyqXd9ReiHVw6
assets/res/import/07/0724c98c-48b8-4f7a-bfd9-1e2795b33462.json	/61/_components/3/_srcKey	These answers will help you reset your Payment PIN if you forget it.		
assets/res/import/e6/e6e0652f-bb7c-40a5-a39c-b412d5563c86.json	/13/_prefab/fileId	80RO3iupFEc7wYKpWQCAsH		cc.PrefabInfo
assets/res/import/e6/e6e0652f-bb7c-40a5-a39c-b412d5563c86.json	/13/_prefab/fileId	80RO3iupFEc7wYKpWQCAsH		
assets/res/import/e6/e6e0652f-bb7c-40a5-a39c-b412d5563c86.json	/48/_name	btn_deposit	btn_deposit	cc.Node
assets/res/import/e6/e6e0652f-bb7c-40a5-a39c-b412d5563c86.json	/48/_name	btn_deposit		
assets/res/import/e6/e6e0652f-bb7c-40a5-a39c-b412d5563c86.json	/50/_name	banklist	banklist	cc.Node
assets/res/import/e6/e6e0652f-bb7c-40a5-a39c-b412d5563c86.json	/50/_name	banklist		
assets/res/import/e6/e6e0652f-bb7c-40a5-a39c-b412d5563c86.json	/51/_name	bankTypeBox	bankTypeBox	cc.Node
assets/res/import/e6/e6e0652f-bb7c-40a5-a39c-b412d5563c86.json	/51/_name	bankTypeBox		
assets/res/import/37/374a5084-b929-434e-aa93-c513adced986.json	/0/_name	LMSlots_MenuNode_ML	LMSlots_MenuNode_ML	cc.Prefab
assets/res/import/37/374a5084-b929-434e-aa93-c513adced986.json	/0/_name	LMSlots_MenuNode_ML		
assets/res/import/37/374a5084-b929-434e-aa93-c513adced986.json	/1/_name	LMSlots_MenuNode	LMSlots_MenuNode	cc.Node
assets/res/import/37/374a5084-b929-434e-aa93-c513adced986.json	/1/_name	LMSlots_MenuNode		
assets/res/import/37/374a5084-b929-434e-aa93-c513adced986.json	/20/_name	btn_service	btn_service	cc.Node
assets/res/import/37/374a5084-b929-434e-aa93-c513adced986.json	/20/_name	btn_service		
assets/res/import/d2/d2c46bab-bda6-4f4e-ae50-db4f2fe575d1.json	/content/name	shop_wallet		
assets/res/import/d0/d0c409c4-136a-4649-ba90-3ce61453e420.json	/0/_name	bonus_unfreeze	bonus_unfreeze	cc.Prefab
assets/res/import/d0/d0c409c4-136a-4649-ba90-3ce61453e420.json	/0/_name	bonus_unfreeze		
assets/res/import/d0/d0c409c4-136a-4649-ba90-3ce61453e420.json	/1/_name	bonus_unfreeze	bonus_unfreeze	cc.Node
assets/res/import/d0/d0c409c4-136a-4649-ba90-3ce61453e420.json	/1/_name	bonus_unfreeze		
assets/res/import/d0/d0c409c4-136a-4649-ba90-3ce61453e420.json	/6/_components/0/_string	Bonus_unfreze_tit		cc.Label
assets/res/import/d0/d0c409c4-136a-4649-ba90-3ce61453e420.json	/6/_components/0/_N$string	Bonus_unfreze_tit		cc.Label
assets/res/import/d0/d0c409c4-136a-4649-ba90-3ce61453e420.json	/6/_components/0/_string	Bonus_unfreze_tit		
assets/res/import/d0/d0c409c4-136a-4649-ba90-3ce61453e420.json	/6/_components/0/_N$string	Bonus_unfreze_tit		
assets/res/import/d0/d0c409c4-136a-4649-ba90-3ce61453e420.json	/6/_components/2/_srcKey	Bonus_unfreze_tit		aaffabCRcpLyqXd9ReiHVw6
assets/res/import/d0/d0c409c4-136a-4649-ba90-3ce61453e420.json	/6/_components/2/_srcKey	Bonus_unfreze_tit		
assets/res/import/d0/d0c409c4-136a-4649-ba90-3ce61453e420.json	/15/_components/0/_string	Slot		cc.Label
assets/res/import/d0/d0c409c4-136a-4649-ba90-3ce61453e420.json	/15/_components/0/_N$string	Slot		cc.Label
assets/res/import/d0/d0c409c4-136a-4649-ba90-3ce61453e420.json	/15/_components/0/_string	Slot		
assets/res/import/d0/d0c409c4-136a-4649-ba90-3ce61453e420.json	/15/_components/0/_N$string	Slot		
assets/res/import/d0/d0c409c4-136a-4649-ba90-3ce61453e420.json	/40/_components/0/_string	Fishing		cc.Label
assets/res/import/d0/d0c409c4-136a-4649-ba90-3ce61453e420.json	/40/_components/0/_N$string	Fishing		cc.Label
assets/res/import/d0/d0c409c4-136a-4649-ba90-3ce61453e420.json	/40/_components/0/_string	Fishing		
assets/res/import/d0/d0c409c4-136a-4649-ba90-3ce61453e420.json	/40/_components/0/_N$string	Fishing		
assets/res/import/d0/d0c409c4-136a-4649-ba90-3ce61453e420.json	/46/_components/0/_string	Bonus_unfreze_rule		cc.Label
assets/res/import/d0/d0c409c4-136a-4649-ba90-3ce61453e420.json	/46/_components/0/_N$string	Bonus_unfreze_rule		cc.Label
assets/res/import/d0/d0c409c4-136a-4649-ba90-3ce61453e420.json	/46/_components/0/_string	Bonus_unfreze_rule		
assets/res/import/d0/d0c409c4-136a-4649-ba90-3ce61453e420.json	/46/_components/0/_N$string	Bonus_unfreze_rule		
assets/res/import/d0/d0c409c4-136a-4649-ba90-3ce61453e420.json	/46/_components/1/_srcKey	Bonus_unfreze_rule		aaffabCRcpLyqXd9ReiHVw6
assets/res/import/d0/d0c409c4-136a-4649-ba90-3ce61453e420.json	/46/_components/1/_srcKey	Bonus_unfreze_rule		
assets/res/import/d0/d0c409c4-136a-4649-ba90-3ce61453e420.json	/55/_components/0/_string	Bonus value:		cc.Label
assets/res/import/d0/d0c409c4-136a-4649-ba90-3ce61453e420.json	/55/_components/0/_N$string	Bonus value:		cc.Label
assets/res/import/d0/d0c409c4-136a-4649-ba90-3ce61453e420.json	/55/_components/0/_string	Bonus value:		
assets/res/import/d0/d0c409c4-136a-4649-ba90-3ce61453e420.json	/55/_components/0/_N$string	Bonus value:		
assets/res/import/d0/d0c409c4-136a-4649-ba90-3ce61453e420.json	/55/_components/1/_srcKey	Bonus value:		aaffabCRcpLyqXd9ReiHVw6
assets/res/import/d0/d0c409c4-136a-4649-ba90-3ce61453e420.json	/55/_components/1/_srcKey	Bonus value:		
assets/res/import/d0/d0c409c4-136a-4649-ba90-3ce61453e420.json	/57/_components/0/_string	DEPOSIT BONUS		cc.Label
assets/res/import/d0/d0c409c4-136a-4649-ba90-3ce61453e420.json	/57/_components/0/_N$string	DEPOSIT BONUS		cc.Label
assets/res/import/d0/d0c409c4-136a-4649-ba90-3ce61453e420.json	/57/_components/0/_string	DEPOSIT BONUS		
assets/res/import/d0/d0c409c4-136a-4649-ba90-3ce61453e420.json	/57/_components/0/_N$string	DEPOSIT BONUS		
assets/res/import/d0/d0c409c4-136a-4649-ba90-3ce61453e420.json	/110/_components/0/_string	Bonus value:		cc.Label
assets/res/import/d0/d0c409c4-136a-4649-ba90-3ce61453e420.json	/110/_components/0/_N$string	Bonus value:		cc.Label
assets/res/import/d0/d0c409c4-136a-4649-ba90-3ce61453e420.json	/110/_components/0/_string	Bonus value:		
assets/res/import/d0/d0c409c4-136a-4649-ba90-3ce61453e420.json	/110/_components/0/_N$string	Bonus value:		
assets/res/import/d0/d0c409c4-136a-4649-ba90-3ce61453e420.json	/110/_components/1/_srcKey	Bonus value:		aaffabCRcpLyqXd9ReiHVw6
assets/res/import/d0/d0c409c4-136a-4649-ba90-3ce61453e420.json	/110/_components/1/_srcKey	Bonus value:		
assets/res/import/d0/d0c409c4-136a-4649-ba90-3ce61453e420.json	/112/_components/0/_string	DEPOSIT BONUS		cc.Label
assets/res/import/d0/d0c409c4-136a-4649-ba90-3ce61453e420.json	/112/_components/0/_N$string	DEPOSIT BONUS		cc.Label
assets/res/import/d0/d0c409c4-136a-4649-ba90-3ce61453e420.json	/112/_components/0/_string	DEPOSIT BONUS		
assets/res/import/d0/d0c409c4-136a-4649-ba90-3ce61453e420.json	/112/_components/0/_N$string	DEPOSIT BONUS		
assets/res/import/9f/9fb681cf-6675-499a-9e07-828b32578b68.json	/0/_name	bonus_prom_detail	bonus_prom_detail	cc.Prefab
assets/res/import/9f/9fb681cf-6675-499a-9e07-828b32578b68.json	/0/_name	bonus_prom_detail		
assets/res/import/9f/9fb681cf-6675-499a-9e07-828b32578b68.json	/1/_name	bonus_prom_detail	bonus_prom_detail	cc.Node
assets/res/import/9f/9fb681cf-6675-499a-9e07-828b32578b68.json	/1/_name	bonus_prom_detail		
assets/res/import/f2/f2230349-3337-4625-ad6e-722ef381f0e8.json	/_name	shop_wallet	shop_wallet	cc.BitmapFont
assets/res/import/f2/f2230349-3337-4625-ad6e-722ef381f0e8.json	/_name	shop_wallet		
assets/res/import/f2/f2230349-3337-4625-ad6e-722ef381f0e8.json	/_fntConfig/atlasName	shop_wallet.png		
assets/res/import/99/997021d0-e6e3-4f0f-9597-339a4556844e.json	/0/_name	node_charge_upi	node_charge_upi	cc.Prefab
assets/res/import/99/997021d0-e6e3-4f0f-9597-339a4556844e.json	/0/_name	node_charge_upi		
assets/res/import/99/997021d0-e6e3-4f0f-9597-339a4556844e.json	/1/_name	node_charge_upi	node_charge_upi	cc.Node
assets/res/import/99/997021d0-e6e3-4f0f-9597-339a4556844e.json	/1/_name	node_charge_upi		
assets/res/import/99/997021d0-e6e3-4f0f-9597-339a4556844e.json	/4/_components/0/_string	UPI		cc.Label
assets/res/import/99/997021d0-e6e3-4f0f-9597-339a4556844e.json	/4/_components/0/_N$string	UPI		cc.Label
assets/res/import/99/997021d0-e6e3-4f0f-9597-339a4556844e.json	/4/_components/0/_string	UPI		
assets/res/import/99/997021d0-e6e3-4f0f-9597-339a4556844e.json	/4/_components/0/_N$string	UPI		
assets/res/import/99/997021d0-e6e3-4f0f-9597-339a4556844e.json	/11/_name	node_bankname	node_bankname	cc.Node
assets/res/import/99/997021d0-e6e3-4f0f-9597-339a4556844e.json	/11/_name	node_bankname		
assets/res/import/99/997021d0-e6e3-4f0f-9597-339a4556844e.json	/12/_components/0/_string	Bank Name		cc.Label
assets/res/import/99/997021d0-e6e3-4f0f-9597-339a4556844e.json	/12/_components/0/_N$string	Bank Name		cc.Label
assets/res/import/99/997021d0-e6e3-4f0f-9597-339a4556844e.json	/12/_components/0/_string	Bank Name		
assets/res/import/99/997021d0-e6e3-4f0f-9597-339a4556844e.json	/12/_components/0/_N$string	Bank Name		
assets/res/import/99/997021d0-e6e3-4f0f-9597-339a4556844e.json	/12/_components/1/_srcKey	Bank Name		aaffabCRcpLyqXd9ReiHVw6
assets/res/import/99/997021d0-e6e3-4f0f-9597-339a4556844e.json	/12/_components/1/_srcKey	Bank Name		
assets/res/import/99/997021d0-e6e3-4f0f-9597-339a4556844e.json	/20/_components/0/_string	UPI ID/Account number		cc.Label
assets/res/import/99/997021d0-e6e3-4f0f-9597-339a4556844e.json	/20/_components/0/_N$string	UPI ID/Account number		cc.Label
assets/res/import/99/997021d0-e6e3-4f0f-9597-339a4556844e.json	/20/_components/0/_string	UPI ID/Account number		
assets/res/import/99/997021d0-e6e3-4f0f-9597-339a4556844e.json	/20/_components/0/_N$string	UPI ID/Account number		
assets/res/import/99/997021d0-e6e3-4f0f-9597-339a4556844e.json	/30/_components/0/_string	Deposit Amount		cc.Label
assets/res/import/99/997021d0-e6e3-4f0f-9597-339a4556844e.json	/30/_components/0/_N$string	Deposit Amount		cc.Label
assets/res/import/99/997021d0-e6e3-4f0f-9597-339a4556844e.json	/30/_components/0/_string	Deposit Amount		
assets/res/import/99/997021d0-e6e3-4f0f-9597-339a4556844e.json	/30/_components/0/_N$string	Deposit Amount		
assets/res/import/99/997021d0-e6e3-4f0f-9597-339a4556844e.json	/30/_components/1/_srcKey	Deposit Amount		aaffabCRcpLyqXd9ReiHVw6
assets/res/import/99/997021d0-e6e3-4f0f-9597-339a4556844e.json	/30/_components/1/_srcKey	Deposit Amount		
assets/res/import/99/997021d0-e6e3-4f0f-9597-339a4556844e.json	/32/_name	node_bonus	node_bonus	cc.Node
assets/res/import/99/997021d0-e6e3-4f0f-9597-339a4556844e.json	/32/_name	node_bonus		
assets/res/import/99/997021d0-e6e3-4f0f-9597-339a4556844e.json	/33/_components/0/_string	Bonus Amount		cc.Label
assets/res/import/99/997021d0-e6e3-4f0f-9597-339a4556844e.json	/33/_components/0/_N$string	Bonus Amount		cc.Label
assets/res/import/99/997021d0-e6e3-4f0f-9597-339a4556844e.json	/33/_components/0/_string	Bonus Amount		
assets/res/import/99/997021d0-e6e3-4f0f-9597-339a4556844e.json	/33/_components/0/_N$string	Bonus Amount		
assets/res/import/99/997021d0-e6e3-4f0f-9597-339a4556844e.json	/33/_components/1/_srcKey	Bonus Amount		aaffabCRcpLyqXd9ReiHVw6
assets/res/import/99/997021d0-e6e3-4f0f-9597-339a4556844e.json	/33/_components/1/_srcKey	Bonus Amount		
assets/res/import/99/997021d0-e6e3-4f0f-9597-339a4556844e.json	/47/_components/0/_string	Upload Payment Proof		cc.Label
assets/res/import/99/997021d0-e6e3-4f0f-9597-339a4556844e.json	/47/_components/0/_N$string	Upload Payment Proof		cc.Label
assets/res/import/99/997021d0-e6e3-4f0f-9597-339a4556844e.json	/47/_components/0/_string	Upload Payment Proof		
assets/res/import/99/997021d0-e6e3-4f0f-9597-339a4556844e.json	/47/_components/0/_N$string	Upload Payment Proof		
assets/res/import/99/997021d0-e6e3-4f0f-9597-339a4556844e.json	/47/_components/1/_srcKey	Upload Payment Proof		aaffabCRcpLyqXd9ReiHVw6
assets/res/import/99/997021d0-e6e3-4f0f-9597-339a4556844e.json	/47/_components/1/_srcKey	Upload Payment Proof		
assets/res/import/99/997021d0-e6e3-4f0f-9597-339a4556844e.json	/57/_name	btn_deposit	btn_deposit	cc.Node
assets/res/import/99/997021d0-e6e3-4f0f-9597-339a4556844e.json	/57/_name	btn_deposit		
assets/res/import/fd/fddeb37d-5e4c-477c-af2f-d75d747c3e01.json	/0/_name	return_rewards	return_rewards	cc.Prefab
assets/res/import/fd/fddeb37d-5e4c-477c-af2f-d75d747c3e01.json	/0/_name	return_rewards		
assets/res/import/fd/fddeb37d-5e4c-477c-af2f-d75d747c3e01.json	/1/_name	return_rewards	return_rewards	cc.Node
assets/res/import/fd/fddeb37d-5e4c-477c-af2f-d75d747c3e01.json	/1/_name	return_rewards		
assets/res/import/fd/fddeb37d-5e4c-477c-af2f-d75d747c3e01.json	/3/_components/1/key	activity/return_rewards/biaoti		7b4dcq48PtKRZmC8KT63lIe
assets/res/import/fd/fddeb37d-5e4c-477c-af2f-d75d747c3e01.json	/3/_components/1/key	activity/return_rewards/biaoti		
assets/res/import/fd/fddeb37d-5e4c-477c-af2f-d75d747c3e01.json	/5/_name	reward_bg	reward_bg	cc.Node
assets/res/import/fd/fddeb37d-5e4c-477c-af2f-d75d747c3e01.json	/5/_name	reward_bg		
assets/res/import/fd/fddeb37d-5e4c-477c-af2f-d75d747c3e01.json	/6/_name	rewards	rewards	cc.Node
assets/res/import/fd/fddeb37d-5e4c-477c-af2f-d75d747c3e01.json	/6/_name	rewards		
assets/res/import/c0/c09143b6-a54a-4987-976f-3840f7f9bf23.json	/15/_name	t_bonus	t_bonus	cc.Node
assets/res/import/c0/c09143b6-a54a-4987-976f-3840f7f9bf23.json	/15/_name	t_bonus		
assets/res/import/c0/c09143b6-a54a-4987-976f-3840f7f9bf23.json	/30/_components/0/_string	Cash		cc.Label
assets/res/import/c0/c09143b6-a54a-4987-976f-3840f7f9bf23.json	/30/_components/0/_N$string	Cash		cc.Label
assets/res/import/c0/c09143b6-a54a-4987-976f-3840f7f9bf23.json	/30/_components/0/_string	Cash		
assets/res/import/c0/c09143b6-a54a-4987-976f-3840f7f9bf23.json	/30/_components/0/_N$string	Cash		
assets/res/import/c0/c09143b6-a54a-4987-976f-3840f7f9bf23.json	/30/_components/1/_srcKey	Cash		aaffabCRcpLyqXd9ReiHVw6
assets/res/import/c0/c09143b6-a54a-4987-976f-3840f7f9bf23.json	/30/_components/1/_srcKey	Cash		
assets/res/import/c0/c09143b6-a54a-4987-976f-3840f7f9bf23.json	/31/_name	t_bonus	t_bonus	cc.Node
assets/res/import/c0/c09143b6-a54a-4987-976f-3840f7f9bf23.json	/31/_name	t_bonus		
assets/res/import/c0/c09143b6-a54a-4987-976f-3840f7f9bf23.json	/31/_components/0/_string	Bonus		cc.Label
assets/res/import/c0/c09143b6-a54a-4987-976f-3840f7f9bf23.json	/31/_components/0/_N$string	Bonus		cc.Label
assets/res/import/c0/c09143b6-a54a-4987-976f-3840f7f9bf23.json	/31/_components/0/_string	Bonus		
assets/res/import/c0/c09143b6-a54a-4987-976f-3840f7f9bf23.json	/31/_components/0/_N$string	Bonus		
assets/res/import/c0/c09143b6-a54a-4987-976f-3840f7f9bf23.json	/31/_components/1/_srcKey	Bonus		aaffabCRcpLyqXd9ReiHVw6
assets/res/import/c0/c09143b6-a54a-4987-976f-3840f7f9bf23.json	/31/_components/1/_srcKey	Bonus		
assets/res/import/c0/c09143b6-a54a-4987-976f-3840f7f9bf23.json	/34/_name	lbl_bonus	lbl_bonus	cc.Node
assets/res/import/c0/c09143b6-a54a-4987-976f-3840f7f9bf23.json	/34/_name	lbl_bonus		
assets/res/import/c0/c09143b6-a54a-4987-976f-3840f7f9bf23.json	/41/_components/0/_string	Add Cash		cc.Label
assets/res/import/c0/c09143b6-a54a-4987-976f-3840f7f9bf23.json	/41/_components/0/_N$string	Add Cash		cc.Label
assets/res/import/c0/c09143b6-a54a-4987-976f-3840f7f9bf23.json	/41/_components/0/_string	Add Cash		
assets/res/import/c0/c09143b6-a54a-4987-976f-3840f7f9bf23.json	/41/_components/0/_N$string	Add Cash		
assets/res/import/c0/c09143b6-a54a-4987-976f-3840f7f9bf23.json	/41/_components/2/_srcKey	Add Cash		aaffabCRcpLyqXd9ReiHVw6
assets/res/import/c0/c09143b6-a54a-4987-976f-3840f7f9bf23.json	/41/_components/2/_srcKey	Add Cash		
assets/res/import/6a/6ac7eb41-982f-44a3-858a-bd70eb9ce9a5.json	/content/name	paytable_tit		
