source	kind	value
APK textual entries	domain	00.Do
APK textual entries	domain	00013d46-463a-4f89-973b-09fa3e7611cb.json
APK textual entries	domain	006d3fd0-779d-46a9-b166-938c1c50c558.json
APK textual entries	domain	006fff00-d8f2-4fb8-a096-a0238fed179a.json
APK textual entries	domain	007139da-b4cb-4129-9c19-8eae5cd0bac8.json
APK textual entries	domain	009e6746-4474-4192-b4f3-1611a56aa2ce.json
APK textual entries	domain	00fc3b3a-81ce-475b-9605-7cffbd3da17a.json
APK textual entries	domain	00fc3b3a-81ce-475b-9605-7cffbd3da17a.pn
APK textual entries	domain	00fc3b3a-81ce-475b-9605-7cffbd3da17a.png
APK textual entries	domain	01.png
APK textual entries	domain	011232ef-e3c0-4f34-a88d-8ff5c19d8d23.json
APK textual entries	domain	011232ef-e3c0-4f34-a88d-8ff5c19d8d23.ma
APK textual entries	domain	011232ef-e3c0-4f34-a88d-8ff5c19d8d23.manifest
APK textual entries	domain	0120fff0-fe49-4c09-8df8-5c9e5a10db45.json
APK textual entries	domain	012f4d50-9b19-4dd6-8a63-f48bfc50456a.json
APK textual entries	domain	01a79cce-f1a9-4fb8-af37-09aa10c83124.json
APK textual entries	domain	01c2ae7a-c1f1-40bf-88c9-c46e73d12a2f.json
APK textual entries	domain	01cf959c-f8f6-44af-9335-d3b23a22aaaa.json
APK textual entries	domain	01ef14a8-fed8-4cc2-a3ae-eb28b6bb0ec7.json
APK textual entries	domain	02.png
APK textual entries	domain	02031c71-3bbd-4c21-826b-ab46409f086b.json
APK textual entries	domain	0246289b-ee81-4832-9661-14f0abcd182f.json
APK textual entries	domain	02636449-8ac6-40ee-90f0-379fee47cb2f.json
APK textual entries	domain	0275e94c-56a7-410f-bd1a-fc7483f7d14a.json
APK textual entries	domain	0275e94c-56a7-410f-bd1a-fc7483f7d14a.pn
APK textual entries	domain	0275e94c-56a7-410f-bd1a-fc7483f7d14a.png
APK textual entries	domain	0291c134-b3da-4098-b7b5-e397edbe947f.json
APK textual entries	domain	0291c134-b3da-4098-b7b5-e397edbe947f.pn
APK textual entries	domain	0291c134-b3da-4098-b7b5-e397edbe947f.png
APK textual entries	domain	02aeb808-0c99-40f6-be36-62e1ade66461.json
APK textual entries	domain	03.png
APK textual entries	domain	0320c61d-85f3-4d6a-a995-ed0c49d54765.json
APK textual entries	domain	0374b9b7-205e-4ea3-9a7d-5b5eac9565a3.json
APK textual entries	domain	0378a287-95a6-4a62-995d-9a7364460f20.at
APK textual entries	domain	0378a287-95a6-4a62-995d-9a7364460f20.atlas
APK textual entries	domain	0378a287-95a6-4a62-995d-9a7364460f20.json
APK textual entries	domain	037d6618-5f15-4583-98cf-51e0b2b9ed6f.json
APK textual entries	domain	03a581e0-4e7f-4575-8365-34f24ab435be.json
APK textual entries	domain	03a78b5a-4a3b-4614-a137-75a5572f0b98.json
APK textual entries	domain	03ce8315-f339-4686-973b-4901079be67d.json
APK textual entries	domain	03ce8315-f339-4686-973b-4901079be67d.pn
APK textual entries	domain	03ce8315-f339-4686-973b-4901079be67d.png
APK textual entries	domain	03de0997-a0a6-4a4e-aa3e-a099931f27f2.json
APK textual entries	domain	03e97b5e-6642-4e78-9826-8796c2abe447.json
APK textual entries	domain	03e97b5e-6642-4e78-9826-8796c2abe447.ma
APK textual entries	domain	03e97b5e-6642-4e78-9826-8796c2abe447.manifest
APK textual entries	domain	03ee9c8e-3fc7-4073-912b-685d56a6f4bf.json
APK textual entries	domain	04.png
APK textual entries	domain	0448d9b0-5f15-4bba-8f48-caa195a917e2.json
APK textual entries	domain	046f172c-1574-488b-bbb8-6415a9adb96d.bi
APK textual entries	domain	046f172c-1574-488b-bbb8-6415a9adb96d.bin
APK textual entries	domain	046f172c-1574-488b-bbb8-6415a9adb96d.json
APK textual entries	domain	04bd0ae4-36c6-4251-9992-3284d8afdf6e.json
APK textual entries	domain	04bd0ae4-36c6-4251-9992-3284d8afdf6e.ma
APK textual entries	domain	04bd0ae4-36c6-4251-9992-3284d8afdf6e.manifest
APK textual entries	domain	04c69595-cc9e-4592-9016-03cdbeb933df.json
APK textual entries	domain	04c69595-cc9e-4592-9016-03cdbeb933df.ma
APK textual entries	domain	04c69595-cc9e-4592-9016-03cdbeb933df.manifest
APK textual entries	domain	0501c3f0-977c-44e1-aff1-a15c6bc47ce4.json
APK textual entries	domain	05028815-9e78-4220-a1a2-2c85c0ab4291.json
APK textual entries	domain	0511e1fe-d164-4460-b4e9-59f9e96fe10e.json
APK textual entries	domain	0511e1fe-d164-4460-b4e9-59f9e96fe10e.ma
APK textual entries	domain	0511e1fe-d164-4460-b4e9-59f9e96fe10e.manifest
APK textual entries	domain	0532e255-8ed2-4daf-b753-0356dfec77eb.json
APK textual entries	domain	0534d642-0039-4f2f-955b-cf8dd6c6f0c5.json
APK textual entries	domain	056dad85-b338-4a7a-bbe4-591b765c0b80.json
APK textual entries	domain	056dad85-b338-4a7a-bbe4-591b765c0b80.pn
APK textual entries	domain	056dad85-b338-4a7a-bbe4-591b765c0b80.png
APK textual entries	domain	057692f1-8aa4-4a55-ab47-23c23348f02c.json
APK textual entries	domain	0585ccf3-fd52-4f1f-a6ba-28c683f99ecf.json
APK textual entries	domain	0599043e-f208-4dfd-811e-5161a30897be.json
APK textual entries	domain	05aa1bd6-4d85-46cd-9b43-e18e885feb39.json
APK textual entries	domain	05b3d313-75b0-4fdb-aba9-9966297ae9ce.json
APK textual entries	domain	065eb46e-3586-4a60-b049-4871b72945e3.json
APK textual entries	domain	06a96d23-065d-42f6-afdf-7d89d9d36dc0.json
APK textual entries	domain	06b6a6bf-5050-41e5-a2fe-e49d4f268545.json
APK textual entries	domain	06c55644-d164-4dcc-a5a9-841583997b7d.json
APK textual entries	domain	06d54474-184d-44e7-b954-51279d8bc43e.json
APK textual entries	domain	06ddcbad-4138-4cbc-ae24-f9c94992a313.json
APK textual entries	domain	0711cd30-ea49-4d56-9d08-1da548d84428.json
APK textual entries	domain	0711cd30-ea49-4d56-9d08-1da548d84428.ma
APK textual entries	domain	0711cd30-ea49-4d56-9d08-1da548d84428.manifest
APK textual entries	domain	0724c98c-48b8-4f7a-bfd9-1e2795b33462.json
APK textual entries	domain	07393340-465c-4cc7-a3c0-992a770a0254.json
APK textual entries	domain	07393340-465c-4cc7-a3c0-992a770a0254.pn
APK textual entries	domain	07393340-465c-4cc7-a3c0-992a770a0254.png
APK textual entries	domain	078b682a-875e-4e19-b6b0-04cd338fe8a7.json
APK textual entries	domain	078fc3ac-9e59-4486-8ffb-516cf8566a64.json
APK textual entries	domain	07dd0bc1-226e-4edd-a0a2-b28625986b43.json
APK textual entries	domain	07eae887-1022-4cb7-803e-6d6912a3b5e8.at
APK textual entries	domain	07eae887-1022-4cb7-803e-6d6912a3b5e8.atlas
APK textual entries	domain	07eae887-1022-4cb7-803e-6d6912a3b5e8.json
APK textual entries	domain	0800bc8c-95c2-4e4a-8efc-9833c50790bd.json
APK textual entries	domain	08027f26-cf0b-4fb4-af5b-36eb1b6ac856.json
APK textual entries	domain	0811261c-acbf-44a7-9afd-e9c668033d79.json
APK textual entries	domain	0811261c-acbf-44a7-9afd-e9c668033d79.ma
APK textual entries	domain	0811261c-acbf-44a7-9afd-e9c668033d79.manifest
APK textual entries	domain	0856cedc-fc04-40c0-90dc-ee6081306937.json
APK textual entries	domain	0856cedc-fc04-40c0-90dc-ee6081306937.pn
APK textual entries	domain	0856cedc-fc04-40c0-90dc-ee6081306937.png
APK textual entries	domain	085c920c-b6b6-4e84-a233-e09d0530073e.json
APK textual entries	domain	085c920c-b6b6-4e84-a233-e09d0530073e.pn
APK textual entries	domain	085c920c-b6b6-4e84-a233-e09d0530073e.png
APK textual entries	domain	08646af2-8194-418d-9030-2e63eb1acbea.json
APK textual entries	domain	087a63dd-48b5-4224-bc4a-7e6b0aa44480.json
APK textual entries	domain	08a94ace-d780-4060-96fd-c10843390e6e.json
APK textual entries	domain	090cb904-84bf-4b58-a945-e2015964307e.json
APK textual entries	domain	090cb904-84bf-4b58-a945-e2015964307e.ma
APK textual entries	domain	090cb904-84bf-4b58-a945-e2015964307e.manifest
APK textual entries	domain	091d1f5c-6c37-4315-a4ab-64b94398d10c.json
APK textual entries	domain	091d1f5c-6c37-4315-a4ab-64b94398d10c.ma
APK textual entries	domain	091d1f5c-6c37-4315-a4ab-64b94398d10c.manifest
APK textual entries	domain	09297d26-d153-439e-811c-8faa84981a4a.json
APK textual entries	domain	0941eeff-65ef-46ec-8ac9-0cdbe6bd71b5.json
APK textual entries	domain	0941eeff-65ef-46ec-8ac9-0cdbe6bd71b5.pn
APK textual entries	domain	0941eeff-65ef-46ec-8ac9-0cdbe6bd71b5.png
APK textual entries	domain	094b67bc-5823-44f3-8fd5-be4513e3de5d.json
APK textual entries	domain	09ae25cf-d258-41cf-b79a-4aced891c40c.json
APK textual entries	domain	09ae25cf-d258-41cf-b79a-4aced891c40c.ma
APK textual entries	domain	09ae25cf-d258-41cf-b79a-4aced891c40c.manifest
APK textual entries	domain	09b25014-17c3-4ba7-9f4e-d2b987023887.json
APK textual entries	domain	09b2cb5e-1698-4381-9493-e8f93ce7280c.json
APK textual entries	domain	09b2cb5e-1698-4381-9493-e8f93ce7280c.pn
APK textual entries	domain	09b2cb5e-1698-4381-9493-e8f93ce7280c.png
APK textual entries	domain	09d1799e-7270-4466-a586-81eae8d31a80.json
APK textual entries	domain	0a203349-a3ae-4b17-bca0-ecf9a49a7a6a.json
APK textual entries	domain	0a346691-3b75-4be0-b422-7dc3fa4e9f50.json
APK textual entries	domain	0a346691-3b75-4be0-b422-7dc3fa4e9f50.pn
APK textual entries	domain	0a346691-3b75-4be0-b422-7dc3fa4e9f50.png
APK textual entries	domain	0a8648a1-3a3e-4c49-951e-810835b4b6af.json
APK textual entries	domain	0a880fbc-7e56-4904-a182-4a53ee41f03a.json
APK textual entries	domain	0a97c1a5-1d35-4ff9-9039-f808a20a72e3.json
APK textual entries	domain	0abb3c99-5522-4d4a-a3cb-df2650f83905.json
APK textual entries	domain	0b4e0763-9d3b-44f2-a7ac-3eac4b668ecf.json
APK textual entries	domain	0b58adf3-ea34-42f0-85b0-ceaf21e1f743.json
APK textual entries	domain	0b58adf3-ea34-42f0-85b0-ceaf21e1f743.ma
APK textual entries	domain	0b58adf3-ea34-42f0-85b0-ceaf21e1f743.manifest
APK textual entries	domain	0b5f5118-7a33-4549-ace5-4c412f842dc2.json
APK textual entries	domain	0b5f5118-7a33-4549-ace5-4c412f842dc2.pn
APK textual entries	domain	0b5f5118-7a33-4549-ace5-4c412f842dc2.png
APK textual entries	domain	0b6fc949-89c0-4958-8ce7-4d38965dd9e0.json
APK textual entries	domain	0b76871a-ed87-45e3-bdb2-0d515f48d9fd.json
APK textual entries	domain	0b9c2578-5ec0-40a9-9e14-bbac9a984aed.json
APK textual entries	domain	0bb3ab47-f801-4ca7-9d4b-85b467bcbbd2.json
APK textual entries	domain	0bdcd947-f2fb-4e5e-999d-49036013cdfa.json
APK textual entries	domain	0c667fd1-d2ac-43ff-8be7-b5cf5cfeedaa.json
APK textual entries	domain	0cb038e5-724f-4200-99ce-6e704e7afd63.json
APK textual entries	domain	0cb038e5-724f-4200-99ce-6e704e7afd63.ma
APK textual entries	domain	0cb038e5-724f-4200-99ce-6e704e7afd63.manifest
APK textual entries	domain	0cb93d42-116b-4204-afaf-9b5e136ef7a1.json
APK textual entries	domain	0cb93d42-116b-4204-afaf-9b5e136ef7a1.ma
APK textual entries	domain	0cb93d42-116b-4204-afaf-9b5e136ef7a1.manifest
APK textual entries	domain	0cf7bcd4-a680-4b33-bd9d-36477a278f8c.json
APK textual entries	domain	0d09c931-4169-4464-aa3c-f1dd737d9c43.json
APK textual entries	domain	0d4f6318-7fe0-4dc2-a336-3c857033cb45.json
APK textual entries	domain	0d617198-be06-4c14-9e42-c6e8a46a5ab1.json
APK textual entries	domain	0d662cce-9724-4d0d-957c-96ac4ecd18b5.json
APK textual entries	domain	0d662cce-9724-4d0d-957c-96ac4ecd18b5.mp
APK textual entries	domain	0d8cc65d-6f83-4d7e-a477-9cee26aa2648.json
APK textual entries	domain	0d96e890-c139-4041-a0b7-f72242c1d918.json
APK textual entries	domain	0d96e890-c139-4041-a0b7-f72242c1d918.pl
APK textual entries	domain	0d96e890-c139-4041-a0b7-f72242c1d918.plist
APK textual entries	domain	0dd23a18-7f20-4967-ac18-4b2d6cf3bd49.json
APK textual entries	domain	0dd4243f-55d3-4911-81de-1881fd490dad.json
APK textual entries	domain	0dd4243f-55d3-4911-81de-1881fd490dad.pn
APK textual entries	domain	0dd4243f-55d3-4911-81de-1881fd490dad.png
APK textual entries	domain	0dfd9e08-ef7f-4802-9f8e-023e2326ef90.json
APK textual entries	domain	0e5576f0-de9a-4da2-9524-6d6221af5925.json
APK textual entries	domain	0e5576f0-de9a-4da2-9524-6d6221af5925.ma
APK textual entries	domain	0e5576f0-de9a-4da2-9524-6d6221af5925.manifest
APK textual entries	domain	0e71d2fb-f182-4825-a24d-628e7bc8711d.json
APK textual entries	domain	0e93aeaa-0b53-4e40-b8e0-6268b4e07bd7.json
APK textual entries	domain	0eb04900-b041-4f35-9ce4-5c0c92017cbc.json
APK textual entries	domain	0eb04900-b041-4f35-9ce4-5c0c92017cbc.pn
APK textual entries	domain	0eb04900-b041-4f35-9ce4-5c0c92017cbc.png
APK textual entries	domain	0ef1875b-b013-4f4e-85b6-5463685f22dd.json
APK textual entries	domain	0f38334d-dc67-40be-8d03-807c47999cc8.json
APK textual entries	domain	0f54f657-f3c7-4953-bc24-0ee027f3f995.json
APK textual entries	domain	0f54f657-f3c7-4953-bc24-0ee027f3f995.pn
APK textual entries	domain	0f54f657-f3c7-4953-bc24-0ee027f3f995.png
APK textual entries	domain	0f6f447d-ab66-4468-afb5-8dc77661f79f.json
APK textual entries	domain	0f6f447d-ab66-4468-afb5-8dc77661f79f.pl
APK textual entries	domain	0f6f447d-ab66-4468-afb5-8dc77661f79f.plist
APK textual entries	domain	0f962d54-6a05-472d-a53a-7e2f3604d138.json
APK textual entries	domain	0fea3790-7529-46f2-a7d0-e67c33453fa2.json
APK textual entries	domain	1.All
APK textual entries	domain	1.What
APK textual entries	domain	1.You
APK textual entries	domain	10049930-8e3c-4a26-aa6a-481640ad1e1d.json
APK textual entries	domain	1042bec0-5a13-4b57-9a7a-d869ad8880b4.json
APK textual entries	domain	105a58d4-00d0-4617-8ca9-2f7582d803da.json
APK textual entries	domain	1078ddd6-e223-4325-995d-50990daf283c.json
APK textual entries	domain	1088e925-4f7c-49d3-b4d4-8f6ee33b2900.json
APK textual entries	domain	108acf59-53c2-4995-b0a6-63994f4b50b6.json
APK textual entries	domain	108acf59-53c2-4995-b0a6-63994f4b50b6.pn
APK textual entries	domain	108acf59-53c2-4995-b0a6-63994f4b50b6.png
APK textual entries	domain	10920cab-b445-449c-9b40-29a88324ff1c.json
APK textual entries	domain	109d19f1-eb04-484b-a84d-a2983f332946.json
APK textual entries	domain	10be104f-ae5f-442f-be7e-0fb1f2dfe2fd.json
APK textual entries	domain	10c0cd7a-1cca-4cf2-b62c-9f9b84fedaaf.json
APK textual entries	domain	10c0cd7a-1cca-4cf2-b62c-9f9b84fedaaf.pn
APK textual entries	domain	10c0cd7a-1cca-4cf2-b62c-9f9b84fedaaf.png
APK textual entries	domain	10de58f3-00a5-4be5-91c2-f0df5d48c2df.json
APK textual entries	domain	10f36d23-ee41-487e-a4bb-21febf49f304.json
APK textual entries	domain	113a0b5a5.json
APK textual entries	domain	1144aabe-051a-4c38-a0b3-391ac3953dd6.json
APK textual entries	domain	11a0f766-4443-4ebe-85b9-0fdfef55157a.json
APK textual entries	domain	11a0f766-4443-4ebe-85b9-0fdfef55157a.mp
APK textual entries	domain	11e519ab-53a3-4b31-86d1-148494970da0.json
APK textual entries	domain	11fe84ad-49c0-4e69-b63e-de8c63a4afb9.json
APK textual entries	domain	120ac2b7-6bbf-411d-b8c8-92d31e98d635.json
APK textual entries	domain	123110da-d892-413a-8cb8-cd977f6c4baa.json
APK textual entries	domain	125b77e2-492b-4b9f-b43a-d2885b8cec2e.json
APK textual entries	domain	12621534-b8d4-40c7-8080-8647f3c82650.json
APK textual entries	domain	1280d36c8.json
APK textual entries	domain	1280d36c8.png
APK textual entries	domain	12835871-545d-41a1-891f-15e3b772e3ee.json
APK textual entries	domain	128bfc19-fd1a-46c7-adbc-29f79846d0b1.json
APK textual entries	domain	128bfc19-fd1a-46c7-adbc-29f79846d0b1.ma
APK textual entries	domain	128bfc19-fd1a-46c7-adbc-29f79846d0b1.manifest
APK textual entries	domain	12ae1827-2b9f-4900-84fa-03e7994c88a5.json
APK textual entries	domain	12bc4aa5-c06f-4de4-93e4-7143e6e2403d.json
APK textual entries	domain	12c2b7f4-48dc-4498-9037-6db5dd1c2344.json
APK textual entries	domain	12cc4cd8-4ded-4344-bd27-3388b2c1e586.json
APK textual entries	domain	12cc4cd8-4ded-4344-bd27-3388b2c1e586.pn
APK textual entries	domain	12cc4cd8-4ded-4344-bd27-3388b2c1e586.png
APK textual entries	domain	12fa1ed3-6063-49fb-88ea-8330679fcc4a.json
APK textual entries	domain	1313c6a0-a236-4e16-be02-93c4025bd8fd.json
APK textual entries	domain	1313c6a0-a236-4e16-be02-93c4025bd8fd.pn
APK textual entries	domain	1313c6a0-a236-4e16-be02-93c4025bd8fd.png
APK textual entries	domain	131fb5c3-1396-474e-a9b7-daf1692359a3.json
APK textual entries	domain	131fb5c3-1396-474e-a9b7-daf1692359a3.pn
APK textual entries	domain	131fb5c3-1396-474e-a9b7-daf1692359a3.png
APK textual entries	domain	134867c3-6557-44d1-a3c5-1a732377c9f1.json
APK textual entries	domain	1374c85b-c1b7-4181-ad8b-10d4281da0cb.json
APK textual entries	domain	139efa19-9217-4b08-a3a7-12ae61bfb183.json
APK textual entries	domain	139efa19-9217-4b08-a3a7-12ae61bfb183.pn
APK textual entries	domain	139efa19-9217-4b08-a3a7-12ae61bfb183.png
APK textual entries	domain	13b7cfcc-1346-4dbd-8f14-2b5bd2aaa7df.json
APK textual entries	domain	13bded8d-71f9-4493-912d-407af934a43c.json
APK textual entries	domain	13be21e2-fbc8-4ef4-8fcf-ddc127c7a2b5.json
APK textual entries	domain	1442cf659.json
APK textual entries	domain	1442cf659.png
APK textual entries	domain	144c3297-af63-49e8-b8ef-1cfa29b3be28.json
APK textual entries	domain	145e3deeb.json
APK textual entries	domain	145e3deeb.png
APK textual entries	domain	14702652-2473-4d1c-9499-565a83b9af21.json
APK textual entries	domain	14756889-0a15-4f12-9408-be3d3ae09d7c.json
APK textual entries	domain	14756889-0a15-4f12-9408-be3d3ae09d7c.ma
APK textual entries	domain	14756889-0a15-4f12-9408-be3d3ae09d7c.manifest
APK textual entries	domain	1482b4fc-8b72-44df-a753-67291621c296.json
APK textual entries	domain	1482b4fc-8b72-44df-a753-67291621c296.ma
APK textual entries	domain	1482b4fc-8b72-44df-a753-67291621c296.manifest
APK textual entries	domain	149a110b-c432-4719-83a2-9dcd49b191ab.json
APK textual entries	domain	14d2573c-a43c-4d06-b768-68b544b14616.json
APK textual entries	domain	15a94199-5a60-437f-adfc-80e8592c905f.json
APK textual entries	domain	15dc2da5-9b1a-4dbc-a76c-bba786a02076.json
APK textual entries	domain	160668e2a.json
APK textual entries	domain	160668e2a.png
APK textual entries	domain	161bd660-ed55-4491-b5bd-ffff2da06f53.json
APK textual entries	domain	16386d0b8.json
APK textual entries	domain	16386d0b8.png
APK textual entries	domain	1639d091-bc8d-4836-9d1f-e2d9b3b15f00.json
APK textual entries	domain	164efe42-1698-4399-8363-e9b3e210161f.json
APK textual entries	domain	1680fa1e0.json
APK textual entries	domain	1680fa1e0.png
APK textual entries	domain	168828f3-d045-4eb4-aaea-8b01835d07a5.json
APK textual entries	domain	1688aee1-2913-4165-b69d-ebfca2a63ee6.json
APK textual entries	domain	169e74b8-01b1-44a6-b3ae-949e46a81966.json
APK textual entries	domain	16cd60b2-fd9a-462b-a545-e2a52c0bd460.json
APK textual entries	domain	16d582e3-73be-42ea-abee-d6c2b94df7b4.json
APK textual entries	domain	16eff838-a1f6-4fe4-a671-27670c2aac9d.json
APK textual entries	domain	16f7ac2b-1458-4901-8bbe-18984e4b705f.json
APK textual entries	domain	16f7ac2b-1458-4901-8bbe-18984e4b705f.pn
APK textual entries	domain	16f7ac2b-1458-4901-8bbe-18984e4b705f.png
APK textual entries	domain	16f7dc2e-9275-4118-8488-315db2f472e0.json
APK textual entries	domain	1732d6c30.json
APK textual entries	domain	1732d6c30.png
APK textual entries	domain	17e44ced-a652-412a-a8ff-06c81e70453a.json
APK textual entries	domain	17f72f24-00aa-42bd-a1c6-a4e729a98ec2.json
APK textual entries	domain	17f7f037-2ae2-4234-b6d1-7ffda73f912e.json
APK textual entries	domain	17f7f037-2ae2-4234-b6d1-7ffda73f912e.ma
APK textual entries	domain	17f7f037-2ae2-4234-b6d1-7ffda73f912e.manifest
APK textual entries	domain	18116c98-91c4-4435-9735-35465c469d29.json
APK textual entries	domain	1823d4e7-580c-450d-babc-b02d3f2fe73d.json
APK textual entries	domain	185f25c6-d539-4ea7-8091-a98c97bd3681.json
APK textual entries	domain	185f25c6-d539-4ea7-8091-a98c97bd3681.ma
APK textual entries	domain	185f25c6-d539-4ea7-8091-a98c97bd3681.manifest
APK textual entries	domain	189414e7-3003-4422-9907-d32f0919b8b9.json
APK textual entries	domain	189414e7-3003-4422-9907-d32f0919b8b9.pn
APK textual entries	domain	189414e7-3003-4422-9907-d32f0919b8b9.png
APK textual entries	domain	18a2b13e-6efe-4331-9180-03c912d528a5.json
APK textual entries	domain	18a2b13e-6efe-4331-9180-03c912d528a5.ma
APK textual entries	domain	18a2b13e-6efe-4331-9180-03c912d528a5.manifest
APK textual entries	domain	18b4d5c4-d323-457a-baca-8b38987fdf87.json
APK textual entries	domain	18daf82f-a3a4-4706-8ff2-1c0bbffc9379.json
APK textual entries	domain	18e06777-e500-425c-bd73-efbf4644209d.json
APK textual entries	domain	18e06777-e500-425c-bd73-efbf4644209d.ma
APK textual entries	domain	18e06777-e500-425c-bd73-efbf4644209d.manifest
APK textual entries	domain	18f892239.json
APK textual entries	domain	18f892239.png
APK textual entries	domain	1915fa21-f479-4851-aa25-47a89edce5fb.json
APK textual entries	domain	19767f34-e96e-4fd0-bdac-7914f3d0c9cf.json
APK textual entries	domain	19767f34-e96e-4fd0-bdac-7914f3d0c9cf.ma
APK textual entries	domain	19767f34-e96e-4fd0-bdac-7914f3d0c9cf.manifest
APK textual entries	domain	19966b43-7e59-4c0c-be37-2c08a4cf6ff9.json
APK textual entries	domain	19a1749a-7176-467b-874a-230db051ef5f.json
APK textual entries	domain	19d2f0815.json
APK textual entries	domain	19dd2500-ad46-4789-b97a-8203d80a7d06.json
APK textual entries	domain	1a261599-d513-4043-81dd-435d77e358c1.json
APK textual entries	domain	1a261599-d513-4043-81dd-435d77e358c1.ma
APK textual entries	domain	1a261599-d513-4043-81dd-435d77e358c1.manifest
APK textual entries	domain	1a562c1b-875f-4d87-b06f-a435a6c4a524.json
APK textual entries	domain	1a7e2db7-d298-4ddf-ac69-76acb51c554e.json
APK textual entries	domain	1a9bb0b01.json
APK textual entries	domain	1a9bb0b01.png
APK textual entries	domain	1ab4ac4a-6afb-4efd-ba59-49b354ca9844.json
APK textual entries	domain	1ad1a0c0f.json
APK textual entries	domain	1ad1a0c0f.png
APK textual entries	domain	1ae9c855-ebcc-425c-8a0e-682e5d4f9d0e.json
APK textual entries	domain	1ae9c855-ebcc-425c-8a0e-682e5d4f9d0e.ma
APK textual entries	domain	1ae9c855-ebcc-425c-8a0e-682e5d4f9d0e.manifest
APK textual entries	domain	1b337676-8bdc-4d51-9504-b1a2cd3b73ca.json
APK textual entries	domain	1b337676-8bdc-4d51-9504-b1a2cd3b73ca.ma
APK textual entries	domain	1b337676-8bdc-4d51-9504-b1a2cd3b73ca.manifest
APK textual entries	domain	1b49c6d4-e09f-43f8-858f-2ea6b30c34b0.json
APK textual entries	domain	1bdae250-ab4b-40f2-a0a7-4c36b2748655.json
APK textual entries	domain	1bea9fc7-3f7d-44ec-b81c-089cf1e4d1de.json
APK textual entries	domain	1c097dfc-b7cc-4b18-9341-a3a49eb0d516.json
APK textual entries	domain	1c741414-1e14-476b-93a5-e3289dde93c9.json
APK textual entries	domain	1cec6345-6052-4127-9ce5-0a2b4b4bbfc2.json
APK textual entries	domain	1cf0e127-6fd0-414c-8c39-96464b94fdc1.json
APK textual entries	domain	1cf0e127-6fd0-414c-8c39-96464b94fdc1.pn
APK textual entries	domain	1cf0e127-6fd0-414c-8c39-96464b94fdc1.png
APK textual entries	domain	1cff9a36-9b6d-4b17-923f-cf93ab09921f.json
APK textual entries	domain	1com.google.firebase.components.ComponentRegistrar
APK textual entries	domain	1com.google.firebase.provider.FirebaseInitProvider
APK textual entries	domain	1d266d95-92e5-4024-a66e-48bf69db88a4.json
APK textual entries	domain	1d389160-e52e-43be-a0e0-80139cd5bece.json
APK textual entries	domain	1d468537-28e1-46b9-a0bd-cf32bf639a1d.json
APK textual entries	domain	1d93950c-a8f7-4eea-9b54-bc8a96be2352.json
APK textual entries	domain	1dcd410b-1391-4723-8919-57582b187d8a.json
APK textual entries	domain	1e0c57db2.json
APK textual entries	domain	1e22ab07-959e-4ed8-999d-5279afdd37a7.json
APK textual entries	domain	1e22ab07-959e-4ed8-999d-5279afdd37a7.pn
APK textual entries	domain	1e22ab07-959e-4ed8-999d-5279afdd37a7.png
APK textual entries	domain	1e57c38e-6763-4d3a-bdcf-a7fb9a507d52.json
APK textual entries	domain	1e62317e-db44-428a-a50d-36d3b9b52d2f.json
APK textual entries	domain	1e65dded-714b-413b-ae8f-df0ee0f91af5.json
APK textual entries	domain	1e708d56-f55a-4471-814f-9c63ad0b693a.json
APK textual entries	domain	1e96b3d9-d626-4a2b-bd37-2aa0a266746f.json
APK textual entries	domain	1e96b3d9-d626-4a2b-bd37-2aa0a266746f.ma
APK textual entries	domain	1e96b3d9-d626-4a2b-bd37-2aa0a266746f.manifest
APK textual entries	domain	1f15a05da.json
APK textual entries	domain	1f15a05da.png
APK textual entries	domain	1f23fbe6-ae34-4840-80a0-1aa78ea396dc.json
APK textual entries	domain	1f23fbe6-ae34-4840-80a0-1aa78ea396dc.ma
APK textual entries	domain	1f23fbe6-ae34-4840-80a0-1aa78ea396dc.manifest
APK textual entries	domain	1f2876fc-526d-4e8e-b163-2ff9bc23fd5e.json
APK textual entries	domain	1f2eadac-f0af-4446-a7da-e184d5028406.json
APK textual entries	domain	1f6d64e2-aaf5-4327-bbc8-4179f1b6457e.json
APK textual entries	domain	1f6d64e2-aaf5-4327-bbc8-4179f1b6457e.ma
APK textual entries	domain	1f6d64e2-aaf5-4327-bbc8-4179f1b6457e.manifest
APK textual entries	domain	1f8cfa64-2044-4b5b-9103-a86c03495abe.json
APK textual entries	domain	1f91e621-df40-426f-b29c-2ea70e1a7769.json
APK textual entries	domain	1faf72a9-21e9-42c7-8837-a91d5e3d81c2.json
APK textual entries	domain	1fee897f-1150-4640-a719-7bea7a92a14c.json
APK textual entries	domain	2.After
APK textual entries	domain	2.What
APK textual entries	domain	2.You
APK textual entries	domain	2011bf75-a9b6-4e31-8270-3eb8b58fc3fd.json
APK textual entries	domain	20684ae9-ba42-4439-8f79-ee4109be1257.json
APK textual entries	domain	206b8163-d2b9-4ce7-a864-e9ac16ed88d6.json
APK textual entries	domain	206b8163-d2b9-4ce7-a864-e9ac16ed88d6.mp
APK textual entries	domain	208dc946-f097-4d56-819a-1247a8fb8b92.json
APK textual entries	domain	208dcbdf-0766-4616-b010-df4a670fd217.json
APK textual entries	domain	20c3aebf-8b78-42b2-a0cb-18e36a831624.json
APK textual entries	domain	2127ad33-c925-4adb-9cec-50ce42e1d54a.json
APK textual entries	domain	2127ad33-c925-4adb-9cec-50ce42e1d54a.pn
APK textual entries	domain	2127ad33-c925-4adb-9cec-50ce42e1d54a.png
APK textual entries	domain	2151eca4-6dfc-45b6-80e0-028ea660ff93.json
APK textual entries	domain	2151eca4-6dfc-45b6-80e0-028ea660ff93.pn
APK textual entries	domain	2151eca4-6dfc-45b6-80e0-028ea660ff93.png
APK textual entries	domain	216bb05d-c3ab-433e-b979-1250aa9f9b68.at
APK textual entries	domain	216bb05d-c3ab-433e-b979-1250aa9f9b68.atlas
APK textual entries	domain	216bb05d-c3ab-433e-b979-1250aa9f9b68.json
APK textual entries	domain	21aa541c-b806-4cd1-a3d6-ce9eb6770d38.json
APK textual entries	domain	21aa541c-b806-4cd1-a3d6-ce9eb6770d38.pn
APK textual entries	domain	21aa541c-b806-4cd1-a3d6-ce9eb6770d38.png
APK textual entries	domain	21bf487b-e31f-4f4f-8585-0c146f16df73.json
APK textual entries	domain	21e86993-22df-4cfc-898a-b9facd69bcdf.json
APK textual entries	domain	21e86993-22df-4cfc-898a-b9facd69bcdf.pn
APK textual entries	domain	21e86993-22df-4cfc-898a-b9facd69bcdf.png
APK textual entries	domain	21eeb02a-c428-4c1d-ac6e-3e0bee2b823b.json
APK textual entries	domain	21eeb02a-c428-4c1d-ac6e-3e0bee2b823b.ma
APK textual entries	domain	21eeb02a-c428-4c1d-ac6e-3e0bee2b823b.manifest
APK textual entries	domain	22169d7d-24d7-4620-9e62-8e842f755377.json
APK textual entries	domain	22169d7d-24d7-4620-9e62-8e842f755377.ma
APK textual entries	domain	22169d7d-24d7-4620-9e62-8e842f755377.manifest
APK textual entries	domain	223a8abd-1b17-48c8-91bd-45d61b4e084a.json
APK textual entries	domain	224621ec-5168-4554-8a89-de84184378e3.json
APK textual entries	domain	2278ca94-a9c4-403d-a63e-f3b28d87104b.json
APK textual entries	domain	22c20c95-d47e-45e6-8511-5e377c60b723.json
APK textual entries	domain	22d7d5b3-90c2-4612-a1d8-96baa04a4c62.json
APK textual entries	domain	23264684-2ddc-49d7-856b-5bcbd3b75ad3.json
APK textual entries	domain	232ac8aa-b5f1-450f-9b2a-a638370d4aaa.json
APK textual entries	domain	2351dedb-5764-4862-bcaf-0bef5bf9ff48.json
APK textual entries	domain	2351dedb-5764-4862-bcaf-0bef5bf9ff48.ma
APK textual entries	domain	2351dedb-5764-4862-bcaf-0bef5bf9ff48.manifest
APK textual entries	domain	23665fdf-4b1d-4e61-8add-0c2936a491a7.json
APK textual entries	domain	237968af-6e9f-417f-b8ac-9824a26b1e80.json
APK textual entries	domain	237968af-6e9f-417f-b8ac-9824a26b1e80.pn
APK textual entries	domain	237968af-6e9f-417f-b8ac-9824a26b1e80.png
APK textual entries	domain	23b841b9-bb02-4bc1-aa6e-e78816ca7b12.json
APK textual entries	domain	23cf2489-b127-4662-b2a1-851b8f506918.json
APK textual entries	domain	2400bcae-2aa3-4a20-ad56-8caf81562c65.json
APK textual entries	domain	2404dc24-6a00-478c-a59a-f826d8d2a7ea.json
APK textual entries	domain	2404dc24-6a00-478c-a59a-f826d8d2a7ea.mp
APK textual entries	domain	246628f4-2416-4200-a1bd-43cf704821fc.json
APK textual entries	domain	246628f4-2416-4200-a1bd-43cf704821fc.pn
APK textual entries	domain	246628f4-2416-4200-a1bd-43cf704821fc.png
APK textual entries	domain	24783305-0d5e-43d6-a3ca-58e4dced91ca.json
APK textual entries	domain	24783305-0d5e-43d6-a3ca-58e4dced91ca.ma
APK textual entries	domain	24783305-0d5e-43d6-a3ca-58e4dced91ca.manifest
APK textual entries	domain	249095fc-bcf5-4e22-b063-7df93f5af20c.json
APK textual entries	domain	24bd6a87-ac8b-4866-9599-61a62d8bef03.json
APK textual entries	domain	24bf34b7-116f-43fb-9972-a56d131c595f.json
APK textual entries	domain	24bf34b7-116f-43fb-9972-a56d131c595f.ma
APK textual entries	domain	24bf34b7-116f-43fb-9972-a56d131c595f.manifest
APK textual entries	domain	24dfa93c-49a2-405c-8fb8-d8edd3978603.json
APK textual entries	domain	2545dc7c-d34d-480f-b8b8-8919735a9279.json
APK textual entries	domain	255ed77e-7022-4e77-9506-37e6847fdc28.json
APK textual entries	domain	255ed77e-7022-4e77-9506-37e6847fdc28.ma
APK textual entries	domain	255ed77e-7022-4e77-9506-37e6847fdc28.manifest
APK textual entries	domain	25677431-1bde-41ba-bd2e-793aa37c1059.json
APK textual entries	domain	2585352b-b1a7-4022-8976-fea744af42f8.json
APK textual entries	domain	2585352b-b1a7-4022-8976-fea744af42f8.ma
APK textual entries	domain	2585352b-b1a7-4022-8976-fea744af42f8.manifest
APK textual entries	domain	258fe63e-2669-46b3-8475-4d0295cb3f4a.json
APK textual entries	domain	25a22b8f-c218-4d94-bfe8-7b5e86de0a0b.json
APK textual entries	domain	25ac0955-d7f4-4027-9a64-fd92445719f2.json
APK textual entries	domain	25c4b884-9ff8-42e6-8070-3cff4c94aaa0.json
APK textual entries	domain	25e8f150-e8e4-4558-bb64-13c1b4453ad8.json
APK textual entries	domain	2606a540-62c0-44c8-9a9c-d5c9ea48d44e.json
APK textual entries	domain	2606a540-62c0-44c8-9a9c-d5c9ea48d44e.ma
APK textual entries	domain	2606a540-62c0-44c8-9a9c-d5c9ea48d44e.manifest
APK textual entries	domain	260b1674-e8c1-4d74-b79b-c6278ba706c0.json
APK textual entries	domain	2611b16c-a21f-4755-9298-2dd68b3d0f68.json
APK textual entries	domain	267fb4f9-02bc-41b2-9767-aafbc8de1d9a.json
APK textual entries	domain	267fb4f9-02bc-41b2-9767-aafbc8de1d9a.pn
APK textual entries	domain	267fb4f9-02bc-41b2-9767-aafbc8de1d9a.png
APK textual entries	domain	268364b7-32e3-490c-b228-2bba506286d0.json
APK textual entries	domain	2687d2c1-ef2f-4e7f-8fe3-5a700c93df87.json
APK textual entries	domain	2687d2c1-ef2f-4e7f-8fe3-5a700c93df87.mp
APK textual entries	domain	26cf1597-feae-42e9-b915-530267caa257.json
APK textual entries	domain	26dc681e-3383-469a-a188-ddb6e09a0626.json
APK textual entries	domain	26f6f154-1edf-4628-a8b7-a9a3d8d027cb.json
APK textual entries	domain	271b9393-748e-446a-81c8-d1029b2b001c.json
APK textual entries	domain	2751922d-df63-4a04-884a-93a84b7ae882.json
APK textual entries	domain	2751922d-df63-4a04-884a-93a84b7ae882.pn
APK textual entries	domain	2751922d-df63-4a04-884a-93a84b7ae882.png
APK textual entries	domain	27756295-a61c-40c8-b8f5-a242097dfaf4.json
APK textual entries	domain	27b2bb07-4b57-4638-a350-80fcf97f6b99.json
APK textual entries	domain	27b6aa40-56c2-43db-a02e-d57308d43fcf.json
APK textual entries	domain	27dbfbdc-c8a6-44b9-b5cc-5bacea7e305f.json
APK textual entries	domain	27dcbbe6-7a39-4618-8df6-352cf1dd269b.json
APK textual entries	domain	27e85113-67a3-4f87-bd51-67da3f61135e.json
APK textual entries	domain	281db701-ddcd-4ea7-8278-8f0e5086010f.json
APK textual entries	domain	281db701-ddcd-4ea7-8278-8f0e5086010f.mp
APK textual entries	domain	284c14ba-b668-4abe-9cde-64a717e46144.json
APK textual entries	domain	284c14ba-b668-4abe-9cde-64a717e46144.pn
APK textual entries	domain	284c14ba-b668-4abe-9cde-64a717e46144.png
APK textual entries	domain	2874f8dd-416c-4440-81b7-555975426e93.json
APK textual entries	domain	29158224-f8dd-4661-a796-1ffab537140e.json
APK textual entries	domain	2922c908-df92-4c6b-92f9-2b98c4abb307.json
APK textual entries	domain	2922c908-df92-4c6b-92f9-2b98c4abb307.ma
APK textual entries	domain	2922c908-df92-4c6b-92f9-2b98c4abb307.manifest
APK textual entries	domain	296027bd-68f7-4094-bc03-f12205a438c0.json
APK textual entries	domain	297a79ee-c658-4437-aec6-2e7f7e4da7cf.json
APK textual entries	domain	297a79ee-c658-4437-aec6-2e7f7e4da7cf.ma
APK textual entries	domain	297a79ee-c658-4437-aec6-2e7f7e4da7cf.manifest
APK textual entries	domain	29888b66-9c25-478d-be92-32bc0c10be35.json
APK textual entries	domain	29935a48-36a3-4457-917f-d65cf609058e.json
APK textual entries	domain	29de62c1-b561-4fdf-ac9a-d5a4d1a6a002.json
APK textual entries	domain	29de62c1-b561-4fdf-ac9a-d5a4d1a6a002.ma
APK textual entries	domain	29de62c1-b561-4fdf-ac9a-d5a4d1a6a002.manifest
APK textual entries	domain	2K.9.png
APK textual entries	domain	2a065819-af48-4a18-83f1-2a649a39943c.json
APK textual entries	domain	2a296057-247c-4a1c-bbeb-0548b6c98650.json
APK textual entries	domain	2a3b1369-f6bc-4e56-abb0-ae1444aba598.json
APK textual entries	domain	2a3d3668-f6a5-44e7-87ee-bb9cc4d9f89f.json
APK textual entries	domain	2a3d3668-f6a5-44e7-87ee-bb9cc4d9f89f.mp
APK textual entries	domain	2a550574-1ef1-4136-9a80-8695e2a109f0.json
APK textual entries	domain	2a55769b-b5a6-4991-ae61-14ea0f9ca59f.json
APK textual entries	domain	2a7c0036-e0b3-4fe1-8998-89a54b8a2bec.json
APK textual entries	domain	2a939bfe-d905-4443-a3ef-166aabd8da4d.json
APK textual entries	domain	2a939bfe-d905-4443-a3ef-166aabd8da4d.pn
APK textual entries	domain	2a939bfe-d905-4443-a3ef-166aabd8da4d.png
APK textual entries	domain	2a98c32b-e3e5-4d9f-8105-206e81029e4e.json
APK textual entries	domain	2a98c32b-e3e5-4d9f-8105-206e81029e4e.ma
APK textual entries	domain	2a98c32b-e3e5-4d9f-8105-206e81029e4e.manifest
APK textual entries	domain	2abb9e6c-aac2-422c-9b85-874a555c6f55.json
APK textual entries	domain	2abf6818-9331-4a5e-b50e-d9b43167bf47.at
APK textual entries	domain	2abf6818-9331-4a5e-b50e-d9b43167bf47.atlas
APK textual entries	domain	2abf6818-9331-4a5e-b50e-d9b43167bf47.json
APK textual entries	domain	2ac81cf3-af8d-49a0-acde-f789af716d62.json
APK textual entries	domain	2ac81cf3-af8d-49a0-acde-f789af716d62.ma
APK textual entries	domain	2ac81cf3-af8d-49a0-acde-f789af716d62.manifest
APK textual entries	domain	2aed8b95-24ef-43c0-9aa4-9976fd9d1adb.json
APK textual entries	domain	2aef23db-15ee-497f-9349-c4c9dbc386f6.json
APK textual entries	domain	2aef23db-15ee-497f-9349-c4c9dbc386f6.ma
APK textual entries	domain	2aef23db-15ee-497f-9349-c4c9dbc386f6.manifest
APK textual entries	domain	2b0e4354-0f81-436f-acff-ff6979858c6d.json
APK textual entries	domain	2b0e4354-0f81-436f-acff-ff6979858c6d.pn
APK textual entries	domain	2b0e4354-0f81-436f-acff-ff6979858c6d.png
APK textual entries	domain	2b268878-bd25-4944-969b-3ee39e736a82.json
APK textual entries	domain	2b5b3c2c-2618-4b96-8fc8-d6c932c22ba0.json
APK textual entries	domain	2b5d238d-8236-4293-9427-9e0448becf6a.json
APK textual entries	domain	2b608d1a-00c1-477a-83e2-1581d4e50059.json
APK textual entries	domain	2b81c2f5-fe2f-440b-a486-cc3ac2365c09.json
APK textual entries	domain	2bab6332-5b1d-4577-af97-e7bd26f2c297.json
APK textual entries	domain	2bab6332-5b1d-4577-af97-e7bd26f2c297.ma
APK textual entries	domain	2bab6332-5b1d-4577-af97-e7bd26f2c297.manifest
APK textual entries	domain	2be24ebf-8391-463b-b5e9-d52f05d6b577.json
APK textual entries	domain	2be24ebf-8391-463b-b5e9-d52f05d6b577.pn
APK textual entries	domain	2be24ebf-8391-463b-b5e9-d52f05d6b577.png
APK textual entries	domain	2c09a607-d7d2-4e21-b982-ecc95f6a1b59.json
APK textual entries	domain	2c971b11-d892-4ff3-8889-594cf20d71a0.json
APK textual entries	domain	2c9c7d50-cce0-4ed4-b86d-59ebadc01a18.json
APK textual entries	domain	2c9c7d50-cce0-4ed4-b86d-59ebadc01a18.pn
APK textual entries	domain	2c9c7d50-cce0-4ed4-b86d-59ebadc01a18.png
APK textual entries	domain	2cd315e4-ec84-471c-96f5-b4b9aa100a0d.json
APK textual entries	domain	2cd315e4-ec84-471c-96f5-b4b9aa100a0d.ma
APK textual entries	domain	2cd315e4-ec84-471c-96f5-b4b9aa100a0d.manifest
APK textual entries	domain	2cd98ec7-ce0f-4371-afe9-c8ce56ee0880.json
APK textual entries	domain	2com.google.firebase.iid.FirebaseInstanceIdReceiver
APK textual entries	domain	2d0dcb6d-5895-4a2f-9324-bf7bfa9655ee.json
APK textual entries	domain	2d0ef9d2-19b8-4c62-a4a2-2bbbd15dc2c4.json
APK textual entries	domain	2d0ef9d2-19b8-4c62-a4a2-2bbbd15dc2c4.mp
APK textual entries	domain	2d40ce25-d631-43f9-a216-78c6e0d019fb.json
APK textual entries	domain	2d419c80-9805-4c0a-a74e-351a18297614.json
APK textual entries	domain	2d4ed5f6-12e5-495f-ba0a-30270dd11af3.json
APK textual entries	domain	2dee90a9-0ec5-4524-9643-530b2cf252d9.json
APK textual entries	domain	2dee90a9-0ec5-4524-9643-530b2cf252d9.ma
APK textual entries	domain	2dee90a9-0ec5-4524-9643-530b2cf252d9.manifest
APK textual entries	domain	2e10ad70-b6f3-4c84-ac72-b982a5e8a2fa.json
APK textual entries	domain	2e11e3d6-49bc-467d-b64c-d58a8f6a905b.json
APK textual entries	domain	2e11e3d6-49bc-467d-b64c-d58a8f6a905b.ma
APK textual entries	domain	2e11e3d6-49bc-467d-b64c-d58a8f6a905b.manifest
APK textual entries	domain	2e8c4a71-9d35-4f6b-b812-0a7c3e5d9f28.json
APK textual entries	domain	2e8c4a71-9d35-4f6b-b812-0a7c3e5d9f28.ma
APK textual entries	domain	2e8c4a71-9d35-4f6b-b812-0a7c3e5d9f28.manifest
APK textual entries	domain	2e9b5543-65ec-41d4-b596-513d2a48e547.json
APK textual entries	domain	2ef76439-d492-43a0-b430-c245cae9efaf.json
APK textual entries	domain	2ef76439-d492-43a0-b430-c245cae9efaf.mp
APK textual entries	domain	2ef86dcb-381c-4491-85d6-a9e86ebe43ca.json
APK textual entries	domain	2f007215-1c30-4934-8368-9a4cb6f61b19.json
APK textual entries	domain	2f0e1f9e-6e66-4d16-9277-2672ab5717f9.json
APK textual entries	domain	2f2a2c68-d6db-4f39-b4e5-d78aaaf571df.json
APK textual entries	domain	2f4c634e-d7d4-4fc9-991a-a0405ea28784.json
APK textual entries	domain	2f67f1ca-e1f1-4e66-b339-6e3a6d03b140.json
APK textual entries	domain	2f95ab48-c8b9-46b0-9040-27ae0d1d25a1.json
APK textual entries	domain	2fecb5f4-0319-4728-8bb8-0aeab5e15aa6.json
APK textual entries	domain	2ff38c47-cba7-4e05-8aa9-e744e167a2ab.json
APK textual entries	domain	2org.cocos2dx.javascript.MyFirebaseMessagingService
APK textual entries	domain	3.After
APK textual entries	domain	3.What
APK textual entries	domain	300206de-b6e1-4b8c-a575-5bd9a4aa9834.json
APK textual entries	domain	30216414-8049-4381-bf7c-2f0ff525b3f8.json
APK textual entries	domain	30354e79-aecc-44b8-a1f1-ea362ba57753.json
APK textual entries	domain	30354e79-aecc-44b8-a1f1-ea362ba57753.ma
APK textual entries	domain	30354e79-aecc-44b8-a1f1-ea362ba57753.manifest
APK textual entries	domain	30636e4e-7878-4a26-bebd-61ae48d1aeda.json
APK textual entries	domain	3068275e-bf04-448d-93bc-09706142ee5c.json
APK textual entries	domain	3068275e-bf04-448d-93bc-09706142ee5c.pn
APK textual entries	domain	3068275e-bf04-448d-93bc-09706142ee5c.png
APK textual entries	domain	30b81529-2afe-49dc-804c-7ffd0dea6a52.json
APK textual entries	domain	30c2f456-e00d-49f4-aa38-57c1f1695f0f.json
APK textual entries	domain	30da127f-6ffb-4fd9-b9a7-8b80ae48d18f.json
APK textual entries	domain	3104ccc0-453f-420c-bf3f-7a6f8558b6d0.json
APK textual entries	domain	3130c0b5-7fbd-4afb-bd0e-fe4f89aeafde.json
APK textual entries	domain	31d8962d-babb-4ec7-be19-8e9f54a4ea99.json
APK textual entries	domain	31e997d3-6aea-493c-842f-61e5696bf8aa.json
APK textual entries	domain	31fbbc73-41ef-4b76-93d2-78afc344c3ba.json
APK textual entries	domain	3252611c-a944-42cf-a806-06534c716976.json
APK textual entries	domain	325b4ae4-f758-4303-9598-4cb43f4c59e8.json
APK textual entries	domain	325b4ae4-f758-4303-9598-4cb43f4c59e8.ma
APK textual entries	domain	325b4ae4-f758-4303-9598-4cb43f4c59e8.manifest
APK textual entries	domain	325dc43c-6b0a-4d67-99c5-707b54bf9dc1.json
APK textual entries	domain	326b3295-a9f2-4eb7-b819-e1899d7ef0c6.json
APK textual entries	domain	326d39e5-9758-42f6-b67b-66201d9d845b.json
APK textual entries	domain	32cb0b01-6627-449e-a7d9-00c32010f688.json
APK textual entries	domain	32cc7a7d-8b20-46a6-8f35-5d1a3837aa49.json
APK textual entries	domain	32dfa937-5d90-42df-9571-2a965af3ced6.json
APK textual entries	domain	32ed82fa-4189-4cc4-8cb9-4b1704140fc1.json
APK textual entries	domain	32f52bee-2df9-49f7-b775-8c7fed59030c.json
APK textual entries	domain	32f52bee-2df9-49f7-b775-8c7fed59030c.ma
APK textual entries	domain	32f52bee-2df9-49f7-b775-8c7fed59030c.manifest
APK textual entries	domain	3328a60f-2e88-4bd6-a4d5-869d637c049e.json
APK textual entries	domain	33376892-0f1a-4868-a48d-8e7d92dfe6a9.json
APK textual entries	domain	335ceb43-410d-405d-aae0-f935ed71b807.json
APK textual entries	domain	33758ded-5790-4cb3-9728-9183a4d0b745.json
APK textual entries	domain	33d3e6a3-3235-41a9-b974-7a7e7bb0fbaa.json
APK textual entries	domain	34499a9b-fc7c-4b20-b9bb-c3ae0c140b3c.json
APK textual entries	domain	34499a9b-fc7c-4b20-b9bb-c3ae0c140b3c.ma
APK textual entries	domain	34499a9b-fc7c-4b20-b9bb-c3ae0c140b3c.manifest
APK textual entries	domain	34bc17fe-9842-4c45-a671-8ea7dba2e6f2.json
APK textual entries	domain	34bc17fe-9842-4c45-a671-8ea7dba2e6f2.ma
APK textual entries	domain	34bc17fe-9842-4c45-a671-8ea7dba2e6f2.manifest
APK textual entries	domain	34fd2ffe-aa83-43e9-98d9-a345b6f1e72b.json
APK textual entries	domain	352fafd5-f901-41a9-a478-9e4edd919886.json
APK textual entries	domain	352fafd5-f901-41a9-a478-9e4edd919886.ma
APK textual entries	domain	352fafd5-f901-41a9-a478-9e4edd919886.manifest
APK textual entries	domain	354ae739-3313-46cc-a06b-62de79837821.json
APK textual entries	domain	354ae739-3313-46cc-a06b-62de79837821.ma
APK textual entries	domain	354ae739-3313-46cc-a06b-62de79837821.manifest
APK textual entries	domain	354b9f46-9621-44e8-bc09-9fd6fdc3b151.json
APK textual entries	domain	354b9f46-9621-44e8-bc09-9fd6fdc3b151.ma
APK textual entries	domain	354b9f46-9621-44e8-bc09-9fd6fdc3b151.manifest
APK textual entries	domain	355a928e-261b-454c-9697-4dbcbac0deea.json
APK textual entries	domain	355a928e-261b-454c-9697-4dbcbac0deea.pn
APK textual entries	domain	355a928e-261b-454c-9697-4dbcbac0deea.png
APK textual entries	domain	35671ba1-79e7-4b32-bd70-c3f6b583e142.json
APK textual entries	domain	358845e0-46a1-43ac-a6cc-0b0fa9968091.json
APK textual entries	domain	35a49d25-418f-43df-bd3d-467e44592df0.json
APK textual entries	domain	35b0a1ff-8b82-4ecc-9b90-bc6261be02d9.json
APK textual entries	domain	35c7060a-444c-434b-ae47-f2cb4a3d104f.json
APK textual entries	domain	35e3b7b2-0305-4221-b852-ee21b095e78a.json
APK textual entries	domain	3618b04e-9cb7-45c6-86ec-4d07577110eb.json
APK textual entries	domain	364d129e-f532-41b0-95bc-565aefe689d9.json
APK textual entries	domain	364d129e-f532-41b0-95bc-565aefe689d9.pn
APK textual entries	domain	364d129e-f532-41b0-95bc-565aefe689d9.png
APK textual entries	domain	3660766d-eda0-4e2b-b1a0-f60023f23c16.json
APK textual entries	domain	3682afdf-03f9-4b98-8372-0415953804d4.json
APK textual entries	domain	3699e532-bf3b-4fad-b291-4a073081c70e.json
APK textual entries	domain	36f47b6e-ffa7-47c3-ae02-3df44eaceac1.at
APK textual entries	domain	36f47b6e-ffa7-47c3-ae02-3df44eaceac1.atlas
APK textual entries	domain	36f47b6e-ffa7-47c3-ae02-3df44eaceac1.json
APK textual entries	domain	37044175-e779-40dc-b36d-e548b0425c74.json
APK textual entries	domain	37044175-e779-40dc-b36d-e548b0425c74.mp
APK textual entries	domain	37181336-4c88-4826-84bd-3a8470299c11.json
APK textual entries	domain	37205ed4-9225-49d2-832e-d83694001785.json
APK textual entries	domain	37299537-b3ee-4a7f-8c9f-c9fa194b7bab.json
APK textual entries	domain	372b4118-d4dd-41f1-aeae-993276026cd6.json
APK textual entries	domain	374a5084-b929-434e-aa93-c513adced986.json
APK textual entries	domain	374a7609-831a-468c-a7ce-0c00960bb7a0.json
APK textual entries	domain	374a7609-831a-468c-a7ce-0c00960bb7a0.ma
APK textual entries	domain	374a7609-831a-468c-a7ce-0c00960bb7a0.manifest
APK textual entries	domain	37a3c60a-5f5d-41ce-ba96-513d3cc03589.json
APK textual entries	domain	37dd65a4-42ea-4364-99a7-bbb7b98215e4.json
APK textual entries	domain	37e5bdf4-baf4-4706-b82d-a557d3367966.json
APK textual entries	domain	3812ce0a-70d4-488e-ad6f-523428a1b36d.json
APK textual entries	domain	387f172f-dda1-44c5-ae2b-0d6f7f6cff36.json
APK textual entries	domain	387f172f-dda1-44c5-ae2b-0d6f7f6cff36.ma
APK textual entries	domain	387f172f-dda1-44c5-ae2b-0d6f7f6cff36.manifest
APK textual entries	domain	39112422-c695-4a7a-ad97-172e97256fd1.json
APK textual entries	domain	392fe088-2123-41a5-b488-f0c6b1c0bbff.json
APK textual entries	domain	394eb57f-90dd-4adc-9831-fb773e88d040.json
APK textual entries	domain	394eb57f-90dd-4adc-9831-fb773e88d040.pn
APK textual entries	domain	394eb57f-90dd-4adc-9831-fb773e88d040.png
APK textual entries	domain	3972b123-461e-4070-85b5-260d234e1ce3.json
APK textual entries	domain	3972b123-461e-4070-85b5-260d234e1ce3.pn
APK textual entries	domain	3972b123-461e-4070-85b5-260d234e1ce3.png
APK textual entries	domain	3977473b-9253-4603-a42d-a3200472eb3c.json
APK textual entries	domain	3977473b-9253-4603-a42d-a3200472eb3c.pn
APK textual entries	domain	3977473b-9253-4603-a42d-a3200472eb3c.png
APK textual entries	domain	399aef27-0301-4536-8086-c0c4c42377fd.json
APK textual entries	domain	399aef27-0301-4536-8086-c0c4c42377fd.pn
APK textual entries	domain	399aef27-0301-4536-8086-c0c4c42377fd.png
APK textual entries	domain	399fed0c-55a1-43fb-bafe-26473b27be15.json
APK textual entries	domain	39b4a4b5-6361-4155-a75c-f2831ec638a1.json
APK textual entries	domain	39b54b6d-c6fb-4414-8ba4-c217d456f55c.json
APK textual entries	domain	39bd85d5-1cfc-4748-b774-30cba0f40905.json
APK textual entries	domain	39d5e8c1-5bcc-4b24-acb0-65ab41ff575d.json
APK textual entries	domain	39fdb771-6f59-4ad0-a804-53a86ca3a6f6.json
APK textual entries	domain	3a300bb4-3d87-4aa6-b012-ad5f9bbe868e.json
APK textual entries	domain	3a300bb4-3d87-4aa6-b012-ad5f9bbe868e.mp
APK textual entries	domain	3a32e7ac-dcf8-49b9-88b3-6a5e30f46423.json
APK textual entries	domain	3a6cfb25-c431-4949-85e7-f67e51bb0fe5.json
APK textual entries	domain	3a7bb79f-32fd-422e-ada2-96f518fed422.json
APK textual entries	domain	3a7f8cda-5288-49e2-8e34-6ca7232d8ef4.json
APK textual entries	domain	3a7f8cda-5288-49e2-8e34-6ca7232d8ef4.ma
APK textual entries	domain	3a7f8cda-5288-49e2-8e34-6ca7232d8ef4.manifest
APK textual entries	domain	3ac1a1c7-d2a0-44bd-af5f-3d4f652bf1ff.json
APK textual entries	domain	3af95820-5b4e-441a-948a-2e249ab24521.json
APK textual entries	domain	3af95820-5b4e-441a-948a-2e249ab24521.ma
APK textual entries	domain	3af95820-5b4e-441a-948a-2e249ab24521.manifest
APK textual entries	domain	3afb8619-b704-4868-86cd-eac18f7224f3.json
APK textual entries	domain	3b486789-c68b-44fe-952a-42d1d5e71db0.json
APK textual entries	domain	3b6e6deb-e57f-4c86-b522-ec7423a2dcfd.json
APK textual entries	domain	3b6e6deb-e57f-4c86-b522-ec7423a2dcfd.ma
APK textual entries	domain	3b6e6deb-e57f-4c86-b522-ec7423a2dcfd.manifest
APK textual entries	domain	3bb50325-5028-4068-8498-3fef9cd09b4d.json
APK textual entries	domain	3bbdb0f6-c5f6-45de-9f33-8b5cbafb4d6d.bi
APK textual entries	domain	3bbdb0f6-c5f6-45de-9f33-8b5cbafb4d6d.bin
APK textual entries	domain	3bbdb0f6-c5f6-45de-9f33-8b5cbafb4d6d.json
APK textual entries	domain	3bd25181-77d2-41c2-8b2c-3e87cdfdbc1b.json
APK textual entries	domain	3bdd6854-0146-4c88-bd28-ad94c5997422.json
APK textual entries	domain	3bdd6854-0146-4c88-bd28-ad94c5997422.pn
APK textual entries	domain	3bdd6854-0146-4c88-bd28-ad94c5997422.png
APK textual entries	domain	3be7f58c-02ac-4d63-89bd-6000a87648c0.json
APK textual entries	domain	3c191adc-76ae-4e92-9078-20b9081cff3f.json
APK textual entries	domain	3c1f183c-91dd-47ff-941e-577c10adb4a7.json
APK textual entries	domain	3c37cefd-458e-47d8-8f83-4382633822d7.json
APK textual entries	domain	3c427419-2169-4893-9495-b7d28bb5a24b.json
APK textual entries	domain	3c437837-ff11-4ade-ba1f-f4f11cdac7d5.json
APK textual entries	domain	3c437837-ff11-4ade-ba1f-f4f11cdac7d5.ma
APK textual entries	domain	3c437837-ff11-4ade-ba1f-f4f11cdac7d5.manifest
APK textual entries	domain	3c875950-8ea0-4cb6-a6f9-929afbf2cd1f.json
APK textual entries	domain	3cdeb669-744c-4d1c-9054-b291b9ef5452.at
APK textual entries	domain	3cdeb669-744c-4d1c-9054-b291b9ef5452.atlas
APK textual entries	domain	3cdeb669-744c-4d1c-9054-b291b9ef5452.json
APK textual entries	domain	3com.google.android.gms.common.api.GoogleApiActivity
APK textual entries	domain	3d167ddd-08d4-4f72-999d-6d56ff809c6c.json
APK textual entries	domain	3d167ddd-08d4-4f72-999d-6d56ff809c6c.mp
APK textual entries	domain	3d2bee9e-056b-4382-931f-c1c1591aea99.json
APK textual entries	domain	3d2bee9e-056b-4382-931f-c1c1591aea99.ma
APK textual entries	domain	3d2bee9e-056b-4382-931f-c1c1591aea99.manifest
APK textual entries	domain	3d2c2d84-a6b8-400c-be4c-b9b06237d0a6.json
APK textual entries	domain	3d2d8dc5-a74e-4d84-b17b-c43784f549c5.json
APK textual entries	domain	3d30a6a6-cece-4ccc-bdd1-27a3d668f208.json
APK textual entries	domain	3d336aa4-910c-45be-9cfa-0a3956f9ba26.json
APK textual entries	domain	3d336aa4-910c-45be-9cfa-0a3956f9ba26.mp
APK textual entries	domain	3da53d67-9ec2-4529-9c5e-9aa120fe229e.json
APK textual entries	domain	3db8967a-c614-49d7-9621-637e22f53981.json
APK textual entries	domain	3db8967a-c614-49d7-9621-637e22f53981.ma
APK textual entries	domain	3db8967a-c614-49d7-9621-637e22f53981.manifest
APK textual entries	domain	3de20e1a-0f5b-4526-9288-363be20f084c.json
APK textual entries	domain	3dee3ace-ef96-46ba-886b-1e1ad5336583.json
APK textual entries	domain	3df22f00-2e7d-4ec8-8846-d99d5d8c6f38.json
APK textual entries	domain	3e1520a1-4951-4e14-8944-8b6bba64e41b.json
APK textual entries	domain	3e3134b9-ec78-452d-aa45-6568bb02204f.json
APK textual entries	domain	3e6fa6cb-7f06-49c9-a264-ebc97f25d72d.json
APK textual entries	domain	3e8f2922-b590-467f-a0a3-662a018c4006.json
APK textual entries	domain	3e8f2922-b590-467f-a0a3-662a018c4006.pl
APK textual entries	domain	3e8f2922-b590-467f-a0a3-662a018c4006.plist
APK textual entries	domain	3f0ce951-d558-4bf5-80bc-0a4fedd39589.json
APK textual entries	domain	3f125ca7-59d9-41ab-97ca-af80889eed65.json
APK textual entries	domain	3f183c96-a1c7-4da6-9fa0-ae8a4b0ee343.json
APK textual entries	domain	3f183c96-a1c7-4da6-9fa0-ae8a4b0ee343.pn
APK textual entries	domain	3f183c96-a1c7-4da6-9fa0-ae8a4b0ee343.png
APK textual entries	domain	3f3106c0-c034-4833-8ca5-a33000c40c16.json
APK textual entries	domain	3f3106c0-c034-4833-8ca5-a33000c40c16.pn
APK textual entries	domain	3f3106c0-c034-4833-8ca5-a33000c40c16.png
APK textual entries	domain	3f3cdcaf-af9d-4c6b-9064-d1c03d521300.json
APK textual entries	domain	3f9ae4f6-597b-457f-bb87-e50aeddf7c08.json
APK textual entries	domain	3fc1547a-8e6a-43ca-bcbf-33b6bf4cc0f7.json
APK textual entries	domain	3ff03a29-5cd1-49f0-aaf1-babbb3893928.json
APK textual entries	domain	3ff03a29-5cd1-49f0-aaf1-babbb3893928.pn
APK textual entries	domain	3ff03a29-5cd1-49f0-aaf1-babbb3893928.png
APK textual entries	domain	3ffbbced-53d3-48b7-9151-890d6fe4c4bf.json
APK textual entries	domain	4.When
APK textual entries	domain	40508556-097e-48b9-9dce-440e0da57de4.json
APK textual entries	domain	405146ae-e5fe-4e06-8ee7-dd2d1e9ea3ba.json
APK textual entries	domain	405146ae-e5fe-4e06-8ee7-dd2d1e9ea3ba.mp
APK textual entries	domain	40802965-9576-4167-be6d-58c932d24aab.json
APK textual entries	domain	40802965-9576-4167-be6d-58c932d24aab.mp
APK textual entries	domain	40cfde1b-9ec9-4a45-a7bb-d07b969b2ed7.json
APK textual entries	domain	41204fcd-4c6d-4360-bb3b-680ef82eb190.json
APK textual entries	domain	41204fcd-4c6d-4360-bb3b-680ef82eb190.ma
APK textual entries	domain	41204fcd-4c6d-4360-bb3b-680ef82eb190.manifest
APK textual entries	domain	41473156-ec9d-4f85-8f2a-12f7e70d6455.json
APK textual entries	domain	4172fdca-d7ce-4200-a6e7-0acbea4c170b.json
APK textual entries	domain	4179672d-29cb-4f24-b978-d599cc459548.json
APK textual entries	domain	41ace276-8da3-4782-99f2-d6869dacbac7.json
APK textual entries	domain	41ace276-8da3-4782-99f2-d6869dacbac7.ma
APK textual entries	domain	41ace276-8da3-4782-99f2-d6869dacbac7.manifest
APK textual entries	domain	425ba3ac-1e96-49d8-907e-82b23b061459.json
APK textual entries	domain	425ba3ac-1e96-49d8-907e-82b23b061459.mp
APK textual entries	domain	425e6a31-dbd4-4b28-887d-ef55bdd5c2b8.json
APK textual entries	domain	42972b68-d128-4e1e-8744-9075a22e689f.json
APK textual entries	domain	42972b68-d128-4e1e-8744-9075a22e689f.mp
APK textual entries	domain	42997e88-71df-4997-9e18-1aa9766fd46f.json
APK textual entries	domain	42997e88-71df-4997-9e18-1aa9766fd46f.ma
APK textual entries	domain	42997e88-71df-4997-9e18-1aa9766fd46f.manifest
APK textual entries	domain	42e2a22d-3395-46f7-8591-d701fc24bc6b.json
APK textual entries	domain	43271906-110b-4d8f-8351-e6eaa5bccb21.json
APK textual entries	domain	432fa09c-cf03-4cff-a186-982604408a07.json
APK textual entries	domain	4340e46d-be15-403a-a013-1335ae853885.json
APK textual entries	domain	4388fd07-2957-4ede-b850-5c5baf4c8958.json
APK textual entries	domain	43a299bf-7883-4455-9222-da7080819d45.json
APK textual entries	domain	43c7dae8-1bbd-4556-af17-b75e9607f68c.json
APK textual entries	domain	43cacac5-9751-4f81-adf6-ab7de18a4751.json
APK textual entries	domain	43cacac5-9751-4f81-adf6-ab7de18a4751.pn
APK textual entries	domain	43cacac5-9751-4f81-adf6-ab7de18a4751.png
APK textual entries	domain	43fc4751-334f-48b7-8d93-5ad83610ef36.json
APK textual entries	domain	43fd5620-aa5d-4e70-b785-287b539570ea.json
APK textual entries	domain	43fd5620-aa5d-4e70-b785-287b539570ea.pn
APK textual entries	domain	43fd5620-aa5d-4e70-b785-287b539570ea.png
APK textual entries	domain	44149801-fb58-4763-88a7-d8b758483926.json
APK textual entries	domain	444a7f7e-7935-461b-9e05-7c128f2409ee.json
APK textual entries	domain	447f2c63-3a4b-428f-8f80-9248cb3e1474.json
APK textual entries	domain	44b90a42-715a-4bb0-9833-edfae698fde1.json
APK textual entries	domain	44b90a42-715a-4bb0-9833-edfae698fde1.ma
APK textual entries	domain	44b90a42-715a-4bb0-9833-edfae698fde1.manifest
APK textual entries	domain	44c325d8-e6cd-4a91-a0c3-388ee5e39839.json
APK textual entries	domain	44c6e595-87de-4ee2-84c6-fa8afcde3811.at
APK textual entries	domain	44c6e595-87de-4ee2-84c6-fa8afcde3811.atlas
APK textual entries	domain	44c6e595-87de-4ee2-84c6-fa8afcde3811.json
APK textual entries	domain	44d32f87-df40-49ab-8774-0a1a3de21e52.json
APK textual entries	domain	44d6993c-e856-4e9b-b990-b9fca0743831.json
APK textual entries	domain	44eacd3d-4eb6-480f-b9d7-6d4faaaf9281.json
APK textual entries	domain	45065e04-fa0c-4419-9f85-22da7e661844.json
APK textual entries	domain	45065e04-fa0c-4419-9f85-22da7e661844.mp
APK textual entries	domain	454aa925-9171-4ef5-8f20-5f84473f8b2f.json
APK textual entries	domain	457bfd59-8c19-4479-b1f6-a4eea26e2c3e.json
APK textual entries	domain	45a40421-dacb-4af7-a183-87b7d4bf3fc7.json
APK textual entries	domain	45d692ee-0055-4c49-9dee-3fcc0093f921.json
APK textual entries	domain	45d692ee-0055-4c49-9dee-3fcc0093f921.ma
APK textual entries	domain	45d692ee-0055-4c49-9dee-3fcc0093f921.manifest
APK textual entries	domain	466d4f9b-e5f4-4ea8-85d5-3c6e9a65658a.json
APK textual entries	domain	468352f5-0049-4e59-a80e-52492838485e.json
APK textual entries	domain	468352f5-0049-4e59-a80e-52492838485e.pn
APK textual entries	domain	468352f5-0049-4e59-a80e-52492838485e.png
APK textual entries	domain	46f5d64c-bd40-431c-9d0d-f14ad2058dda.json
APK textual entries	domain	46f5d64c-bd40-431c-9d0d-f14ad2058dda.ma
APK textual entries	domain	46f5d64c-bd40-431c-9d0d-f14ad2058dda.manifest
APK textual entries	domain	472019d8-81d8-431a-9657-2fde9ce65d88.json
APK textual entries	domain	472019d8-81d8-431a-9657-2fde9ce65d88.pn
APK textual entries	domain	472019d8-81d8-431a-9657-2fde9ce65d88.png
APK textual entries	domain	472c5537-46c3-44c7-baec-554adda449b9.json
APK textual entries	domain	472df5d3-35e7-4184-9e6c-7f41bee65ee3.json
APK textual entries	domain	47833506-3c8d-4b18-9741-a719e88a9bf1.json
APK textual entries	domain	47927fd9-50a5-4740-8ee5-691d7227d68e.json
APK textual entries	domain	47abb295-237b-4651-9631-1bb8fbf03fd1.json
APK textual entries	domain	47b85904-4be7-4d81-9835-49beccaf38ef.json
APK textual entries	domain	47ba87e6-80ef-4e98-919c-5047aa13e9d2.json
APK textual entries	domain	47ec104d-ff71-4d24-a420-f1e66dfeb581.json
APK textual entries	domain	48320071-b8fe-426a-857a-f1b806d3174d.json
APK textual entries	domain	486f3f93-84dc-4059-a49b-4d7dd3d36fd0.json
APK textual entries	domain	48b7b2a6-d8b6-4c6a-a951-fce5cbefe260.json
APK textual entries	domain	48c29a9a-1668-4848-a262-419643ab9504.json
APK textual entries	domain	48c29a9a-1668-4848-a262-419643ab9504.pn
APK textual entries	domain	48c29a9a-1668-4848-a262-419643ab9504.png
APK textual entries	domain	48fbb45e-4c3d-48fa-9f58-036ebeb28531.json
APK textual entries	domain	4920d172-2cbb-4013-8722-11456c209f11.json
APK textual entries	domain	4920d172-2cbb-4013-8722-11456c209f11.pn
APK textual entries	domain	4920d172-2cbb-4013-8722-11456c209f11.png
APK textual entries	domain	4938c469-f59b-484b-8a01-cc4da60c3658.json
APK textual entries	domain	4938c469-f59b-484b-8a01-cc4da60c3658.mp
APK textual entries	domain	4951d355-5d27-4517-a223-25d7dc362a65.json
APK textual entries	domain	49583df7-8df6-4f77-a30d-9482b3f6a011.json
APK textual entries	domain	4979facc-983c-417e-8e90-e52f42424c6d.json
APK textual entries	domain	4979facc-983c-417e-8e90-e52f42424c6d.pn
APK textual entries	domain	4979facc-983c-417e-8e90-e52f42424c6d.png
APK textual entries	domain	49b59613-69af-4034-b44c-90f9cf7c91ba.json
APK textual entries	domain	49b59613-69af-4034-b44c-90f9cf7c91ba.pn
APK textual entries	domain	49b59613-69af-4034-b44c-90f9cf7c91ba.png
APK textual entries	domain	49c66c7f-9ad5-45ac-a97f-5a0603e87380.json
APK textual entries	domain	49c66c7f-9ad5-45ac-a97f-5a0603e87380.pn
APK textual entries	domain	49c66c7f-9ad5-45ac-a97f-5a0603e87380.png
APK textual entries	domain	49f2fb2e-b13c-4282-b84e-2c544dc9c1fd.json
APK textual entries	domain	4a00d1a7-6e14-425d-a6ca-ef6183feb624.json
APK textual entries	domain	4a04103f-6c93-4906-be61-1a9c314730ce.json
APK textual entries	domain	4a20ef50-8466-45f9-8319-5cd082cb25ff.json
APK textual entries	domain	4a38a519-c170-4dd1-9bc1-41f80826a8c2.json
APK textual entries	domain	4a38a519-c170-4dd1-9bc1-41f80826a8c2.pn
APK textual entries	domain	4a38a519-c170-4dd1-9bc1-41f80826a8c2.png
APK textual entries	domain	4a748328-38cf-4ff7-a5ef-ccf6d6b3f31b.json
APK textual entries	domain	4a815b49-87ac-4301-9615-1df216912804.json
APK textual entries	domain	4a92f282-7c7c-4d96-a561-55330ad46554.json
APK textual entries	domain	4a92f282-7c7c-4d96-a561-55330ad46554.pn
APK textual entries	domain	4a92f282-7c7c-4d96-a561-55330ad46554.png
APK textual entries	domain	4ac35038-edd2-403c-99ec-f8b36ad5c8c3.json
APK textual entries	domain	4ac65d5e-58c7-4d4e-8761-8cb1caeef7b0.json
APK textual entries	domain	4ac65d5e-58c7-4d4e-8761-8cb1caeef7b0.pn
APK textual entries	domain	4ac65d5e-58c7-4d4e-8761-8cb1caeef7b0.png
APK textual entries	domain	4af5faac-a043-49f7-975a-8a7accf70cb9.json
APK textual entries	domain	4b07146a-40f1-4f5d-9680-c95df995167a.json
APK textual entries	domain	4b2abc77-ff3c-4f1c-a0b1-86085ee19729.json
APK textual entries	domain	4b59bd8e-165a-41bb-9863-aa12f69a36cc.json
APK textual entries	domain	4b8a7547-042e-4881-bd0b-7a2f412c8eca.json
APK textual entries	domain	4b8a7547-042e-4881-bd0b-7a2f412c8eca.ma
APK textual entries	domain	4b8a7547-042e-4881-bd0b-7a2f412c8eca.manifest
APK textual entries	domain	4bab67cb-18e6-4099-b840-355f0473f890.json
APK textual entries	domain	4bab67cb-18e6-4099-b840-355f0473f890.pn
APK textual entries	domain	4bab67cb-18e6-4099-b840-355f0473f890.png
APK textual entries	domain	4bc7ebfc-8fb8-454b-ac46-4b83c3283341.json
APK textual entries	domain	4bdf5f6c-7109-4ea1-a56f-4658f9ecb2c0.json
APK textual entries	domain	4c144aae-6777-45f0-b82f-9a7fc37eea20.json
APK textual entries	domain	4c3e276c-3aff-4d8c-b1d1-2204b416b435.json
APK textual entries	domain	4c7d1aa3-bc4f-43cb-9629-effcf565c4eb.json
APK textual entries	domain	4c7d1aa3-bc4f-43cb-9629-effcf565c4eb.pn
APK textual entries	domain	4c7d1aa3-bc4f-43cb-9629-effcf565c4eb.png
APK textual entries	domain	4cb0fe7d-5e09-401b-b03d-84fc055cd10a.json
APK textual entries	domain	4cd8d927-6a13-4f72-84d5-af82dbcbcae7.json
APK textual entries	domain	4cd8d927-6a13-4f72-84d5-af82dbcbcae7.ma
APK textual entries	domain	4cd8d927-6a13-4f72-84d5-af82dbcbcae7.manifest
APK textual entries	domain	4ce685e3-cd73-4e2c-90fd-f2997f89cd99.json
APK textual entries	domain	4cf9832c-4951-4fac-b8f4-58efe15a4991.json
APK textual entries	domain	4cfc0f13-32d9-4248-850b-6f9bf513913b.json
APK textual entries	domain	4d21d1ef-3bfd-4fc8-b8d2-725b0854b330.json
APK textual entries	domain	4d587df9-a3a7-4636-8831-76c0359fdf93.json
APK textual entries	domain	4d78c994-b8c3-4562-af5a-ce23cc6352eb.json
APK textual entries	domain	4d8ec7b2-2bb0-4726-ab06-0cc4254086ec.json
APK textual entries	domain	4dc65880-70a8-4296-95d3-834902d89289.json
APK textual entries	domain	4df74926-d18f-42b0-bfb0-55d390611297.json
APK textual entries	domain	4e1c516f-4b51-4ff9-b19c-3535ad566ce8.json
APK textual entries	domain	4e1c516f-4b51-4ff9-b19c-3535ad566ce8.pn
APK textual entries	domain	4e1c516f-4b51-4ff9-b19c-3535ad566ce8.png
APK textual entries	domain	4e439942-4fc8-403b-a395-c6815c2fc771.json
APK textual entries	domain	4e593b44-26d8-4bb2-af1d-e59006a11135.json
APK textual entries	domain	4e593b44-26d8-4bb2-af1d-e59006a11135.pn
APK textual entries	domain	4e593b44-26d8-4bb2-af1d-e59006a11135.png
APK textual entries	domain	4e812769-4aa6-4b21-b8d8-9392768dff9e.json
APK textual entries	domain	4e953485-1ec5-49b5-b457-6ba4edee19dd.json
APK textual entries	domain	4e953485-1ec5-49b5-b457-6ba4edee19dd.ma
APK textual entries	domain	4e953485-1ec5-49b5-b457-6ba4edee19dd.manifest
APK textual entries	domain	4ea694b4-4c66-4433-8066-d1f26ce7ea14.json
APK textual entries	domain	4ebf3595-889a-4765-b85b-fdfbd8dc8806.at
APK textual entries	domain	4ebf3595-889a-4765-b85b-fdfbd8dc8806.atlas
APK textual entries	domain	4ebf3595-889a-4765-b85b-fdfbd8dc8806.json
APK textual entries	domain	4ec3f81b-cc86-481c-8135-9d6a7bd12829.json
APK textual entries	domain	4ec57edc-3e71-4d3c-a6b4-b2bbba421861.json
APK textual entries	domain	4ecf22b5-9dad-4813-a60c-80249ac98df7.json
APK textual entries	domain	4eda5d65-9f51-48aa-8eb2-8be29ed72fa0.json
APK textual entries	domain	4f3fe15b-cad6-4811-ae5b-9196a31b6473.json
APK textual entries	domain	4f52bf0b-b341-4d2b-81dd-60ddea8e90ed.json
APK textual entries	domain	4f856bb2-60e9-4f66-bfee-f8bfcbfec0e4.json
APK textual entries	domain	4f85b74d-fef5-4b10-916b-0f080051b1da.json
APK textual entries	domain	4f885b58-2918-43a6-b07a-68a37aecd53e.json
APK textual entries	domain	4fb6ff43-b90d-4c62-a5f5-2eda575c633e.json
APK textual entries	domain	4fdfa287-884a-4492-84b1-3920975b378c.json
APK textual entries	domain	5.When
APK textual entries	domain	500e3a61-3b16-4acf-b463-8cc949689ed8.json
APK textual entries	domain	502fcf61-e223-4113-b06a-490aa058b58e.json
APK textual entries	domain	502fcf61-e223-4113-b06a-490aa058b58e.ma
APK textual entries	domain	502fcf61-e223-4113-b06a-490aa058b58e.manifest
APK textual entries	domain	50486608-f15e-44d3-92cb-7ac4a4c376a3.json
APK textual entries	domain	50486608-f15e-44d3-92cb-7ac4a4c376a3.ma
APK textual entries	domain	50486608-f15e-44d3-92cb-7ac4a4c376a3.manifest
APK textual entries	domain	507b95e0-cbc2-4e63-8a53-9e19cebd164c.json
APK textual entries	domain	5091b17e-c16e-4ee4-b07f-41a85c97e320.json
APK textual entries	domain	50d1eaf4-0205-427c-8fb5-67f20c677fac.json
APK textual entries	domain	50de9776-ed22-4044-87ee-dd33670609b9.json
APK textual entries	domain	50de9776-ed22-4044-87ee-dd33670609b9.mp
APK textual entries	domain	50fcfc5e-fa04-43f6-a530-518d7f06aa8a.json
APK textual entries	domain	50fcfc5e-fa04-43f6-a530-518d7f06aa8a.pn
APK textual entries	domain	50fcfc5e-fa04-43f6-a530-518d7f06aa8a.png
APK textual entries	domain	511ae428-52cd-4111-b42e-c35196835c1e.json
APK textual entries	domain	511ae428-52cd-4111-b42e-c35196835c1e.ma
APK textual entries	domain	511ae428-52cd-4111-b42e-c35196835c1e.manifest
APK textual entries	domain	51555e20-9f10-4ba6-848f-140f5df87c3b.json
APK textual entries	domain	517a9f1c-fdca-4578-a80f-6913d87c196d.json
APK textual entries	domain	519c422e-6ca2-422b-9482-4847e9b42983.json
APK textual entries	domain	519c422e-6ca2-422b-9482-4847e9b42983.ma
APK textual entries	domain	519c422e-6ca2-422b-9482-4847e9b42983.manifest
APK textual entries	domain	51a30f70-992b-40f0-8628-3a65bd838ee4.json
APK textual entries	domain	51be5191-1401-482b-a978-9ab443ea298e.json
APK textual entries	domain	5212d6d7-5d01-462a-b7dc-b304e2da0c22.json
APK textual entries	domain	5212d6d7-5d01-462a-b7dc-b304e2da0c22.ma
APK textual entries	domain	5212d6d7-5d01-462a-b7dc-b304e2da0c22.manifest
APK textual entries	domain	52293e15-fe4b-48af-8bba-f406595893cb.json
APK textual entries	domain	528f0212-c161-4522-8e4b-1236e387449b.json
APK textual entries	domain	52926d30-1f21-4ebb-acfa-77c90b9d93e8.json
APK textual entries	domain	5327f946-61e7-40e6-b865-afc937a800e6.json
APK textual entries	domain	53790e91-a357-4e92-bb9d-4aadfb060bf1.json
APK textual entries	domain	53eb90e8-f500-4731-8f9c-088ee022db9e.json
APK textual entries	domain	53eb90e8-f500-4731-8f9c-088ee022db9e.pn
APK textual entries	domain	53eb90e8-f500-4731-8f9c-088ee022db9e.png
APK textual entries	domain	5413147c-6a9e-443e-bd5a-848ba5d08ee8.json
APK textual entries	domain	5426e444-3009-44e8-9a72-e2cffd551d17.json
APK textual entries	domain	5445c3be-37f7-40de-b29d-6fba2222e3e2.json
APK textual entries	domain	5464965c-60aa-480d-8ff3-e8e97fbe405e.json
APK textual entries	domain	5464965c-60aa-480d-8ff3-e8e97fbe405e.pn
APK textual entries	domain	5464965c-60aa-480d-8ff3-e8e97fbe405e.png
APK textual entries	domain	549eda0b-9d18-466f-a727-8d5f8223828f.json
APK textual entries	domain	54e8a3bf-4941-4a10-95e8-425c71a5aa54.json
APK textual entries	domain	54e8a3bf-4941-4a10-95e8-425c71a5aa54.ma
APK textual entries	domain	54e8a3bf-4941-4a10-95e8-425c71a5aa54.manifest
APK textual entries	domain	54f08550-e62f-40d2-9fca-d139e100fb18.json
APK textual entries	domain	55084c9a-a185-4537-a944-d49b47006b59.json
APK textual entries	domain	553d50eb-1fb4-4ad7-a0ec-a6de68c82039.json
APK textual entries	domain	554f9a8f-4163-4630-8c73-0c9b8fe80a66.json
APK textual entries	domain	5570e10e-1b79-4270-864b-68f347eda729.json
APK textual entries	domain	55b17491-35f6-4252-926f-1adc34c8bad2.json
APK textual entries	domain	55b7baee-fba7-4104-b330-d7d5483cd18e.json
APK textual entries	domain	55d33485-4167-4697-9d69-b7ba10bba40d.json
APK textual entries	domain	55e1968d-5cbe-4a29-94b5-cc15ced3937a.json
APK textual entries	domain	55fe8c77-d469-4f61-a535-93986f10f601.json
APK textual entries	domain	566ac4bc-5acf-40ff-a9f9-1bde9dd4a553.json
APK textual entries	domain	567dcd80-8bf4-4535-8a5a-313f1caf078a.json
APK textual entries	domain	567dcd80-8bf4-4535-8a5a-313f1caf078a.pn
APK textual entries	domain	567dcd80-8bf4-4535-8a5a-313f1caf078a.png
APK textual entries	domain	56917ea7-50c6-423f-a55b-fb41d5398530.json
APK textual entries	domain	56a27f4e-52e0-429b-a6ef-8d02b51842b1.json
APK textual entries	domain	57454a56-f290-4f5f-a1cf-325935bd9e3f.json
APK textual entries	domain	57454a56-f290-4f5f-a1cf-325935bd9e3f.ma
APK textual entries	domain	57454a56-f290-4f5f-a1cf-325935bd9e3f.manifest
APK textual entries	domain	574d8e0d-b239-4a96-8e79-d8ded4b20bc4.json
APK textual entries	domain	57563cda-780a-4acf-aa83-1f4fd9c30a96.json
APK textual entries	domain	57563cda-780a-4acf-aa83-1f4fd9c30a96.pn
APK textual entries	domain	57563cda-780a-4acf-aa83-1f4fd9c30a96.png
APK textual entries	domain	57666c1d-bcc9-465e-bd90-129bcccd42ba.json
APK textual entries	domain	579b1d97-849f-41c1-97f5-5984ead2a6ca.json
APK textual entries	domain	57a25e79-72ea-46df-b870-a8c834fb7c7d.json
APK textual entries	domain	57a25e79-72ea-46df-b870-a8c834fb7c7d.ma
APK textual entries	domain	57a25e79-72ea-46df-b870-a8c834fb7c7d.manifest
APK textual entries	domain	57c0fb2c-54ee-455c-b6c0-ea26fb056578.json
APK textual entries	domain	57c0fb2c-54ee-455c-b6c0-ea26fb056578.pn
APK textual entries	domain	57c0fb2c-54ee-455c-b6c0-ea26fb056578.png
APK textual entries	domain	57d19116-29d3-4476-b746-5d5ad43a216c.json
APK textual entries	domain	57fce1a7-2151-4ec5-ae9e-c7a5c1168100.json
APK textual entries	domain	57fce1a7-2151-4ec5-ae9e-c7a5c1168100.pn
APK textual entries	domain	57fce1a7-2151-4ec5-ae9e-c7a5c1168100.png
APK textual entries	domain	580ed5da-d1f0-4e38-be9c-27786939c46a.json
APK textual entries	domain	580ed5da-d1f0-4e38-be9c-27786939c46a.ma
APK textual entries	domain	580ed5da-d1f0-4e38-be9c-27786939c46a.manifest
APK textual entries	domain	58137d44-4364-499c-a088-9f31df93ad4f.json
APK textual entries	domain	5814bc6c-30c2-4700-b38d-47c67eb68005.json
APK textual entries	domain	58c8d359-c132-41bc-8123-3121448277aa.at
APK textual entries	domain	58c8d359-c132-41bc-8123-3121448277aa.atlas
APK textual entries	domain	58c8d359-c132-41bc-8123-3121448277aa.json
APK textual entries	domain	591b8c2f-927b-4f3f-ade7-5e592c737fa7.json
APK textual entries	domain	592ef295-f7cd-4b1e-9933-ed3b52f24f69.json
APK textual entries	domain	59ad4502-480c-4182-884f-0132ac2df366.json
APK textual entries	domain	59bcda78-891b-45ec-80a9-4d7869ee3b79.json
APK textual entries	domain	59da073f-8325-4281-b96a-467ecf7842a5.json
APK textual entries	domain	59e5e8e4-4259-4580-99d7-1dca9a4baa0a.json
APK textual entries	domain	5a26085e-62a9-4f33-8bdf-413ca1bb4e14.json
APK textual entries	domain	5a26085e-62a9-4f33-8bdf-413ca1bb4e14.ma
APK textual entries	domain	5a26085e-62a9-4f33-8bdf-413ca1bb4e14.manifest
APK textual entries	domain	5a32396b-fd0e-421d-8949-87d2fcaa0bf8.json
APK textual entries	domain	5a5fda75-a532-40c4-9ffc-2f7d26596c84.json
APK textual entries	domain	5a5fda75-a532-40c4-9ffc-2f7d26596c84.ma
APK textual entries	domain	5a5fda75-a532-40c4-9ffc-2f7d26596c84.manifest
APK textual entries	domain	5a90d4ff-b726-4d02-938a-a9c6d391fb39.json
APK textual entries	domain	5b028f3e-f925-4650-9936-1e89cf7dd6a2.json
APK textual entries	domain	5b2c6d7e-eed9-44f0-9d90-fac4eb445101.json
APK textual entries	domain	5b2c6d7e-eed9-44f0-9d90-fac4eb445101.mp
APK textual entries	domain	5b6f51bd-6a55-426a-9c4f-1e589b20e210.json
APK textual entries	domain	5b7a8ec5-711a-4d40-8180-2e2f12ea58fd.json
APK textual entries	domain	5ba67114-af07-4c3d-82f8-1fcfafdb1aa4.json
APK textual entries	domain	5ba67114-af07-4c3d-82f8-1fcfafdb1aa4.mp
APK textual entries	domain	5bb279fe-c5d7-41f8-a1e3-08dc3185ab16.at
APK textual entries	domain	5bb279fe-c5d7-41f8-a1e3-08dc3185ab16.atlas
APK textual entries	domain	5bb279fe-c5d7-41f8-a1e3-08dc3185ab16.json
APK textual entries	domain	5be3ce06-5f6e-4046-9b54-6ae2748653f2.json
APK textual entries	domain	5c.png
APK textual entries	domain	5c1d0ce8-d60e-4a18-bab6-f931c24414ee.json
APK textual entries	domain	5c2b8b6e-b5be-4d8b-9e21-5f3441f33496.json
APK textual entries	domain	5c3bb932-6c3c-468f-88a9-c8c61d458641.json
APK textual entries	domain	5c7fa4ee-3373-4f65-99af-b1ff82aae31e.json
APK textual entries	domain	5c7fa4ee-3373-4f65-99af-b1ff82aae31e.pn
APK textual entries	domain	5c7fa4ee-3373-4f65-99af-b1ff82aae31e.png
APK textual entries	domain	5c951800-3877-4df8-96d1-e1ec7db9f46d.json
APK textual entries	domain	5c9e8c5b-1154-4988-bb1d-7185035290c4.json
APK textual entries	domain	5cc0357c-5c54-4861-97d7-d93620f20db7.json
APK textual entries	domain	5ccb5faf-0f18-4de6-bab3-50f2896c385d.json
APK textual entries	domain	5ccca336-2121-4b3e-bee8-324d87a6f091.json
APK textual entries	domain	5ccca336-2121-4b3e-bee8-324d87a6f091.pn
APK textual entries	domain	5ccca336-2121-4b3e-bee8-324d87a6f091.png
APK textual entries	domain	5ce7825b-16d3-4d16-b7b8-f53344b64e04.at
APK textual entries	domain	5ce7825b-16d3-4d16-b7b8-f53344b64e04.atlas
APK textual entries	domain	5ce7825b-16d3-4d16-b7b8-f53344b64e04.json
APK textual entries	domain	5d3258de-0e1f-46a1-82b7-b01753e0403c.json
APK textual entries	domain	5d4b0c7f-8d6e-412e-849d-2336be3425ff.json
APK textual entries	domain	5d5de766-104a-4607-8e7d-25229adc6117.json
APK textual entries	domain	5d76c37e-28e8-4f6f-98d1-7ca19a420a8e.json
APK textual entries	domain	5d9b8e0c-3c7d-4904-9c99-3cc37f4ec99e.json
APK textual entries	domain	5d9c627f-a041-4179-9897-f1e5df8b1820.json
APK textual entries	domain	5dab0d81-a48e-47f0-8f2f-7d396ab2554e.json
APK textual entries	domain	5dd1ecd7-648a-44fa-a1ef-d794a868e652.json
APK textual entries	domain	5e110549-e287-4182-bcdc-804898bd2f99.json
APK textual entries	domain	5e110549-e287-4182-bcdc-804898bd2f99.pn
APK textual entries	domain	5e110549-e287-4182-bcdc-804898bd2f99.png
APK textual entries	domain	5e1544ca-693a-4dea-881b-a8d2efe24ff6.json
APK textual entries	domain	5e3307e2-511c-4d1a-906c-b6faf1170498.json
APK textual entries	domain	5e3307e2-511c-4d1a-906c-b6faf1170498.ma
APK textual entries	domain	5e3307e2-511c-4d1a-906c-b6faf1170498.manifest
APK textual entries	domain	5e52572c-ecca-4abc-ab54-12d82c00df7f.json
APK textual entries	domain	5e7a85c2-b414-485d-8af9-a4c405a3aa27.json
APK textual entries	domain	5e7f8d01-3092-4e19-b3f3-cd7ae8030b65.json
APK textual entries	domain	5ea744c5-ebb8-41cb-a716-06ec24cc72db.json
APK textual entries	domain	5eb2e997-11d0-4016-a2f7-40b4d29d3a41.json
APK textual entries	domain	5eb2e997-11d0-4016-a2f7-40b4d29d3a41.ma
APK textual entries	domain	5eb2e997-11d0-4016-a2f7-40b4d29d3a41.manifest
APK textual entries	domain	5eec1634-3ec5-407f-8778-7c13718af531.json
APK textual entries	domain	5f5a4b36-04e0-4829-b179-7af0ae8ff87a.json
APK textual entries	domain	5fb09408-952a-4d2c-98f2-c0b3328e55d5.json
APK textual entries	domain	5fe5dcaa-b513-4dc5-a166-573627b3a159.json
APK textual entries	domain	5ff9e59c-80ca-417e-9a8e-4d34582a6c88.json
APK textual entries	domain	600301aa-3357-4a10-b086-84f011fa32ba.json
APK textual entries	domain	600301aa-3357-4a10-b086-84f011fa32ba.pn
APK textual entries	domain	600301aa-3357-4a10-b086-84f011fa32ba.png
APK textual entries	domain	6089e8ff-9a1d-4f9d-bade-d737baa01a64.json
APK textual entries	domain	61090960-122b-4773-9b4b-401ea4fb523b.json
APK textual entries	domain	61334a3d-88e8-4dd3-900c-2843d4cd7871.json
APK textual entries	domain	61334a3d-88e8-4dd3-900c-2843d4cd7871.ma
APK textual entries	domain	61334a3d-88e8-4dd3-900c-2843d4cd7871.manifest
APK textual entries	domain	617323dd-11f4-4dd3-8eec-0caf6b3b45b9.json
APK textual entries	domain	617323dd-11f4-4dd3-8eec-0caf6b3b45b9.pn
APK textual entries	domain	617323dd-11f4-4dd3-8eec-0caf6b3b45b9.png
APK textual entries	domain	61e61a98-1daf-4b58-a059-28c19495f119.json
APK textual entries	domain	62689c19-ccfa-4711-90f3-29456bad4c04.json
APK textual entries	domain	626eb18e-c6a5-48ac-a682-e629bc6537bb.json
APK textual entries	domain	626eb18e-c6a5-48ac-a682-e629bc6537bb.pn
APK textual entries	domain	626eb18e-c6a5-48ac-a682-e629bc6537bb.png
APK textual entries	domain	627a529c-5954-4a93-bd0c-286832080ab9.json
APK textual entries	domain	628d58ad-1770-47c8-b23e-555e1a850e14.json
APK textual entries	domain	628d58ad-1770-47c8-b23e-555e1a850e14.ma
APK textual entries	domain	628d58ad-1770-47c8-b23e-555e1a850e14.manifest
APK textual entries	domain	62c3c14b-751f-48ed-aa71-3ce1c9c743a3.json
APK textual entries	domain	62d471a5-1320-4a57-806a-d0237e7f84d6.json
APK textual entries	domain	62d471a5-1320-4a57-806a-d0237e7f84d6.pn
APK textual entries	domain	62d471a5-1320-4a57-806a-d0237e7f84d6.png
APK textual entries	domain	62ee5be5-2415-4cd2-819a-fc49a198a7f6.json
APK textual entries	domain	632a58d1-7a8c-4a00-9977-e19dd00dcac3.json
APK textual entries	domain	6341f789-0c23-44e7-b812-4619daabaf00.json
APK textual entries	domain	637c7230-9012-4ec1-89e4-8f4f41082f07.json
APK textual entries	domain	637c7230-9012-4ec1-89e4-8f4f41082f07.ma
APK textual entries	domain	637c7230-9012-4ec1-89e4-8f4f41082f07.manifest
APK textual entries	domain	63d5d870-ca46-40b8-8155-1221efd399c0.at
APK textual entries	domain	63d5d870-ca46-40b8-8155-1221efd399c0.atlas
APK textual entries	domain	63d5d870-ca46-40b8-8155-1221efd399c0.json
APK textual entries	domain	64241f9c-066d-4906-87f4-e99fb60afdf6.json
APK textual entries	domain	64249ffa-5032-455c-bc96-126739ab9776.json
APK textual entries	domain	643d0e4e-cbe9-4683-a076-db92ec3df6ea.json
APK textual entries	domain	6449a4c3-437a-4112-aa33-3af54c37fdc7.json
APK textual entries	domain	64563743-a04a-4471-b800-0cb0a167105d.json
APK textual entries	domain	648a1be1-29db-4f7a-9734-3059fffda013.json
APK textual entries	domain	648a1be1-29db-4f7a-9734-3059fffda013.pn
APK textual entries	domain	648a1be1-29db-4f7a-9734-3059fffda013.png
APK textual entries	domain	648ea9b2-5a19-4c77-9442-0f1ad5ca75d7.json
APK textual entries	domain	64cf9ed9-01d6-481e-9ef8-49f1277dc4a8.json
APK textual entries	domain	64cf9ed9-01d6-481e-9ef8-49f1277dc4a8.ma
APK textual entries	domain	64cf9ed9-01d6-481e-9ef8-49f1277dc4a8.manifest
APK textual entries	domain	650484dc-8cb7-463d-8dc3-684e58b8aaeb.json
APK textual entries	domain	653484aa-9670-4d91-848b-333b455f7f36.json
APK textual entries	domain	654c283a-6584-4f13-915e-234c23978912.json
APK textual entries	domain	654c283a-6584-4f13-915e-234c23978912.pn
APK textual entries	domain	654c283a-6584-4f13-915e-234c23978912.png
APK textual entries	domain	65bb4970-4669-40fb-86f0-dfada296515b.json
APK textual entries	domain	65d6195c-7ce1-430c-8bbe-076bac047627.json
APK textual entries	domain	65ef0d7d-0444-4e2f-ac7c-babacf468389.json
APK textual entries	domain	6603bd0f-6ce2-4a62-b993-ab545f3ed9d6.json
APK textual entries	domain	66666014-a937-4a60-87b0-b81673c6c2d7.json
APK textual entries	domain	666bb002-cdc3-41c4-beb9-91f05efdd64e.json
APK textual entries	domain	666bb002-cdc3-41c4-beb9-91f05efdd64e.pn
APK textual entries	domain	666bb002-cdc3-41c4-beb9-91f05efdd64e.png
APK textual entries	domain	66ba4077-7885-4494-8621-ddc0c91f683e.json
APK textual entries	domain	66c47899-5e14-42eb-a8a5-a0a311cf1273.json
APK textual entries	domain	66c47899-5e14-42eb-a8a5-a0a311cf1273.ma
APK textual entries	domain	66c47899-5e14-42eb-a8a5-a0a311cf1273.manifest
APK textual entries	domain	6711dc55-9875-4c36-be7b-1ad5e88445f6.json
APK textual entries	domain	67151895-65d6-49d9-a335-768858830a5b.json
APK textual entries	domain	67694184-dda0-4906-81fe-0ec335e10652.json
APK textual entries	domain	67e68bc9-dad5-4ad9-a2d8-7e03d458e32f.json
APK textual entries	domain	67f4d108-cc06-423b-b624-5e040c76e9d6.json
APK textual entries	domain	6818dfc8-59cc-4425-a034-1f1609437553.json
APK textual entries	domain	68594029-3651-4a36-89b7-2d4fd34a7e6d.json
APK textual entries	domain	685abee5-3548-4e7d-91b8-d108d41d68a5.json
APK textual entries	domain	6865b2bf-8673-4eb3-99c3-9d4ff1adb2ff.json
APK textual entries	domain	6865b2bf-8673-4eb3-99c3-9d4ff1adb2ff.pn
APK textual entries	domain	6865b2bf-8673-4eb3-99c3-9d4ff1adb2ff.png
APK textual entries	domain	68838e96-3b7b-4b3f-a6a2-f9c42142ea0b.json
APK textual entries	domain	690153fd-aa18-4c40-b277-e0c3dcf39e53.at
APK textual entries	domain	690153fd-aa18-4c40-b277-e0c3dcf39e53.atlas
APK textual entries	domain	690153fd-aa18-4c40-b277-e0c3dcf39e53.json
APK textual entries	domain	69159147-44f3-448d-b2e8-4f4e2a3f3283.json
APK textual entries	domain	6924c498-cf3d-4dac-bdd6-38828fd7b43c.json
APK textual entries	domain	6924c498-cf3d-4dac-bdd6-38828fd7b43c.mp
APK textual entries	domain	693d4799-253e-4bc2-b629-7a477840c071.json
APK textual entries	domain	699bae3f-5f89-41d9-b582-d19885aeb6e2.json
APK textual entries	domain	69be6c64-c47e-4338-99b5-e9d6e60ad1f0.json
APK textual entries	domain	69c6a9a6-cd41-410e-ac82-fc27371f5c1f.json
APK textual entries	domain	6a2f5bd5-c0c2-44b0-adc1-7b7a9dbb0bb8.json
APK textual entries	domain	6a42c197-af84-44d5-aa31-3cb600db8b67.json
APK textual entries	domain	6a4ccc1d-961b-44e9-a31a-374163f5578c.json
APK textual entries	domain	6a4ef254-8545-4675-a9ed-7960f52ee6a5.json
APK textual entries	domain	6a6a522c-8bca-43d1-a199-30ca787e22aa.json
APK textual entries	domain	6a7fde73-47bf-420a-a04b-745afaf0fbf1.json
APK textual entries	domain	6aaad9e4-e523-4304-bf8f-d5d4a13c5143.json
APK textual entries	domain	6aafc8c5-d119-4c2e-8346-e9e23a4d3a83.at
APK textual entries	domain	6aafc8c5-d119-4c2e-8346-e9e23a4d3a83.atlas
APK textual entries	domain	6aafc8c5-d119-4c2e-8346-e9e23a4d3a83.json
APK textual entries	domain	6ac7eb41-982f-44a3-858a-bd70eb9ce9a5.json
APK textual entries	domain	6b38390f-9b39-4bab-bc6f-fe2d38bbc119.json
APK textual entries	domain	6b409659-0ea5-42bc-bff3-ff827ecf4f75.json
APK textual entries	domain	6b409659-0ea5-42bc-bff3-ff827ecf4f75.pn
APK textual entries	domain	6b409659-0ea5-42bc-bff3-ff827ecf4f75.png
APK textual entries	domain	6b4560b9-ea56-4094-a7b8-30370fc2caf2.json
APK textual entries	domain	6b4560b9-ea56-4094-a7b8-30370fc2caf2.pn
APK textual entries	domain	6b4560b9-ea56-4094-a7b8-30370fc2caf2.png
APK textual entries	domain	6b9e67a6-d858-46b8-bc02-d7161df497a5.json
APK textual entries	domain	6c45343b-bed3-43a3-b307-75eb9b199b88.json
APK textual entries	domain	6c923ec8-7b5c-4ba5-96b8-85b97ae8070d.json
APK textual entries	domain	6cd4ed0e-45cc-4769-8d90-86f9c3e2f0df.json
APK textual entries	domain	6com.google.firebase.messaging.FirebaseMessagingService
APK textual entries	domain	6d91e591-4ce0-465c-809f-610ec95019c6.json
APK textual entries	domain	6dd7c8b2-286f-4fc8-aede-cf70435e9c1b.json
APK textual entries	domain	6df35e4e-1e94-4c6a-9c3d-5b94455ad568.json
APK textual entries	domain	6df35e4e-1e94-4c6a-9c3d-5b94455ad568.pn
APK textual entries	domain	6df35e4e-1e94-4c6a-9c3d-5b94455ad568.png
APK textual entries	domain	6e056173-d285-473c-b206-40a7fff5386e.json
APK textual entries	domain	6e056173-d285-473c-b206-40a7fff5386e.pn
APK textual entries	domain	6e056173-d285-473c-b206-40a7fff5386e.png
APK textual entries	domain	6e22e2b4-2fbe-43a4-a829-da409daa82d9.json
APK textual entries	domain	6e279bb6-b02e-4706-aa04-a0b36d63a1f7.json
APK textual entries	domain	6e959e52-746b-4422-acc4-96196fad05fa.json
APK textual entries	domain	6e959e52-746b-4422-acc4-96196fad05fa.ma
APK textual entries	domain	6e959e52-746b-4422-acc4-96196fad05fa.manifest
APK textual entries	domain	6ec1b24a-b8dd-428a-bcdb-52aff5ee9a25.json
APK textual entries	domain	6ed706b9-ccad-4a08-94da-310d9b009ca6.json
APK textual entries	domain	6f0cb951-fb01-461a-b013-9c7089a539b2.json
APK textual entries	domain	6f3455fe-0d7f-462c-b662-2b9c5bf04b01.json
APK textual entries	domain	6f358713-5583-4416-82c6-3eef78b75413.json
APK textual entries	domain	6f47b7fa-bd8a-4922-b93f-972ab5366103.json
APK textual entries	domain	6f4a86b4-4d37-4b2e-a435-fb974a54b5ca.json
APK textual entries	domain	6f4a86b4-4d37-4b2e-a435-fb974a54b5ca.pn
APK textual entries	domain	6f4a86b4-4d37-4b2e-a435-fb974a54b5ca.png
APK textual entries	domain	6f5e12da-be34-4edf-9754-7384024a2203.json
APK textual entries	domain	6f60affa-e7e7-411c-a902-2bb7de081278.json
APK textual entries	domain	6f801092-0c37-4f30-89ef-c8d960825b36.json
APK textual entries	domain	6f8b26d3-2773-4551-9baa-4878493d864a.json
APK textual entries	domain	6f8b26d3-2773-4551-9baa-4878493d864a.ma
APK textual entries	domain	6f8b26d3-2773-4551-9baa-4878493d864a.manifest
APK textual entries	domain	6f8b923f-7826-4d34-b84e-e59cd6ffdc1c.json
APK textual entries	domain	6f8b923f-7826-4d34-b84e-e59cd6ffdc1c.pn
APK textual entries	domain	6f8b923f-7826-4d34-b84e-e59cd6ffdc1c.png
APK textual entries	domain	6f96ad26-4c8a-4835-be8e-83ea7a930130.json
APK textual entries	domain	6f96ad26-4c8a-4835-be8e-83ea7a930130.pn
APK textual entries	domain	6f96ad26-4c8a-4835-be8e-83ea7a930130.png
APK textual entries	domain	6fa22766-cfe3-457c-b820-ba6581001ec1.json
APK textual entries	domain	6fa22766-cfe3-457c-b820-ba6581001ec1.mp
APK textual entries	domain	6feea0b8-905e-463a-b2fc-d03a708d975f.json
APK textual entries	domain	6feea0b8-905e-463a-b2fc-d03a708d975f.ma
APK textual entries	domain	6feea0b8-905e-463a-b2fc-d03a708d975f.manifest
APK textual entries	domain	70014c5c-624f-4bd8-a0d2-18ba84ae121f.json
APK textual entries	domain	702efd35-df4e-4505-941c-5a8a5f36946b.json
APK textual entries	domain	702efd35-df4e-4505-941c-5a8a5f36946b.ma
APK textual entries	domain	702efd35-df4e-4505-941c-5a8a5f36946b.manifest
APK textual entries	domain	704f6836-c2b8-492a-95c4-1504279a8a60.json
APK textual entries	domain	706dce26-aec7-4772-9fa3-2e375b091243.json
APK textual entries	domain	70ad8aa6-0d5e-44c0-80f8-7ddfc8f1cc80.json
APK textual entries	domain	70ad8aa6-0d5e-44c0-80f8-7ddfc8f1cc80.ma
APK textual entries	domain	70ad8aa6-0d5e-44c0-80f8-7ddfc8f1cc80.manifest
APK textual entries	domain	70eb5788-0637-473d-ae29-ad4f077fbeae.json
APK textual entries	domain	70eb5788-0637-473d-ae29-ad4f077fbeae.pn
APK textual entries	domain	70eb5788-0637-473d-ae29-ad4f077fbeae.png
APK textual entries	domain	70f3e0df-280e-43fe-bf30-79f68f0f6a33.json
APK textual entries	domain	70f3e0df-280e-43fe-bf30-79f68f0f6a33.ma
APK textual entries	domain	70f3e0df-280e-43fe-bf30-79f68f0f6a33.manifest
APK textual entries	domain	70f91277-5a95-44b1-9ecf-71600e58e2ac.json
APK textual entries	domain	70f91277-5a95-44b1-9ecf-71600e58e2ac.ma
APK textual entries	domain	70f91277-5a95-44b1-9ecf-71600e58e2ac.manifest
APK textual entries	domain	7103c315-31dc-41aa-b0e2-10e9be39c77e.json
APK textual entries	domain	712c0b0a-aa07-4b07-a127-bd96ae2df3ec.json
APK textual entries	domain	714e4386-59b7-4140-9401-e9e9ad76bdc6.json
APK textual entries	domain	71561142-4c83-4933-afca-cb7a17f67053.json
APK textual entries	domain	71561142-4c83-4933-afca-cb7a17f67053.pn
APK textual entries	domain	71561142-4c83-4933-afca-cb7a17f67053.png
APK textual entries	domain	71617ff9-4463-46d4-8aad-521df16ea5a2.json
APK textual entries	domain	717c8ee9-977b-4404-9498-bdda115dd0f5.json
APK textual entries	domain	7182c53e-6100-4a01-9e8b-24d1c3450d6f.json
APK textual entries	domain	7182c53e-6100-4a01-9e8b-24d1c3450d6f.ma
APK textual entries	domain	7182c53e-6100-4a01-9e8b-24d1c3450d6f.manifest
APK textual entries	domain	71ba0df8-f44e-44b6-b859-4d2f78b14fee.json
APK textual entries	domain	71ba0df8-f44e-44b6-b859-4d2f78b14fee.pn
APK textual entries	domain	71ba0df8-f44e-44b6-b859-4d2f78b14fee.png
APK textual entries	domain	71c88833-84c6-4a50-9f92-434e782d4e93.json
APK textual entries	domain	71d1cd16-2474-456b-95f4-22fff504a941.json
APK textual entries	domain	7203ae53-c6f6-4262-98f5-468f54e8f499.json
APK textual entries	domain	721a258c-eef7-4a97-8c7c-514cb357c02a.json
APK textual entries	domain	722f633c-2246-4a30-bd8a-fd399e3fb72f.json
APK textual entries	domain	722f633c-2246-4a30-bd8a-fd399e3fb72f.pn
APK textual entries	domain	722f633c-2246-4a30-bd8a-fd399e3fb72f.png
APK textual entries	domain	72601005-0692-40ff-ad3d-1e696ed62650.json
APK textual entries	domain	7275edce-8c9f-4879-9c27-0c4477acf217.json
APK textual entries	domain	72da6bb0-89e8-4495-89c1-f1fdebca55eb.json
APK textual entries	domain	72f99e90-5f78-4daf-90ba-8c27d5e9ace6.json
APK textual entries	domain	730e1bec-48ac-466a-a362-6574c5deaa5c.json
APK textual entries	domain	730e1bec-48ac-466a-a362-6574c5deaa5c.pn
APK textual entries	domain	730e1bec-48ac-466a-a362-6574c5deaa5c.png
APK textual entries	domain	731dbb29-0473-475a-b5b2-3b45c36b713f.json
APK textual entries	domain	731dbb29-0473-475a-b5b2-3b45c36b713f.pn
APK textual entries	domain	731dbb29-0473-475a-b5b2-3b45c36b713f.png
APK textual entries	domain	732004f9-7731-4034-9a5d-bc5707600a02.json
APK textual entries	domain	732004f9-7731-4034-9a5d-bc5707600a02.mp
APK textual entries	domain	73518c6d-138a-4727-ba1d-48715fc457b3.json
APK textual entries	domain	73518c6d-138a-4727-ba1d-48715fc457b3.mp
APK textual entries	domain	7371d562-af83-436e-9f07-bf3af0d2cab3.json
APK textual entries	domain	73a0903d-d80e-4e3c-aa67-f999543c08f5.json
APK textual entries	domain	73a0903d-d80e-4e3c-aa67-f999543c08f5.pn
APK textual entries	domain	73a0903d-d80e-4e3c-aa67-f999543c08f5.png
APK textual entries	domain	73b4d6de-85ac-47e2-ae6a-ef5474b0c899.json
APK textual entries	domain	73b4d6de-85ac-47e2-ae6a-ef5474b0c899.pn
APK textual entries	domain	73b4d6de-85ac-47e2-ae6a-ef5474b0c899.png
APK textual entries	domain	73ea0597-cf24-4080-b928-54626e47c75a.json
APK textual entries	domain	73ea0597-cf24-4080-b928-54626e47c75a.pn
APK textual entries	domain	73ea0597-cf24-4080-b928-54626e47c75a.png
APK textual entries	domain	741731c0-9751-4fea-ad18-d55ca3959911.json
APK textual entries	domain	74531c05-b12a-4e1d-a985-237819f9f4b4.json
APK textual entries	domain	74531c05-b12a-4e1d-a985-237819f9f4b4.mp
APK textual entries	domain	746ddf8a-b42a-4c4b-a06a-54e84735510a.json
APK textual entries	domain	7487e1cc-1594-49d7-bd47-38b444c8794d.json
APK textual entries	domain	749ad4b5-6098-42a1-bbfd-528776860e66.json
APK textual entries	domain	74abc033-9ca6-4bd9-814f-3a1276955599.json
APK textual entries	domain	74ec1f0f-340b-410d-a926-7483f52d0de7.json
APK textual entries	domain	7503657e-d8d3-4aeb-be19-5398f90dacd8.json
APK textual entries	domain	752e6c8e-79d7-4c8d-ac13-b858c30ff60b.json
APK textual entries	domain	752e6c8e-79d7-4c8d-ac13-b858c30ff60b.mp
APK textual entries	domain	753e1d2a-04ae-4b81-831c-7922b087dd5c.json
APK textual entries	domain	754b8944-adf6-4d41-8f10-528e411a5e7f.json
APK textual entries	domain	754b8944-adf6-4d41-8f10-528e411a5e7f.ma
APK textual entries	domain	754b8944-adf6-4d41-8f10-528e411a5e7f.manifest
APK textual entries	domain	75796e5f-da44-4e6d-9761-8b4d2417f9ec.json
APK textual entries	domain	75890fed-9112-4b0c-96dc-1f213b76f192.json
APK textual entries	domain	758edd83-f4f8-432f-8c19-25e39b5902c3.json
APK textual entries	domain	75a7cd8c-a3c2-4432-ba29-0aace5b6a15a.json
APK textual entries	domain	75a80cc2-29dd-4826-b294-8867aea39feb.json
APK textual entries	domain	75b244a5-17fc-4962-b6fd-ce1eea445379.json
APK textual entries	domain	75b3fc69-611d-4065-ac22-e76110dbdf17.json
APK textual entries	domain	7613bb6f-51f3-4b5d-b89a-c06a1efa5ab9.json
APK textual entries	domain	762185ae-726f-4ddc-afa6-fe3f8c073429.json
APK textual entries	domain	762185ae-726f-4ddc-afa6-fe3f8c073429.ma
APK textual entries	domain	762185ae-726f-4ddc-afa6-fe3f8c073429.manifest
APK textual entries	domain	7675c344-e8d6-4103-ad9f-04f4b8c4b4ab.json
APK textual entries	domain	7675c344-e8d6-4103-ad9f-04f4b8c4b4ab.mp
APK textual entries	domain	7676ee29-41c4-4474-95fc-2ef094b12874.json
APK textual entries	domain	76d46e8c-3201-4d48-84cc-19fe679d9f0a.json
APK textual entries	domain	76e34013-d861-4bb2-8dde-f3b504908f21.json
APK textual entries	domain	76e34013-d861-4bb2-8dde-f3b504908f21.ma
APK textual entries	domain	76e34013-d861-4bb2-8dde-f3b504908f21.manifest
APK textual entries	domain	76e73129-5c30-49a6-bd29-3d64042f56fc.json
APK textual entries	domain	77a28044-0d37-4eeb-8c64-7eaae45da18a.json
APK textual entries	domain	77aa2ec2-63bb-4f88-bbd6-a9402c3db5f7.json
APK textual entries	domain	77b3d145-7dd5-4155-a06f-e4357ce7f7d7.json
APK textual entries	domain	7820fc13-c8d1-4d42-84a7-b147730eb2bd.json
APK textual entries	domain	783579c9-c5de-4a64-a68e-95ed9d45d03c.json
APK textual entries	domain	789838ad-e35e-4579-822f-fd41e2cc9a07.json
APK textual entries	domain	789838ad-e35e-4579-822f-fd41e2cc9a07.pn
APK textual entries	domain	789838ad-e35e-4579-822f-fd41e2cc9a07.png
APK textual entries	domain	78b5f9bb-7ef5-463b-bea3-f33b3125e3d7.json
APK textual entries	domain	7912be50-33ba-4089-a9ed-513d75eb18da.json
APK textual entries	domain	79b115cf-4df9-46f4-852e-0b8a2573dc4b.json
APK textual entries	domain	79b115cf-4df9-46f4-852e-0b8a2573dc4b.ma
APK textual entries	domain	79b115cf-4df9-46f4-852e-0b8a2573dc4b.manifest
APK textual entries	domain	79c578dd-5f8c-42c7-b339-092dfed2e9ee.json
APK textual entries	domain	79e0625b-a4d4-44e2-bacd-4170d507a002.json
APK textual entries	domain	79e0625b-a4d4-44e2-bacd-4170d507a002.ma
APK textual entries	domain	79e0625b-a4d4-44e2-bacd-4170d507a002.manifest
APK textual entries	domain	79edc208-fb79-4fd2-8b8c-6ad20d1980da.json
APK textual entries	domain	7R.png
APK textual entries	domain	7a1e7143-10c7-407d-a40f-b62630da8322.json
APK textual entries	domain	7a1e7143-10c7-407d-a40f-b62630da8322.pn
APK textual entries	domain	7a1e7143-10c7-407d-a40f-b62630da8322.png
APK textual entries	domain	7a32619f-24bf-43f8-9b67-58c2ca0020f5.json
APK textual entries	domain	7a32619f-24bf-43f8-9b67-58c2ca0020f5.ma
APK textual entries	domain	7a32619f-24bf-43f8-9b67-58c2ca0020f5.manifest
APK textual entries	domain	7a35d993-ffc4-4602-a3c1-d7781c4d6e25.json
APK textual entries	domain	7a35d993-ffc4-4602-a3c1-d7781c4d6e25.pl
APK textual entries	domain	7a35d993-ffc4-4602-a3c1-d7781c4d6e25.plist
APK textual entries	domain	7a565656-946b-4505-abf5-093a25c09ed9.json
APK textual entries	domain	7a94e381-9776-4d07-af84-b59e8cf3edcf.json
APK textual entries	domain	7a94e381-9776-4d07-af84-b59e8cf3edcf.ma
APK textual entries	domain	7a94e381-9776-4d07-af84-b59e8cf3edcf.manifest
APK textual entries	domain	7ac5fce6-7c08-4f13-a4da-f162585ede04.json
APK textual entries	domain	7ad5a6f8-d605-4ed3-9f75-21ac4afee16f.json
APK textual entries	domain	7ad5a6f8-d605-4ed3-9f75-21ac4afee16f.ma
APK textual entries	domain	7ad5a6f8-d605-4ed3-9f75-21ac4afee16f.manifest
APK textual entries	domain	7afc008f-47ee-4b0d-a4d9-ed66981a9183.json
APK textual entries	domain	7afd064b-113f-480e-b793-8817d19f63c3.json
APK textual entries	domain	7b0f368d-07a4-4db4-abd2-558522c29409.at
APK textual entries	domain	7b0f368d-07a4-4db4-abd2-558522c29409.atlas
APK textual entries	domain	7b0f368d-07a4-4db4-abd2-558522c29409.json
APK textual entries	domain	7b2d49b3-db70-4c86-8619-1426c13f2cce.json
APK textual entries	domain	7b2d49b3-db70-4c86-8619-1426c13f2cce.pn
APK textual entries	domain	7b2d49b3-db70-4c86-8619-1426c13f2cce.png
APK textual entries	domain	7bc6c4b9-5be0-4d7e-a1e1-241b42b78e3f.json
APK textual entries	domain	7bd1fa47-eb2b-4100-a0ce-ec5bdfe8e127.at
APK textual entries	domain	7bd1fa47-eb2b-4100-a0ce-ec5bdfe8e127.atlas
APK textual entries	domain	7bd1fa47-eb2b-4100-a0ce-ec5bdfe8e127.json
APK textual entries	domain	7be8e857-ef0b-471f-a9bc-1ccf670efef0.json
APK textual entries	domain	7be8e857-ef0b-471f-a9bc-1ccf670efef0.mp
APK textual entries	domain	7bed5dd0-5eb7-4f0b-8d21-1f6ddd79b767.json
APK textual entries	domain	7bed5dd0-5eb7-4f0b-8d21-1f6ddd79b767.pn
APK textual entries	domain	7bed5dd0-5eb7-4f0b-8d21-1f6ddd79b767.png
APK textual entries	domain	7c3518e0-39c0-4e7d-bc97-d7b85d9e21b2.json
APK textual entries	domain	7c4409a2-da86-4096-a25e-2528eb23783a.json
APK textual entries	domain	7c54c32b-ee82-4bde-92b6-7fec0615a6db.json
APK textual entries	domain	7c54c32b-ee82-4bde-92b6-7fec0615a6db.ma
APK textual entries	domain	7c54c32b-ee82-4bde-92b6-7fec0615a6db.manifest
APK textual entries	domain	7c700ca2-9b40-460c-b106-275f6f5d0abb.json
APK textual entries	domain	7cb01a8e-3871-4c5e-80ca-a3a0059a353c.json
APK textual entries	domain	7ccc454e-e1a0-42af-8966-4807034c9631.json
APK textual entries	domain	7ce0a00a-1b63-4f44-873b-450d11b83327.json
APK textual entries	domain	7ce0a00a-1b63-4f44-873b-450d11b83327.ma
APK textual entries	domain	7ce0a00a-1b63-4f44-873b-450d11b83327.manifest
APK textual entries	domain	7com.google.firebase.messaging
APK textual entries	domain	7d090bf2-0f9b-4c04-8bbe-79f10cc54bfc.json
APK textual entries	domain	7d246d62-a8bd-4923-9be7-3409ed914235.json
APK textual entries	domain	7d2d798e-b31b-45c3-ac01-ecab0b28eb64.json
APK textual entries	domain	7d36e207-0678-4229-bb8f-5e0befa27582.json
APK textual entries	domain	7d36e207-0678-4229-bb8f-5e0befa27582.ma
APK textual entries	domain	7d36e207-0678-4229-bb8f-5e0befa27582.manifest
APK textual entries	domain	7d405e13-1e38-4eb1-93b3-ffdc78a3ca49.json
APK textual entries	domain	7d5495a0-26aa-4858-a9db-37507aff7ba4.json
APK textual entries	domain	7d5790da-37af-4780-8bb8-3760949896b0.json
APK textual entries	domain	7d75fbc6-77f6-40da-b415-89ca0acdf574.json
APK textual entries	domain	7d75fbc6-77f6-40da-b415-89ca0acdf574.pn
APK textual entries	domain	7d75fbc6-77f6-40da-b415-89ca0acdf574.png
APK textual entries	domain	7d7b0e9c-1c97-45a7-a48b-f7475575571d.json
APK textual entries	domain	7d7b0e9c-1c97-45a7-a48b-f7475575571d.pn
APK textual entries	domain	7d7b0e9c-1c97-45a7-a48b-f7475575571d.png
APK textual entries	domain	7d971dc8-b2f6-4755-9d06-770e14a47598.json
APK textual entries	domain	7dc3b32e-392f-4915-89da-2ce9d02560a8.json
APK textual entries	domain	7dc3b32e-392f-4915-89da-2ce9d02560a8.pn
APK textual entries	domain	7dc3b32e-392f-4915-89da-2ce9d02560a8.png
APK textual entries	domain	7ddd40b3-60c6-402c-a26d-2b64d3868723.json
APK textual entries	domain	7def0f1d-ae15-4dc3-ad4e-c510ec35e3fe.json
APK textual entries	domain	7dfcc304-ee31-4a99-8e68-43d14e96c700.json
APK textual entries	domain	7dfcc304-ee31-4a99-8e68-43d14e96c700.pn
APK textual entries	domain	7dfcc304-ee31-4a99-8e68-43d14e96c700.png
APK textual entries	domain	7e4325f8-b16f-43ec-b565-8a65b3ad4ae8.json
APK textual entries	domain	7e52db12-d208-442a-97b4-05cef7c1a693.json
APK textual entries	domain	7e52db12-d208-442a-97b4-05cef7c1a693.pn
APK textual entries	domain	7e52db12-d208-442a-97b4-05cef7c1a693.png
APK textual entries	domain	7e62b4c5-d26c-4b35-ae11-6ad75435a820.json
APK textual entries	domain	7e6e33fc-19bd-4bdd-856d-2c7504a09687.json
APK textual entries	domain	7e729cdb-9f65-423f-b107-4b4ab437317a.json
APK textual entries	domain	7e729cdb-9f65-423f-b107-4b4ab437317a.pn
APK textual entries	domain	7e729cdb-9f65-423f-b107-4b4ab437317a.png
APK textual entries	domain	7f08fe95-4ce5-4c46-85f8-21a82ec1b2ef.json
APK textual entries	domain	7f1024bb-3513-434a-92a8-ef03f7f75dc2.json
APK textual entries	domain	7f1024bb-3513-434a-92a8-ef03f7f75dc2.pn
APK textual entries	domain	7f1024bb-3513-434a-92a8-ef03f7f75dc2.png
APK textual entries	domain	7f2c95bf-9f60-4c5b-b1d4-eda4fe09b601.json
APK textual entries	domain	7f4a9700-f1e6-49a7-b7c4-b6b4342fadaf.json
APK textual entries	domain	7f8381b6-7fa5-4945-b9c1-92adfc99fde2.json
APK textual entries	domain	7f994c2a-df95-463d-9f44-2e1c9a911b3b.json
APK textual entries	domain	8.How
APK textual entries	domain	801460e6-6d30-4230-aae3-76838973803c.json
APK textual entries	domain	8015a6cb-8e65-4602-b4f3-732e96a518c4.json
APK textual entries	domain	80789f59-6eba-49e1-bdff-aab74d73201e.json
APK textual entries	domain	807efad5-4ea7-4163-b35f-e3d00b768906.json
APK textual entries	domain	809f9773-b8b0-409f-8f39-be17bc13dc8a.json
APK textual entries	domain	809f9773-b8b0-409f-8f39-be17bc13dc8a.ma
APK textual entries	domain	809f9773-b8b0-409f-8f39-be17bc13dc8a.manifest
APK textual entries	domain	80b2903b-e125-410c-a3c9-d7e9df45b45f.json
APK textual entries	domain	81195eb1-ce3e-4795-b51e-829026bb4729.json
APK textual entries	domain	81a38cab-bcae-41fe-afbe-c2504ad21721.json
APK textual entries	domain	81bf9fee-9bf5-44b7-b84f-061fa7efe233.json
APK textual entries	domain	81ce7059-a7bb-4be9-9f15-ef0ecbc2de7d.json
APK textual entries	domain	821cbf1f-5892-43d2-8c14-eb22811bcf47.json
APK textual entries	domain	821cbf1f-5892-43d2-8c14-eb22811bcf47.mp
APK textual entries	domain	822ed93b-78b0-4574-99a7-1bdb4c62f2ff.json
APK textual entries	domain	822ed93b-78b0-4574-99a7-1bdb4c62f2ff.ma
APK textual entries	domain	822ed93b-78b0-4574-99a7-1bdb4c62f2ff.manifest
APK textual entries	domain	823f3771-e079-44f1-83c7-9c6deba04e64.json
APK textual entries	domain	82574817-7a4f-4fb2-b4e8-c2754e1a25c1.json
APK textual entries	domain	82574817-7a4f-4fb2-b4e8-c2754e1a25c1.pn
APK textual entries	domain	82574817-7a4f-4fb2-b4e8-c2754e1a25c1.png
APK textual entries	domain	828cee74-abc9-48f9-90d3-f4e68d92a1c5.json
APK textual entries	domain	829a282c-b049-4019-bd38-5ace8d8a6417.json
APK textual entries	domain	82d4590c-c563-4344-8ae6-c767fed3b511.json
APK textual entries	domain	82e63da1-b024-4ee9-bf4b-532cdfb43fd8.json
APK textual entries	domain	82f89f02-c5c9-466d-98a1-2c8e9177e4b9.json
APK textual entries	domain	82fb8bf4-de2d-4da2-86e9-a7c32cd3068c.json
APK textual entries	domain	83380dfc-a208-4667-af97-3382d937838d.json
APK textual entries	domain	83380dfc-a208-4667-af97-3382d937838d.ma
APK textual entries	domain	83380dfc-a208-4667-af97-3382d937838d.manifest
APK textual entries	domain	83410d64-b184-433b-92a4-da1804c7cb80.json
APK textual entries	domain	83410d64-b184-433b-92a4-da1804c7cb80.pn
APK textual entries	domain	83410d64-b184-433b-92a4-da1804c7cb80.png
APK textual entries	domain	83a10b4f-498a-43ec-91a7-f5a78503a5c4.json
APK textual entries	domain	83d327af-d0c1-439f-ae17-f97e63f8e55b.json
APK textual entries	domain	83d327af-d0c1-439f-ae17-f97e63f8e55b.ma
APK textual entries	domain	83d327af-d0c1-439f-ae17-f97e63f8e55b.manifest
APK textual entries	domain	83f0fb9a-69a2-4210-86f5-f6cbba19a5b9.json
APK textual entries	domain	83f0fb9a-69a2-4210-86f5-f6cbba19a5b9.pn
APK textual entries	domain	83f0fb9a-69a2-4210-86f5-f6cbba19a5b9.png
APK textual entries	domain	84869634-c4ac-476b-82f2-31986db34547.json
APK textual entries	domain	84869634-c4ac-476b-82f2-31986db34547.pn
APK textual entries	domain	84869634-c4ac-476b-82f2-31986db34547.png
APK textual entries	domain	84c5570d-56fe-4b22-a544-49157ec94792.json
APK textual entries	domain	84c5570d-56fe-4b22-a544-49157ec94792.ma
APK textual entries	domain	84c5570d-56fe-4b22-a544-49157ec94792.manifest
APK textual entries	domain	84e243c5-7f84-4f4f-811a-357f50d4a62c.json
APK textual entries	domain	850ff4a8-4ee3-4276-9a40-dc7109762d24.json
APK textual entries	domain	850ff4a8-4ee3-4276-9a40-dc7109762d24.pn
APK textual entries	domain	850ff4a8-4ee3-4276-9a40-dc7109762d24.png
APK textual entries	domain	853346ae-49d9-4294-b30c-27daef5d309f.json
APK textual entries	domain	85610449-ed2f-443d-8cb6-5896538fdd57.json
APK textual entries	domain	85657699-5790-4caf-8142-9e2d848eb9d9.at
APK textual entries	domain	85657699-5790-4caf-8142-9e2d848eb9d9.atlas
APK textual entries	domain	85657699-5790-4caf-8142-9e2d848eb9d9.json
APK textual entries	domain	8579bbfc-d6f8-4f14-bac7-0773bdae607a.json
APK textual entries	domain	85a8f0a1-9f5d-4acd-a3bd-2fbbdd189ec5.json
APK textual entries	domain	85a8f0a1-9f5d-4acd-a3bd-2fbbdd189ec5.pn
APK textual entries	domain	85a8f0a1-9f5d-4acd-a3bd-2fbbdd189ec5.png
APK textual entries	domain	85cb3283-df0b-4bb7-8215-a25956c33980.json
APK textual entries	domain	85cb3283-df0b-4bb7-8215-a25956c33980.ma
APK textual entries	domain	85cb3283-df0b-4bb7-8215-a25956c33980.manifest
APK textual entries	domain	85d09e31-aa73-457e-bcd5-d94233d133f4.json
APK textual entries	domain	85de80f7-a503-4c2e-b58d-942d234bc251.json
APK textual entries	domain	85de80f7-a503-4c2e-b58d-942d234bc251.pe
APK textual entries	domain	85de80f7-a503-4c2e-b58d-942d234bc251.pem
APK textual entries	domain	86095591-5af7-4184-9527-335f40773578.json
APK textual entries	domain	86095591-5af7-4184-9527-335f40773578.ma
APK textual entries	domain	86095591-5af7-4184-9527-335f40773578.manifest
APK textual entries	domain	86314311-139d-40de-ad0c-94721f20af3c.json
APK textual entries	domain	8663b78e-e211-4a5b-9a4d-b60ae6af8f7c.json
APK textual entries	domain	8663b78e-e211-4a5b-9a4d-b60ae6af8f7c.ma
APK textual entries	domain	8663b78e-e211-4a5b-9a4d-b60ae6af8f7c.manifest
APK textual entries	domain	86981853-47ed-41df-a828-4a08af71569a.json
APK textual entries	domain	86c0c906-bbdb-4ee1-a838-b33935df53ba.json
APK textual entries	domain	86d603f1-9ac1-4fec-89af-f4d5e46c1060.json
APK textual entries	domain	86fa5745-2f1d-434c-b6b6-7867ed920b10.json
APK textual entries	domain	8708e235-7443-445f-9551-bfc0123b8f3f.json
APK textual entries	domain	872256c1-7ddc-4b01-b4d8-4cc27cb6fca7.json
APK textual entries	domain	8734c54e-177e-4d4b-996c-d6f8484d0208.json
APK textual entries	domain	87745573-6a8f-4c0a-a171-138298c24961.json
APK textual entries	domain	877b6a8b-936c-490b-9d43-0987a6ff364f.json
APK textual entries	domain	87a00793-3299-4efe-9f6f-bc9f02922c5e.json
APK textual entries	domain	87a00793-3299-4efe-9f6f-bc9f02922c5e.pn
APK textual entries	domain	87a00793-3299-4efe-9f6f-bc9f02922c5e.png
APK textual entries	domain	87bc35fd-4cfa-4549-9342-eee034e1531b.json
APK textual entries	domain	87bc35fd-4cfa-4549-9342-eee034e1531b.ma
APK textual entries	domain	87bc35fd-4cfa-4549-9342-eee034e1531b.manifest
APK textual entries	domain	87bfdfe1-978e-4b81-8ed4-416fa3bd27cb.json
APK textual entries	domain	881423c3-d030-4688-ad69-d009d255866f.json
APK textual entries	domain	88606820-c937-4873-9741-967057cd381c.json
APK textual entries	domain	889d71d4-8e98-408e-aba1-d792d73525c0.json
APK textual entries	domain	88b605e4-7ae6-4a08-b9ab-2d0c169fe7ea.json
APK textual entries	domain	88c428f1-f77f-41e7-a600-a35cbaae76cd.json
APK textual entries	domain	88e9deba-dffc-4d84-b020-fdb31a87a29c.json
APK textual entries	domain	890acc64-aa92-4b65-b9b8-cc41c42784e7.json
APK textual entries	domain	891c8677-fae3-4a6a-8905-6fa0aa62d0e1.json
APK textual entries	domain	897afcb4-4276-4787-80fe-273a184e1117.json
APK textual entries	domain	89854930-002c-44c7-bf3a-e4efe70d7269.json
APK textual entries	domain	89854930-002c-44c7-bf3a-e4efe70d7269.pn
APK textual entries	domain	89854930-002c-44c7-bf3a-e4efe70d7269.png
APK textual entries	domain	89b375b7-02c5-4b50-85b5-a95e2ffb4250.json
APK textual entries	domain	89b58144-1d13-4a6c-9fcd-6895a2b94312.json
APK textual entries	domain	8G.xml
APK textual entries	domain	8a0effe2-ab17-45c2-bca2-eaafd489b633.json
APK textual entries	domain	8a0effe2-ab17-45c2-bca2-eaafd489b633.ma
APK textual entries	domain	8a0effe2-ab17-45c2-bca2-eaafd489b633.manifest
APK textual entries	domain	8a1a3d4b-24d4-49d9-b4ef-451703941f76.json
APK textual entries	domain	8a1a3d4b-24d4-49d9-b4ef-451703941f76.ma
APK textual entries	domain	8a1a3d4b-24d4-49d9-b4ef-451703941f76.manifest
APK textual entries	domain	8a96b965-2dc0-4e03-aa90-3b79cb93b5b4.json
APK textual entries	domain	8a96b965-2dc0-4e03-aa90-3b79cb93b5b4.pn
APK textual entries	domain	8a96b965-2dc0-4e03-aa90-3b79cb93b5b4.png
APK textual entries	domain	8abbda41-d70a-44d9-a2e8-f65dd11557a0.json
APK textual entries	domain	8ac81666-33af-40c0-a4c3-99a0c2eccc74.json
APK textual entries	domain	8ac81666-33af-40c0-a4c3-99a0c2eccc74.ma
APK textual entries	domain	8ac81666-33af-40c0-a4c3-99a0c2eccc74.manifest
APK textual entries	domain	8adb20da-2ccf-401c-a289-34b1b0e633d4.json
APK textual entries	domain	8adb20da-2ccf-401c-a289-34b1b0e633d4.ma
APK textual entries	domain	8adb20da-2ccf-401c-a289-34b1b0e633d4.manifest
APK textual entries	domain	8ae5652a-608b-4ac3-8b74-f65b32fe59bb.json
APK textual entries	domain	8b4d5c27-d0dc-4255-8bfe-b1d86df06ae7.json
APK textual entries	domain	8b6a8e14-ba3e-48a1-8add-0f77c065abdc.json
APK textual entries	domain	8b77ca8d-f7f6-42c3-8c86-3bcba5fac596.json
APK textual entries	domain	8bbf0b33-6b38-468d-9341-801563280a19.json
APK textual entries	domain	8bbf0b33-6b38-468d-9341-801563280a19.pn
APK textual entries	domain	8bbf0b33-6b38-468d-9341-801563280a19.png
APK textual entries	domain	8bc49ac4-861b-4ad2-80d4-6eaf596c5aec.json
APK textual entries	domain	8bc94280-c8e8-47d5-b498-e6cf6de81cb7.json
APK textual entries	domain	8bd89559-6a3d-4213-9983-e76d00644521.json
APK textual entries	domain	8bd89559-6a3d-4213-9983-e76d00644521.ma
APK textual entries	domain	8bd89559-6a3d-4213-9983-e76d00644521.manifest
APK textual entries	domain	8c215a13-25f9-426b-9204-4d9274bed605.json
APK textual entries	domain	8c31d8bb-449a-49f5-8bd4-88961d118cde.json
APK textual entries	domain	8c31d8bb-449a-49f5-8bd4-88961d118cde.ma
APK textual entries	domain	8c31d8bb-449a-49f5-8bd4-88961d118cde.manifest
APK textual entries	domain	8c7ae5ed-ac6e-4cad-951f-d4708e60fca6.json
APK textual entries	domain	8c7ae5ed-ac6e-4cad-951f-d4708e60fca6.ma
APK textual entries	domain	8c7ae5ed-ac6e-4cad-951f-d4708e60fca6.manifest
APK textual entries	domain	8cdb44ac-a3f6-449f-b354-7cd48cf84061.json
APK textual entries	domain	8cdfd697-cf43-4e18-801c-d19643a07d0e.json
APK textual entries	domain	8ce30af9-bc98-495b-91f8-be6c31a12cfe.json
APK textual entries	domain	8cec98a3-d1b2-4a09-ac11-4fe2e703f8f7.json
APK textual entries	domain	8cec98a3-d1b2-4a09-ac11-4fe2e703f8f7.ma
APK textual entries	domain	8cec98a3-d1b2-4a09-ac11-4fe2e703f8f7.manifest
APK textual entries	domain	8com.google.android.gms.measurement.AppMeasurementService
APK textual entries	domain	8com.google.firebase.components.ComponentDiscoveryService
APK textual entries	domain	8d158c40-b6d1-46bd-bdf6-73c6b326dc01.json
APK textual entries	domain	8d1d951b-9fbe-4545-ba34-365f0e58b861.json
APK textual entries	domain	8d7393a7-6b57-48da-a28d-0bb9cf34477e.json
APK textual entries	domain	8d7393a7-6b57-48da-a28d-0bb9cf34477e.ma
APK textual entries	domain	8d7393a7-6b57-48da-a28d-0bb9cf34477e.manifest
APK textual entries	domain	8d786338-ef01-4a10-bd40-e77085a0b6bc.json
APK textual entries	domain	8d8d5e16-0f8a-40af-b7f0-856a2679da9a.json
APK textual entries	domain	8dd7d176-7282-4e8b-9db6-a5c23037ffb0.json
APK textual entries	domain	8dda3003-f887-4c92-bfe9-22f82f3a97fc.json
APK textual entries	domain	8e135bca-c3ca-4e12-b9b3-8512c70b3f24.json
APK textual entries	domain	8e135bca-c3ca-4e12-b9b3-8512c70b3f24.ma
APK textual entries	domain	8e135bca-c3ca-4e12-b9b3-8512c70b3f24.manifest
APK textual entries	domain	8e20bb6c-3460-4fae-9843-d1769c082a7d.json
APK textual entries	domain	8e21633b-dffa-4bdf-a72d-7a8df83f95fa.json
APK textual entries	domain	8e21633b-dffa-4bdf-a72d-7a8df83f95fa.ma
APK textual entries	domain	8e21633b-dffa-4bdf-a72d-7a8df83f95fa.manifest
APK textual entries	domain	8e227a75-08e5-40db-9c63-2edbdb2139e8.json
APK textual entries	domain	8e59fdf3-2c7b-4b95-9bbd-4312d8ed6bc2.json
APK textual entries	domain	8e796bda-ecd9-48e0-8640-be37ae072a11.json
APK textual entries	domain	8e85df45-e700-4564-b3e7-42a7af078b68.json
APK textual entries	domain	8ecd8a25-094c-4014-b3ab-454ff6b9931a.json
APK textual entries	domain	8eff479f-3781-4f68-9c9f-61a578a358d7.json
APK textual entries	domain	8f0d45a5-f4a4-43cf-8411-2af71f86f659.json
APK textual entries	domain	8f1adfac-a41e-4b1b-989f-402610f23d5b.json
APK textual entries	domain	8f1adfac-a41e-4b1b-989f-402610f23d5b.ma
APK textual entries	domain	8f1adfac-a41e-4b1b-989f-402610f23d5b.manifest
APK textual entries	domain	8f1cb4b4-907e-44e3-b3b0-2f38f5e66b67.jp
APK textual entries	domain	8f1cb4b4-907e-44e3-b3b0-2f38f5e66b67.jpg
APK textual entries	domain	8f1cb4b4-907e-44e3-b3b0-2f38f5e66b67.json
APK textual entries	domain	8f34229b-9d6f-437d-b67e-8a98b18a85bb.json
APK textual entries	domain	8f34229b-9d6f-437d-b67e-8a98b18a85bb.pn
APK textual entries	domain	8f34229b-9d6f-437d-b67e-8a98b18a85bb.png
APK textual entries	domain	8f69f316-0af7-41a6-9850-a3a303abe6c5.json
APK textual entries	domain	8f7816a8-5b97-4e45-97fa-5de0419c9ed6.json
APK textual entries	domain	8f7816a8-5b97-4e45-97fa-5de0419c9ed6.ma
APK textual entries	domain	8f7816a8-5b97-4e45-97fa-5de0419c9ed6.manifest
APK textual entries	domain	8fdda90e-9515-4ee8-9302-d59cf50833f2.json
APK textual entries	domain	8fdda90e-9515-4ee8-9302-d59cf50833f2.ma
APK textual entries	domain	8fdda90e-9515-4ee8-9302-d59cf50833f2.manifest
APK textual entries	domain	8fec4428-032b-4550-9d37-2498008fd8ce.json
APK textual entries	domain	8fec4428-032b-4550-9d37-2498008fd8ce.pn
APK textual entries	domain	8fec4428-032b-4550-9d37-2498008fd8ce.png
APK textual entries	domain	8ffc49da-23fd-4f30-9672-e36c64be453a.json
APK textual entries	domain	8ffdc729-6c03-479a-a1bf-baeb7d618bcf.json
APK textual entries	domain	8ffdc729-6c03-479a-a1bf-baeb7d618bcf.ma
APK textual entries	domain	8ffdc729-6c03-479a-a1bf-baeb7d618bcf.manifest
APK textual entries	domain	8m.xml
APK textual entries	domain	9.png
APK textual entries	domain	90004ad6-2f6d-40e1-93ef-b714375c6f06.json
APK textual entries	domain	9035600a-1595-408b-9368-5b579d2cfdac.json
APK textual entries	domain	903b873f-dc01-4ece-8c63-93ab3a6d4e54.jp
APK textual entries	domain	903b873f-dc01-4ece-8c63-93ab3a6d4e54.jpeg
APK textual entries	domain	903b873f-dc01-4ece-8c63-93ab3a6d4e54.json
APK textual entries	domain	905665ca-cd9d-4678-b842-613271d332d1.json
APK textual entries	domain	90829257-65dc-4305-9d85-4667f30c5328.json
APK textual entries	domain	90a5b778-536a-4749-8435-ad5c1b8db5db.json
APK textual entries	domain	90e5bb5c-f6b2-494f-9bb3-82f05685ddf1.json
APK textual entries	domain	90e5bb5c-f6b2-494f-9bb3-82f05685ddf1.ma
APK textual entries	domain	90e5bb5c-f6b2-494f-9bb3-82f05685ddf1.manifest
APK textual entries	domain	90e89626-1e67-4678-b92b-4f7a1e6fffeb.json
APK textual entries	domain	9140c7d6-d53c-4652-bd77-65acf6fad39b.json
APK textual entries	domain	9140c7d6-d53c-4652-bd77-65acf6fad39b.pn
APK textual entries	domain	9140c7d6-d53c-4652-bd77-65acf6fad39b.png
APK textual entries	domain	91414970-da47-4b8d-8acd-736a655b1133.json
APK textual entries	domain	917a82b0-9b4b-4aac-a900-05129b26c012.json
APK textual entries	domain	91aaee9d-9c2e-4335-bc7c-d1b59d49bc0f.json
APK textual entries	domain	920c6c40-b3c3-4e6e-b5e5-5189134e5071.json
APK textual entries	domain	922520db-7d02-4a6d-8307-f306ab7a3deb.json
APK textual entries	domain	9238f021-59c1-4b7b-a3ac-3be0c776fbb0.json
APK textual entries	domain	9238f021-59c1-4b7b-a3ac-3be0c776fbb0.ma
APK textual entries	domain	9238f021-59c1-4b7b-a3ac-3be0c776fbb0.manifest
APK textual entries	domain	9240f172-478d-4306-9db5-6f67b481de17.json
APK textual entries	domain	92728bc4-3bdb-427e-aa30-ee6299ecc4c9.json
APK textual entries	domain	928049f6-b144-4038-a96a-e6c2d3549f76.json
APK textual entries	domain	928049f6-b144-4038-a96a-e6c2d3549f76.mp
APK textual entries	domain	928f2a1d-76f8-44de-b148-11c01b0e7711.json
APK textual entries	domain	9299f60d-2cd9-4a9d-8291-d6d18e005c73.json
APK textual entries	domain	9299f60d-2cd9-4a9d-8291-d6d18e005c73.pn
APK textual entries	domain	9299f60d-2cd9-4a9d-8291-d6d18e005c73.png
APK textual entries	domain	929ddff0-fe22-4e5f-9284-a8cd3b3b8782.json
APK textual entries	domain	929ddff0-fe22-4e5f-9284-a8cd3b3b8782.ma
APK textual entries	domain	929ddff0-fe22-4e5f-9284-a8cd3b3b8782.manifest
APK textual entries	domain	92aa2721-9f63-45b3-82f7-f8d29ac60a78.json
APK textual entries	domain	92b2c4eb-4df6-406f-97c9-a401710fbe78.json
APK textual entries	domain	92bb9b6a-3e72-4021-a215-02746852bc0d.json
APK textual entries	domain	92d03f3e-b952-4208-8237-23b20037a43a.json
APK textual entries	domain	93113191-b251-4e3c-ab00-db943bfe6b15.json
APK textual entries	domain	931406ea-9df4-406f-a5d3-953ae1234089.json
APK textual entries	domain	931406ea-9df4-406f-a5d3-953ae1234089.ma
APK textual entries	domain	931406ea-9df4-406f-a5d3-953ae1234089.manifest
APK textual entries	domain	931501b2-d632-4318-9027-0a61e40cf7f9.json
APK textual entries	domain	931501b2-d632-4318-9027-0a61e40cf7f9.pn
APK textual entries	domain	931501b2-d632-4318-9027-0a61e40cf7f9.png
APK textual entries	domain	932f7649-59df-417a-9e78-e1b6998aa491.json
APK textual entries	domain	932f7649-59df-417a-9e78-e1b6998aa491.ma
APK textual entries	domain	932f7649-59df-417a-9e78-e1b6998aa491.manifest
APK textual entries	domain	934f780f-52bf-4a2f-b0dc-608fa2b578ca.json
APK textual entries	domain	93758ba6-04e0-4b08-abb2-f72a0319aa50.json
APK textual entries	domain	93758ba6-04e0-4b08-abb2-f72a0319aa50.ma
APK textual entries	domain	93758ba6-04e0-4b08-abb2-f72a0319aa50.manifest
APK textual entries	domain	93f657c9-5904-40e6-ac2c-a7e6ef879b75.json
APK textual entries	domain	943d3783-e4d3-4219-b945-8e2133e48229.json
APK textual entries	domain	943d3783-e4d3-4219-b945-8e2133e48229.pn
APK textual entries	domain	943d3783-e4d3-4219-b945-8e2133e48229.png
APK textual entries	domain	9459cc46-d3cd-42fa-b3d9-8886938934bd.json
APK textual entries	domain	945bcdf4-29fd-4165-8ac0-c21ab60ce130.json
APK textual entries	domain	94627687-f4a5-4027-9b9a-860712ff298e.json
APK textual entries	domain	94757bbd-bb22-403a-850d-21963a2624de.json
APK textual entries	domain	94d5e324-8e78-4332-96d0-e1239817b327.json
APK textual entries	domain	94d67406-b810-49f1-8b3b-898938f17a6a.json
APK textual entries	domain	94ff5e41-b397-4971-a4fc-e21df9f6b8b9.json
APK textual entries	domain	950658f3-8b81-4db3-a9d9-adcec003dca8.json
APK textual entries	domain	9510383b-cab3-4dbb-a331-5e8e96b1f7f8.at
APK textual entries	domain	9510383b-cab3-4dbb-a331-5e8e96b1f7f8.atlas
APK textual entries	domain	9510383b-cab3-4dbb-a331-5e8e96b1f7f8.json
APK textual entries	domain	952874b8-9c0e-46f6-a1e6-0b624c8f2e84.json
APK textual entries	domain	956b3cf9-2f13-4850-9ba5-7b90a630c8b2.json
APK textual entries	domain	956b3cf9-2f13-4850-9ba5-7b90a630c8b2.pn
APK textual entries	domain	956b3cf9-2f13-4850-9ba5-7b90a630c8b2.png
APK textual entries	domain	957dc876-ab0d-46b2-9ff1-df054f1054a7.json
APK textual entries	domain	9583ed37-aeb4-41d6-bf38-4cdb1003afe2.json
APK textual entries	domain	958bd281-f582-44f5-afbf-4374d3c6354b.json
APK textual entries	domain	95a44369-c5ce-4487-99b1-cef94fcf411a.json
APK textual entries	domain	9604032e-cc98-4e88-ab54-f754990ba749.at
APK textual entries	domain	9604032e-cc98-4e88-ab54-f754990ba749.atlas
APK textual entries	domain	9604032e-cc98-4e88-ab54-f754990ba749.json
APK textual entries	domain	96144146-e10a-471b-b893-ef01aaa21669.json
APK textual entries	domain	96144146-e10a-471b-b893-ef01aaa21669.pn
APK textual entries	domain	96144146-e10a-471b-b893-ef01aaa21669.png
APK textual entries	domain	96288c33-bbfb-4249-8077-00e2da6008b6.json
APK textual entries	domain	96406d16-de79-46ef-8eb1-3ef7d5c6efda.json
APK textual entries	domain	96521601-a1a3-4a59-855b-b2a5ddbb466c.json
APK textual entries	domain	96b24541-d844-41dc-8e72-45a69adcbf06.json
APK textual entries	domain	96b24541-d844-41dc-8e72-45a69adcbf06.ma
APK textual entries	domain	96b24541-d844-41dc-8e72-45a69adcbf06.manifest
APK textual entries	domain	96d46590-c261-4a1b-af83-ca2e889a4784.json
APK textual entries	domain	96fdc58d-0cfe-41b7-aef6-762de3977de2.json
APK textual entries	domain	971223db-a03d-4b2e-84b6-9dae9cc28a91.json
APK textual entries	domain	971223db-a03d-4b2e-84b6-9dae9cc28a91.ma
APK textual entries	domain	971223db-a03d-4b2e-84b6-9dae9cc28a91.manifest
APK textual entries	domain	971b8449-d010-4c72-987b-92a87f89741e.json
APK textual entries	domain	97357815-ef25-4582-b42d-966621043a9e.json
APK textual entries	domain	975591d2-878f-4c37-9d9c-61f6dcaad6ef.json
APK textual entries	domain	975591d2-878f-4c37-9d9c-61f6dcaad6ef.ma
APK textual entries	domain	975591d2-878f-4c37-9d9c-61f6dcaad6ef.manifest
APK textual entries	domain	9797b3a2-18e9-402d-a24f-90c0a02f207a.json
APK textual entries	domain	97f60494-0892-4875-a5a0-db44aab3853b.json
APK textual entries	domain	980454c8-ecad-452d-8be2-fcbb8a1545f4.json
APK textual entries	domain	9814c355-d620-4a7f-8b2d-20e5db282e5a.at
APK textual entries	domain	9814c355-d620-4a7f-8b2d-20e5db282e5a.atlas
APK textual entries	domain	9814c355-d620-4a7f-8b2d-20e5db282e5a.json
APK textual entries	domain	9846d7ac-7585-4b97-a73e-317a6c0f113c.json
APK textual entries	domain	984cb1cb-a789-4746-afbe-256d86b700d4.json
APK textual entries	domain	986eaf54-720c-4803-a893-12912362f6f1.json
APK textual entries	domain	98998de4-6494-4af3-b54a-b2342c6ad94b.json
APK textual entries	domain	989a623e-1a44-44f7-8dbd-65b87d656a1a.json
APK textual entries	domain	989a623e-1a44-44f7-8dbd-65b87d656a1a.pn
APK textual entries	domain	989a623e-1a44-44f7-8dbd-65b87d656a1a.png
APK textual entries	domain	9903d726-6a86-4d6b-a266-2dcbf3fcc587.json
APK textual entries	domain	990a20d5-cb6b-4c4b-a843-5688030bcb62.json
APK textual entries	domain	991777b8-cd38-4d30-a239-c0b4ec9697e4.json
APK textual entries	domain	991777b8-cd38-4d30-a239-c0b4ec9697e4.pn
APK textual entries	domain	991777b8-cd38-4d30-a239-c0b4ec9697e4.png
APK textual entries	domain	992e2c6f-4201-47cf-8ade-5d7338a520e8.json
APK textual entries	domain	9941a2b2-3b6d-4cc4-b9f6-be4c05c28ca2.json
APK textual entries	domain	994fda8e-b3ac-4817-8dd5-3fac4bd13ebb.json
APK textual entries	domain	99676135-7606-47d9-ae11-5b5c7f56fee6.json
APK textual entries	domain	997021d0-e6e3-4f0f-9597-339a4556844e.json
APK textual entries	domain	998333fd-ddbf-49c0-ba49-e77fca08fc66.json
APK textual entries	domain	999bd4d9-db8f-4a07-801a-780c9bb1575a.json
APK textual entries	domain	999bd4d9-db8f-4a07-801a-780c9bb1575a.pn
APK textual entries	domain	999bd4d9-db8f-4a07-801a-780c9bb1575a.png
APK textual entries	domain	99d32e12-d611-45c5-b46b-90c424234d30.json
APK textual entries	domain	99d32e12-d611-45c5-b46b-90c424234d30.ma
APK textual entries	domain	99d32e12-d611-45c5-b46b-90c424234d30.manifest
APK textual entries	domain	9a0475fe-44ba-4439-95ae-813be5af0179.json
APK textual entries	domain	9a0475fe-44ba-4439-95ae-813be5af0179.mp
APK textual entries	domain	9a22b2f2-f6a4-4152-a08d-1e172e8dc4df.json
APK textual entries	domain	9a22b2f2-f6a4-4152-a08d-1e172e8dc4df.ma
APK textual entries	domain	9a22b2f2-f6a4-4152-a08d-1e172e8dc4df.manifest
APK textual entries	domain	9a30cf08-ceaa-4433-bc49-8c3f472ab697.json
APK textual entries	domain	9a30cf08-ceaa-4433-bc49-8c3f472ab697.pn
APK textual entries	domain	9a30cf08-ceaa-4433-bc49-8c3f472ab697.png
APK textual entries	domain	9a4ac92d-fb6c-4e4f-94cf-100238e93f30.json
APK textual entries	domain	9a8eb2c2-1d99-460a-bc93-b12c70a9baf6.json
APK textual entries	domain	9a8eb2c2-1d99-460a-bc93-b12c70a9baf6.ma
APK textual entries	domain	9a8eb2c2-1d99-460a-bc93-b12c70a9baf6.manifest
APK textual entries	domain	9a979f30-2b0f-4485-ac91-94f2d5019b88.json
APK textual entries	domain	9aa3f32c-dc06-4227-b407-f2651f507cac.json
APK textual entries	domain	9aac7cd0-bc03-4516-aacb-c41019fe69cf.json
APK textual entries	domain	9aac7cd0-bc03-4516-aacb-c41019fe69cf.mp
APK textual entries	domain	9b0824b8-b628-4a5f-89f4-9b443272e7b7.at
APK textual entries	domain	9b0824b8-b628-4a5f-89f4-9b443272e7b7.atlas
APK textual entries	domain	9b0824b8-b628-4a5f-89f4-9b443272e7b7.json
APK textual entries	domain	9b380ced-6ecc-42dc-907f-e1e82693be40.json
APK textual entries	domain	9b380ced-6ecc-42dc-907f-e1e82693be40.ma
APK textual entries	domain	9b380ced-6ecc-42dc-907f-e1e82693be40.manifest
APK textual entries	domain	9b7d25df-6938-4130-a231-db4e02a1e4d3.json
APK textual entries	domain	9b910d0f-d03f-4397-bfec-f1f35086bcc0.json
APK textual entries	domain	9bbda31e-ad49-43c9-aaf2-f7d9896bac69.json
APK textual entries	domain	9c08f79d-ff4c-4c64-8e88-0ef6619fb73c.json
APK textual entries	domain	9c08f79d-ff4c-4c64-8e88-0ef6619fb73c.pn
APK textual entries	domain	9c08f79d-ff4c-4c64-8e88-0ef6619fb73c.png
APK textual entries	domain	9c2346cd-7d29-4162-9e93-518682ee7400.at
APK textual entries	domain	9c2346cd-7d29-4162-9e93-518682ee7400.atlas
APK textual entries	domain	9c2346cd-7d29-4162-9e93-518682ee7400.json
APK textual entries	domain	9c38bf7f-1174-4be9-903f-a4241f8e138e.json
APK textual entries	domain	9c53e074-20e2-47c4-a91d-85d3b10d9f47.json
APK textual entries	domain	9c53e074-20e2-47c4-a91d-85d3b10d9f47.pn
APK textual entries	domain	9c53e074-20e2-47c4-a91d-85d3b10d9f47.png
APK textual entries	domain	9c61bdf6-013f-4c96-841d-b487ecb0882b.json
APK textual entries	domain	9c61bdf6-013f-4c96-841d-b487ecb0882b.ma
APK textual entries	domain	9c61bdf6-013f-4c96-841d-b487ecb0882b.manifest
APK textual entries	domain	9c8df5df-5839-41df-9bb8-53db85ababdb.json
APK textual entries	domain	9c993281-3c7f-4ed1-92e1-13b722f64689.json
APK textual entries	domain	9com.google.android.gms.measurement.AppMeasurementReceiver
APK textual entries	domain	9d18092a-3124-4a08-bf1d-b50b121778e1.json
APK textual entries	domain	9d3dd317-947e-4776-8bb3-1072d0f59a3c.json
APK textual entries	domain	9d4278a9-1084-4a1e-8398-0c5ba2d9b710.json
APK textual entries	domain	9d4278a9-1084-4a1e-8398-0c5ba2d9b710.pn
APK textual entries	domain	9d4278a9-1084-4a1e-8398-0c5ba2d9b710.png
APK textual entries	domain	9d7023ff-6130-4712-bd31-beff7cfa0a78.json
APK textual entries	domain	9d7023ff-6130-4712-bd31-beff7cfa0a78.ma
APK textual entries	domain	9d7023ff-6130-4712-bd31-beff7cfa0a78.manifest
APK textual entries	domain	9dd45c54-3fe9-4c9c-a18f-a17c8ea93a75.json
APK textual entries	domain	9de5d0ce-b7eb-4b3b-9333-906c8007c0cd.json
APK textual entries	domain	9dfed39c-0e8a-47a2-8ff7-82ace8b1e233.json
APK textual entries	domain	9e394dba-1fa9-4177-afe4-c4dff67c526c.json
APK textual entries	domain	9e9e2037-3955-4f94-9640-d07260f46145.json
APK textual entries	domain	9eb098ef-c99d-416b-a581-b1b3719e6f92.json
APK textual entries	domain	9eb098ef-c99d-416b-a581-b1b3719e6f92.pn
APK textual entries	domain	9eb098ef-c99d-416b-a581-b1b3719e6f92.png
APK textual entries	domain	9f19a6c5-bb9d-4c9d-95da-4952ceb6b2ff.json
APK textual entries	domain	9f19a6c5-bb9d-4c9d-95da-4952ceb6b2ff.pn
APK textual entries	domain	9f19a6c5-bb9d-4c9d-95da-4952ceb6b2ff.png
APK textual entries	domain	9f262a8e-7d7e-4a6e-86e2-893abb3d26ed.json
APK textual entries	domain	9f262a8e-7d7e-4a6e-86e2-893abb3d26ed.mp
APK textual entries	domain	9f2a44ef-991a-43ba-84d8-ca00ccc6bd23.json
APK textual entries	domain	9f6b9128-6e8b-46f5-929e-1b79101bc844.json
APK textual entries	domain	9f6b9128-6e8b-46f5-929e-1b79101bc844.ma
APK textual entries	domain	9f6b9128-6e8b-46f5-929e-1b79101bc844.manifest
APK textual entries	domain	9f8ce375-f903-4b19-83ee-16c270e083ec.json
APK textual entries	domain	9fb681cf-6675-499a-9e07-828b32578b68.json
APK textual entries	domain	9fc6cd89-69db-4aed-8e6a-06c1476c5158.json
APK textual entries	domain	9fc6cd89-69db-4aed-8e6a-06c1476c5158.mp
APK textual entries	domain	9fe5c840-76ee-4ccd-b326-4a572cb03a47.json
APK textual entries	domain	9fecc9af-2a67-4447-adf2-5cf2215ca6b4.json
APK textual entries	domain	9m.xml
APK textual entries	domain	9w.png
APK textual entries	domain	AndroidManifest.xml
APK textual entries	domain	Apocslypticwin.png
APK textual entries	domain	Array.prototype.slice.call
APK textual entries	domain	Attr.prototype.nodeType
APK textual entries	domain	AutoTimes.png
APK textual entries	domain	B.BLIND
APK textual entries	domain	BK.Director.queryDeviceInfo
APK textual entries	domain	BarFilled3D.prototype
APK textual entries	domain	BaseClass.call
APK textual entries	domain	Blob.js
APK textual entries	domain	Bmfont.prototype
APK textual entries	domain	Bmfont3D.prototype
APK textual entries	domain	CDATASection.prototype
APK textual entries	domain	CERT.SF
APK textual entries	domain	CanvasRenderingContext2D.prototype
APK textual entries	domain	CharacterData.prototype
APK textual entries	domain	Class.prototype
APK textual entries	domain	Comment.prototype
APK textual entries	domain	Constructor.prototype
APK textual entries	domain	ContentHandler.html
APK textual entries	domain	DOMException.prototype
APK textual entries	domain	DOMHandler.prototype
APK textual entries	domain	DOMImplementation.prototype
APK textual entries	domain	DOMParser.prototype.parseFromString
APK textual entries	domain	DTDHandler.html
APK textual entries	domain	Date.now
APK textual entries	domain	Date.prototype.toString.call
APK textual entries	domain	Day.png
APK textual entries	domain	Dd.png
APK textual entries	domain	DeclHandler.html
APK textual entries	domain	DefaultHandler.html
APK textual entries	domain	Document.prototype
APK textual entries	domain	Document.prototype.getElementsByTagName
APK textual entries	domain	Document.prototype.getElementsByTagNameNS
APK textual entries	domain	DocumentFragment.prototype.nodeName
APK textual entries	domain	DocumentFragment.prototype.nodeType
APK textual entries	domain	DocumentI.NN
APK textual entries	domain	DocumentType.prototype.nodeType
APK textual entries	domain	EditBox.InputFlag
APK textual entries	domain	EditBox.InputMode
APK textual entries	domain	EditBox.KeyboardReturnType
APK textual entries	domain	Effect.prototype
APK textual entries	domain	Effect.prototype.clone
APK textual entries	domain	Effect.prototype.init
APK textual entries	domain	Effect.prototype.switchTechnique
APK textual entries	domain	EffectBase.prototype
APK textual entries	domain	EffectBase.prototype.define
APK textual entries	domain	EffectBase.prototype.setBlend
APK textual entries	domain	EffectBase.prototype.setCullMode
APK textual entries	domain	EffectBase.prototype.setDepth
APK textual entries	domain	EffectBase.prototype.setProperty
APK textual entries	domain	EffectBase.prototype.setStencil
APK textual entries	domain	EffectBase.prototype.setStencilEnabled
APK textual entries	domain	EffectVariant.prototype
APK textual entries	domain	EffectVariant.prototype.init
APK textual entries	domain	Eh.png
APK textual entries	domain	Element.prototype
APK textual entries	domain	Element.prototype.getElementsByTagName
APK textual entries	domain	Element.prototype.getElementsByTagNameNS
APK textual entries	domain	ElementAttributes.prototype
APK textual entries	domain	Entity.prototype.nodeType
APK textual entries	domain	EntityReference.prototype.nodeType
APK textual entries	domain	EntityResolver2.html
APK textual entries	domain	Entrust.net
APK textual entries	domain	Error.call
APK textual entries	domain	Error.captureStackTrace
APK textual entries	domain	Error.prototype
APK textual entries	domain	ErrorHandler.html
APK textual entries	domain	Event.NONE
APK textual entries	domain	EventType.ERROR
APK textual entries	domain	EventType.LOADED
APK textual entries	domain	EventType.LOADING
APK textual entries	domain	FS.png
APK textual entries	domain	FakeBlob.fake
APK textual entries	domain	FakeBlob.prototype
APK textual entries	domain	FakeBlobBuilder.prototype
APK textual entries	domain	Fcom.google.android.finsky.permission
APK textual entries	domain	FileException.prototype
APK textual entries	domain	GameStatusInfo.platform
APK textual entries	domain	In.color
APK textual entries	domain	In.normal
APK textual entries	domain	In.position
APK textual entries	domain	In.tangent
APK textual entries	domain	In.tangent.xyz
APK textual entries	domain	In.uv
APK textual entries	domain	InputFlag.PASSWORD
APK textual entries	domain	InputMode.ANY
APK textual entries	domain	InputMode.DECIMAL
APK textual entries	domain	InputMode.NUMERIC
APK textual entries	domain	InputMode.URL
APK textual entries	domain	Izenpe.com
APK textual entries	domain	JSON.parse
APK textual entries	domain	JSON.stringify
APK textual entries	domain	JsbEditBoxImpl.prototype
APK textual entries	domain	Kcom.google.android.datatransport.runtime.backends.TransportBackendDiscovery
APK textual entries	domain	KeyboardEventInit.altKey
APK textual entries	domain	KeyboardEventInit.ctrlKey
APK textual entries	domain	KeyboardEventInit.keyCode
APK textual entries	domain	KeyboardEventInit.metaKey
APK textual entries	domain	KeyboardEventInit.repeat
APK textual entries	domain	KeyboardEventInit.shiftKey
APK textual entries	domain	KeyboardReturnType.DEFAULT
APK textual entries	domain	KeyboardReturnType.DONE
APK textual entries	domain	KeyboardReturnType.GO
APK textual entries	domain	KeyboardReturnType.NEXT
APK textual entries	domain	KeyboardReturnType.SEARCH
APK textual entries	domain	KeyboardReturnType.SEND
APK textual entries	domain	Kr.xml
APK textual entries	domain	LICENSE.md
APK textual entries	domain	LexicalHandler.html
APK textual entries	domain	LiveNodeList.prototype
APK textual entries	domain	LiveNodeList.prototype.item
APK textual entries	domain	Luckywheel.plist
APK textual entries	domain	MANIFEST.MF
APK textual entries	domain	Ma.9.png
APK textual entries	domain	Mask.Type
APK textual entries	domain	Massivewin.png
APK textual entries	domain	Math.PI
APK textual entries	domain	Math.ceil
APK textual entries	domain	Math.floor
APK textual entries	domain	Math.max
APK textual entries	domain	Math.round
APK textual entries	domain	Mesh.prototype
APK textual entries	domain	Mesh3D.prototype
APK textual entries	domain	MeshBuffer.checkAndSwitchBuffer
APK textual entries	domain	MeshBuffer.destroy
APK textual entries	domain	MeshBuffer.getCurMeshIndex
APK textual entries	domain	MeshBuffer.getNativeAssembler
APK textual entries	domain	MeshBuffer.init
APK textual entries	domain	MeshBuffer.request
APK textual entries	domain	MeshBuffer.reset
APK textual entries	domain	MeshBuffer.setNativeAssembler
APK textual entries	domain	MeshBuffer.switchBuffer
APK textual entries	domain	MeshBuffer.uploadData
APK textual entries	domain	MeshBuffer.used
APK textual entries	domain	NamedNodeMap.prototype
APK textual entries	domain	No.of
APK textual entries	domain	Node.prototype
APK textual entries	domain	Node.prototype.toString
APK textual entries	domain	NodeList.prototype
APK textual entries	domain	NodeList.prototype.item
APK textual entries	domain	Notation.prototype.nodeType
APK textual entries	domain	Number.parseFloat
APK textual entries	domain	Object.assign
APK textual entries	domain	Object.create
APK textual entries	domain	Object.defineProperty
APK textual entries	domain	Object.getPrototypeOf
APK textual entries	domain	Object.keys
APK textual entries	domain	Object.prototype.toString.call
APK textual entries	domain	Object.setPrototypeOf
APK textual entries	domain	PSProto.initProperties
APK textual entries	domain	PSProto.lateUpdate
APK textual entries	domain	PSProto.onDisable
APK textual entries	domain	PSProto.onEnable
APK textual entries	domain	PSProto.onLoad
APK textual entries	domain	PSProto.update
APK textual entries	domain	ParticleSystem.prototype
APK textual entries	domain	PrizePoolNum.png
APK textual entries	domain	ProcessingInstruction.prototype.nodeType
APK textual entries	domain	Promise.all
APK textual entries	domain	PromoCode.plist
APK textual entries	domain	PropertyList-1.0.dtd
APK textual entries	domain	QuadBuffer.switchBuffer
APK textual entries	domain	QuadBuffer.uploadData
APK textual entries	domain	RJ.png
APK textual entries	domain	RadialFilled.prototype
APK textual entries	domain	RadialFilled3D.prototype
APK textual entries	domain	Reflect.construct
APK textual entries	domain	Reflect.construct.sham
APK textual entries	domain	RenderFlow.init
APK textual entries	domain	RenderFlow.register
APK textual entries	domain	RenderFlow.render
APK textual entries	domain	RenderFlow.validateRenderers
APK textual entries	domain	ReturnBonus.plist
APK textual entries	domain	S.BLIND
APK textual entries	domain	S8.xml
APK textual entries	domain	SSL.com
APK textual entries	domain	Scom.google.firebase.components
APK textual entries	domain	Simple.prototype
APK textual entries	domain	Simple3D.prototype
APK textual entries	domain	Sliced.prototype
APK textual entries	domain	Sliced3D.prototype
APK textual entries	domain	Slot.plist
APK textual entries	domain	SocketIO.prototype
APK textual entries	domain	SocketIO.prototype.emit
APK textual entries	domain	String.fromCharCode
APK textual entries	domain	String.prototype.fromCharCode
APK textual entries	domain	Super.apply
APK textual entries	domain	Super.prototype
APK textual entries	domain	Symbol.iterator
APK textual entries	domain	Symbol.prototype
APK textual entries	domain	TTF3D.prototype
APK textual entries	domain	Text.prototype
APK textual entries	domain	Tiled.prototype
APK textual entries	domain	Tiled3D.prototype
APK textual entries	domain	TiledLayer.addUserNode
APK textual entries	domain	TiledLayer.removeUserNode
APK textual entries	domain	TiledMapAssembler.fillBuffers
APK textual entries	domain	TiledMapRenderDataList.popRenderData
APK textual entries	domain	TiledMapRenderDataList.pushNodesList
APK textual entries	domain	TiledMapRenderDataList.reset
APK textual entries	domain	TiledMapRenderDataList.setNativeAssembler
APK textual entries	domain	Tv.png
APK textual entries	domain	URL.createObjectURL
APK textual entries	domain	URL.revokeObjectURL
APK textual entries	domain	VZ.png
APK textual entries	domain	Wcom.google.firebase.components
APK textual entries	domain	Ws.xml
APK textual entries	domain	XMLHttpRequest.prototype.addEventListener
APK textual entries	domain	XMLHttpRequest.prototype.removeEventListener
APK textual entries	domain	XMLReader.prototype
APK textual entries	domain	XMLSerializer.prototype.serializeToString
APK textual entries	domain	Ycom.google.android.datatransport.runtime.scheduling.jobscheduling.JobInfoSchedulerService
APK textual entries	domain	ZI.png
APK textual entries	domain	a.charAt
APK textual entries	domain	a.charCodeAt
APK textual entries	domain	a.code
APK textual entries	domain	a.localName
APK textual entries	domain	a.locator
APK textual entries	domain	a.offset
APK textual entries	domain	a.prefix
APK textual entries	domain	a.qName
APK textual entries	domain	a.slice
APK textual entries	domain	a.uri
APK textual entries	domain	a.value
APK textual entries	domain	a0.xml
APK textual entries	domain	a00f10d6-0f93-432b-81e0-e8aa24616b30.json
APK textual entries	domain	a01f8a68-6e25-47cd-b01b-707d81763646.jp
APK textual entries	domain	a01f8a68-6e25-47cd-b01b-707d81763646.jpg
APK textual entries	domain	a01f8a68-6e25-47cd-b01b-707d81763646.json
APK textual entries	domain	a0424fdd-dfc5-435a-be09-ccd76fd46c26.json
APK textual entries	domain	a06b7e78-e772-43e2-ad2d-e6b729501a5c.json
APK textual entries	domain	a06b7e78-e772-43e2-ad2d-e6b729501a5c.pn
APK textual entries	domain	a06b7e78-e772-43e2-ad2d-e6b729501a5c.png
APK textual entries	domain	a0784b21-52c0-4be2-b7fe-833ba7f44735.json
APK textual entries	domain	a0beb223-bcb0-43ac-ade5-289f1db11ce2.json
APK textual entries	domain	a0c4d883-f25c-4ea8-b9a1-edd4b65f2a42.json
APK textual entries	domain	a0c9522c-c5ca-4231-a5fd-92ccab6e0c51.json
APK textual entries	domain	a1141fbe-b8b5-452c-b1e6-38f0f0b5fdc5.json
APK textual entries	domain	a12240e6-446b-49c9-b58e-a2f280b084ae.json
APK textual entries	domain	a12240e6-446b-49c9-b58e-a2f280b084ae.ma
APK textual entries	domain	a12240e6-446b-49c9-b58e-a2f280b084ae.manifest
APK textual entries	domain	a1755e31-01b8-4156-a66c-1d2eb06e3cc4.json
APK textual entries	domain	a17e8c60-0804-4056-8943-0507a5e28fca.json
APK textual entries	domain	a18a65e3-8522-4c71-907a-44d7abe0cf2c.json
APK textual entries	domain	a18a65e3-8522-4c71-907a-44d7abe0cf2c.ma
APK textual entries	domain	a18a65e3-8522-4c71-907a-44d7abe0cf2c.manifest
APK textual entries	domain	a1b5b75b-8dd7-47c1-a533-ae9998151aef.json
APK textual entries	domain	a1d9bdf4-8f94-4fe2-a648-fa638a61afc2.json
APK textual entries	domain	a1ef2fc9-9c57-418a-8f69-6bed9a7a0e7f.bi
APK textual entries	domain	a1ef2fc9-9c57-418a-8f69-6bed9a7a0e7f.bin
APK textual entries	domain	a1ef2fc9-9c57-418a-8f69-6bed9a7a0e7f.json
APK textual entries	domain	a23235d1-15db-4b95-8439-a2e005bfff91.json
APK textual entries	domain	a25f2592-77db-4efd-8f8b-5668ac4f94fe.json
APK textual entries	domain	a25f2592-77db-4efd-8f8b-5668ac4f94fe.ma
APK textual entries	domain	a25f2592-77db-4efd-8f8b-5668ac4f94fe.manifest
APK textual entries	domain	a270b668-9bf7-483f-8615-d414e6726b96.json
APK textual entries	domain	a2fa1cc3-9e0f-4084-a38c-fb40455cc737.json
APK textual entries	domain	a31ac828-2120-4e59-ba7b-d600a41bdcca.json
APK textual entries	domain	a325970c-736a-493c-8c85-9564bcdbab02.json
APK textual entries	domain	a325970c-736a-493c-8c85-9564bcdbab02.pn
APK textual entries	domain	a325970c-736a-493c-8c85-9564bcdbab02.png
APK textual entries	domain	a32ca070-9835-453c-a040-d55d49659203.json
APK textual entries	domain	a32ca070-9835-453c-a040-d55d49659203.ma
APK textual entries	domain	a32ca070-9835-453c-a040-d55d49659203.manifest
APK textual entries	domain	a3a04cf1-e82b-47a3-aa4e-0192686d416d.json
APK textual entries	domain	a3a04cf1-e82b-47a3-aa4e-0192686d416d.ma
APK textual entries	domain	a3a04cf1-e82b-47a3-aa4e-0192686d416d.manifest
APK textual entries	domain	a3b285e1-8614-4775-a676-8dc1297d6930.json
APK textual entries	domain	a3bb858c-a950-430a-b546-59e1a00fbf58.json
APK textual entries	domain	a3dc2498-8af4-4f9b-b6bc-bb03f402cde2.json
APK textual entries	domain	a40c9a37-acd1-41a0-89eb-3e0b301cf465.json
APK textual entries	domain	a4217708-3c5f-430e-81d9-5148962a6ab8.json
APK textual entries	domain	a434d466-2d2e-4849-afb5-7bb2bcee08d0.json
APK textual entries	domain	a489a98a-909f-48bc-b6ec-a3087d5c5930.json
APK textual entries	domain	a4c109fe-2066-48f8-95e5-2dfe37ee8d1d.json
APK textual entries	domain	a4d77630-06ff-4a96-a9e8-a26b4c4d2380.json
APK textual entries	domain	a4e22a9b-5f64-4385-a4b1-ad4d7c01c560.json
APK textual entries	domain	a4e22a9b-5f64-4385-a4b1-ad4d7c01c560.ma
APK textual entries	domain	a4e22a9b-5f64-4385-a4b1-ad4d7c01c560.manifest
APK textual entries	domain	a4f082c8-3296-4a08-953c-4b90cf0a4c06.json
APK textual entries	domain	a51d789a-915b-413b-960f-d4b2df4bc23c.json
APK textual entries	domain	a55804c2-12af-4a0d-94c7-64557c4172a2.at
APK textual entries	domain	a55804c2-12af-4a0d-94c7-64557c4172a2.atlas
APK textual entries	domain	a55804c2-12af-4a0d-94c7-64557c4172a2.json
APK textual entries	domain	a5849239-3ad3-41d1-8ab4-ae9fea11f97f.json
APK textual entries	domain	a5b0837b-fc9c-45bc-831d-7f213b9b7457.json
APK textual entries	domain	a5b5bcf9-6c75-4b97-b260-c271a3388bd7.json
APK textual entries	domain	a5ccd464-39bf-40fc-a4f1-a967e091e3f1.json
APK textual entries	domain	a5ccd464-39bf-40fc-a4f1-a967e091e3f1.pn
APK textual entries	domain	a5ccd464-39bf-40fc-a4f1-a967e091e3f1.png
APK textual entries	domain	a5dd074e-a664-4426-9427-ddad32d4c1cb.json
APK textual entries	domain	a6780a63-858b-4a8c-ac6e-e1090c935324.json
APK textual entries	domain	a72cd3f4-cf62-4c71-a474-eff5f16185b7.json
APK textual entries	domain	a72cd3f4-cf62-4c71-a474-eff5f16185b7.ma
APK textual entries	domain	a72cd3f4-cf62-4c71-a474-eff5f16185b7.manifest
APK textual entries	domain	a7334bc8-69f6-42f9-bbf9-7cacb720d31e.json
APK textual entries	domain	a7334bc8-69f6-42f9-bbf9-7cacb720d31e.ma
APK textual entries	domain	a7334bc8-69f6-42f9-bbf9-7cacb720d31e.manifest
APK textual entries	domain	a75dfa05-24f6-4aa0-81c1-9f3b0bbf446b.json
APK textual entries	domain	a77ffc11-87a2-4b01-91cd-3cf5997e5c0c.json
APK textual entries	domain	a7926f34-e4a3-485e-aaea-28d4295f49eb.json
APK textual entries	domain	a7b6511c-3d43-49f3-9ea8-ddc794da6f48.json
APK textual entries	domain	a800bdbf-c14e-4148-b9eb-602e89111170.json
APK textual entries	domain	a81e63bb-d27c-407b-9c15-c3061941f70a.json
APK textual entries	domain	a8733247-56e5-41fe-af6b-cb626a1d3808.json
APK textual entries	domain	a88b5780-04b4-47e7-ab4c-0e8236682439.json
APK textual entries	domain	a88b5780-04b4-47e7-ab4c-0e8236682439.ma
APK textual entries	domain	a88b5780-04b4-47e7-ab4c-0e8236682439.manifest
APK textual entries	domain	a8a36095-2435-4f00-b49f-789e514d5fa4.json
APK textual entries	domain	a8d54e5c-fa19-4051-8142-dce9258408cb.json
APK textual entries	domain	a8df4d98-ba70-45b6-88f3-3067980463b2.json
APK textual entries	domain	a8df4d98-ba70-45b6-88f3-3067980463b2.pn
APK textual entries	domain	a8df4d98-ba70-45b6-88f3-3067980463b2.png
APK textual entries	domain	a90fb572-44b0-4bf9-b82a-783a6404451f.json
APK textual entries	domain	a90fb572-44b0-4bf9-b82a-783a6404451f.ma
APK textual entries	domain	a90fb572-44b0-4bf9-b82a-783a6404451f.manifest
APK textual entries	domain	a93a4b6f-f0f6-4c27-805e-fdf726669e6c.json
APK textual entries	domain	a93a4b6f-f0f6-4c27-805e-fdf726669e6c.ma
APK textual entries	domain	a93a4b6f-f0f6-4c27-805e-fdf726669e6c.manifest
APK textual entries	domain	a93f3fe8-86ff-4cbe-8261-955d49cd78b2.json
APK textual entries	domain	a93f3fe8-86ff-4cbe-8261-955d49cd78b2.pn
APK textual entries	domain	a93f3fe8-86ff-4cbe-8261-955d49cd78b2.png
APK textual entries	domain	a95a2b21-8ba1-4492-90ba-7d02fc1f5aec.at
APK textual entries	domain	a95a2b21-8ba1-4492-90ba-7d02fc1f5aec.atlas
APK textual entries	domain	a95a2b21-8ba1-4492-90ba-7d02fc1f5aec.json
APK textual entries	domain	a9ae9181-b3ab-4448-8f27-bae0cb2042e5.json
APK textual entries	domain	a9be70be-9fe6-4ae1-92c2-3fdcd245668f.json
APK textual entries	domain	a9d44d0d-124c-42e0-beff-394b9f5f46d3.json
APK textual entries	domain	aa2477ea-e39a-4e12-ba53-cd2e3dcdc9f4.json
APK textual entries	domain	aa2f60cf-043c-4dd5-8f85-b54f50daad69.json
APK textual entries	domain	aa614215-5222-4942-a5cf-44c2b6350f97.json
APK textual entries	domain	aa71c99c-a2b0-43c5-9464-6883c56011be.json
APK textual entries	domain	aa851630-8631-43e5-9cff-b98857526523.json
APK textual entries	domain	aaa4f37b-49ac-4725-b535-4c9c724ebfd6.json
APK textual entries	domain	aaa4f37b-49ac-4725-b535-4c9c724ebfd6.ma
APK textual entries	domain	aaa4f37b-49ac-4725-b535-4c9c724ebfd6.manifest
APK textual entries	domain	aab0854c-52a5-4d9c-92be-ae58bfbfa422.json
APK textual entries	domain	aad24d50-524f-41c9-8c83-82bad5f77472.json
APK textual entries	domain	aad24d50-524f-41c9-8c83-82bad5f77472.ma
APK textual entries	domain	aad24d50-524f-41c9-8c83-82bad5f77472.manifest
APK textual entries	domain	ab296f72-7893-4c87-b38c-1dce7350b890.json
APK textual entries	domain	ab4b92c3-5abe-4f8c-a498-5019b0a8ada0.json
APK textual entries	domain	ab4ba300-96f7-4f26-984c-167c0df4f679.json
APK textual entries	domain	ab4ba300-96f7-4f26-984c-167c0df4f679.pn
APK textual entries	domain	ab4ba300-96f7-4f26-984c-167c0df4f679.png
APK textual entries	domain	ab4f0706-ee3c-46c2-9244-3804da18be5c.json
APK textual entries	domain	ab4f0706-ee3c-46c2-9244-3804da18be5c.pn
APK textual entries	domain	ab4f0706-ee3c-46c2-9244-3804da18be5c.png
APK textual entries	domain	ab505683-deea-40dc-8543-794593b3a655.json
APK textual entries	domain	ab6f17b2-8cab-4f6e-add2-f81a39f317bf.json
APK textual entries	domain	ab705b74-31d7-47f4-82e0-eca2b532921c.json
APK textual entries	domain	abba9895-b907-4c58-9853-bea897adb188.json
APK textual entries	domain	abc2cb62-7852-4525-a90d-d474487b88f2.json
APK textual entries	domain	abce688d-54ed-4545-bc4b-6a82167ffe21.json
APK textual entries	domain	abce688d-54ed-4545-bc4b-6a82167ffe21.ma
APK textual entries	domain	abce688d-54ed-4545-bc4b-6a82167ffe21.manifest
APK textual entries	domain	abf25dbb-032e-433a-92c6-81e0a5389b7d.json
APK textual entries	domain	ac07ab4c-5a71-448a-a663-52ec37c95b04.json
APK textual entries	domain	ac33c389-b159-4822-93ed-e2783da8828e.json
APK textual entries	domain	ac56970c-6c73-4be6-b32a-36be63c1b559.json
APK textual entries	domain	ac56970c-6c73-4be6-b32a-36be63c1b559.ma
APK textual entries	domain	ac56970c-6c73-4be6-b32a-36be63c1b559.manifest
APK textual entries	domain	ac6aa64b-66da-4deb-b43c-218db09becea.json
APK textual entries	domain	ac8966fa-0866-4801-802f-3f150808cfef.json
APK textual entries	domain	acc65e33-4bcd-4141-af08-6f94384e213a.json
APK textual entries	domain	ace0fc04-8d66-4549-b2dc-8cfa12339361.json
APK textual entries	domain	acec176b-2fc3-45df-a888-8c189beaf082.json
APK textual entries	domain	acec176b-2fc3-45df-a888-8c189beaf082.ma
APK textual entries	domain	acec176b-2fc3-45df-a888-8c189beaf082.manifest
APK textual entries	domain	acee30ea-ca2b-4d91-a637-ad32925142de.json
APK textual entries	domain	ad1bd841-3164-4e1a-938a-7fe0e10df503.json
APK textual entries	domain	ad1e4aab-2339-4b6e-90b6-ad2bd9856177.json
APK textual entries	domain	ad7a0870-4c32-4993-be51-d1900d480b2e.json
APK textual entries	domain	ada4fdb8-689e-4a03-af5c-67e0b1da944e.json
APK textual entries	domain	ada4fdb8-689e-4a03-af5c-67e0b1da944e.ma
APK textual entries	domain	ada4fdb8-689e-4a03-af5c-67e0b1da944e.manifest
APK textual entries	domain	ade9e6f2-fc31-4eec-955c-6319b7005318.json
APK textual entries	domain	ade9e6f2-fc31-4eec-955c-6319b7005318.ma
APK textual entries	domain	ade9e6f2-fc31-4eec-955c-6319b7005318.manifest
APK textual entries	domain	ae1807aa-ddc0-4184-9507-35466beeba7f.json
APK textual entries	domain	ae4f5108-bce3-4de0-a117-f11f523a0fbb.json
APK textual entries	domain	ae4f5108-bce3-4de0-a117-f11f523a0fbb.ma
APK textual entries	domain	ae4f5108-bce3-4de0-a117-f11f523a0fbb.manifest
APK textual entries	domain	ae642d90-8e2a-4fdb-9f30-56d5b2d1ea0b.at
APK textual entries	domain	ae642d90-8e2a-4fdb-9f30-56d5b2d1ea0b.atlas
APK textual entries	domain	ae642d90-8e2a-4fdb-9f30-56d5b2d1ea0b.json
APK textual entries	domain	ae91e5d2-7d0a-41f4-a4fa-ffe0037ff8a0.json
APK textual entries	domain	aeaf0600-f0e8-4456-84cd-1ad1423222a2.json
APK textual entries	domain	aedfdfe6-c468-4ea8-b386-1031578426be.json
APK textual entries	domain	aee3cbe4-8eca-46e0-a352-7a4a799d6d83.json
APK textual entries	domain	aeef4b55-9036-4366-9b74-b1682157f73c.json
APK textual entries	domain	aeef4b55-9036-4366-9b74-b1682157f73c.ma
APK textual entries	domain	aeef4b55-9036-4366-9b74-b1682157f73c.manifest
APK textual entries	domain	af19543e-ad58-471d-a717-236d3562aece.json
APK textual entries	domain	af2eee1e-5811-4642-a18a-41ccb504a44c.json
APK textual entries	domain	af2eee1e-5811-4642-a18a-41ccb504a44c.pn
APK textual entries	domain	af2eee1e-5811-4642-a18a-41ccb504a44c.png
APK textual entries	domain	af4a668b-3557-4e1e-9024-6ec4346a432e.json
APK textual entries	domain	af913a94-0261-42a2-a6e8-725c222e00f0.json
APK textual entries	domain	af920e9f-5ca9-4ca9-b585-eb1dee008541.json
APK textual entries	domain	af920e9f-5ca9-4ca9-b585-eb1dee008541.pn
APK textual entries	domain	af920e9f-5ca9-4ca9-b585-eb1dee008541.png
APK textual entries	domain	again.OTP
APK textual entries	domain	ambientColor.rgb
APK textual entries	domain	android.app
APK textual entries	domain	android.intent.action.MAIN
APK textual entries	domain	android.intent.action.VIEW
APK textual entries	domain	android.intent.category.BROWSABLE
APK textual entries	domain	android.intent.category.DEFAULT
APK textual entries	domain	android.intent.category.LAUNCHER
APK textual entries	domain	android.permission
APK textual entries	domain	android.permission.INTERNET
APK textual entries	domain	android.permission.VIBRATE
APK textual entries	domain	android.support
APK textual entries	domain	androidx.arch
APK textual entries	domain	androidx.core.app.CoreComponentFactory
APK textual entries	domain	aniUV.xy
APK textual entries	domain	animNames.indexOf
APK textual entries	domain	animation.name
APK textual entries	domain	animation.play
APK textual entries	domain	animation.setAnimationListener
APK textual entries	domain	animation.setCompleteListener
APK textual entries	domain	animation.setTrackCompleteListener
APK textual entries	domain	animation.timeScale
APK textual entries	domain	animationStateProto.isPlaying
APK textual entries	domain	app-metadata.properties
APK textual entries	domain	app.js
APK textual entries	domain	args1.data
APK textual entries	domain	args1.height
APK textual entries	domain	args1.width
APK textual entries	domain	arguments.length
APK textual entries	domain	armatureCacheMgr.removeArmatureCache
APK textual entries	domain	armatureDisplayProto.addEventListener
APK textual entries	domain	armatureDisplayProto.invalidAnimationCache
APK textual entries	domain	armatureDisplayProto.onDestroy
APK textual entries	domain	armatureDisplayProto.onDisable
APK textual entries	domain	armatureDisplayProto.onEnable
APK textual entries	domain	armatureDisplayProto.onLoad
APK textual entries	domain	armatureDisplayProto.once
APK textual entries	domain	armatureDisplayProto.playAnimation
APK textual entries	domain	armatureDisplayProto.removeEventListener
APK textual entries	domain	armatureDisplayProto.update
APK textual entries	domain	armatureDisplayProto.updateAnimationCache
APK textual entries	domain	armatureProto.addEventListener
APK textual entries	domain	armatureProto.removeEventListener
APK textual entries	domain	assembler-2d.js
APK textual entries	domain	assembler-3d.js
APK textual entries	domain	assembler.js
APK textual entries	domain	assembler.reset
APK textual entries	domain	assembler.setRenderDataList
APK textual entries	domain	async.min.jsc
APK textual entries	domain	atlasJsonObj.name
APK textual entries	domain	attachUtilProto.generateAllAttachedNodes
APK textual entries	domain	attachUtilProto.generateAttachedNodes
APK textual entries	domain	attachUtilProto.init
APK textual entries	domain	attr.localName
APK textual entries	domain	attr.namespaceURI
APK textual entries	domain	attr.nodeName
APK textual entries	domain	attr.nodeValue
APK textual entries	domain	attr.ownerElement
APK textual entries	domain	attr.prefix
APK textual entries	domain	attr.value
APK textual entries	domain	attrName.match
APK textual entries	domain	attrs.getLocator
APK textual entries	domain	attrs.getQName
APK textual entries	domain	attrs.getURI
APK textual entries	domain	attrs.getValue
APK textual entries	domain	attrs.item
APK textual entries	domain	attrs.length
APK textual entries	domain	audioEngine.AudioState
APK textual entries	domain	audioEngine.AudioState.PAUSED
APK textual entries	domain	audioEngine.AudioState.PLAYING
APK textual entries	domain	audioEngine.getCurrentTime
APK textual entries	domain	audioEngine.getDuration
APK textual entries	domain	audioEngine.getEffectsVolume
APK textual entries	domain	audioEngine.getMusicVolume
APK textual entries	domain	audioEngine.getState
APK textual entries	domain	audioEngine.isMusicPlaying
APK textual entries	domain	audioEngine.pause
APK textual entries	domain	audioEngine.pauseAll
APK textual entries	domain	audioEngine.pauseAllEffects
APK textual entries	domain	audioEngine.pauseEffect
APK textual entries	domain	audioEngine.pauseMusic
APK textual entries	domain	audioEngine.play
APK textual entries	domain	audioEngine.playEffect
APK textual entries	domain	audioEngine.playMusic
APK textual entries	domain	audioEngine.preload
APK textual entries	domain	audioEngine.resume
APK textual entries	domain	audioEngine.resumeAll
APK textual entries	domain	audioEngine.resumeAllEffects
APK textual entries	domain	audioEngine.resumeEffect
APK textual entries	domain	audioEngine.resumeMusic
APK textual entries	domain	audioEngine.setCurrentTime
APK textual entries	domain	audioEngine.setEffectsVolume
APK textual entries	domain	audioEngine.setLoop
APK textual entries	domain	audioEngine.setMaxWebAudioSize
APK textual entries	domain	audioEngine.setMusicVolume
APK textual entries	domain	audioEngine.setVolume
APK textual entries	domain	audioEngine.stop
APK textual entries	domain	audioEngine.stopAll
APK textual entries	domain	audioEngine.stopAllEffects
APK textual entries	domain	audioEngine.stopEffect
APK textual entries	domain	audioEngine.stopMusic
APK textual entries	domain	audioEngine.uncache
APK textual entries	domain	b01c73af-7dd5-47f6-b90e-d38924e5fd58.json
APK textual entries	domain	b01c73af-7dd5-47f6-b90e-d38924e5fd58.pn
APK textual entries	domain	b01c73af-7dd5-47f6-b90e-d38924e5fd58.png
APK textual entries	domain	b029c593-24f8-42e9-91ed-e57d66bbae09.json
APK textual entries	domain	b0449e19-2cb1-425f-9bc1-7623f12939d8.json
APK textual entries	domain	b0449e19-2cb1-425f-9bc1-7623f12939d8.mp
APK textual entries	domain	b04e6211-c339-466e-9529-59452c41cd26.json
APK textual entries	domain	b071d29e-c201-4adb-b97a-7b2f5a35f228.json
APK textual entries	domain	b071d29e-c201-4adb-b97a-7b2f5a35f228.mp
APK textual entries	domain	b08bec7b-b06b-4504-805c-48c87bea1da6.json
APK textual entries	domain	b091d4bf-2b94-4d57-bebf-a18f5a161481.json
APK textual entries	domain	b09db520-0242-4b31-a09b-7c3b5286b8b9.json
APK textual entries	domain	b12fb9be-c864-4ad5-b0ba-5af6f53c2f62.at
APK textual entries	domain	b12fb9be-c864-4ad5-b0ba-5af6f53c2f62.atlas
APK textual entries	domain	b12fb9be-c864-4ad5-b0ba-5af6f53c2f62.json
APK textual entries	domain	b1442153-d49f-42fd-9240-440c2c91555f.json
APK textual entries	domain	b15eb452-246a-4ded-b2bb-50673c7b2faa.json
APK textual entries	domain	b1a7c847-dcbf-42c9-9990-93518e29e2a1.json
APK textual entries	domain	b1a7c847-dcbf-42c9-9990-93518e29e2a1.pn
APK textual entries	domain	b1a7c847-dcbf-42c9-9990-93518e29e2a1.png
APK textual entries	domain	b1b10091-558b-4603-9dcc-13e1671bffbd.json
APK textual entries	domain	b1cf44bc-3c78-46cc-b4ee-830ecf037227.json
APK textual entries	domain	b1ed5c19-4c3e-45a3-99d7-c59e5eb5a86d.json
APK textual entries	domain	b25f8809-6486-4d73-81a4-b4e043600bde.json
APK textual entries	domain	b2687ac4-099e-403c-a192-ff477686f4f5.json
APK textual entries	domain	b2687ac4-099e-403c-a192-ff477686f4f5.pl
APK textual entries	domain	b2687ac4-099e-403c-a192-ff477686f4f5.plist
APK textual entries	domain	b26d5923-a636-4af5-bfbd-5d26cb1d3450.json
APK textual entries	domain	b2c1d479-718d-4c04-b79b-0bf783aefe3b.json
APK textual entries	domain	b2c1d479-718d-4c04-b79b-0bf783aefe3b.pn
APK textual entries	domain	b2c1d479-718d-4c04-b79b-0bf783aefe3b.png
APK textual entries	domain	b3152e9b-8d1d-4f9e-a67e-8af05ee6682f.json
APK textual entries	domain	b366abbe-dfb0-4bcf-a522-f66259003a9d.json
APK textual entries	domain	b3aaee58-7efe-45bb-b52b-35e70e174a9f.json
APK textual entries	domain	b3d331d5-a361-44d0-8980-b64db5728a14.json
APK textual entries	domain	b4193816-30e7-439c-ae3d-51bd2dc983ec.json
APK textual entries	domain	b41a2dd7-840f-4119-893d-97278e1809fb.json
APK textual entries	domain	b427491d-98eb-4919-8a91-3992c7de5fa6.json
APK textual entries	domain	b43167a1-beb9-4353-ab9c-5aa7edb66bcd.json
APK textual entries	domain	b43ff3c2-02bb-4874-81f7-f2dea6970f18.json
APK textual entries	domain	b43ff3c2-02bb-4874-81f7-f2dea6970f18.pn
APK textual entries	domain	b43ff3c2-02bb-4874-81f7-f2dea6970f18.png
APK textual entries	domain	b44f4c83-c7e3-41ac-80a2-0a6bbade4a7a.json
APK textual entries	domain	b469f016-75bb-44b0-83a2-785979fb7140.json
APK textual entries	domain	b4873f64-3294-483f-9fa4-aaa58e62a55d.json
APK textual entries	domain	b4873f64-3294-483f-9fa4-aaa58e62a55d.ma
APK textual entries	domain	b4873f64-3294-483f-9fa4-aaa58e62a55d.manifest
APK textual entries	domain	b48de42b-282d-471a-9964-4da542c8ff10.json
APK textual entries	domain	b48de42b-282d-471a-9964-4da542c8ff10.ma
APK textual entries	domain	b48de42b-282d-471a-9964-4da542c8ff10.manifest
APK textual entries	domain	b4ca8bf7-49ca-42ad-8d86-bf79ee7c4fed.json
APK textual entries	domain	b4cedd63-c1f0-4b5f-906b-50c179c4d5fd.json
APK textual entries	domain	b5411440-7560-4c88-b5ae-b427274aad7d.json
APK textual entries	domain	b5411440-7560-4c88-b5ae-b427274aad7d.pn
APK textual entries	domain	b5411440-7560-4c88-b5ae-b427274aad7d.png
APK textual entries	domain	b541a8dc-9efa-4bc1-8b56-589e3b2cb941.json
APK textual entries	domain	b5660347-0aec-4220-a3ba-c9babb146884.json
APK textual entries	domain	b5865bc8-a9e9-4d36-b011-dd35ae6aaedd.json
APK textual entries	domain	b5955829-f2e5-4f01-b94f-6e1c0c742e26.json
APK textual entries	domain	b5b86256-1e6e-4a60-9b70-cda683a11308.json
APK textual entries	domain	b5bfaf9b-1faa-466c-953f-a5fc9d3c23e4.json
APK textual entries	domain	b5bfaf9b-1faa-466c-953f-a5fc9d3c23e4.pn
APK textual entries	domain	b5bfaf9b-1faa-466c-953f-a5fc9d3c23e4.png
APK textual entries	domain	b5cd9cae-dce4-427f-95bb-6cf032b22732.json
APK textual entries	domain	b5cd9cae-dce4-427f-95bb-6cf032b22732.ma
APK textual entries	domain	b5cd9cae-dce4-427f-95bb-6cf032b22732.manifest
APK textual entries	domain	b605b42f-5fca-4d21-b466-a443de834883.json
APK textual entries	domain	b605b42f-5fca-4d21-b466-a443de834883.pn
APK textual entries	domain	b605b42f-5fca-4d21-b466-a443de834883.png
APK textual entries	domain	b66e6a44-f9fa-41cb-b0c9-09b036516965.json
APK textual entries	domain	b66e6a44-f9fa-41cb-b0c9-09b036516965.ma
APK textual entries	domain	b66e6a44-f9fa-41cb-b0c9-09b036516965.manifest
APK textual entries	domain	b694a4da-9f25-4c82-b264-79c9cae81e4a.json
APK textual entries	domain	b6a08375-3d12-4e76-9046-64468705291f.json
APK textual entries	domain	b6a08375-3d12-4e76-9046-64468705291f.pn
APK textual entries	domain	b6a08375-3d12-4e76-9046-64468705291f.png
APK textual entries	domain	b6d33a47-c4f8-4b6b-acd4-2c18a741aa8d.json
APK textual entries	domain	b6d33a47-c4f8-4b6b-acd4-2c18a741aa8d.ma
APK textual entries	domain	b6d33a47-c4f8-4b6b-acd4-2c18a741aa8d.manifest
APK textual entries	domain	b6d7b436-7e5f-45a8-9659-23f3cb70c6cf.json
APK textual entries	domain	b744cfb6-3871-4653-9ded-7d6bec599ceb.json
APK textual entries	domain	b74a0a20-91e2-49a2-bfde-c74bae1ce87c.json
APK textual entries	domain	b75f0ada-6dfd-44f7-abf1-a5270f4f51e4.json
APK textual entries	domain	b760b684-c793-45b0-b2be-546dc694ae5c.json
APK textual entries	domain	b760b684-c793-45b0-b2be-546dc694ae5c.mp
APK textual entries	domain	b76ea24d-a952-4246-a72b-d5e2006251ab.json
APK textual entries	domain	b804bd62-ac3b-4348-a0b5-4aa6e48071e2.json
APK textual entries	domain	b80e91f5-caeb-4139-b422-4cfbc4eddd08.json
APK textual entries	domain	b832a34b-37cb-46ee-9623-3e1e42079a7f.json
APK textual entries	domain	b832a34b-37cb-46ee-9623-3e1e42079a7f.mp
APK textual entries	domain	b84e5edf-f6a5-478c-9677-cc9f0bc2b933.json
APK textual entries	domain	b865b4f1-1be1-4e9c-a769-dc465edd87b5.json
APK textual entries	domain	b8e0beef-5adb-453c-8578-ae4eed08eb00.json
APK textual entries	domain	b8e97689-e610-46b5-a93c-e080662d06b1.json
APK textual entries	domain	b9252683-f8f9-4d75-9597-766056c20bbd.at
APK textual entries	domain	b9252683-f8f9-4d75-9597-766056c20bbd.atlas
APK textual entries	domain	b9252683-f8f9-4d75-9597-766056c20bbd.json
APK textual entries	domain	b93d2237-9195-45e4-85c6-a10248d312a6.json
APK textual entries	domain	b9458477-fee6-4d33-9476-4238fdef20df.at
APK textual entries	domain	b9458477-fee6-4d33-9476-4238fdef20df.atlas
APK textual entries	domain	b9458477-fee6-4d33-9476-4238fdef20df.json
APK textual entries	domain	b951a1ed-f34d-403a-91f0-7b166da12a68.json
APK textual entries	domain	b951a1ed-f34d-403a-91f0-7b166da12a68.ma
APK textual entries	domain	b951a1ed-f34d-403a-91f0-7b166da12a68.manifest
APK textual entries	domain	b9565bb1-10dc-4c89-ad7c-adaf1241900b.json
APK textual entries	domain	b9565bb1-10dc-4c89-ad7c-adaf1241900b.ma
APK textual entries	domain	b9565bb1-10dc-4c89-ad7c-adaf1241900b.manifest
APK textual entries	domain	ba33e932-16b0-4c43-804d-1e22b54284c0.json
APK textual entries	domain	ba471857-2abb-44ef-9df9-b824bcfdf149.json
APK textual entries	domain	ba787ad8-eb37-48de-aace-bd32e09e6823.json
APK textual entries	domain	ba892a36-6a3c-420b-aa0f-d3fe3d7bff24.json
APK textual entries	domain	ba92eee8-e028-4ad4-b52c-5837d9eb8737.json
APK textual entries	domain	baa8c6c3-ba79-488b-814e-a951e461b6d1.json
APK textual entries	domain	babd5033-f443-43fc-a4ba-4a92827c4294.json
APK textual entries	domain	bank.emptyaccount
APK textual entries	domain	bank.emptybank
APK textual entries	domain	bank.emptyifsc
APK textual entries	domain	bank.emptyname
APK textual entries	domain	bank.emptyraccount
APK textual entries	domain	bank.notmatch
APK textual entries	domain	bank.reviewing
APK textual entries	domain	bank.underverify
APK textual entries	domain	bank.verified
APK textual entries	domain	bar-filled.js
APK textual entries	domain	base64.min
APK textual entries	domain	baseMaterial.effect
APK textual entries	domain	baseMaterial.effect.getHash
APK textual entries	domain	baseMaterial.effect.updateHash
APK textual entries	domain	bb.push
APK textual entries	domain	bb42ed8e-0867-4584-ad63-b6f84f83bba8.json
APK textual entries	domain	bb525ea6-fc29-4c99-85b4-d83e39402555.json
APK textual entries	domain	bb525ea6-fc29-4c99-85b4-d83e39402555.pn
APK textual entries	domain	bb525ea6-fc29-4c99-85b4-d83e39402555.png
APK textual entries	domain	bb94b1f2-81fa-41af-9a12-e282341c252a.json
APK textual entries	domain	bb94b1f2-81fa-41af-9a12-e282341c252a.ma
APK textual entries	domain	bb94b1f2-81fa-41af-9a12-e282341c252a.manifest
APK textual entries	domain	bbb0699a-8686-40cf-9773-56e472837b63.json
APK textual entries	domain	bbcbba61-6bcc-4f59-9c56-0a682c1998fa.json
APK textual entries	domain	bc38d1a0-b679-4ba6-b43d-ff8762b97b97.json
APK textual entries	domain	bc5027ab-5976-4e8c-8309-66969b2de86e.json
APK textual entries	domain	bc5027ab-5976-4e8c-8309-66969b2de86e.pn
APK textual entries	domain	bc5027ab-5976-4e8c-8309-66969b2de86e.png
APK textual entries	domain	bca52538-7d01-437d-b373-fff969038543.json
APK textual entries	domain	bcae3c64-1eae-4ce6-83ca-e351e6cf2e1e.json
APK textual entries	domain	bd016f27-7ffa-4f56-b1ac-942626760b26.json
APK textual entries	domain	bd016f27-7ffa-4f56-b1ac-942626760b26.ma
APK textual entries	domain	bd016f27-7ffa-4f56-b1ac-942626760b26.manifest
APK textual entries	domain	bd05ff4f-f119-43bf-be4b-226fcbcf5773.json
APK textual entries	domain	bd22a211-ee87-487d-a6f5-8c381d354932.json
APK textual entries	domain	bd268cae-d8a0-4392-b1f0-ec5103ba3306.json
APK textual entries	domain	bd5b4006-1204-4354-b8b6-f85bcafcf911.json
APK textual entries	domain	bd5c6fc8-fc58-4337-a004-adcc59200af7.json
APK textual entries	domain	bd9c620a-b5c8-4101-8e40-905ed55a7409.json
APK textual entries	domain	bd9c620a-b5c8-4101-8e40-905ed55a7409.ma
APK textual entries	domain	bd9c620a-b5c8-4101-8e40-905ed55a7409.manifest
APK textual entries	domain	bda77361-5fd2-4822-9476-a220de1d809f.json
APK textual entries	domain	bdc511cf-9917-457a-bf4d-dff36ffc7d00.json
APK textual entries	domain	be14347d-e3d1-4da2-bc1f-2db4177f3dc7.json
APK textual entries	domain	be14347d-e3d1-4da2-bc1f-2db4177f3dc7.pn
APK textual entries	domain	be14347d-e3d1-4da2-bc1f-2db4177f3dc7.png
APK textual entries	domain	be16c35d-6617-4b07-92b6-8fa1781bb6e8.json
APK textual entries	domain	be1edf23-8b20-4839-ba21-9087acd19f51.json
APK textual entries	domain	be3817ab-e442-4357-ae46-dd22cd2b11f8.json
APK textual entries	domain	be3817ab-e442-4357-ae46-dd22cd2b11f8.pn
APK textual entries	domain	be3817ab-e442-4357-ae46-dd22cd2b11f8.png
APK textual entries	domain	be70571a-8bba-449f-8fdc-60b30cfced5e.json
APK textual entries	domain	be70571a-8bba-449f-8fdc-60b30cfced5e.ma
APK textual entries	domain	be70571a-8bba-449f-8fdc-60b30cfced5e.manifest
APK textual entries	domain	beee7e13-e6bb-4963-beba-45389a2edad8.json
APK textual entries	domain	bef7ce84-507f-4db3-a53c-9a005da1ac15.json
APK textual entries	domain	bf33b481-3440-42a8-97f6-db195660135b.json
APK textual entries	domain	bf33b481-3440-42a8-97f6-db195660135b.ma
APK textual entries	domain	bf33b481-3440-42a8-97f6-db195660135b.manifest
APK textual entries	domain	bf3a08ee-4dfa-4dd9-9917-f1557cfce99f.json
APK textual entries	domain	bf547677-80d1-4d24-a01e-f95398cd4aee.json
APK textual entries	domain	bfb82f01-2097-4eaa-8e5a-66ba0fba6b40.json
APK textual entries	domain	bfc5a867-d36c-4555-85b3-3e7d180c73cc.json
APK textual entries	domain	bfe4180e-ada0-40bd-aedb-91e83f356526.json
APK textual entries	domain	biaotishuzi.png
APK textual entries	domain	bigwin.png
APK textual entries	domain	blob.data
APK textual entries	domain	blob.encoding
APK textual entries	domain	blob.slice
APK textual entries	domain	blob.type
APK textual entries	domain	blob.webkitSlice
APK textual entries	domain	blobParts.length
APK textual entries	domain	bmfont.js
APK textual entries	domain	bonus.current
APK textual entries	domain	bonus.plist
APK textual entries	domain	buf.join
APK textual entries	domain	buf.length
APK textual entries	domain	buf.push
APK textual entries	domain	buf.sort.apply
APK textual entries	domain	buffer.getCurMeshIndex
APK textual entries	domain	buffer.indiceOffset
APK textual entries	domain	buffer.indiceStart
APK textual entries	domain	buffer.meshbuffer
APK textual entries	domain	buffer.meshbuffer.used
APK textual entries	domain	buffer.vertexOffset
APK textual entries	domain	buffer.vertexStart
APK textual entries	domain	builder.append
APK textual entries	domain	builder.getBlob
APK textual entries	domain	builtin.defaultTexture
APK textual entries	domain	builtin.programTemplates
APK textual entries	domain	c.charCodeAt
APK textual entries	domain	c0040c95-c57f-49cd-9cbc-12316b73d0d4.json
APK textual entries	domain	c0345a96-84df-4ac8-b0ba-802581a0025b.json
APK textual entries	domain	c0345a96-84df-4ac8-b0ba-802581a0025b.ma
APK textual entries	domain	c0345a96-84df-4ac8-b0ba-802581a0025b.manifest
APK textual entries	domain	c0381bef-ca1c-4a18-bc45-9b0718393c6b.json
APK textual entries	domain	c04a7dbf-455c-430e-b50d-970d64dda405.json
APK textual entries	domain	c0647e4e-20bf-483f-848a-d3e9ef016a59.json
APK textual entries	domain	c07b50fb-50cb-4bf7-8564-733490906197.json
APK textual entries	domain	c07f2045-966e-4559-8541-784da6f22423.json
APK textual entries	domain	c09143b6-a54a-4987-976f-3840f7f9bf23.json
APK textual entries	domain	c0ce1a07-00ac-4d09-9f92-fb689f840325.json
APK textual entries	domain	c107f314-25a5-4ab8-8a6b-96ad6467727b.at
APK textual entries	domain	c107f314-25a5-4ab8-8a6b-96ad6467727b.atlas
APK textual entries	domain	c107f314-25a5-4ab8-8a6b-96ad6467727b.json
APK textual entries	domain	c134e293-8daa-4afe-9753-c79dc3f71e3a.json
APK textual entries	domain	c134e293-8daa-4afe-9753-c79dc3f71e3a.ma
APK textual entries	domain	c134e293-8daa-4afe-9753-c79dc3f71e3a.manifest
APK textual entries	domain	c136cbc3-bc45-4f25-a8ae-cf14506af695.json
APK textual entries	domain	c13b2fb1-5eee-4364-a68c-abcf396cf5b5.json
APK textual entries	domain	c15abc4f-e894-40bd-bbdb-78defa041c68.json
APK textual entries	domain	c16570c0-c473-4961-ac22-fbac1e113a3a.json
APK textual entries	domain	c177912f-c594-43af-a636-0afefb6a4c5c.json
APK textual entries	domain	c17c1d5c-c23d-4ae9-9741-8699b4596f49.json
APK textual entries	domain	c17c1d5c-c23d-4ae9-9741-8699b4596f49.ma
APK textual entries	domain	c17c1d5c-c23d-4ae9-9741-8699b4596f49.manifest
APK textual entries	domain	c18df571-46dc-46cb-886c-b0f0606a14c1.json
APK textual entries	domain	c18df571-46dc-46cb-886c-b0f0606a14c1.pn
APK textual entries	domain	c18df571-46dc-46cb-886c-b0f0606a14c1.png
APK textual entries	domain	c1b68396-a776-4986-8d21-bea306a794df.json
APK textual entries	domain	c1dabdbc-6cd9-44d8-9a86-21210702e539.json
APK textual entries	domain	c204947a-699f-4637-996d-3643a1b10da3.at
APK textual entries	domain	c204947a-699f-4637-996d-3643a1b10da3.atlas
APK textual entries	domain	c204947a-699f-4637-996d-3643a1b10da3.json
APK textual entries	domain	c21bb8cb-2490-46f1-ad78-d8fff87db86c.json
APK textual entries	domain	c221ff76-7296-4948-b076-e49cc6f8dea7.json
APK textual entries	domain	c221ff76-7296-4948-b076-e49cc6f8dea7.ma
APK textual entries	domain	c221ff76-7296-4948-b076-e49cc6f8dea7.manifest
APK textual entries	domain	c234305b-d9aa-46c7-b942-edd2b6c9ba59.json
APK textual entries	domain	c234305b-d9aa-46c7-b942-edd2b6c9ba59.ma
APK textual entries	domain	c234305b-d9aa-46c7-b942-edd2b6c9ba59.manifest
APK textual entries	domain	c23f0bf2-4969-4050-885d-b2b9ea7ea090.json
APK textual entries	domain	c286b1a9-ae25-4d9e-b1d6-9cd9305e1553.json
APK textual entries	domain	c31a53ba-ccd0-480a-b891-caed8d78762d.json
APK textual entries	domain	c31a53ba-ccd0-480a-b891-caed8d78762d.ma
APK textual entries	domain	c31a53ba-ccd0-480a-b891-caed8d78762d.manifest
APK textual entries	domain	c34b3036-795d-4ad0-ae1a-75c93229c1d1.json
APK textual entries	domain	c34b3036-795d-4ad0-ae1a-75c93229c1d1.ma
APK textual entries	domain	c34b3036-795d-4ad0-ae1a-75c93229c1d1.manifest
APK textual entries	domain	c3817814-3c33-49f2-b9d9-225d3f822b2a.json
APK textual entries	domain	c3817814-3c33-49f2-b9d9-225d3f822b2a.pn
APK textual entries	domain	c3817814-3c33-49f2-b9d9-225d3f822b2a.png
APK textual entries	domain	c3a28e5c-ec58-4b7a-88cc-856362d4fc28.json
APK textual entries	domain	c3a8caf3-9260-4f20-a2ad-a8d5d63d30b4.json
APK textual entries	domain	c3de4f6e-47e3-448b-8043-9f8f23429a7f.json
APK textual entries	domain	c3e0ba6f-501e-4b3a-885c-262b78d32fcb.json
APK textual entries	domain	c3f0a0e8-b38f-46f6-986c-c93a8cfd18d1.json
APK textual entries	domain	c3f0a0e8-b38f-46f6-986c-c93a8cfd18d1.pn
APK textual entries	domain	c3f0a0e8-b38f-46f6-986c-c93a8cfd18d1.png
APK textual entries	domain	c403c7f8-6fbd-4375-aadd-8133e830c3b0.json
APK textual entries	domain	c409ae53-1d0a-47ec-9196-4ac94bcaedbb.json
APK textual entries	domain	c4185a54-6b53-4742-8127-235b00642502.json
APK textual entries	domain	c41c531c-bdd7-4f9d-9140-20e0ade2459c.json
APK textual entries	domain	c41c531c-bdd7-4f9d-9140-20e0ade2459c.ma
APK textual entries	domain	c41c531c-bdd7-4f9d-9140-20e0ade2459c.manifest
APK textual entries	domain	c4305320-b396-4560-a4ad-1cd48486cf18.json
APK textual entries	domain	c4398e52-c728-4b70-8c4f-f7ee9ff97996.json
APK textual entries	domain	c4398e52-c728-4b70-8c4f-f7ee9ff97996.pn
APK textual entries	domain	c4398e52-c728-4b70-8c4f-f7ee9ff97996.png
APK textual entries	domain	c44a9508-f4cb-4fe5-aa30-bed997aeb711.json
APK textual entries	domain	c44a9508-f4cb-4fe5-aa30-bed997aeb711.ma
APK textual entries	domain	c44a9508-f4cb-4fe5-aa30-bed997aeb711.manifest
APK textual entries	domain	c44b29e9-5868-45e8-881e-a25378ebb575.json
APK textual entries	domain	c4676765-4b73-43a8-8f05-da228c3aad35.json
APK textual entries	domain	c49bc110-3be1-4aad-b0f3-ad8c38c6c645.json
APK textual entries	domain	c4fb0726-7b4f-4a31-b885-239e5676c7c7.json
APK textual entries	domain	c56a5c2c-d6f2-41a9-8bd6-20a59f67308e.json
APK textual entries	domain	c56a5c2c-d6f2-41a9-8bd6-20a59f67308e.ma
APK textual entries	domain	c56a5c2c-d6f2-41a9-8bd6-20a59f67308e.manifest
APK textual entries	domain	c56f543c-39ee-4022-93c2-e8bc1db156ef.json
APK textual entries	domain	c56f543c-39ee-4022-93c2-e8bc1db156ef.mp
APK textual entries	domain	c6.xml
APK textual entries	domain	c62d6fce-d29a-4f23-b10e-39f9b117cc34.json
APK textual entries	domain	c632c579-5e6b-481d-8a25-d66b555fb6c4.json
APK textual entries	domain	c632c579-5e6b-481d-8a25-d66b555fb6c4.pn
APK textual entries	domain	c632c579-5e6b-481d-8a25-d66b555fb6c4.png
APK textual entries	domain	c65f8c8d-f62e-4a30-8f12-b07c78dd8a66.json
APK textual entries	domain	c67626ed-6295-499e-a6c0-a1b0e9e8a0e5.json
APK textual entries	domain	c67626ed-6295-499e-a6c0-a1b0e9e8a0e5.ma
APK textual entries	domain	c67626ed-6295-499e-a6c0-a1b0e9e8a0e5.manifest
APK textual entries	domain	c696f209-5ae1-4f86-bf59-10f04d2c8c12.json
APK textual entries	domain	c696f209-5ae1-4f86-bf59-10f04d2c8c12.pl
APK textual entries	domain	c696f209-5ae1-4f86-bf59-10f04d2c8c12.plist
APK textual entries	domain	c6bfed6f-8698-4d93-ac65-b5aba204945f.json
APK textual entries	domain	c6d73797-c75e-4d75-9af2-341a15976d25.json
APK textual entries	domain	c70b8424-b38e-4c05-970e-f558f43b3ef3.json
APK textual entries	domain	c723bb6b-38f8-4138-82c2-69b2e9902b61.json
APK textual entries	domain	c74d6ecb-9731-46f8-a7e2-1b12d3788711.json
APK textual entries	domain	c75237bd-ac3a-4fb0-90d5-fda2bac2d2b0.json
APK textual entries	domain	c76166de-7111-431d-af82-83b827bf5b54.json
APK textual entries	domain	c7b159ec-2a02-4cbc-ad7b-76210efc2b7a.json
APK textual entries	domain	c804f040-f835-424d-b38f-7b860cf548dd.json
APK textual entries	domain	c821f0d9-ac1d-4f6b-bb56-2cf4564baba0.json
APK textual entries	domain	c85a66d1-c718-46dc-b278-e677c3fafa5d.json
APK textual entries	domain	c8bba8b6-79c3-4069-b3aa-937958db8c6d.json
APK textual entries	domain	c8ff4fd9-16b9-4161-916c-3e71bb26add3.json
APK textual entries	domain	c8ff4fd9-16b9-4161-916c-3e71bb26add3.pn
APK textual entries	domain	c8ff4fd9-16b9-4161-916c-3e71bb26add3.png
APK textual entries	domain	c9036a1f-e701-45bc-9cec-1c7a58a6628a.json
APK textual entries	domain	c90bfb8e-59d9-4e9f-9dd7-acb6f2a1858e.json
APK textual entries	domain	c93d9724-5c77-4c63-9ffe-9f52ae9ff490.json
APK textual entries	domain	c93d9724-5c77-4c63-9ffe-9f52ae9ff490.pn
APK textual entries	domain	c93d9724-5c77-4c63-9ffe-9f52ae9ff490.png
APK textual entries	domain	c9747fe8-42e8-455e-9fc4-7b64bd02835e.json
APK textual entries	domain	c98aa462-4636-4438-aacd-68f62f5458a8.json
APK textual entries	domain	c99c789a-b5d3-47c7-b563-07197425a23a.json
APK textual entries	domain	c9cb9cef-2a5b-45a1-8dcd-79f23736079e.json
APK textual entries	domain	c9cd397e-da7f-482c-8ce5-cc73225f4ef7.json
APK textual entries	domain	c9cdf861-2a96-43d0-9608-547895121a5a.json
APK textual entries	domain	c9cdf861-2a96-43d0-9608-547895121a5a.pn
APK textual entries	domain	c9cdf861-2a96-43d0-9608-547895121a5a.png
APK textual entries	domain	c9fa51ff-3f01-4601-8f80-325d1b11dab7.json
APK textual entries	domain	cV.xml
APK textual entries	domain	ca168d3a-b322-41c9-a90c-4064fb8f45e9.json
APK textual entries	domain	ca168d3a-b322-41c9-a90c-4064fb8f45e9.mp
APK textual entries	domain	ca57bf86-0981-41d6-a717-272b5e01205a.json
APK textual entries	domain	ca7dd3c3-b489-4276-885e-88181d9b4629.json
APK textual entries	domain	ca8f3266-83a9-4e3a-a9d3-01daf571162f.json
APK textual entries	domain	cabab63b-3cf2-41f6-9d57-87a239b8c6a0.json
APK textual entries	domain	caced012-3c2e-401b-a52f-c76b0786685f.json
APK textual entries	domain	caf38e77-7270-4d79-aab4-7acbdbeafb5d.json
APK textual entries	domain	callback.call
APK textual entries	domain	camera.js
APK textual entries	domain	camera.worldToScreen
APK textual entries	domain	canvas.style.visibility
APK textual entries	domain	cb0c4f7e-e072-4bea-ae41-6ed35ab6c1d3.json
APK textual entries	domain	cb0ca393-33d8-4739-8585-77d414f242a0.json
APK textual entries	domain	cb17241a-31bc-4487-b919-c8591d0d907a.json
APK textual entries	domain	cb17241a-31bc-4487-b919-c8591d0d907a.ma
APK textual entries	domain	cb17241a-31bc-4487-b919-c8591d0d907a.manifest
APK textual entries	domain	cb231d43-0f96-4a18-8c47-e255db8843a7.json
APK textual entries	domain	cb231d43-0f96-4a18-8c47-e255db8843a7.ma
APK textual entries	domain	cb231d43-0f96-4a18-8c47-e255db8843a7.manifest
APK textual entries	domain	cb2364c9-6a2e-432b-aa72-11782c6f0bd7.json
APK textual entries	domain	cb36ffd1-5f3f-447b-a876-6565ac3ac036.json
APK textual entries	domain	cb8ba1ab-df2a-43e4-88cb-1b76a2e34c0f.json
APK textual entries	domain	cb8ba1ab-df2a-43e4-88cb-1b76a2e34c0f.ma
APK textual entries	domain	cb8ba1ab-df2a-43e4-88cb-1b76a2e34c0f.manifest
APK textual entries	domain	cba1a2a5-1c83-4dd6-b938-e5ab6a6cc087.json
APK textual entries	domain	cba1a2a5-1c83-4dd6-b938-e5ab6a6cc087.ma
APK textual entries	domain	cba1a2a5-1c83-4dd6-b938-e5ab6a6cc087.manifest
APK textual entries	domain	cba63334-c3dd-4eb2-9fc0-89d64a2de3c2.json
APK textual entries	domain	cbs.error
APK textual entries	domain	cbs.length
APK textual entries	domain	cbs.load
APK textual entries	domain	cc.Animation
APK textual entries	domain	cc.AnimationClip
APK textual entries	domain	cc.AnimationCurve
APK textual entries	domain	cc.Assembler
APK textual entries	domain	cc.Assembler.init
APK textual entries	domain	cc.Assembler.prototype
APK textual entries	domain	cc.Assembler.prototype.init
APK textual entries	domain	cc.Assembler2D.prototype.updateColor
APK textual entries	domain	cc.Assembler2D.prototype.updateWorldVerts
APK textual entries	domain	cc.Assembler3D.updateWorldVerts
APK textual entries	domain	cc.Asset
APK textual entries	domain	cc.Asset.prototype.destroy.call
APK textual entries	domain	cc.AssetLibrary.init
APK textual entries	domain	cc.Audio
APK textual entries	domain	cc.Audio.State
APK textual entries	domain	cc.Audio.prototype
APK textual entries	domain	cc.AudioClip
APK textual entries	domain	cc.BitmapFont
APK textual entries	domain	cc.BlockInputEvents
APK textual entries	domain	cc.BufferRange
APK textual entries	domain	cc.Button
APK textual entries	domain	cc.Camera
APK textual entries	domain	cc.Camera.findCamera
APK textual entries	domain	cc.Canvas
APK textual entries	domain	cc.Class
APK textual entries	domain	cc.ClickEvent
APK textual entries	domain	cc.Color
APK textual entries	domain	cc.CurveRange
APK textual entries	domain	cc.Director
APK textual entries	domain	cc.EditBox
APK textual entries	domain	cc.Effect
APK textual entries	domain	cc.EffectAsset
APK textual entries	domain	cc.EffectBase
APK textual entries	domain	cc.EffectVariant
APK textual entries	domain	cc.EventTarget
APK textual entries	domain	cc.EventTarget.call
APK textual entries	domain	cc.GradientRange
APK textual entries	domain	cc.Graphics
APK textual entries	domain	cc.JsonAsset
APK textual entries	domain	cc.Keyframe
APK textual entries	domain	cc.Label
APK textual entries	domain	cc.LabelAtlas
APK textual entries	domain	cc.LabelOutline
APK textual entries	domain	cc.Layout
APK textual entries	domain	cc.LimitVelocityOvertimeModule
APK textual entries	domain	cc.Mask
APK textual entries	domain	cc.Mask.prototype
APK textual entries	domain	cc.Mat4.multiply
APK textual entries	domain	cc.Mat4.translate
APK textual entries	domain	cc.Material
APK textual entries	domain	cc.Mesh
APK textual entries	domain	cc.MeshBuffer
APK textual entries	domain	cc.MeshBuffer.prototype
APK textual entries	domain	cc.MeshBuffer.prototype.switchBuffer.call
APK textual entries	domain	cc.MeshRenderer
APK textual entries	domain	cc.MotionStreak
APK textual entries	domain	cc.Node
APK textual entries	domain	cc.Node.EventType
APK textual entries	domain	cc.Node.prototype
APK textual entries	domain	cc.Node.prototype.setLocalDirty
APK textual entries	domain	cc.Object
APK textual entries	domain	cc.PageView
APK textual entries	domain	cc.ParticleAsset
APK textual entries	domain	cc.ParticleSystem
APK textual entries	domain	cc.Prefab
APK textual entries	domain	cc.PrefabInfo
APK textual entries	domain	cc.PrivateNode
APK textual entries	domain	cc.PrivateNode.prototype
APK textual entries	domain	cc.ProgressBar
APK textual entries	domain	cc.QuadBuffer
APK textual entries	domain	cc.QuadBuffer.prototype
APK textual entries	domain	cc.RenderComponent.prototype
APK textual entries	domain	cc.RenderData.prototype
APK textual entries	domain	cc.RenderData.prototype.init
APK textual entries	domain	cc.RenderFlow
APK textual entries	domain	cc.RenderFlow.register
APK textual entries	domain	cc.RichText
APK textual entries	domain	cc.RotationOvertimeModule
APK textual entries	domain	cc.Scene
APK textual entries	domain	cc.SceneAsset
APK textual entries	domain	cc.ScrollView
APK textual entries	domain	cc.Scrollbar
APK textual entries	domain	cc.ShapeModule
APK textual entries	domain	cc.Size
APK textual entries	domain	cc.SizeOvertimeModule
APK textual entries	domain	cc.SkinnedMeshRenderer
APK textual entries	domain	cc.Sprite
APK textual entries	domain	cc.SpriteAtlas
APK textual entries	domain	cc.SpriteFrame
APK textual entries	domain	cc.TTFFont
APK textual entries	domain	cc.TextureAnimationModule
APK textual entries	domain	cc.TiledLayer
APK textual entries	domain	cc.TiledLayer.prototype
APK textual entries	domain	cc.TiledMap
APK textual entries	domain	cc.TiledMapBuffer
APK textual entries	domain	cc.TiledMapBuffer.prototype
APK textual entries	domain	cc.TiledMapRenderDataList
APK textual entries	domain	cc.TiledMapRenderDataList.prototype
APK textual entries	domain	cc.Toggle
APK textual entries	domain	cc.ToggleContainer
APK textual entries	domain	cc.Vec4.strictEquals
APK textual entries	domain	cc.VelocityOvertimeModule
APK textual entries	domain	cc.WebView
APK textual entries	domain	cc.WebView.Impl
APK textual entries	domain	cc.WebView.Impl.prototype
APK textual entries	domain	cc.Widget
APK textual entries	domain	cc.audioEngine
APK textual entries	domain	cc.audioEngine.preload
APK textual entries	domain	cc.color
APK textual entries	domain	cc.debug.DebugMode.ERROR
APK textual entries	domain	cc.debug.DebugMode.INFO
APK textual entries	domain	cc.director
APK textual entries	domain	cc.director.getScene
APK textual entries	domain	cc.director.loadScene
APK textual entries	domain	cc.director.once
APK textual entries	domain	cc.error
APK textual entries	domain	cc.errorID
APK textual entries	domain	cc.fileUtils.createDirectory
APK textual entries	domain	cc.fileUtils.isFileExist
APK textual entries	domain	cc.fileUtils.removeDirectory
APK textual entries	domain	cc.fileUtils.removeFile
APK textual entries	domain	cc.fileUtils.renameFile
APK textual entries	domain	cc.game
APK textual entries	domain	cc.game.canvas.height
APK textual entries	domain	cc.game.canvas.width
APK textual entries	domain	cc.game.emit
APK textual entries	domain	cc.game.on
APK textual entries	domain	cc.game.restart
APK textual entries	domain	cc.game.run
APK textual entries	domain	cc.gfx.VertexFormat
APK textual entries	domain	cc.js
APK textual entries	domain	cc.js.getset
APK textual entries	domain	cc.js.mixin
APK textual entries	domain	cc.loader
APK textual entries	domain	cc.loader.addDownloadHandlers
APK textual entries	domain	cc.loader.addLoadHandlers
APK textual entries	domain	cc.loader.downloader
APK textual entries	domain	cc.loader.loadRes
APK textual entries	domain	cc.loader.md5Pipe.transformURL
APK textual entries	domain	cc.loader.onProgress
APK textual entries	domain	cc.logID
APK textual entries	domain	cc.macro
APK textual entries	domain	cc.mesh.Primitive
APK textual entries	domain	cc.mesh.VertexBundle
APK textual entries	domain	cc.mesh.VertexFormat
APK textual entries	domain	cc.path.extname
APK textual entries	domain	cc.rect
APK textual entries	domain	cc.sys
APK textual entries	domain	cc.sys.browserType
APK textual entries	domain	cc.sys.capabilities
APK textual entries	domain	cc.sys.isBrowser
APK textual entries	domain	cc.sys.isMobile
APK textual entries	domain	cc.sys.os
APK textual entries	domain	cc.view
APK textual entries	domain	cc.view.convertToLocationInView
APK textual entries	domain	cc.view.enableAutoFullScreen
APK textual entries	domain	cc.view.enableRetina
APK textual entries	domain	cc.view.getFrameSize
APK textual entries	domain	cc.view.resizeWithBrowserSize
APK textual entries	domain	cc.view.setOrientation
APK textual entries	domain	cc.warn
APK textual entries	domain	cc.warnID
APK textual entries	domain	cc0b5a76-3dd2-4965-a796-baae198b3239.json
APK textual entries	domain	cc0b5a76-3dd2-4965-a796-baae198b3239.ma
APK textual entries	domain	cc0b5a76-3dd2-4965-a796-baae198b3239.manifest
APK textual entries	domain	cc10eefa-0c0c-4cc5-a6dd-dea67e83d01a.json
APK textual entries	domain	cc10eefa-0c0c-4cc5-a6dd-dea67e83d01a.pn
APK textual entries	domain	cc10eefa-0c0c-4cc5-a6dd-dea67e83d01a.png
APK textual entries	domain	cc319b12-3f5a-4cc8-a745-81f923fb11d7.at
APK textual entries	domain	cc319b12-3f5a-4cc8-a745-81f923fb11d7.atlas
APK textual entries	domain	cc319b12-3f5a-4cc8-a745-81f923fb11d7.json
APK textual entries	domain	cc334795-ac12-4918-8440-b3d1d67bb83b.json
APK textual entries	domain	cc334795-ac12-4918-8440-b3d1d67bb83b.pn
APK textual entries	domain	cc334795-ac12-4918-8440-b3d1d67bb83b.png
APK textual entries	domain	cc55b509-49e8-4716-874a-82b4e3386652.json
APK textual entries	domain	cc566495-9138-4edf-b290-5ed58c842818.json
APK textual entries	domain	cc70dba0-8324-46af-a5f1-3758dd746da6.json
APK textual entries	domain	cc9c030e-7dc1-41d3-ae1c-df619f5f7857.json
APK textual entries	domain	ccNode.convertToWorldSpaceAR
APK textual entries	domain	cca6fe32-10bf-4990-8c51-8baf5971e0b6.json
APK textual entries	domain	cceee053-5e20-45c3-8ef2-a1f82cdea426.json
APK textual entries	domain	ccf6f57f-1c90-4715-ba0a-ec4e134a38dd.json
APK textual entries	domain	cd11d4b1-2b3f-4e52-8ce6-1625c091d928.json
APK textual entries	domain	cd11d4b1-2b3f-4e52-8ce6-1625c091d928.mp
APK textual entries	domain	cd179bcb-31c5-493c-aaea-22ab13607876.json
APK textual entries	domain	cd179bcb-31c5-493c-aaea-22ab13607876.ma
APK textual entries	domain	cd179bcb-31c5-493c-aaea-22ab13607876.manifest
APK textual entries	domain	cd28029c-a904-4f18-b130-54cdc915144f.json
APK textual entries	domain	cd3d00b0-9acc-46e4-88f8-40e5c7ec41ab.json
APK textual entries	domain	cd561302-adaa-4b23-b82a-5c492950264a.json
APK textual entries	domain	cd71244a-ed9b-4046-9b5d-60195298a048.json
APK textual entries	domain	cd9567a4-84d2-4642-9154-c048aae5a867.json
APK textual entries	domain	cdd363a8-1e7e-4603-bed5-21e0b05052da.json
APK textual entries	domain	cdn.jsdelivr.net
APK textual entries	domain	ce46b048-a1c9-41f8-bfeb-356e8d6b4804.json
APK textual entries	domain	ce6100a4-7ff0-43aa-bc46-53820126f742.json
APK textual entries	domain	ce851282-9d98-415b-a5df-607bd4e97a9c.json
APK textual entries	domain	ce851282-9d98-415b-a5df-607bd4e97a9c.ma
APK textual entries	domain	ce851282-9d98-415b-a5df-607bd4e97a9c.manifest
APK textual entries	domain	ce8e57a3-0c38-4fe8-b9f5-d6db2d986477.json
APK textual entries	domain	ce8e57a3-0c38-4fe8-b9f5-d6db2d986477.ma
APK textual entries	domain	ce8e57a3-0c38-4fe8-b9f5-d6db2d986477.manifest
APK textual entries	domain	ce987fb0-94bf-492f-8339-d15d1234945e.json
APK textual entries	domain	ceec4cbf-dec7-47bd-b7b9-fc21956fbafa.json
APK textual entries	domain	ceff78cf-73a6-4cff-8cef-7dc1f52d4317.json
APK textual entries	domain	certdata.txt
APK textual entries	domain	cf68cbb2-2a8d-475f-a20a-78075638ad44.json
APK textual entries	domain	cf790552-223f-434e-ad68-56c113734b53.json
APK textual entries	domain	cf7e0bb8-a81c-44a9-ad79-d28d43991032.json
APK textual entries	domain	cf971876-6bfb-4ac1-864a-03295f543866.json
APK textual entries	domain	cf971876-6bfb-4ac1-864a-03295f543866.pl
APK textual entries	domain	cf971876-6bfb-4ac1-864a-03295f543866.plist
APK textual entries	domain	cfe3c9fd-92ca-443b-9312-b277ae276f54.json
APK textual entries	domain	cfe3c9fd-92ca-443b-9312-b277ae276f54.ma
APK textual entries	domain	cfe3c9fd-92ca-443b-9312-b277ae276f54.manifest
APK textual entries	domain	cfef78f1-c8df-49b7-8ed0-4c953ace2621.json
APK textual entries	domain	cfef78f1-c8df-49b7-8ed0-4c953ace2621.pn
APK textual entries	domain	cfef78f1-c8df-49b7-8ed0-4c953ace2621.png
APK textual entries	domain	charCode.toLowerCase
APK textual entries	domain	chars.length
APK textual entries	domain	chars.substr
APK textual entries	domain	chatBgAtlas.plist
APK textual entries	domain	child.appendData
APK textual entries	domain	child.data
APK textual entries	domain	child.nextSibling
APK textual entries	domain	child.nodeType
APK textual entries	domain	child.normalize
APK textual entries	domain	child.previousSibling
APK textual entries	domain	children.length
APK textual entries	domain	claimed.Go
APK textual entries	domain	classProto.hasOwnProperty
APK textual entries	domain	classes.dex
APK textual entries	domain	clip.loaded
APK textual entries	domain	clip.nativeUrl
APK textual entries	domain	cocos2d-jsb.js
APK textual entries	domain	cocos2d-jsb.jsc
APK textual entries	domain	cocos2d-runtime.js
APK textual entries	domain	col.rgb
APK textual entries	domain	color.rgb
APK textual entries	domain	com.adobe.xmp
APK textual entries	domain	com.facebook.katana
APK textual entries	domain	com.google.android.c2dm.intent.RECEIVE
APK textual entries	domain	com.google.android.c2dm.permission.RECEIVE
APK textual entries	domain	com.google.android.c2dm.permission.SEND
APK textual entries	domain	com.google.android.datatransport.cct.CctBackendFactory
APK textual entries	domain	com.google.android.gms.measurement.AppMeasurementJobService
APK textual entries	domain	com.google.android.gms.permission
APK textual entries	domain	com.google.android.gms.version
APK textual entries	domain	com.google.android.providers.gsf.permission
APK textual entries	domain	com.google.firebase
APK textual entries	domain	com.google.firebase.analytics.connector.internal.AnalyticsConnectorRegistrar
APK textual entries	domain	com.google.firebase.datatransport.TransportRegistrar
APK textual entries	domain	com.google.firebase.installations.FirebaseInstallationsRegistrar
APK textual entries	domain	com.google.firebase.messaging
APK textual entries	domain	com.google.firebase.messaging.FirebaseMessagingRegistrar
APK textual entries	domain	com.tppart.games.yo
APK textual entries	domain	com.tppart.games.yo.fileprovider
APK textual entries	domain	com.tppart.games.yo.firebaseinitprovider
APK textual entries	domain	com.whatsapp
APK textual entries	domain	comp.calcJointMatrix
APK textual entries	domain	comp.dragonAsset
APK textual entries	domain	comp.dragonAtlasAsset
APK textual entries	domain	comp.mesh
APK textual entries	domain	comp.mesh.subDatas
APK textual entries	domain	comp.node
APK textual entries	domain	config.localNSMap
APK textual entries	domain	config.localName
APK textual entries	domain	config.tagName
APK textual entries	domain	config.tagName.toLowerCase
APK textual entries	domain	config.uri
APK textual entries	domain	console.dir
APK textual entries	domain	console.error
APK textual entries	domain	console.error.bind
APK textual entries	domain	console.log
APK textual entries	domain	console.warn
APK textual entries	domain	contact.png
APK textual entries	domain	contentSize.height
APK textual entries	domain	contentSize.width
APK textual entries	domain	controlled.Each
APK textual entries	domain	core.html
APK textual entries	domain	cp.removeChild
APK textual entries	domain	cs.length
APK textual entries	domain	ctx.createImageData
APK textual entries	domain	ctx.getImageData
APK textual entries	domain	ctx.putImageData
APK textual entries	domain	ctx2DProto.createImageData
APK textual entries	domain	ctx2DProto.getImageData
APK textual entries	domain	ctx2DProto.putImageData
APK textual entries	domain	currency.You
APK textual entries	domain	current.parentNode
APK textual entries	domain	current.tagName
APK textual entries	domain	d0113187-6f35-461d-a2e6-fad9932a4239.json
APK textual entries	domain	d0113187-6f35-461d-a2e6-fad9932a4239.ma
APK textual entries	domain	d0113187-6f35-461d-a2e6-fad9932a4239.manifest
APK textual entries	domain	d01ed41a-8ebf-4424-9e4a-e7fab40765bb.json
APK textual entries	domain	d01fddde-11d7-4d86-8cce-a3154c0a93c2.json
APK textual entries	domain	d020687b-c55f-446e-8fd0-1c890d165cd9.json
APK textual entries	domain	d027c5a9-3567-4bf3-86c1-d8ca69b0f4a1.json
APK textual entries	domain	d027c5a9-3567-4bf3-86c1-d8ca69b0f4a1.mp
APK textual entries	domain	d044c208-f8ee-4449-b87f-33960444e012.json
APK textual entries	domain	d0a82d39-bede-46c4-b698-c81ff0dedfff.json
APK textual entries	domain	d0a82d39-bede-46c4-b698-c81ff0dedfff.pn
APK textual entries	domain	d0a82d39-bede-46c4-b698-c81ff0dedfff.png
APK textual entries	domain	d0c409c4-136a-4649-ba90-3ce61453e420.json
APK textual entries	domain	d0ce4877-3f42-43f7-bc23-9ccc4df3d020.json
APK textual entries	domain	d0cf8c7f-33f7-4e9e-a42c-63901f8c44ea.json
APK textual entries	domain	d0cf8c7f-33f7-4e9e-a42c-63901f8c44ea.pn
APK textual entries	domain	d0cf8c7f-33f7-4e9e-a42c-63901f8c44ea.png
APK textual entries	domain	d0db6819-cc9f-4b88-9dc9-4a53ff9d169a.json
APK textual entries	domain	d0db6819-cc9f-4b88-9dc9-4a53ff9d169a.pn
APK textual entries	domain	d0db6819-cc9f-4b88-9dc9-4a53ff9d169a.png
APK textual entries	domain	d0f8ed4c-b274-463a-8322-4f88871cf1cc.json
APK textual entries	domain	d0f8ed4c-b274-463a-8322-4f88871cf1cc.ma
APK textual entries	domain	d0f8ed4c-b274-463a-8322-4f88871cf1cc.manifest
APK textual entries	domain	d1026aa6-5f1d-49e7-952d-0b23f1fc7908.json
APK textual entries	domain	d16e0226-5f72-4a0b-a206-0155df91569b.json
APK textual entries	domain	d1a1f362-9e78-4712-b083-ff137711322b.json
APK textual entries	domain	d1b17023-a25c-4aa9-b2b0-8b27190561fe.at
APK textual entries	domain	d1b17023-a25c-4aa9-b2b0-8b27190561fe.atlas
APK textual entries	domain	d1b17023-a25c-4aa9-b2b0-8b27190561fe.json
APK textual entries	domain	d1cf7c6e-75f7-4c37-a084-45f7e6337a15.json
APK textual entries	domain	d1cf7c6e-75f7-4c37-a084-45f7e6337a15.ma
APK textual entries	domain	d1cf7c6e-75f7-4c37-a084-45f7e6337a15.manifest
APK textual entries	domain	d1e90021-ed0b-4143-9122-596f5e221502.json
APK textual entries	domain	d1fd1073-a32e-435d-a6f1-7cd1c628a610.json
APK textual entries	domain	d1fd1073-a32e-435d-a6f1-7cd1c628a610.ma
APK textual entries	domain	d1fd1073-a32e-435d-a6f1-7cd1c628a610.manifest
APK textual entries	domain	d233a16c-c512-4906-ba72-26b1b4a57486.json
APK textual entries	domain	d26c3009-f50b-4db6-8f07-7294c104363b.json
APK textual entries	domain	d26c3009-f50b-4db6-8f07-7294c104363b.ma
APK textual entries	domain	d26c3009-f50b-4db6-8f07-7294c104363b.manifest
APK textual entries	domain	d2792b4a-fcd9-4681-bb6b-d9db27bead6e.json
APK textual entries	domain	d279b8af-d24a-4b35-9a16-cca261e37c7e.json
APK textual entries	domain	d28c2fe2-5494-45e4-8b42-aeed11d8c789.json
APK textual entries	domain	d2b3841f-8e61-448d-851e-f57a0d005ece.json
APK textual entries	domain	d2c46bab-bda6-4f4e-ae50-db4f2fe575d1.json
APK textual entries	domain	d2d832e4-3a17-4df0-8651-78199a607256.json
APK textual entries	domain	d2ddaf46-0eb2-4225-99db-675190840717.json
APK textual entries	domain	d2ddaf46-0eb2-4225-99db-675190840717.ma
APK textual entries	domain	d2ddaf46-0eb2-4225-99db-675190840717.manifest
APK textual entries	domain	d31bb486-b81d-4dd7-87da-d05906ad2fb6.json
APK textual entries	domain	d35dfacb-82a1-42c2-92cb-51ce0c3e918b.json
APK textual entries	domain	d35dfacb-82a1-42c2-92cb-51ce0c3e918b.pn
APK textual entries	domain	d35dfacb-82a1-42c2-92cb-51ce0c3e918b.png
APK textual entries	domain	d35f8d78-aefb-470b-88a5-a458d9e3fa46.json
APK textual entries	domain	d3845b18-0fd8-48f7-bfbd-24bed72b8020.json
APK textual entries	domain	d395bb06-a87d-42e9-bc2f-264da362ae36.json
APK textual entries	domain	d3b204f6-bf8d-47a2-9ee7-69d2082cf8bf.json
APK textual entries	domain	d3b204f6-bf8d-47a2-9ee7-69d2082cf8bf.mp
APK textual entries	domain	d411d2d2-cb0b-49e4-8dcb-194ed77657c3.json
APK textual entries	domain	d4551ef7-8122-44d2-bbde-c87add5d2f7c.json
APK textual entries	domain	d49c668a-28de-421c-acd6-67a9899d1f04.json
APK textual entries	domain	d49c668a-28de-421c-acd6-67a9899d1f04.pn
APK textual entries	domain	d49c668a-28de-421c-acd6-67a9899d1f04.png
APK textual entries	domain	d4f37d28-6b9b-4cad-b28b-164fc6e5e17c.json
APK textual entries	domain	d500521f-b849-4d3b-95ad-6cbb5ca6a0fc.json
APK textual entries	domain	d514a136-b448-4514-aaa7-17d90f3034a8.json
APK textual entries	domain	d5240e3c-6802-4af5-9abb-948044d03cb4.at
APK textual entries	domain	d5240e3c-6802-4af5-9abb-948044d03cb4.atlas
APK textual entries	domain	d5240e3c-6802-4af5-9abb-948044d03cb4.json
APK textual entries	domain	d54739f4-71ff-49cd-99aa-7467fd4b699b.json
APK textual entries	domain	d5579d62-83da-43bb-8713-4e9138f72404.json
APK textual entries	domain	d5baa974-aad7-4cbf-aec8-487d9255a71f.json
APK textual entries	domain	d65c3e08-1c31-47f8-9cfa-a63399f85cf1.json
APK textual entries	domain	d66c9356-28d3-4ce2-880d-a8e9a13293f1.json
APK textual entries	domain	d6854e37-23a0-44a3-a614-731ffd2d1a56.json
APK textual entries	domain	d68d8697-0540-4953-9323-a84cd07a8375.json
APK textual entries	domain	d6b55f33-436c-4431-901a-70083a48e597.json
APK textual entries	domain	d6d3ca85-4681-47c1-b5dd-d036a9d39ea2.json
APK textual entries	domain	d6d3ca85-4681-47c1-b5dd-d036a9d39ea2.pn
APK textual entries	domain	d6d3ca85-4681-47c1-b5dd-d036a9d39ea2.png
APK textual entries	domain	d6de9c7f-8931-4483-bd72-b4d1a0802cf1.json
APK textual entries	domain	d6efe31f-0da1-44ca-bbf4-0c8445fd3c60.json
APK textual entries	domain	d71781e7-84cd-4711-9d38-fd8ce6aeabed.json
APK textual entries	domain	d7267bd5-9113-4154-ac98-bd97ee061dc1.json
APK textual entries	domain	d7288607-0a37-4127-9cdc-73e63e785dba.json
APK textual entries	domain	d72ce7e9-6afa-441a-8245-6b173a09d94d.json
APK textual entries	domain	d74bd4f1-af8e-4f78-a9ba-d0cb299513ea.json
APK textual entries	domain	d771a139-389e-4f65-b4e2-385cdf6d3a2e.json
APK textual entries	domain	d7dbd2d2-698c-4ad7-8d02-5c310c9b5ea7.json
APK textual entries	domain	d81e3283-f8b4-41e0-b197-8c1b15bb3f2c.json
APK textual entries	domain	d81ec8ad-247c-4e62-aa3c-d35c4193c7af.json
APK textual entries	domain	d81ec8ad-247c-4e62-aa3c-d35c4193c7af.pn
APK textual entries	domain	d81ec8ad-247c-4e62-aa3c-d35c4193c7af.png
APK textual entries	domain	d82b202c-ab1a-4986-be71-4edfd7d7b15d.json
APK textual entries	domain	d8401f6f-0024-4248-86dc-d6f0afd4ba4e.json
APK textual entries	domain	d8401f6f-0024-4248-86dc-d6f0afd4ba4e.pn
APK textual entries	domain	d8401f6f-0024-4248-86dc-d6f0afd4ba4e.png
APK textual entries	domain	d883e5e5-23f8-4471-9cd9-611c39936ec8.json
APK textual entries	domain	d8a582ca-fb2b-4614-86ab-322efb7801fb.json
APK textual entries	domain	d8d242f7-4338-4c9d-9294-1f33f520af58.json
APK textual entries	domain	d9016526-dfbb-457e-a0c6-de2bbe7e175a.json
APK textual entries	domain	d9167664-0718-41fd-ad78-b5c479ec05e9.at
APK textual entries	domain	d9167664-0718-41fd-ad78-b5c479ec05e9.atlas
APK textual entries	domain	d9167664-0718-41fd-ad78-b5c479ec05e9.json
APK textual entries	domain	d99ed43e-5e07-4b81-9f34-1174e834a86a.json
APK textual entries	domain	d9cb6124-4a47-4eef-a0c0-0cf12c362715.json
APK textual entries	domain	d9cb6124-4a47-4eef-a0c0-0cf12c362715.pn
APK textual entries	domain	d9cb6124-4a47-4eef-a0c0-0cf12c362715.png
APK textual entries	domain	d9d2540d-f48c-4982-babc-6a4e36f20528.json
APK textual entries	domain	d9d2540d-f48c-4982-babc-6a4e36f20528.mp
APK textual entries	domain	da2030d2-fa24-4313-be72-a2a369de7585.json
APK textual entries	domain	da2030d2-fa24-4313-be72-a2a369de7585.ma
APK textual entries	domain	da2030d2-fa24-4313-be72-a2a369de7585.manifest
APK textual entries	domain	da50a3b4-0783-4c5e-8a2c-8db3495a15ef.json
APK textual entries	domain	da50a3b4-0783-4c5e-8a2c-8db3495a15ef.ma
APK textual entries	domain	da50a3b4-0783-4c5e-8a2c-8db3495a15ef.manifest
APK textual entries	domain	da7f1418-c67d-40ba-a3cd-b462cece9357.json
APK textual entries	domain	da843ebb-2980-4be9-9a3f-0566fc6280a8.json
APK textual entries	domain	daca4a19-1707-42de-9a6f-fc2618aa8b30.json
APK textual entries	domain	daea1933-6981-4541-a137-e60cf86cbddb.json
APK textual entries	domain	daea1933-6981-4541-a137-e60cf86cbddb.pn
APK textual entries	domain	daea1933-6981-4541-a137-e60cf86cbddb.png
APK textual entries	domain	daf4cfa4-bcb9-44b2-bddd-94414bc2fa97.json
APK textual entries	domain	daf4cfa4-bcb9-44b2-bddd-94414bc2fa97.ma
APK textual entries	domain	daf4cfa4-bcb9-44b2-bddd-94414bc2fa97.manifest
APK textual entries	domain	data.buffer
APK textual entries	domain	data.data
APK textual entries	domain	data.enable
APK textual entries	domain	data.encoding
APK textual entries	domain	data.iData
APK textual entries	domain	data.iDirty
APK textual entries	domain	data.length
APK textual entries	domain	data.vData
APK textual entries	domain	data.vDirty
APK textual entries	domain	data.vfm
APK textual entries	domain	dataComp.node
APK textual entries	domain	days.Please
APK textual entries	domain	db4dbbae-8c4d-45c2-bd8f-fc3017d5ea3d.json
APK textual entries	domain	db5dd133-2c65-4038-9526-80b184d71315.json
APK textual entries	domain	db5dd133-2c65-4038-9526-80b184d71315.ma
APK textual entries	domain	db5dd133-2c65-4038-9526-80b184d71315.manifest
APK textual entries	domain	dbAsset.init
APK textual entries	domain	dbAtlas.destroy
APK textual entries	domain	dbAtlas.getTextureByIndex
APK textual entries	domain	dbAtlas.init
APK textual entries	domain	dbAtlas.recordTexture
APK textual entries	domain	dbAtlas.removeRecordTexture
APK textual entries	domain	dbAtlas.updateTextureAtlasData
APK textual entries	domain	dba00cc2-31a1-4072-8603-b66230bfd3d6.json
APK textual entries	domain	dc1446ad-894b-4f90-be1a-f06a9923059c.json
APK textual entries	domain	dc527350-6ba9-491a-af41-3cc8afc71956.json
APK textual entries	domain	dc88a649-004e-40e7-8417-7660ab6f9b3b.json
APK textual entries	domain	dc88a649-004e-40e7-8417-7660ab6f9b3b.ma
APK textual entries	domain	dc88a649-004e-40e7-8417-7660ab6f9b3b.manifest
APK textual entries	domain	dc91f57c-243f-47ca-8323-0f5812eb9a28.json
APK textual entries	domain	dc91f57c-243f-47ca-8323-0f5812eb9a28.mp
APK textual entries	domain	dca353da-7a1b-4c50-a647-b5e5bc984a76.json
APK textual entries	domain	dcaa7d31-67b9-44aa-b4c3-ec950a3725d7.json
APK textual entries	domain	dcb52222-124b-4eb2-9ee8-a07283054923.json
APK textual entries	domain	dcb52222-124b-4eb2-9ee8-a07283054923.ma
APK textual entries	domain	dcb52222-124b-4eb2-9ee8-a07283054923.manifest
APK textual entries	domain	dcbbd31e-9fa7-445d-88d6-6432f0c434de.json
APK textual entries	domain	dcbbd31e-9fa7-445d-88d6-6432f0c434de.mp
APK textual entries	domain	dccb9783-9e9d-465a-94c9-203da94b1a25.json
APK textual entries	domain	dccb9783-9e9d-465a-94c9-203da94b1a25.mp
APK textual entries	domain	dcf4e2a5-2b9e-42e7-9926-dfa52aef1b6d.json
APK textual entries	domain	dd2735b1-a61c-4f05-a5da-d8632cb5e7bc.json
APK textual entries	domain	dd367d69-79a0-4d39-9a24-d7b45db7a4e7.json
APK textual entries	domain	dd367d69-79a0-4d39-9a24-d7b45db7a4e7.pn
APK textual entries	domain	dd367d69-79a0-4d39-9a24-d7b45db7a4e7.png
APK textual entries	domain	dd4df277-1a67-49b9-8f9f-59a5216d7744.json
APK textual entries	domain	dd4ffb94-8a3b-4bb2-ba92-53e4617bb329.json
APK textual entries	domain	dd7da7c3-41e7-4ec5-a950-49b3323e4750.json
APK textual entries	domain	dd846dbd-0bef-4ff7-b0a0-39476da92682.json
APK textual entries	domain	dd996897-7562-4fd0-a137-0e25ae858ff3.json
APK textual entries	domain	dd99e7fe-ba44-42a4-b8d2-e17d742e862c.json
APK textual entries	domain	ddf71d55-c9e1-4171-b8b6-4ceeddb2a04c.json
APK textual entries	domain	de33989e-77ab-4a9d-b459-f52259eb97d0.json
APK textual entries	domain	de33989e-77ab-4a9d-b459-f52259eb97d0.pn
APK textual entries	domain	de33989e-77ab-4a9d-b459-f52259eb97d0.png
APK textual entries	domain	de3d88ef-c7aa-4022-8f1f-e68b2d72f4d2.json
APK textual entries	domain	de4d2d68-6ce9-4981-8c35-e8f7b66c34f9.json
APK textual entries	domain	de4d2d68-6ce9-4981-8c35-e8f7b66c34f9.ma
APK textual entries	domain	de4d2d68-6ce9-4981-8c35-e8f7b66c34f9.manifest
APK textual entries	domain	de4d55cc-d8c5-4360-a7e1-0358bc7f208e.json
APK textual entries	domain	de4d55cc-d8c5-4360-a7e1-0358bc7f208e.pn
APK textual entries	domain	de4d55cc-d8c5-4360-a7e1-0358bc7f208e.png
APK textual entries	domain	de59eaa7-5b06-4b38-875e-bf799fcc064e.json
APK textual entries	domain	deaa336c-97f3-488f-868f-b7064d5e0c58.json
APK textual entries	domain	deaa336c-97f3-488f-868f-b7064d5e0c58.pn
APK textual entries	domain	deaa336c-97f3-488f-868f-b7064d5e0c58.png
APK textual entries	domain	def.max
APK textual entries	domain	def.min
APK textual entries	domain	def.range
APK textual entries	domain	def.type
APK textual entries	domain	default-font.ttf
APK textual entries	domain	defaultNSMap.xml
APK textual entries	domain	deff1430-9805-4e34-9807-38d74b357b28.json
APK textual entries	domain	define.amd
APK textual entries	domain	defines.length
APK textual entries	domain	delegate.editBoxEditingDidBegan
APK textual entries	domain	delegate.editBoxEditingReturn
APK textual entries	domain	delegate.editBoxTextChanged
APK textual entries	domain	delegate.inputFlag
APK textual entries	domain	delegate.inputMode
APK textual entries	domain	delegate.maxLength
APK textual entries	domain	delegate.returnType
APK textual entries	domain	descriptor.configurable
APK textual entries	domain	descriptor.enumerable
APK textual entries	domain	descriptor.key
APK textual entries	domain	descriptor.writable
APK textual entries	domain	deviceInstance.ext
APK textual entries	domain	df.xml
APK textual entries	domain	df1be536-a76e-4875-8ecc-9f94025275ab.json
APK textual entries	domain	df1f4d45-8af8-428e-8357-70198648b70a.json
APK textual entries	domain	df2b2682-475f-4e9b-afe7-fc2b9e766f13.json
APK textual entries	domain	df2b2682-475f-4e9b-afe7-fc2b9e766f13.pn
APK textual entries	domain	df2b2682-475f-4e9b-afe7-fc2b9e766f13.png
APK textual entries	domain	df8ac4e1-8b22-4c33-b286-9e5549c72263.json
APK textual entries	domain	dfda441b-35d8-4799-8f65-74da8de1b091.json
APK textual entries	domain	dfda441b-35d8-4799-8f65-74da8de1b091.ma
APK textual entries	domain	dfda441b-35d8-4799-8f65-74da8de1b091.manifest
APK textual entries	domain	dfeaefd1-8b8d-465e-bc18-095ef68d647a.json
APK textual entries	domain	dfeaefd1-8b8d-465e-bc18-095ef68d647a.ma
APK textual entries	domain	dfeaefd1-8b8d-465e-bc18-095ef68d647a.manifest
APK textual entries	domain	dfffdd7a-077c-4271-a3b7-1c09a0386edc.json
APK textual entries	domain	diffuse.rgb
APK textual entries	domain	div.style.backgroundImage
APK textual entries	domain	doc.appendChild
APK textual entries	domain	doc.childNodes
APK textual entries	domain	doc.createAttributeNS
APK textual entries	domain	doc.createElementNS
APK textual entries	domain	doc.createTextNode
APK textual entries	domain	doc.doctype
APK textual entries	domain	doc.implementation
APK textual entries	domain	document.body
APK textual entries	domain	document.createElementNS
APK textual entries	domain	document.fonts.add
APK textual entries	domain	document.getElementById
APK textual entries	domain	document.head
APK textual entries	domain	dom.spec.whatwg.org
APK textual entries	domain	domBuilder.characters
APK textual entries	domain	domBuilder.comment
APK textual entries	domain	domBuilder.currentElement
APK textual entries	domain	domBuilder.doc
APK textual entries	domain	domBuilder.endCDATA
APK textual entries	domain	domBuilder.endDTD
APK textual entries	domain	domBuilder.endDocument
APK textual entries	domain	domBuilder.endElement
APK textual entries	domain	domBuilder.endPrefixMapping
APK textual entries	domain	domBuilder.locator
APK textual entries	domain	domBuilder.locator.systemId
APK textual entries	domain	domBuilder.processingInstruction
APK textual entries	domain	domBuilder.setDocumentLocator
APK textual entries	domain	domBuilder.startCDATA
APK textual entries	domain	domBuilder.startDTD
APK textual entries	domain	domBuilder.startDocument
APK textual entries	domain	domBuilder.startElement
APK textual entries	domain	domBuilder.startPrefixMapping
APK textual entries	domain	download.yonoapk.com
APK textual entries	domain	dragonBones.AnimationState.prototype
APK textual entries	domain	dragonBones.Armature.prototype
APK textual entries	domain	dragonBones.ArmatureCacheMgr.getInstance
APK textual entries	domain	dragonBones.ArmatureDisplay
APK textual entries	domain	dragonBones.ArmatureDisplay.AnimationCacheMode
APK textual entries	domain	dragonBones.ArmatureDisplay.prototype
APK textual entries	domain	dragonBones.AttachUtil.prototype
APK textual entries	domain	dragonBones.CCArmatureCacheDisplay
APK textual entries	domain	dragonBones.CCArmatureDisplay.prototype
APK textual entries	domain	dragonBones.CCFactory.prototype
APK textual entries	domain	dragonBones.CacheModeAttachUtil
APK textual entries	domain	dragonBones.DragonBones
APK textual entries	domain	dragonBones.DragonBonesAsset.prototype
APK textual entries	domain	dragonBones.DragonBonesAtlasAsset
APK textual entries	domain	dragonBones.DragonBonesAtlasAsset.prototype
APK textual entries	domain	dragonBones.EventObject
APK textual entries	domain	dragonBones.EventObject.COMPLETE
APK textual entries	domain	dragonBones.EventObject.START
APK textual entries	domain	dragonBones.RealTimeAttachUtil
APK textual entries	domain	dragonBones.armatureCacheMgr
APK textual entries	domain	draw.emptyamount
APK textual entries	domain	draw.lessthan
APK textual entries	domain	draw.morethan
APK textual entries	domain	draw.selectaccount
APK textual entries	domain	e.apply
APK textual entries	domain	e.constructor
APK textual entries	domain	e.length
APK textual entries	domain	e.prototype
APK textual entries	domain	e.prototype.name
APK textual entries	domain	e0003ff9-7af0-4219-ab74-8e683823e79a.json
APK textual entries	domain	e0003ff9-7af0-4219-ab74-8e683823e79a.ma
APK textual entries	domain	e0003ff9-7af0-4219-ab74-8e683823e79a.manifest
APK textual entries	domain	e023306b-ce09-444a-8e23-1f2a9bfb826c.json
APK textual entries	domain	e0240628-5885-4952-a3e0-9142c667ad82.json
APK textual entries	domain	e0240628-5885-4952-a3e0-9142c667ad82.ma
APK textual entries	domain	e0240628-5885-4952-a3e0-9142c667ad82.manifest
APK textual entries	domain	e0495e69-eca6-4c26-be9a-4cec03f4ba42.json
APK textual entries	domain	e058cf09-6314-48ad-b433-5f56a0a33b1e.json
APK textual entries	domain	e06e6eee-c372-4a00-9c26-76eb9b18e81b.json
APK textual entries	domain	e0859505-e0c5-4c4e-90d0-6bb24b2371a2.json
APK textual entries	domain	e08cff8c-8f20-4672-97e4-3e1b3bcf519c.json
APK textual entries	domain	e08fcf90-fc11-4c71-93af-97225bebc2ae.json
APK textual entries	domain	e08fcf90-fc11-4c71-93af-97225bebc2ae.ma
APK textual entries	domain	e08fcf90-fc11-4c71-93af-97225bebc2ae.manifest
APK textual entries	domain	e0921ebb-182b-43ab-a373-808291e00e94.json
APK textual entries	domain	e0b9797b-40ea-48a8-96ef-e99f1b0decd1.json
APK textual entries	domain	e0ed7d3f-3eca-45b2-ae5c-7b58e6117fe2.json
APK textual entries	domain	e0f016ae-3746-45a9-ba7c-c47e8aa085e9.json
APK textual entries	domain	e146505c-8fc6-424a-8813-a6e71483f9f2.json
APK textual entries	domain	e14e0eb0-f68b-42bd-964b-bffa3542f822.json
APK textual entries	domain	e19be600-e1f7-4910-8684-042f6250afff.json
APK textual entries	domain	e19be600-e1f7-4910-8684-042f6250afff.ma
APK textual entries	domain	e19be600-e1f7-4910-8684-042f6250afff.manifest
APK textual entries	domain	e1be87e0-b990-41cf-813e-8867c1289b9d.json
APK textual entries	domain	e1c0b8ca-0098-4fa6-a6a3-c48333cfdda1.json
APK textual entries	domain	e20f9a49-7f3b-4a03-8658-a13c81d69111.json
APK textual entries	domain	e231f34b-3496-4e2e-baa6-34b8b027c51c.json
APK textual entries	domain	e231f34b-3496-4e2e-baa6-34b8b027c51c.ma
APK textual entries	domain	e231f34b-3496-4e2e-baa6-34b8b027c51c.manifest
APK textual entries	domain	e244a94b-527d-4a00-aa45-ddf38e050603.json
APK textual entries	domain	e244a94b-527d-4a00-aa45-ddf38e050603.pn
APK textual entries	domain	e244a94b-527d-4a00-aa45-ddf38e050603.png
APK textual entries	domain	e2636c94-5a6e-4018-88b4-7ca798330257.json
APK textual entries	domain	e2a530d5-8116-4e69-8bd0-f0badb6d18f9.json
APK textual entries	domain	e2aee4e2-801c-4eb9-9721-a7716119d88a.json
APK textual entries	domain	e2aee4e2-801c-4eb9-9721-a7716119d88a.pn
APK textual entries	domain	e2aee4e2-801c-4eb9-9721-a7716119d88a.png
APK textual entries	domain	e2e2206c-98e3-4df0-ac4a-a3b46a89a124.json
APK textual entries	domain	e2e2206c-98e3-4df0-ac4a-a3b46a89a124.mp
APK textual entries	domain	e2fa24ea-9463-4f84-922d-254ecab0e17b.json
APK textual entries	domain	e2fc92a6-34dd-468a-9e15-3101ad9a1405.json
APK textual entries	domain	e2fc92a6-34dd-468a-9e15-3101ad9a1405.pn
APK textual entries	domain	e2fc92a6-34dd-468a-9e15-3101ad9a1405.png
APK textual entries	domain	e34c21ce-6197-4629-84a0-86352251eafe.json
APK textual entries	domain	e37016c4-5922-45f5-ada9-5190b031cacf.json
APK textual entries	domain	e37c988c-5775-4790-a55a-eca3c33e31d7.json
APK textual entries	domain	e382deac-a3e5-4bd8-b2f6-825638d37857.json
APK textual entries	domain	e3c365a0-0229-4307-83b4-55f1755e9ceb.json
APK textual entries	domain	e3dcf1f7-10a3-41af-b647-d05c60220ee7.json
APK textual entries	domain	e41b5469-e5ea-4866-83df-8c1c224e070a.json
APK textual entries	domain	e41b5469-e5ea-4866-83df-8c1c224e070a.ma
APK textual entries	domain	e41b5469-e5ea-4866-83df-8c1c224e070a.manifest
APK textual entries	domain	e451d7ec-18f1-4722-8c2e-b2839b708f7f.json
APK textual entries	domain	e451d7ec-18f1-4722-8c2e-b2839b708f7f.ma
APK textual entries	domain	e451d7ec-18f1-4722-8c2e-b2839b708f7f.manifest
APK textual entries	domain	e45a3108-6d7a-4806-9c32-2b7c5e79790a.json
APK textual entries	domain	e47082d1-7475-44fb-b22d-5bafad594e00.json
APK textual entries	domain	e47082d1-7475-44fb-b22d-5bafad594e00.pn
APK textual entries	domain	e47082d1-7475-44fb-b22d-5bafad594e00.png
APK textual entries	domain	e4cef059-8212-43c8-b4d0-2946bce4251d.json
APK textual entries	domain	e4cef059-8212-43c8-b4d0-2946bce4251d.mp
APK textual entries	domain	e4dea3cf-607f-428f-8c6a-e8d41bc1b15b.json
APK textual entries	domain	e4dea3cf-607f-428f-8c6a-e8d41bc1b15b.pn
APK textual entries	domain	e4dea3cf-607f-428f-8c6a-e8d41bc1b15b.png
APK textual entries	domain	e4e5e9a1-958e-4b41-9a61-52e2041fa4d7.at
APK textual entries	domain	e4e5e9a1-958e-4b41-9a61-52e2041fa4d7.atlas
APK textual entries	domain	e4e5e9a1-958e-4b41-9a61-52e2041fa4d7.json
APK textual entries	domain	e4f7d69a-9299-409b-85d7-a6736684532b.json
APK textual entries	domain	e509b338-063f-4504-9aa4-315e7ff9e6bd.json
APK textual entries	domain	e50d2029-1d00-404e-a886-f20fd1e17bd1.json
APK textual entries	domain	e528af0b-41ce-4211-95d4-7191bc6d37e1.json
APK textual entries	domain	e58340a6-d19e-455c-92a5-84b60c5cb7b6.json
APK textual entries	domain	e5a1b11e-2b88-4c09-a77c-cf2e4276cfc0.json
APK textual entries	domain	e5a1b11e-2b88-4c09-a77c-cf2e4276cfc0.ma
APK textual entries	domain	e5a1b11e-2b88-4c09-a77c-cf2e4276cfc0.manifest
APK textual entries	domain	e5b367bc-ae24-4736-9634-6133807d08e0.json
APK textual entries	domain	e5b4029b-7282-4002-8eac-4a042e653c37.json
APK textual entries	domain	e5b4029b-7282-4002-8eac-4a042e653c37.ma
APK textual entries	domain	e5b4029b-7282-4002-8eac-4a042e653c37.manifest
APK textual entries	domain	e5dd9a52-87f9-4d12-87b6-1f227eab1893.json
APK textual entries	domain	e5f64353-1b5d-4f26-8170-1b9303dae020.json
APK textual entries	domain	e5f64353-1b5d-4f26-8170-1b9303dae020.ma
APK textual entries	domain	e5f64353-1b5d-4f26-8170-1b9303dae020.manifest
APK textual entries	domain	e618435d-a235-4637-a2c8-216d10e76ecb.json
APK textual entries	domain	e66ed70d-3ef7-43a0-a149-0e770cd83fb5.json
APK textual entries	domain	e673829a-3372-4e5e-b3ad-45090fb7b4b1.json
APK textual entries	domain	e6777ec4-62a8-475d-bc8b-2aa863455283.json
APK textual entries	domain	e6862cf6-6209-4560-b1b1-23371caa232f.json
APK textual entries	domain	e6862cf6-6209-4560-b1b1-23371caa232f.pn
APK textual entries	domain	e6862cf6-6209-4560-b1b1-23371caa232f.png
APK textual entries	domain	e6af1c9e-e60d-461b-816d-0f96e6d0d1b2.json
APK textual entries	domain	e6d0d755-7aec-4fd8-9cd4-be48d744adb9.json
APK textual entries	domain	e6e0652f-bb7c-40a5-a39c-b412d5563c86.json
APK textual entries	domain	e6ec7b57-e53b-4f3a-9c78-414460d3841b.json
APK textual entries	domain	e7345331-4e0a-42ef-ac6a-fe8a324fbba1.json
APK textual entries	domain	e7345331-4e0a-42ef-ac6a-fe8a324fbba1.pn
APK textual entries	domain	e7345331-4e0a-42ef-ac6a-fe8a324fbba1.png
APK textual entries	domain	e74be989-1d0a-45e8-8ef6-82dae200afc1.json
APK textual entries	domain	e74be989-1d0a-45e8-8ef6-82dae200afc1.ma
APK textual entries	domain	e74be989-1d0a-45e8-8ef6-82dae200afc1.manifest
APK textual entries	domain	e75b2cd1-fa7a-4a4c-ac8b-ab08f791bfa8.json
APK textual entries	domain	e7829c92-f5a5-409a-af90-b7b3fb4fb886.json
APK textual entries	domain	e7829c92-f5a5-409a-af90-b7b3fb4fb886.pn
APK textual entries	domain	e7829c92-f5a5-409a-af90-b7b3fb4fb886.png
APK textual entries	domain	e7aba14b-f956-4480-b254-8d57832e273f.json
APK textual entries	domain	e7dd6327-3107-43ac-88bb-0b54522ce513.json
APK textual entries	domain	e7dd6327-3107-43ac-88bb-0b54522ce513.pn
APK textual entries	domain	e7dd6327-3107-43ac-88bb-0b54522ce513.png
APK textual entries	domain	e831a809-0157-4191-ae29-b42b4c6b88b6.json
APK textual entries	domain	e831a809-0157-4191-ae29-b42b4c6b88b6.ma
APK textual entries	domain	e831a809-0157-4191-ae29-b42b4c6b88b6.manifest
APK textual entries	domain	e84fed6b-8e5f-425c-9f8e-a012491203a4.json
APK textual entries	domain	e851e89b-faa2-4484-bea6-5c01dd9f06e2.json
APK textual entries	domain	e851e89b-faa2-4484-bea6-5c01dd9f06e2.pn
APK textual entries	domain	e851e89b-faa2-4484-bea6-5c01dd9f06e2.png
APK textual entries	domain	e8765cb2-9bb8-498a-a632-4942c46f26b9.json
APK textual entries	domain	e8765cb2-9bb8-498a-a632-4942c46f26b9.pn
APK textual entries	domain	e8765cb2-9bb8-498a-a632-4942c46f26b9.png
APK textual entries	domain	e87e25d9-4c2e-4f28-9a99-26d064b60361.json
APK textual entries	domain	e87e25d9-4c2e-4f28-9a99-26d064b60361.pn
APK textual entries	domain	e87e25d9-4c2e-4f28-9a99-26d064b60361.png
APK textual entries	domain	e8cb6b95-ce65-4265-858f-f4e32a913c53.json
APK textual entries	domain	e8e6fa07-7519-4a4c-bb37-2298b93cd241.json
APK textual entries	domain	e8e6fa07-7519-4a4c-bb37-2298b93cd241.pn
APK textual entries	domain	e8e6fa07-7519-4a4c-bb37-2298b93cd241.png
APK textual entries	domain	e93b1024-6b2d-4dba-b43d-9767e4d7ece0.json
APK textual entries	domain	e9ad252a-0211-4122-9a66-750ac4ca7e6c.json
APK textual entries	domain	e9ec654c-97a2-4787-9325-e6a10375219a.json
APK textual entries	domain	e9f82217-1aac-4185-9b75-32b98e457cb1.json
APK textual entries	domain	ea19e3aa-91a4-451c-8670-d0af26e3e364.at
APK textual entries	domain	ea19e3aa-91a4-451c-8670-d0af26e3e364.atlas
APK textual entries	domain	ea19e3aa-91a4-451c-8670-d0af26e3e364.json
APK textual entries	domain	ea24deed-fe89-44e3-b490-42289620a04d.json
APK textual entries	domain	ea4f08f9-5bf9-4eb7-8d3a-cf3651ab0d15.json
APK textual entries	domain	ea4f08f9-5bf9-4eb7-8d3a-cf3651ab0d15.ma
APK textual entries	domain	ea4f08f9-5bf9-4eb7-8d3a-cf3651ab0d15.manifest
APK textual entries	domain	ea555318-70bd-4df7-903e-e1d71525404c.json
APK textual entries	domain	ea5bf0a7-d5fb-4fab-9a3d-d928a03415c1.json
APK textual entries	domain	ea911dd7-1618-421f-9a13-d05810ca5814.json
APK textual entries	domain	eab7e8d1-01ef-4ef9-9ad5-bd1616a21419.json
APK textual entries	domain	ead386f4-c82f-4357-b610-1e62f5192995.json
APK textual entries	domain	ead386f4-c82f-4357-b610-1e62f5192995.mp
APK textual entries	domain	eae85bab-de22-4cd8-ad55-4c3bff8a0a8e.json
APK textual entries	domain	eaf43a3a-f6c1-42e1-8b13-f33f59093708.json
APK textual entries	domain	eb0b2135-97d0-4608-9d06-5ff0b26a8626.json
APK textual entries	domain	eb5613f5-13a5-4427-94ea-3224f02dfb7f.json
APK textual entries	domain	eb5613f5-13a5-4427-94ea-3224f02dfb7f.pn
APK textual entries	domain	eb5613f5-13a5-4427-94ea-3224f02dfb7f.png
APK textual entries	domain	eb5dcdb6-9c96-482b-9a14-09dd0b307e89.json
APK textual entries	domain	eb629931-cba4-4f75-b4d4-dac93b267b6f.json
APK textual entries	domain	eb85c772-176f-490d-afc5-d9451505280b.json
APK textual entries	domain	ebcaea45-7ed4-4a7d-b54d-1aea6ec54073.json
APK textual entries	domain	ebfcbdc0-e0e1-4bfd-b950-f7c5919d626b.json
APK textual entries	domain	ec097336-7c17-4fe1-a370-15f5c49a7aaa.json
APK textual entries	domain	ec097336-7c17-4fe1-a370-15f5c49a7aaa.ma
APK textual entries	domain	ec097336-7c17-4fe1-a370-15f5c49a7aaa.manifest
APK textual entries	domain	ec215070-f032-400e-a8cc-26d548a694e1.json
APK textual entries	domain	ec4ed9ad-e313-49b1-b9a7-b82db63e0f4f.json
APK textual entries	domain	ec548ea9-8293-4f51-9b2c-417ff62abfbc.json
APK textual entries	domain	eca5d2f2-8ef6-41c2-bbe6-f9c79d09c432.json
APK textual entries	domain	ece18cef-d39f-4cad-b342-8d9d1a672ef7.json
APK textual entries	domain	ece1bf8c-2ca1-4612-8222-5c8d0ab419e2.json
APK textual entries	domain	ece1bf8c-2ca1-4612-8222-5c8d0ab419e2.ma
APK textual entries	domain	ece1bf8c-2ca1-4612-8222-5c8d0ab419e2.manifest
APK textual entries	domain	ecma-script-binding.html
APK textual entries	domain	ecma-script-language-binding.html
APK textual entries	domain	ed11fd0a-5581-4f33-b383-68ae4be232fc.json
APK textual entries	domain	ed252393-b6db-49ca-b016-4d8c39453993.json
APK textual entries	domain	ed252393-b6db-49ca-b016-4d8c39453993.ma
APK textual entries	domain	ed252393-b6db-49ca-b016-4d8c39453993.manifest
APK textual entries	domain	ed5200e8-1e0f-4761-af0d-e3664990ffab.json
APK textual entries	domain	ed555b42-475d-4583-9b25-30faa116b5d0.json
APK textual entries	domain	ed989ffc-0ac6-4475-a15e-60d162b43402.json
APK textual entries	domain	edb60f5f-aa68-409e-8ef9-44fadff3d899.json
APK textual entries	domain	edd215b9-2796-4a05-aaf5-81f96c9281ce.json
APK textual entries	domain	edd215b9-2796-4a05-aaf5-81f96c9281ce.pn
APK textual entries	domain	edd215b9-2796-4a05-aaf5-81f96c9281ce.png
APK textual entries	domain	ede103bc-c064-4dcd-b5e2-b4927e85d4c9.json
APK textual entries	domain	ee903b4f-61dc-47e6-8c9d-b1ee21b4022d.json
APK textual entries	domain	ee903b4f-61dc-47e6-8c9d-b1ee21b4022d.pn
APK textual entries	domain	ee903b4f-61dc-47e6-8c9d-b1ee21b4022d.png
APK textual entries	domain	eeac89cf-b654-45c5-bf92-9b51ec4b21cb.json
APK textual entries	domain	eeba7468-abad-459e-8600-ff60241b977a.json
APK textual entries	domain	eeba7468-abad-459e-8600-ff60241b977a.pn
APK textual entries	domain	eeba7468-abad-459e-8600-ff60241b977a.png
APK textual entries	domain	eed12067-e073-4d0c-8309-de56cb9af58b.json
APK textual entries	domain	eed12067-e073-4d0c-8309-de56cb9af58b.ma
APK textual entries	domain	eed12067-e073-4d0c-8309-de56cb9af58b.manifest
APK textual entries	domain	ef188b00-ab06-4737-ac82-c916b997af79.json
APK textual entries	domain	ef587cc4-ad53-4f66-b943-a9b9f81420d8.json
APK textual entries	domain	ef587cc4-ad53-4f66-b943-a9b9f81420d8.ma
APK textual entries	domain	ef587cc4-ad53-4f66-b943-a9b9f81420d8.manifest
APK textual entries	domain	efe52ed5-16c9-4540-81c4-fad8708eba49.json
APK textual entries	domain	efe92b52-2b2b-4389-9d11-ae67e0c743fd.json
APK textual entries	domain	el.add
APK textual entries	domain	el.bytes
APK textual entries	domain	el.childNodes
APK textual entries	domain	el.closed
APK textual entries	domain	el.currentNSMap
APK textual entries	domain	el.firstChild
APK textual entries	domain	el.length
APK textual entries	domain	el.localNSMap
APK textual entries	domain	el.localName
APK textual entries	domain	el.name
APK textual entries	domain	el.nodeType
APK textual entries	domain	el.ownerDocument
APK textual entries	domain	el.parentNode
APK textual entries	domain	el.prefix
APK textual entries	domain	el.setAttributeNode
APK textual entries	domain	el.setTagName
APK textual entries	domain	el.tagName
APK textual entries	domain	el.uri
APK textual entries	domain	eligrey.com
APK textual entries	domain	emissiveColor.rgb
APK textual entries	domain	entityMap.nbsp
APK textual entries	domain	error.code
APK textual entries	domain	errorHandler.error
APK textual entries	domain	errorHandler.fatalError
APK textual entries	domain	errorHandler.warning
APK textual entries	domain	errorImpl.length
APK textual entries	domain	event.altKey
APK textual entries	domain	event.button
APK textual entries	domain	event.changedTouches
APK textual entries	domain	event.ctrlKey
APK textual entries	domain	event.defaultPrevented
APK textual entries	domain	event.keyCode
APK textual entries	domain	event.metaKey
APK textual entries	domain	event.repeat
APK textual entries	domain	event.shiftKey
APK textual entries	domain	event.stopImmediatePropagation
APK textual entries	domain	event.text
APK textual entries	domain	event.timeStamp
APK textual entries	domain	event.type
APK textual entries	domain	event.wheelDeltaY
APK textual entries	domain	eventObject.type
APK textual entries	domain	eventTarget.addEventListener
APK textual entries	domain	eventTarget.dispatchEvent
APK textual entries	domain	eventTarget.removeEventListener
APK textual entries	domain	exports.Blob
APK textual entries	domain	exports.Blob.prototype
APK textual entries	domain	exports.DOMImplementation
APK textual entries	domain	exports.DOMParser
APK textual entries	domain	exports.URL
APK textual entries	domain	exports.XMLReader
APK textual entries	domain	exports.XMLSerializer
APK textual entries	domain	exports.attrTypeBytes
APK textual entries	domain	exports.entityMap
APK textual entries	domain	exports.enums
APK textual entries	domain	exports.glFilter
APK textual entries	domain	exports.glTextureFmt
APK textual entries	domain	exports.nodeName
APK textual entries	domain	extension.startsWith
APK textual entries	domain	extension.substring
APK textual entries	domain	extensionPrefixArr.length
APK textual entries	domain	f.charAt
APK textual entries	domain	f.columnNumber
APK textual entries	domain	f.lineNumber
APK textual entries	domain	f.then
APK textual entries	domain	f0048c10-f03e-4c97-b9d3-3506e1d58952.json
APK textual entries	domain	f0292fd8-9f29-4cec-be3f-f694ba5f1831.json
APK textual entries	domain	f052fd1e-38f0-41a9-8d0d-802c239cac14.json
APK textual entries	domain	f052fd1e-38f0-41a9-8d0d-802c239cac14.mp
APK textual entries	domain	f08bb9e7-aecf-4e15-b50c-c8efa4dca527.json
APK textual entries	domain	f08bb9e7-aecf-4e15-b50c-c8efa4dca527.ma
APK textual entries	domain	f08bb9e7-aecf-4e15-b50c-c8efa4dca527.manifest
APK textual entries	domain	f0973625-fc97-4007-b785-e3e1edb06138.json
APK textual entries	domain	f09b8e7a-8019-4192-b245-dede65c50eea.json
APK textual entries	domain	f1266658-2b3d-421e-932b-57666db094ea.json
APK textual entries	domain	f1266658-2b3d-421e-932b-57666db094ea.ma
APK textual entries	domain	f1266658-2b3d-421e-932b-57666db094ea.manifest
APK textual entries	domain	f135bbe8-8be0-45c8-8835-4eb8033e808b.json
APK textual entries	domain	f1436130-9eec-41bb-99d9-4d80bddfccbe.json
APK textual entries	domain	f14a3ebb-a065-462b-a9b3-e63e30b43740.json
APK textual entries	domain	f18132b5-77a0-4a5b-a52d-802f49861ee8.json
APK textual entries	domain	f1a853a4-4a92-4ec2-81ef-39ebb24d8f41.json
APK textual entries	domain	f1aaf42d-2bb1-437a-8197-f14a0aaa9753.json
APK textual entries	domain	f1aaf42d-2bb1-437a-8197-f14a0aaa9753.ma
APK textual entries	domain	f1aaf42d-2bb1-437a-8197-f14a0aaa9753.manifest
APK textual entries	domain	f2230349-3337-4625-ad6e-722ef381f0e8.json
APK textual entries	domain	f2d2aa11-3613-45ed-b8fa-34e0cc6eeccc.json
APK textual entries	domain	f2d32d73-6233-400b-ba45-8b7ae4ddf582.json
APK textual entries	domain	f2d32d73-6233-400b-ba45-8b7ae4ddf582.pn
APK textual entries	domain	f2d32d73-6233-400b-ba45-8b7ae4ddf582.png
APK textual entries	domain	f2fd1bd3-c30a-4f03-af1d-c9479d8ab6c2.json
APK textual entries	domain	f2ffce72-3c85-43f4-9eda-978f629ee492.json
APK textual entries	domain	f2ffce72-3c85-43f4-9eda-978f629ee492.pn
APK textual entries	domain	f2ffce72-3c85-43f4-9eda-978f629ee492.png
APK textual entries	domain	f3493acf-6fa4-457d-b330-ccbc95b04e28.json
APK textual entries	domain	f34c8622-598a-437d-baf1-0099bbc368aa.json
APK textual entries	domain	f34c8622-598a-437d-baf1-0099bbc368aa.ma
APK textual entries	domain	f34c8622-598a-437d-baf1-0099bbc368aa.manifest
APK textual entries	domain	f3ab472a-b55e-4386-9728-ee363083f591.json
APK textual entries	domain	f3ab472a-b55e-4386-9728-ee363083f591.ma
APK textual entries	domain	f3ab472a-b55e-4386-9728-ee363083f591.manifest
APK textual entries	domain	f3b51341-10fa-46f2-b76f-374dcdc062e9.json
APK textual entries	domain	f41c2176-0690-4225-afd7-7149258069bf.json
APK textual entries	domain	f41c2176-0690-4225-afd7-7149258069bf.pn
APK textual entries	domain	f41c2176-0690-4225-afd7-7149258069bf.png
APK textual entries	domain	f42edf99-b74b-4143-a946-0bc1c2688ce4.json
APK textual entries	domain	f4c06640-9fdc-4e34-8303-a1cdb3c10e9b.json
APK textual entries	domain	f4c06640-9fdc-4e34-8303-a1cdb3c10e9b.ma
APK textual entries	domain	f4c06640-9fdc-4e34-8303-a1cdb3c10e9b.manifest
APK textual entries	domain	f4c09f13-926f-49fd-8baa-e2661f21e3f2.json
APK textual entries	domain	f4f74228-c4df-4f97-b547-55618b1d0719.json
APK textual entries	domain	f4f74228-c4df-4f97-b547-55618b1d0719.ma
APK textual entries	domain	f4f74228-c4df-4f97-b547-55618b1d0719.manifest
APK textual entries	domain	f503646d-6e08-4f01-ac35-405b26e09e26.json
APK textual entries	domain	f56c697a-bdc2-4a40-be59-ea484b87367e.json
APK textual entries	domain	f56e20c8-19c7-4cf1-9252-eedfae4e361b.at
APK textual entries	domain	f56e20c8-19c7-4cf1-9252-eedfae4e361b.atlas
APK textual entries	domain	f56e20c8-19c7-4cf1-9252-eedfae4e361b.json
APK textual entries	domain	f5b0b6d2-ace7-4141-bc3d-d43daae2e133.json
APK textual entries	domain	f5d4fc22-45c0-42f6-b157-cd41ea9e7eae.json
APK textual entries	domain	f5e213d3-af27-4c9a-8775-0502fa4b0bb8.json
APK textual entries	domain	f692ca6b-e0fb-4251-9b8a-ae124bc0cc7a.json
APK textual entries	domain	f6e71d7d-9cc7-4f6f-8794-1d745747ddb1.json
APK textual entries	domain	f6eaa76e-cbfb-4fba-8a4e-c4822c4c0b98.json
APK textual entries	domain	f6eaa76e-cbfb-4fba-8a4e-c4822c4c0b98.ma
APK textual entries	domain	f6eaa76e-cbfb-4fba-8a4e-c4822c4c0b98.manifest
APK textual entries	domain	f7c1e9bb-22d9-4b36-936e-ebb1d009ac62.json
APK textual entries	domain	f80993d3-9403-43d4-8686-3fa1660def85.json
APK textual entries	domain	f836ca13-a720-4da3-b132-878f3d336b01.json
APK textual entries	domain	f836ca13-a720-4da3-b132-878f3d336b01.ma
APK textual entries	domain	f836ca13-a720-4da3-b132-878f3d336b01.manifest
APK textual entries	domain	f87a203c-803e-4440-ae94-cb6b66592911.json
APK textual entries	domain	f87a203c-803e-4440-ae94-cb6b66592911.ma
APK textual entries	domain	f87a203c-803e-4440-ae94-cb6b66592911.manifest
APK textual entries	domain	f87f1410-22bb-475c-9514-9e8a0ab95c39.json
APK textual entries	domain	f87f1410-22bb-475c-9514-9e8a0ab95c39.ma
APK textual entries	domain	f87f1410-22bb-475c-9514-9e8a0ab95c39.manifest
APK textual entries	domain	f9.png
APK textual entries	domain	f9152319-cb19-46fa-a1cf-333cac87072f.json
APK textual entries	domain	f9152319-cb19-46fa-a1cf-333cac87072f.ma
APK textual entries	domain	f9152319-cb19-46fa-a1cf-333cac87072f.manifest
APK textual entries	domain	f92ea7c7-1438-46b5-9e02-3d876912b89e.json
APK textual entries	domain	f92ea7c7-1438-46b5-9e02-3d876912b89e.pn
APK textual entries	domain	f92ea7c7-1438-46b5-9e02-3d876912b89e.png
APK textual entries	domain	f996657d-952c-46e4-bf56-af30cbd8e0e0.json
APK textual entries	domain	f99abf2e-5915-4fb5-8547-8179a2646914.json
APK textual entries	domain	f99abf2e-5915-4fb5-8547-8179a2646914.ma
APK textual entries	domain	f99abf2e-5915-4fb5-8547-8179a2646914.manifest
APK textual entries	domain	fa5c662b-c0db-4175-bdd3-bb5f4bb98014.json
APK textual entries	domain	fa5c662b-c0db-4175-bdd3-bb5f4bb98014.pn
APK textual entries	domain	fa5c662b-c0db-4175-bdd3-bb5f4bb98014.png
APK textual entries	domain	fa7b54f6-70a6-482d-a050-1c7296682f84.json
APK textual entries	domain	fa8d1714-675b-4606-90c3-210be108f4fb.at
APK textual entries	domain	fa8d1714-675b-4606-90c3-210be108f4fb.atlas
APK textual entries	domain	fa8d1714-675b-4606-90c3-210be108f4fb.json
APK textual entries	domain	fa958951-2a13-4fae-b2b3-074838af3421.json
APK textual entries	domain	factory.addTextureAtlasData
APK textual entries	domain	factory.getTextureAtlasDataByIndex
APK textual entries	domain	factory.parseTextureAtlasData
APK textual entries	domain	factory.setTimeScale
APK textual entries	domain	factoryProto.changeSkin
APK textual entries	domain	factoryProto.createArmatureNode
APK textual entries	domain	factoryProto.replaceSkin
APK textual entries	domain	fad1c25b-4cac-401c-a214-131d6edffb95.json
APK textual entries	domain	fad1c25b-4cac-401c-a214-131d6edffb95.pn
APK textual entries	domain	fad1c25b-4cac-401c-a214-131d6edffb95.png
APK textual entries	domain	fae81c59-2e3c-4e8b-8d28-fb592f93aba0.json
APK textual entries	domain	fae81c59-2e3c-4e8b-8d28-fb592f93aba0.pn
APK textual entries	domain	fae81c59-2e3c-4e8b-8d28-fb592f93aba0.png
APK textual entries	domain	fae9f870-f600-461e-9334-6577a695508f.json
APK textual entries	domain	faecb613-9067-4fe3-9a12-56c532dc067a.json
APK textual entries	domain	faq.png
APK textual entries	domain	fault-font.ttf
APK textual entries	domain	fb1d2b6b-f0bd-4f02-8acd-792fe6196440.json
APK textual entries	domain	fb1d2b6b-f0bd-4f02-8acd-792fe6196440.ma
APK textual entries	domain	fb1d2b6b-f0bd-4f02-8acd-792fe6196440.manifest
APK textual entries	domain	fba68dfd-1365-4f95-9f66-1940b31ab064.json
APK textual entries	domain	fbc82027-8a9a-4a9f-bd71-a42c02a1d18d.json
APK textual entries	domain	fbc82027-8a9a-4a9f-bd71-a42c02a1d18d.pn
APK textual entries	domain	fbc82027-8a9a-4a9f-bd71-a42c02a1d18d.png
APK textual entries	domain	fbc98253-da71-4c37-8e09-9ed65df9e52a.json
APK textual entries	domain	fbe58e6a-7cfa-46ce-aa56-181d6730af67.json
APK textual entries	domain	fc33fafe-b4f1-4cbd-b004-b3090ed76300.json
APK textual entries	domain	fc8921b9-b509-4aa9-8d9d-0e3f2444c60d.json
APK textual entries	domain	fc8921b9-b509-4aa9-8d9d-0e3f2444c60d.ma
APK textual entries	domain	fc8921b9-b509-4aa9-8d9d-0e3f2444c60d.manifest
APK textual entries	domain	fccc4402-cba0-4032-b136-d3dcbc151879.json
APK textual entries	domain	fce6d79e-7806-4a18-92f3-a576fbbc5da2.json
APK textual entries	domain	fce6d79e-7806-4a18-92f3-a576fbbc5da2.ma
APK textual entries	domain	fce6d79e-7806-4a18-92f3-a576fbbc5da2.manifest
APK textual entries	domain	fd16dd45-57c6-4e56-a255-97b2d5027b67.json
APK textual entries	domain	fd16dd45-57c6-4e56-a255-97b2d5027b67.ma
APK textual entries	domain	fd16dd45-57c6-4e56-a255-97b2d5027b67.manifest
APK textual entries	domain	fd2e5673-dfe0-4a77-b6fe-1efba09acc02.json
APK textual entries	domain	fd5d19ef-5f66-4e8a-a58e-d96ce5146e26.json
APK textual entries	domain	fd5d19ef-5f66-4e8a-a58e-d96ce5146e26.pn
APK textual entries	domain	fd5d19ef-5f66-4e8a-a58e-d96ce5146e26.png
APK textual entries	domain	fd665b2f-f145-43a1-aa85-407c1afda901.json
APK textual entries	domain	fd6a332a-8045-42e5-a415-dd843fd1974e.json
APK textual entries	domain	fd6a332a-8045-42e5-a415-dd843fd1974e.mp
APK textual entries	domain	fd7b9042-b352-4bec-8b52-b6760203903f.json
APK textual entries	domain	fd9a45f1-7dc1-4b45-9956-85ac883f35ef.json
APK textual entries	domain	fd9a45f1-7dc1-4b45-9956-85ac883f35ef.ma
APK textual entries	domain	fd9a45f1-7dc1-4b45-9956-85ac883f35ef.manifest
APK textual entries	domain	fdadbf14-a065-433b-8603-e411a5e96541.json
APK textual entries	domain	fdcf23c1-a10a-4e64-91f9-cc14848b3e63.json
APK textual entries	domain	fdcf23c1-a10a-4e64-91f9-cc14848b3e63.pn
APK textual entries	domain	fdcf23c1-a10a-4e64-91f9-cc14848b3e63.png
APK textual entries	domain	fddeb37d-5e4c-477c-af2f-d75d747c3e01.json
APK textual entries	domain	fde67b2f-e002-4f5e-b607-ba19da25a449.json
APK textual entries	domain	fdf2e094-0020-414b-b99b-1388eee9f9f5.json
APK textual entries	domain	fdfb80d5-2634-4a54-a5f0-f7840b911148.json
APK textual entries	domain	fdfd3b2f-b199-40c7-8a81-9fffdcda4127.at
APK textual entries	domain	fdfd3b2f-b199-40c7-8a81-9fffdcda4127.atlas
APK textual entries	domain	fdfd3b2f-b199-40c7-8a81-9fffdcda4127.json
APK textual entries	domain	fdff19a3-25dc-41ce-ae46-f280010fcd48.json
APK textual entries	domain	fe6c277b-5f1b-4ea2-b078-02f7d2c3aa6c.json
APK textual entries	domain	fe76b3e3-32b6-4a6a-bcf8-669b3776ce0b.json
APK textual entries	domain	fe892b77-a7c2-4121-bb45-d4ffaf740fbd.json
APK textual entries	domain	fe892b77-a7c2-4121-bb45-d4ffaf740fbd.ma
APK textual entries	domain	fe892b77-a7c2-4121-bb45-d4ffaf740fbd.manifest
APK textual entries	domain	fea05297-0671-4956-ae09-ed5ac2be6a36.json
APK textual entries	domain	fea05297-0671-4956-ae09-ed5ac2be6a36.mp
APK textual entries	domain	feabc761-f772-4431-9d02-713b6b9a5bfa.json
APK textual entries	domain	feature.toLowerCase
APK textual entries	domain	fec53d0a-ddda-474b-853a-2fb043a2dfcb.json
APK textual entries	domain	fec53d0a-ddda-474b-853a-2fb043a2dfcb.ma
APK textual entries	domain	fec53d0a-ddda-474b-853a-2fb043a2dfcb.manifest
APK textual entries	domain	fee9d6cd-9dc7-4bcc-a927-10ce291a37ec.json
APK textual entries	domain	feedback.message
APK textual entries	domain	feedback.plist
APK textual entries	domain	feedback.success.content
APK textual entries	domain	feedback.tips.message
APK textual entries	domain	feedback.tips.upload
APK textual entries	domain	feedback.tips.utr
APK textual entries	domain	feedback.tips.whatsapp
APK textual entries	domain	fenxiangshuzi.png
APK textual entries	domain	ff0e91c7-55c6-4086-a39f-cb6e457b8c3b.json
APK textual entries	domain	ff300957-62be-43ec-b422-60ec076ee818.json
APK textual entries	domain	ff300957-62be-43ec-b422-60ec076ee818.pn
APK textual entries	domain	ff300957-62be-43ec-b422-60ec076ee818.png
APK textual entries	domain	ff6e36cd-d770-47b7-95f5-74136edb0604.json
APK textual entries	domain	fffa6b64-db9d-479f-a342-0868d67c11b8.json
APK textual entries	domain	fileList.forEach
APK textual entries	domain	finalColor.rgb
APK textual entries	domain	firebase-analytics.properties
APK textual entries	domain	firebase-annotations.properties
APK textual entries	domain	firebase-common.properties
APK textual entries	domain	firebase-components.properties
APK textual entries	domain	firebase-datatransport.properties
APK textual entries	domain	firebase-encoders-json.properties
APK textual entries	domain	firebase-encoders-proto.properties
APK textual entries	domain	firebase-encoders.properties
APK textual entries	domain	firebase-iid-interop.properties
APK textual entries	domain	firebase-installations-interop.properties
APK textual entries	domain	firebase-installations.properties
APK textual entries	domain	firebase-measurement-connector.properties
APK textual entries	domain	firebase-messaging.properties
APK textual entries	domain	fnt.png
APK textual entries	domain	fontFace.family
APK textual entries	domain	fontFace.load
APK textual entries	domain	fontFace.loaded.then
APK textual entries	domain	fontFace.source
APK textual entries	domain	fontFamilyName.indexOf
APK textual entries	domain	fontHandle.lastIndexOf
APK textual entries	domain	fontHandle.substring
APK textual entries	domain	fr.readAsBinaryString
APK textual entries	domain	ftziti1.png
APK textual entries	domain	fw.png
APK textual entries	domain	gK.9.png
APK textual entries	domain	game.js
APK textual entries	domain	get.You
APK textual entries	domain	getName.replace
APK textual entries	domain	getName.search
APK textual entries	domain	gfx.Device
APK textual entries	domain	gfx.Device.getInstance
APK textual entries	domain	gfx.Device.prototype
APK textual entries	domain	gfx.Device.prototype.setBlendColor
APK textual entries	domain	gfx.FrameBuffer.prototype
APK textual entries	domain	gfx.IndexBuffer.prototype
APK textual entries	domain	gfx.Program.prototype
APK textual entries	domain	gfx.RenderBuffer.prototype
APK textual entries	domain	gfx.Texture2D.prototype
APK textual entries	domain	gfx.VertexBuffer.prototype
APK textual entries	domain	gfx.VertexFormat
APK textual entries	domain	gfx.VertexFormatNative
APK textual entries	domain	github.com
APK textual entries	domain	gl.ALPHA
APK textual entries	domain	gl.ALWAYS
APK textual entries	domain	gl.BACK
APK textual entries	domain	gl.BLEND
APK textual entries	domain	gl.BOOL
APK textual entries	domain	gl.BUFFER
APK textual entries	domain	gl.BYTE
APK textual entries	domain	gl.CCW
APK textual entries	domain	gl.CW
APK textual entries	domain	gl.DECR
APK textual entries	domain	gl.DITHER
APK textual entries	domain	gl.EQUAL
APK textual entries	domain	gl.EXTENSIONS
APK textual entries	domain	gl.FALSE
APK textual entries	domain	gl.FASTEST
APK textual entries	domain	gl.FIXED
APK textual entries	domain	gl.FLOAT
APK textual entries	domain	gl.FRAMEBUFFER
APK textual entries	domain	gl.FRONT
APK textual entries	domain	gl.GEQUAL
APK textual entries	domain	gl.GREATER
APK textual entries	domain	gl.INCR
APK textual entries	domain	gl.INT
APK textual entries	domain	gl.INVERT
APK textual entries	domain	gl.KEEP
APK textual entries	domain	gl.LEFT
APK textual entries	domain	gl.LEQUAL
APK textual entries	domain	gl.LESS
APK textual entries	domain	gl.LINEAR
APK textual entries	domain	gl.LINES
APK textual entries	domain	gl.LUMINANCE
APK textual entries	domain	gl.NEAREST
APK textual entries	domain	gl.NEVER
APK textual entries	domain	gl.NICEST
APK textual entries	domain	gl.NONE
APK textual entries	domain	gl.NOTEQUAL
APK textual entries	domain	gl.ONE
APK textual entries	domain	gl.POINTS
APK textual entries	domain	gl.PROGRAM
APK textual entries	domain	gl.QUERY
APK textual entries	domain	gl.RENDERBUFFER
APK textual entries	domain	gl.RENDERER
APK textual entries	domain	gl.REPEAT
APK textual entries	domain	gl.REPLACE
APK textual entries	domain	gl.RGB
APK textual entries	domain	gl.RGBA
APK textual entries	domain	gl.RIGHT
APK textual entries	domain	gl.SAMPLER
APK textual entries	domain	gl.SAMPLES
APK textual entries	domain	gl.SHADER
APK textual entries	domain	gl.SHORT
APK textual entries	domain	gl.TEXTURE
APK textual entries	domain	gl.TRIANGLES
APK textual entries	domain	gl.TRUE
APK textual entries	domain	gl.VENDOR
APK textual entries	domain	gl.VERSION
APK textual entries	domain	gl.VIEWPORT
APK textual entries	domain	gl.ZERO
APK textual entries	domain	gl.activeTexture
APK textual entries	domain	gl.attachShader
APK textual entries	domain	gl.bindAttribLocation
APK textual entries	domain	gl.bindBuffer
APK textual entries	domain	gl.bindFramebuffer
APK textual entries	domain	gl.bindRenderbuffer
APK textual entries	domain	gl.bindTexture
APK textual entries	domain	gl.blendColor
APK textual entries	domain	gl.blendEquation
APK textual entries	domain	gl.blendEquationSeparate
APK textual entries	domain	gl.blendFunc
APK textual entries	domain	gl.blendFuncSeparate
APK textual entries	domain	gl.bufferData
APK textual entries	domain	gl.bufferSubData
APK textual entries	domain	gl.checkFramebufferStatus
APK textual entries	domain	gl.clear
APK textual entries	domain	gl.clearColor
APK textual entries	domain	gl.clearDepth
APK textual entries	domain	gl.clearStencil
APK textual entries	domain	gl.colorMask
APK textual entries	domain	gl.compileShader
APK textual entries	domain	gl.createBuffer
APK textual entries	domain	gl.createFramebuffer
APK textual entries	domain	gl.createProgram
APK textual entries	domain	gl.createRenderbuffer
APK textual entries	domain	gl.createShader
APK textual entries	domain	gl.createTexture
APK textual entries	domain	gl.cullFace
APK textual entries	domain	gl.deleteBuffer
APK textual entries	domain	gl.deleteFramebuffer
APK textual entries	domain	gl.deleteProgram
APK textual entries	domain	gl.deleteRenderbuffer
APK textual entries	domain	gl.deleteShader
APK textual entries	domain	gl.deleteTexture
APK textual entries	domain	gl.depthFunc
APK textual entries	domain	gl.depthMask
APK textual entries	domain	gl.depthRange
APK textual entries	domain	gl.detachShader
APK textual entries	domain	gl.disable
APK textual entries	domain	gl.disableVertexAttribArray
APK textual entries	domain	gl.drawArrays
APK textual entries	domain	gl.drawElements
APK textual entries	domain	gl.drawingBufferHeight
APK textual entries	domain	gl.drawingBufferWidth
APK textual entries	domain	gl.enable
APK textual entries	domain	gl.enableVertexAttribArray
APK textual entries	domain	gl.finish
APK textual entries	domain	gl.flush
APK textual entries	domain	gl.framebufferRenderbuffer
APK textual entries	domain	gl.frontFace
APK textual entries	domain	gl.generateMipmap
APK textual entries	domain	gl.getActiveAttrib
APK textual entries	domain	gl.getActiveUniform
APK textual entries	domain	gl.getAttachedShaders
APK textual entries	domain	gl.getAttribLocation
APK textual entries	domain	gl.getBufferParameter
APK textual entries	domain	gl.getContextAttributes
APK textual entries	domain	gl.getError
APK textual entries	domain	gl.getExtension
APK textual entries	domain	gl.getFramebufferAttachmentParameter
APK textual entries	domain	gl.getParameter
APK textual entries	domain	gl.getProgramInfoLog
APK textual entries	domain	gl.getProgramParameter
APK textual entries	domain	gl.getRenderbufferParameter
APK textual entries	domain	gl.getShaderInfoLog
APK textual entries	domain	gl.getShaderParameter
APK textual entries	domain	gl.getShaderPrecisionFormat
APK textual entries	domain	gl.getShaderSource
APK textual entries	domain	gl.getSupportedExtensions
APK textual entries	domain	gl.getTexParameter
APK textual entries	domain	gl.getUniform
APK textual entries	domain	gl.getUniformLocation
APK textual entries	domain	gl.getVertexAttrib
APK textual entries	domain	gl.getVertexAttribOffset
APK textual entries	domain	gl.hint
APK textual entries	domain	gl.isBuffer
APK textual entries	domain	gl.isContextLost
APK textual entries	domain	gl.isEnabled
APK textual entries	domain	gl.isFramebuffer
APK textual entries	domain	gl.isProgram
APK textual entries	domain	gl.isRenderbuffer
APK textual entries	domain	gl.isShader
APK textual entries	domain	gl.isTexture
APK textual entries	domain	gl.lineWidth
APK textual entries	domain	gl.linkProgram
APK textual entries	domain	gl.pixelStorei
APK textual entries	domain	gl.png
APK textual entries	domain	gl.polygonOffset
APK textual entries	domain	gl.readPixels
APK textual entries	domain	gl.renderbufferStorage
APK textual entries	domain	gl.sampleCoverage
APK textual entries	domain	gl.scissor
APK textual entries	domain	gl.shaderSource
APK textual entries	domain	gl.stencilFunc
APK textual entries	domain	gl.stencilFuncSeparate
APK textual entries	domain	gl.stencilMask
APK textual entries	domain	gl.stencilMaskSeparate
APK textual entries	domain	gl.stencilOp
APK textual entries	domain	gl.stencilOpSeparate
APK textual entries	domain	gl.texParameterf
APK textual entries	domain	gl.texParameteri
APK textual entries	domain	gl.useProgram
APK textual entries	domain	gl.validateProgram
APK textual entries	domain	gl.vertexAttribPointer
APK textual entries	domain	gl.viewport
APK textual entries	domain	global.ArrayBuffer
APK textual entries	domain	global.Blob
APK textual entries	domain	global.BlobBuilder
APK textual entries	domain	global.FileReaderSync
APK textual entries	domain	global.MozBlobBuilder
APK textual entries	domain	global.URL
APK textual entries	domain	global.WebKitBlobBuilder
APK textual entries	domain	global.atob
APK textual entries	domain	global.btoa
APK textual entries	domain	global.webkitURL
APK textual entries	domain	gltf.bpp
APK textual entries	domain	gltf.format
APK textual entries	domain	gltf.internalFormat
APK textual entries	domain	gltf.pixelType
APK textual entries	domain	google.firebase.components
APK textual entries	domain	graphics-assembler.js
APK textual entries	domain	graphics.circle
APK textual entries	domain	graphics.clear
APK textual entries	domain	graphics.close
APK textual entries	domain	graphics.fill
APK textual entries	domain	graphics.fillColor
APK textual entries	domain	graphics.lineTo
APK textual entries	domain	graphics.lineWidth
APK textual entries	domain	graphics.moveTo
APK textual entries	domain	graphics.stroke
APK textual entries	domain	graphics.strokeColor
APK textual entries	domain	guang.png
APK textual entries	domain	hander.currentElement
APK textual entries	domain	hander.currentElement.appendChild
APK textual entries	domain	hander.doc.appendChild
APK textual entries	domain	handleEventNames.indexOf
APK textual entries	domain	hcom.google.android.datatransport.runtime.scheduling.jobscheduling.AlarmManagerSchedulerBroadcastReceiver
APK textual entries	domain	heycam.github.io
APK textual entries	domain	hg.mozilla.org
APK textual entries	domain	highlight.plist
APK textual entries	domain	htmlEntity.entityMap
APK textual entries	domain	hugewin.png
APK textual entries	domain	i.test
APK textual entries	domain	iQ.png
APK textual entries	domain	iQ.xml
APK textual entries	domain	iW.png
APK textual entries	domain	iframe.canGoBack
APK textual entries	domain	iframe.canGoForward
APK textual entries	domain	iframe.destroy
APK textual entries	domain	iframe.evaluateJS
APK textual entries	domain	iframe.goBack
APK textual entries	domain	iframe.goForward
APK textual entries	domain	iframe.loadData
APK textual entries	domain	iframe.loadHTMLString
APK textual entries	domain	iframe.loadURL
APK textual entries	domain	iframe.reload
APK textual entries	domain	iframe.setJavascriptInterfaceScheme
APK textual entries	domain	iframe.setOnJSCallback
APK textual entries	domain	iframe.setScalesPageToFit
APK textual entries	domain	iframe.src
APK textual entries	domain	iframe.style
APK textual entries	domain	iframe.style.opacity
APK textual entries	domain	ifs.yonogamebox.com
APK textual entries	domain	ifs.yonorummy.in
APK textual entries	domain	image.data
APK textual entries	domain	image.height
APK textual entries	domain	image.width
APK textual entries	domain	imageData.data
APK textual entries	domain	imageData.height
APK textual entries	domain	imageData.set
APK textual entries	domain	imageData.width
APK textual entries	domain	imageToFill.data
APK textual entries	domain	images.length
APK textual entries	domain	img.onerror
APK textual entries	domain	img.onload
APK textual entries	domain	img.src
APK textual entries	domain	impl.createDocumentType
APK textual entries	domain	index.js
APK textual entries	domain	info.args
APK textual entries	domain	info.bpp
APK textual entries	domain	info.cb
APK textual entries	domain	info.cb.apply
APK textual entries	domain	info.compressed
APK textual entries	domain	info.data
APK textual entries	domain	info.delay
APK textual entries	domain	info.errorMsg
APK textual entries	domain	info.glFormat
APK textual entries	domain	info.glInternalFormat
APK textual entries	domain	info.glType
APK textual entries	domain	info.height
APK textual entries	domain	info.id
APK textual entries	domain	info.isRepeat
APK textual entries	domain	info.lightDir
APK textual entries	domain	info.name
APK textual entries	domain	info.normalize
APK textual entries	domain	info.num
APK textual entries	domain	info.numberOfMipmaps
APK textual entries	domain	info.platform
APK textual entries	domain	info.premultiplyAlpha
APK textual entries	domain	info.radiance
APK textual entries	domain	info.start
APK textual entries	domain	info.target
APK textual entries	domain	info.type
APK textual entries	domain	info.version.split
APK textual entries	domain	info.width
APK textual entries	domain	infos.length
APK textual entries	domain	initArgs.acceleration
APK textual entries	domain	initArgs.accelerationIncludingGravity
APK textual entries	domain	initArgs.button
APK textual entries	domain	initArgs.clientX
APK textual entries	domain	initArgs.clientY
APK textual entries	domain	initArgs.interval
APK textual entries	domain	initArgs.pageX
APK textual entries	domain	initArgs.pageY
APK textual entries	domain	initArgs.rotationRate
APK textual entries	domain	initArgs.screenX
APK textual entries	domain	initArgs.screenY
APK textual entries	domain	initArgs.wheelDelta
APK textual entries	domain	initArgs.which
APK textual entries	domain	item.content
APK textual entries	domain	item.rawUrl
APK textual entries	domain	item.url
APK textual entries	domain	java.lang.String
APK textual entries	domain	je.9.png
APK textual entries	domain	jinbi.png
APK textual entries	domain	js.extend
APK textual entries	domain	jsList.map
APK textual entries	domain	jsList.push
APK textual entries	domain	jsb-assets-manager.js
APK textual entries	domain	jsb-audio.js
APK textual entries	domain	jsb-builtin.js
APK textual entries	domain	jsb-dragonbones.js
APK textual entries	domain	jsb-editbox.js
APK textual entries	domain	jsb-effect-variant.js
APK textual entries	domain	jsb-effect.js
APK textual entries	domain	jsb-engine.js
APK textual entries	domain	jsb-game.js
APK textual entries	domain	jsb-loader.js
APK textual entries	domain	jsb-particle.js
APK textual entries	domain	jsb-reflection.js
APK textual entries	domain	jsb-skin-mesh.js
APK textual entries	domain	jsb-spine-skeleton.js
APK textual entries	domain	jsb-sys.js
APK textual entries	domain	jsb-tiledmap.js
APK textual entries	domain	jsb-videoplayer.js
APK textual entries	domain	jsb-webview.js
APK textual entries	domain	jsb.AssetsManager
APK textual entries	domain	jsb.AssetsManager.State
APK textual entries	domain	jsb.AudioEngine
APK textual entries	domain	jsb.AudioEngine.AudioState
APK textual entries	domain	jsb.Device
APK textual entries	domain	jsb.Device.getBatteryLevel
APK textual entries	domain	jsb.Device.getNetworkType
APK textual entries	domain	jsb.Device.getSafeAreaEdge
APK textual entries	domain	jsb.Downloader
APK textual entries	domain	jsb.EventAssetsManager
APK textual entries	domain	jsb.FileUtils
APK textual entries	domain	jsb.FileUtils.getInstance
APK textual entries	domain	jsb.Manifest.DownloadState
APK textual entries	domain	jsb.WebView
APK textual entries	domain	jsb.WebView.create
APK textual entries	domain	jsb.device
APK textual entries	domain	jsb.device.dispatchDeviceMotionEvent
APK textual entries	domain	jsb.device.getDeviceMotionValue
APK textual entries	domain	jsb.device.getDevicePixelRatio
APK textual entries	domain	jsb.device.getDeviceRotation
APK textual entries	domain	jsb.device.setAccelerometerEnabled
APK textual entries	domain	jsb.device.setAccelerometerInterval
APK textual entries	domain	jsb.device.setMotionEnabled
APK textual entries	domain	jsb.device.setMotionInterval
APK textual entries	domain	jsb.disableBatchGLCommandsToNative
APK textual entries	domain	jsb.fileUtils
APK textual entries	domain	jsb.fileUtils.getDataFromFile
APK textual entries	domain	jsb.fileUtils.getStringFromFile
APK textual entries	domain	jsb.fileUtils.getWritablePath
APK textual entries	domain	jsb.fileUtils.isDirectoryExist
APK textual entries	domain	jsb.fileUtils.isFileExist
APK textual entries	domain	jsb.fileUtils.listFilesRecursively
APK textual entries	domain	jsb.fileUtils.setSearchPaths
APK textual entries	domain	jsb.garbageCollect
APK textual entries	domain	jsb.generateGetSet
APK textual entries	domain	jsb.hideInputBox
APK textual entries	domain	jsb.inputBox
APK textual entries	domain	jsb.inputBox.hide
APK textual entries	domain	jsb.inputBox.offComplete
APK textual entries	domain	jsb.inputBox.offConfirm
APK textual entries	domain	jsb.inputBox.offInput
APK textual entries	domain	jsb.inputBox.onComplete
APK textual entries	domain	jsb.inputBox.onConfirm
APK textual entries	domain	jsb.inputBox.onInput
APK textual entries	domain	jsb.inputBox.show
APK textual entries	domain	jsb.loadFont
APK textual entries	domain	jsb.loadImage
APK textual entries	domain	jsb.onKeyDown
APK textual entries	domain	jsb.onKeyUp
APK textual entries	domain	jsb.onMouseDown
APK textual entries	domain	jsb.onMouseMove
APK textual entries	domain	jsb.onMouseUp
APK textual entries	domain	jsb.onMouseWheel
APK textual entries	domain	jsb.onPause
APK textual entries	domain	jsb.onResize
APK textual entries	domain	jsb.onResume
APK textual entries	domain	jsb.onTextInput
APK textual entries	domain	jsb.onTouchCancel
APK textual entries	domain	jsb.onTouchEnd
APK textual entries	domain	jsb.onTouchMove
APK textual entries	domain	jsb.onTouchStart
APK textual entries	domain	jsb.reflection
APK textual entries	domain	jsb.registerNativeRef
APK textual entries	domain	jsb.showInputBox
APK textual entries	domain	jsb.unregisterAllNativeRefs
APK textual entries	domain	jsb.unregisterChildRefsForNode
APK textual entries	domain	jsb.unregisterNativeRef
APK textual entries	domain	k.charAt
APK textual entries	domain	k.substr
APK textual entries	domain	kcom.google.firebase.components
APK textual entries	domain	key.indexOf
APK textual entries	domain	kyc.mobilesubmited
APK textual entries	domain	l.Promise
APK textual entries	domain	l.Promise.prototype
APK textual entries	domain	l.columnNumber
APK textual entries	domain	l.lineNumber
APK textual entries	domain	l.systemId
APK textual entries	domain	lR.xml
APK textual entries	domain	lastMatch.index
APK textual entries	domain	level-one-core.html
APK textual entries	domain	lexHandler.endCDATA
APK textual entries	domain	lexHandler.startCDATA
APK textual entries	domain	libcocos2djs.so
APK textual entries	domain	light.js
APK textual entries	domain	lightColor.rgb
APK textual entries	domain	lightDirection.xyz
APK textual entries	domain	lightPositionAndRange.xyz
APK textual entries	domain	lighting.diffuse
APK textual entries	domain	lighting.specular
APK textual entries	domain	linePattern.exec
APK textual entries	domain	list.callbackInfos
APK textual entries	domain	list.callbackInfos.length
APK textual entries	domain	list.length
APK textual entries	domain	listeners.get
APK textual entries	domain	listeners.set
APK textual entries	domain	livedata-core.version
APK textual entries	domain	livedata.version
APK textual entries	domain	loading.png
APK textual entries	domain	local.length
APK textual entries	domain	localStorage.getItem
APK textual entries	domain	locator.columnNumber
APK textual entries	domain	locator.lineNumber
APK textual entries	domain	ls.length
APK textual entries	domain	ls.push
APK textual entries	domain	m.getHash
APK textual entries	domain	m.index
APK textual entries	domain	mail.png
APK textual entries	domain	main.js
APK textual entries	domain	mask-assembler.js
APK textual entries	domain	mask.inverted
APK textual entries	domain	mask.node
APK textual entries	domain	matchs.length
APK textual entries	domain	material.effect
APK textual entries	domain	materials.length
APK textual entries	domain	md5.min.jsc
APK textual entries	domain	md5Pipe.transformURL
APK textual entries	domain	mediaDownloader.createDownloadFileTask
APK textual entries	domain	mediaDownloader.setOnFileTaskSuccess
APK textual entries	domain	mediaDownloader.setOnTaskError
APK textual entries	domain	members.length
APK textual entries	domain	menu.png
APK textual entries	domain	mesh-buffer.js
APK textual entries	domain	mesh-renderer.js
APK textual entries	domain	mesh.js
APK textual entries	domain	mesh.loaded
APK textual entries	domain	meshbuffer.requestStatic
APK textual entries	domain	meshbuffer.setNativeAssembler
APK textual entries	domain	messages.Contact
APK textual entries	domain	middleware.ParticleSimulator
APK textual entries	domain	mimeType.toLowerCase
APK textual entries	domain	mk-ca-bundle.pl
APK textual entries	domain	module.exports
APK textual entries	domain	motion-streak.js
APK textual entries	domain	n.onFulfilled
APK textual entries	domain	n.onRejected
APK textual entries	domain	n.promise
APK textual entries	domain	n.reject
APK textual entries	domain	n.resolve
APK textual entries	domain	n.then
APK textual entries	domain	n1.There
APK textual entries	domain	n2.Complete
APK textual entries	domain	n2.Data
APK textual entries	domain	n2.Manual
APK textual entries	domain	n2.You
APK textual entries	domain	n3.Betting
APK textual entries	domain	n3.Complete
APK textual entries	domain	n3.Higher
APK textual entries	domain	n4.Account
APK textual entries	domain	n4.Complete
APK textual entries	domain	n4.Exchange
APK textual entries	domain	n4.Jackpot
APK textual entries	domain	n5.Platform
APK textual entries	domain	n5.You
APK textual entries	domain	nApocslypticwin.png
APK textual entries	domain	nMassivewin.png
APK textual entries	domain	nameArr.join
APK textual entries	domain	nameArr.splice
APK textual entries	domain	nameChar.source
APK textual entries	domain	nameStartChar.source
APK textual entries	domain	nameStartChar.source.slice
APK textual entries	domain	nativeArmatureDisplayProto.convertToWorldSpace
APK textual entries	domain	nativeArmatureDisplayProto.getRootNode
APK textual entries	domain	nativeArmatureDisplayProto.initEvent
APK textual entries	domain	nativeArmatureDisplayProto.off
APK textual entries	domain	nativeArmatureDisplayProto.on
APK textual entries	domain	nativeArmatureDisplayProto.once
APK textual entries	domain	nativeCameraProto.setNode
APK textual entries	domain	nativeLightProto.setNode
APK textual entries	domain	nativeNodes.push
APK textual entries	domain	nativeProto.ctor
APK textual entries	domain	nativeProto.ctor.call
APK textual entries	domain	nativeProto.setLocalData.call
APK textual entries	domain	nativeSkeleton.bindNodeProxy
APK textual entries	domain	nativeSkeleton.getDebugData
APK textual entries	domain	nativeSkeleton.getSkeleton
APK textual entries	domain	nativeSkeleton.setBatchEnabled
APK textual entries	domain	nativeSkeleton.setColor
APK textual entries	domain	nativeSkeleton.setDebugBonesEnabled
APK textual entries	domain	nativeSkeleton.setDebugMeshEnabled
APK textual entries	domain	nativeSkeleton.setDebugSlotsEnabled
APK textual entries	domain	nativeSkeleton.setOpacityModifyRGB
APK textual entries	domain	nativeSkeleton.setTimeScale
APK textual entries	domain	nativeSkeleton.setUseTint
APK textual entries	domain	nbigwin.png
APK textual entries	domain	newAttr.localName
APK textual entries	domain	newAttr.namespaceURI
APK textual entries	domain	newAttr.ownerElement
APK textual entries	domain	newAttr.prefix
APK textual entries	domain	newAttr.value
APK textual entries	domain	newChild.firstChild
APK textual entries	domain	newChild.lastChild
APK textual entries	domain	newChild.nextSibling
APK textual entries	domain	newChild.nodeType
APK textual entries	domain	newChild.ownerDocument
APK textual entries	domain	newChild.parentNode
APK textual entries	domain	newChild.previousSibling
APK textual entries	domain	newFirst.nextSibling
APK textual entries	domain	newFirst.parentNode
APK textual entries	domain	newFirst.previousSibling
APK textual entries	domain	newLast.nextSibling
APK textual entries	domain	next.data
APK textual entries	domain	next.nodeType
APK textual entries	domain	next.previousSibling
APK textual entries	domain	nextChild.previousSibling
APK textual entries	domain	nguang.png
APK textual entries	domain	nhugewin.png
APK textual entries	domain	nloading.png
APK textual entries	domain	nmenu.png
APK textual entries	domain	node-proxy.js
APK textual entries	domain	node.addComponent
APK textual entries	domain	node.appendData
APK textual entries	domain	node.attributes
APK textual entries	domain	node.childNodes
APK textual entries	domain	node.cloneNode
APK textual entries	domain	node.columnNumber
APK textual entries	domain	node.constructor
APK textual entries	domain	node.data
APK textual entries	domain	node.data.replace
APK textual entries	domain	node.firstChild
APK textual entries	domain	node.flag
APK textual entries	domain	node.getAttribute
APK textual entries	domain	node.getChildren
APK textual entries	domain	node.getComponent
APK textual entries	domain	node.getWorldMatrix
APK textual entries	domain	node.internalSubset
APK textual entries	domain	node.js
APK textual entries	domain	node.lineNumber
APK textual entries	domain	node.listener
APK textual entries	domain	node.listener.call
APK textual entries	domain	node.listenerType
APK textual entries	domain	node.localName
APK textual entries	domain	node.name
APK textual entries	domain	node.namespaceURI
APK textual entries	domain	node.next
APK textual entries	domain	node.nextSibling
APK textual entries	domain	node.nodeName
APK textual entries	domain	node.nodeType
APK textual entries	domain	node.nodeValue
APK textual entries	domain	node.once
APK textual entries	domain	node.ownerDocument
APK textual entries	domain	node.passive
APK textual entries	domain	node.prefix
APK textual entries	domain	node.publicId
APK textual entries	domain	node.specified
APK textual entries	domain	node.systemId
APK textual entries	domain	node.tagName
APK textual entries	domain	node.target
APK textual entries	domain	node.value.replace
APK textual entries	domain	node2.appendChild
APK textual entries	domain	node2.attributes
APK textual entries	domain	node2.childNodes
APK textual entries	domain	node2.nodeType
APK textual entries	domain	node2.ownerDocument
APK textual entries	domain	node2.parentNode
APK textual entries	domain	node2.setAttributeNode
APK textual entries	domain	node2.setAttributeNodeNS
APK textual entries	domain	nodeSerializeToString.call
APK textual entries	domain	nodesRenderList.length
APK textual entries	domain	nodesRenderList.push
APK textual entries	domain	now.Please
APK textual entries	domain	ns.adobe.com
APK textual entries	domain	ns.namespace
APK textual entries	domain	ns.prefix
APK textual entries	domain	nspine.png
APK textual entries	domain	nwait.png
APK textual entries	domain	nz.xml
APK textual entries	domain	o.charAt
APK textual entries	domain	o.length
APK textual entries	domain	o.rgb
APK textual entries	domain	obj.constructor
APK textual entries	domain	offsetInfo.byteOffset
APK textual entries	domain	offsetInfo.indiceOffset
APK textual entries	domain	offsetInfo.vertexOffset
APK textual entries	domain	oldAttr.nodeName
APK textual entries	domain	oldAttr.ownerElement
APK textual entries	domain	oldIData.length
APK textual entries	domain	oldVData.length
APK textual entries	domain	onFunc.call
APK textual entries	domain	option.flipY
APK textual entries	domain	option.height
APK textual entries	domain	option.image
APK textual entries	domain	option.level
APK textual entries	domain	option.width
APK textual entries	domain	options.bpp
APK textual entries	domain	options.capture
APK textual entries	domain	options.compressed
APK textual entries	domain	options.confirmHold
APK textual entries	domain	options.confirmType
APK textual entries	domain	options.defaultValue
APK textual entries	domain	options.domBuilder
APK textual entries	domain	options.errorHandler
APK textual entries	domain	options.format
APK textual entries	domain	options.frag
APK textual entries	domain	options.glFormat
APK textual entries	domain	options.glInternalFormat
APK textual entries	domain	options.glType
APK textual entries	domain	options.height
APK textual entries	domain	options.images
APK textual entries	domain	options.inputType
APK textual entries	domain	options.locator
APK textual entries	domain	options.maxLength
APK textual entries	domain	options.multiple
APK textual entries	domain	options.once
APK textual entries	domain	options.passive
APK textual entries	domain	options.type
APK textual entries	domain	options.vert
APK textual entries	domain	options.width
APK textual entries	domain	options.xmlns
APK textual entries	domain	org.cocos2dx.javascript.AppActivity
APK textual entries	domain	org.cocos2dx.javascript.myFileProvider
APK textual entries	domain	org.telegram.messenger
APK textual entries	domain	org.xml.sax
APK textual entries	domain	org.xml.sax.ContentHandler
APK textual entries	domain	org.xml.sax.DTDHandler
APK textual entries	domain	org.xml.sax.ErrorHandler
APK textual entries	domain	org.xml.sax.ext.DeclHandler
APK textual entries	domain	org.xml.sax.ext.LexicalHandler
APK textual entries	domain	originClear.call
APK textual entries	domain	originCreateGraphics.call
APK textual entries	domain	originInit.call
APK textual entries	domain	originRemoveGraphics.call
APK textual entries	domain	originUpdateMesh.call
APK textual entries	domain	other.plist
APK textual entries	domain	owner.on
APK textual entries	domain	p.exports
APK textual entries	domain	p.png
APK textual entries	domain	pY.png
APK textual entries	domain	packedIds.length
APK textual entries	domain	parentNode.firstChild
APK textual entries	domain	parentNode.lastChild
APK textual entries	domain	parentNode.lastChild.nextSibling
APK textual entries	domain	parentNode.ownerDocument
APK textual entries	domain	parentSpaceInfo.dirty
APK textual entries	domain	parentSpaceInfo.index
APK textual entries	domain	parentSpaceInfo.unitID
APK textual entries	domain	parseStack.length
APK textual entries	domain	parseStack.pop
APK textual entries	domain	parseStack.push
APK textual entries	domain	particle-3d-assembler.js
APK textual entries	domain	percent.toFixed
APK textual entries	domain	performance.now
APK textual entries	domain	phonebind.plist
APK textual entries	domain	physics.js
APK textual entries	domain	physics.jsc
APK textual entries	domain	pl.length
APK textual entries	domain	play-services-ads-identifier.properties
APK textual entries	domain	play-services-base.properties
APK textual entries	domain	play-services-basement.properties
APK textual entries	domain	play-services-cloud-messaging.properties
APK textual entries	domain	play-services-measurement-api.properties
APK textual entries	domain	play-services-measurement-base.properties
APK textual entries	domain	play-services-measurement-impl.properties
APK textual entries	domain	play-services-measurement-sdk-api.properties
APK textual entries	domain	play-services-measurement-sdk.properties
APK textual entries	domain	play-services-measurement.properties
APK textual entries	domain	play-services-stats.properties
APK textual entries	domain	play-services-tasks.properties
APK textual entries	domain	polyfill.js
APK textual entries	domain	popupsign.plist
APK textual entries	domain	pos.xyz
APK textual entries	domain	pre.nextSibling
APK textual entries	domain	preAtlasInfo.index
APK textual entries	domain	preAtlasInfo.name
APK textual entries	domain	prefix.length
APK textual entries	domain	prev.next
APK textual entries	domain	prevFuncArgs.length
APK textual entries	domain	previous.nextSibling
APK textual entries	domain	prog.attributes
APK textual entries	domain	prog.blocks
APK textual entries	domain	prog.blocks.length
APK textual entries	domain	prog.defines
APK textual entries	domain	prog.extensions
APK textual entries	domain	prog.name
APK textual entries	domain	prog.samplers
APK textual entries	domain	prog.samplers.length
APK textual entries	domain	prog.uniforms
APK textual entries	domain	progressBar.style.width
APK textual entries	domain	project.dev.js
APK textual entries	domain	project.js
APK textual entries	domain	project.jsc
APK textual entries	domain	project.json
APK textual entries	domain	project.manifest
APK textual entries	domain	project.manifest.temp
APK textual entries	domain	promise.min
APK textual entries	domain	promise.min.js
APK textual entries	domain	propName.split
APK textual entries	domain	propertiesList.forEach
APK textual entries	domain	props.length
APK textual entries	domain	proto.clear
APK textual entries	domain	proto.destroy
APK textual entries	domain	proto.fill
APK textual entries	domain	proto.genBuffer
APK textual entries	domain	proto.getCurrentTime
APK textual entries	domain	proto.getDuration
APK textual entries	domain	proto.getLoop
APK textual entries	domain	proto.getState
APK textual entries	domain	proto.getVolume
APK textual entries	domain	proto.init
APK textual entries	domain	proto.initLocal
APK textual entries	domain	proto.pause
APK textual entries	domain	proto.play
APK textual entries	domain	proto.resume
APK textual entries	domain	proto.setCurrentTime
APK textual entries	domain	proto.setLoop
APK textual entries	domain	proto.setVolume
APK textual entries	domain	proto.stop
APK textual entries	domain	proto.stroke
APK textual entries	domain	proto.update
APK textual entries	domain	proto.updateIADatas
APK textual entries	domain	proto.updateMesh
APK textual entries	domain	proto.updateMeshRange
APK textual entries	domain	proto.updateRenderData
APK textual entries	domain	proto.updateWorldVerts
APK textual entries	domain	protocol.toLowerCase
APK textual entries	domain	proxy.enableVisit
APK textual entries	domain	pt.constructor
APK textual entries	domain	pubid.replace
APK textual entries	domain	publicsuffixes.gz
APK textual entries	domain	purl.eligrey.com
APK textual entries	domain	qF.xml
APK textual entries	domain	qName.indexOf
APK textual entries	domain	qName.slice
APK textual entries	domain	qrcode.jsc
APK textual entries	domain	quad-buffer.js
APK textual entries	domain	qualifiedName.split
APK textual entries	domain	r.indexOf
APK textual entries	domain	r.length
APK textual entries	domain	radial-filled.js
APK textual entries	domain	rawData.name
APK textual entries	domain	rect.height
APK textual entries	domain	rect.width
APK textual entries	domain	refNode.lookupPrefix
APK textual entries	domain	refNode.namespaceURI
APK textual entries	domain	refNode.prefix
APK textual entries	domain	reg.exec
APK textual entries	domain	reg.lastIndex
APK textual entries	domain	render-data.js
APK textual entries	domain	render-flow.js
APK textual entries	domain	renderComp.node
APK textual entries	domain	renderCompProto.onDisable.call
APK textual entries	domain	renderCompProto.onEnable.call
APK textual entries	domain	renderData.ia
APK textual entries	domain	renderData.nodesRenderList
APK textual entries	domain	renderData.nodesRenderList.length
APK textual entries	domain	renderData.vDatas
APK textual entries	domain	renderer.Assembler.prototype
APK textual entries	domain	renderer.Assembler.prototype.ctor.call
APK textual entries	domain	renderer.Camera.prototype
APK textual entries	domain	renderer.CustomAssembler
APK textual entries	domain	renderer.EffectNative
APK textual entries	domain	renderer.EffectVariant
APK textual entries	domain	renderer.ForwardRenderer.prototype
APK textual entries	domain	renderer.Light.prototype
APK textual entries	domain	renderer.MaskAssembler.prototype
APK textual entries	domain	renderer.MaskAssembler.prototype.constructor
APK textual entries	domain	renderer.MaskAssembler.prototype.ctor.call
APK textual entries	domain	renderer.MaskAssembler.prototype.setLocalData.call
APK textual entries	domain	renderer.MeshAssembler.prototype
APK textual entries	domain	renderer.MeshAssembler.prototype.ctor.call
APK textual entries	domain	renderer.NodeProxy.prototype
APK textual entries	domain	renderer.Particle3DAssembler.prototype
APK textual entries	domain	renderer.Particle3DAssembler.prototype.ctor.call
APK textual entries	domain	renderer.ProgramLib.prototype
APK textual entries	domain	renderer.RenderDataList
APK textual entries	domain	renderer.SimpleSprite2D.prototype
APK textual entries	domain	renderer.SimpleSprite3D.prototype
APK textual entries	domain	renderer.SlicedSprite2D.prototype
APK textual entries	domain	renderer.SlicedSprite3D.prototype
APK textual entries	domain	renderer.TiledMapAssembler.prototype
APK textual entries	domain	renderer.TiledMapAssembler.prototype.ctor.call
APK textual entries	domain	req.callback
APK textual entries	domain	req.item
APK textual entries	domain	res.value
APK textual entries	domain	resource.js
APK textual entries	domain	resources.arsc
APK textual entries	domain	result.diffuse
APK textual entries	domain	result.specular
APK textual entries	domain	result0.diffuse
APK textual entries	domain	result0.specular
APK textual entries	domain	result1.diffuse
APK textual entries	domain	result1.specular
APK textual entries	domain	result2.diffuse
APK textual entries	domain	result2.specular
APK textual entries	domain	result3.diffuse
APK textual entries	domain	result3.specular
APK textual entries	domain	ret.lightColor
APK textual entries	domain	ret.lightDir
APK textual entries	domain	ret.radiance
APK textual entries	domain	ret.yzww
APK textual entries	domain	rootNode.isValid
APK textual entries	domain	runtime.jsc
APK textual entries	domain	runtime.version
APK textual entries	domain	s.diffuse
APK textual entries	domain	s.emissive
APK textual entries	domain	s.emissive.rgb
APK textual entries	domain	s.glossiness
APK textual entries	domain	s.normal
APK textual entries	domain	s.opacity
APK textual entries	domain	s.position
APK textual entries	domain	s.specular
APK textual entries	domain	s.specular.rgb
APK textual entries	domain	s.viewDirection
APK textual entries	domain	s4.png
APK textual entries	domain	sA.9.png
APK textual entries	domain	safecenter.plist
APK textual entries	domain	sax.domBuilder
APK textual entries	domain	sax.errorHandler
APK textual entries	domain	sax.errorHandler.error
APK textual entries	domain	sax.parse
APK textual entries	domain	scale.xyz
APK textual entries	domain	scene.uuid
APK textual entries	domain	scenes.length
APK textual entries	domain	schemas.android.com
APK textual entries	domain	screenSize.height
APK textual entries	domain	screenSize.width
APK textual entries	domain	self.endEditing
APK textual entries	domain	self.stopSystem
APK textual entries	domain	service.plist
APK textual entries	domain	settings.assetTypes
APK textual entries	domain	settings.collisionMatrix
APK textual entries	domain	settings.debug
APK textual entries	domain	settings.groupList
APK textual entries	domain	settings.js
APK textual entries	domain	settings.jsList
APK textual entries	domain	settings.jsc
APK textual entries	domain	settings.launchScene
APK textual entries	domain	settings.orientation
APK textual entries	domain	settings.packedAssets
APK textual entries	domain	settings.png
APK textual entries	domain	settings.rawAssets
APK textual entries	domain	settings.scenes
APK textual entries	domain	settings.subpackages
APK textual entries	domain	settings.uuids
APK textual entries	domain	sha512.min.jsc
APK textual entries	domain	simple.js
APK textual entries	domain	size.height
APK textual entries	domain	size.width
APK textual entries	domain	skeleton.addAnimation
APK textual entries	domain	skeleton.clearTrack
APK textual entries	domain	skeleton.clearTracks
APK textual entries	domain	skeleton.findAnimation
APK textual entries	domain	skeleton.findBone
APK textual entries	domain	skeleton.findSlot
APK textual entries	domain	skeleton.getAttachment
APK textual entries	domain	skeleton.getCurrent
APK textual entries	domain	skeleton.getState
APK textual entries	domain	skeleton.getTextureAtlas
APK textual entries	domain	skeleton.invalidAnimationCache
APK textual entries	domain	skeleton.onDestroy
APK textual entries	domain	skeleton.onDisable
APK textual entries	domain	skeleton.onEnable
APK textual entries	domain	skeleton.onLoad
APK textual entries	domain	skeleton.setAnimation
APK textual entries	domain	skeleton.setAnimationStateData
APK textual entries	domain	skeleton.setAttachment
APK textual entries	domain	skeleton.setBonesToSetupPose
APK textual entries	domain	skeleton.setCompleteListener
APK textual entries	domain	skeleton.setDisposeListener
APK textual entries	domain	skeleton.setEndListener
APK textual entries	domain	skeleton.setEventListener
APK textual entries	domain	skeleton.setInterruptListener
APK textual entries	domain	skeleton.setMix
APK textual entries	domain	skeleton.setSkeletonData
APK textual entries	domain	skeleton.setSkin
APK textual entries	domain	skeleton.setSlotsRange
APK textual entries	domain	skeleton.setSlotsToSetupPose
APK textual entries	domain	skeleton.setStartListener
APK textual entries	domain	skeleton.setToSetupPose
APK textual entries	domain	skeleton.setTrackCompleteListener
APK textual entries	domain	skeleton.setTrackDisposeListener
APK textual entries	domain	skeleton.setTrackEndListener
APK textual entries	domain	skeleton.setTrackEventListener
APK textual entries	domain	skeleton.setTrackInterruptListener
APK textual entries	domain	skeleton.setTrackStartListener
APK textual entries	domain	skeleton.setVertexEffectDelegate
APK textual entries	domain	skeleton.update
APK textual entries	domain	skeleton.updateAnimationCache
APK textual entries	domain	skeleton.updateWorldTransform
APK textual entries	domain	skeletonCacheMgr.removeSkeletonCache
APK textual entries	domain	skeletonData.height
APK textual entries	domain	skeletonData.name
APK textual entries	domain	skeletonData.textureNames
APK textual entries	domain	skeletonData.textures
APK textual entries	domain	skeletonData.width
APK textual entries	domain	skeletonDataMgr.setDestroyCallback
APK textual entries	domain	skeletonDataProto.destroy
APK textual entries	domain	skeletonDataProto.getRuntimeData
APK textual entries	domain	skeletonDataProto.getTextureByIndex
APK textual entries	domain	skeletonDataProto.init
APK textual entries	domain	skeletonDataProto.recordTexture
APK textual entries	domain	skeletonDataProto.reset
APK textual entries	domain	sliced.js
APK textual entries	domain	source.charAt
APK textual entries	domain	source.indexOf
APK textual entries	domain	source.lastIndexOf
APK textual entries	domain	source.slice
APK textual entries	domain	source.substr
APK textual entries	domain	source.substring
APK textual entries	domain	sp.AnimationEventType.COMPLETE
APK textual entries	domain	sp.AnimationEventType.DISPOSE
APK textual entries	domain	sp.AnimationEventType.END
APK textual entries	domain	sp.AnimationEventType.EVENT
APK textual entries	domain	sp.AnimationEventType.INTERRUPT
APK textual entries	domain	sp.AnimationEventType.START
APK textual entries	domain	sp.AttachUtil.prototype
APK textual entries	domain	sp.Skeleton
APK textual entries	domain	sp.Skeleton.AnimationCacheMode
APK textual entries	domain	sp.Skeleton.prototype
APK textual entries	domain	sp.SkeletonData
APK textual entries	domain	sp.SkeletonData.prototype
APK textual entries	domain	sp.VertexEffectDelegate
APK textual entries	domain	spTex.setNativeTexture
APK textual entries	domain	spTex.setPixelsHigh
APK textual entries	domain	spTex.setPixelsWide
APK textual entries	domain	spTex.setRealTextureIndex
APK textual entries	domain	spTex.setTexParamCallback
APK textual entries	domain	spaceInfo.cullingMask
APK textual entries	domain	spaceInfo.dirty
APK textual entries	domain	spaceInfo.opacity
APK textual entries	domain	spaceInfo.parent
APK textual entries	domain	spaceInfo.skew
APK textual entries	domain	spaceInfo.zOrder
APK textual entries	domain	specularColor.rgb
APK textual entries	domain	spine.CacheModeAttachUtil
APK textual entries	domain	spine.RealTimeAttachUtil
APK textual entries	domain	spine.SkeletonAnimation
APK textual entries	domain	spine.SkeletonAnimation.prototype
APK textual entries	domain	spine.SkeletonAnimation.setGlobalTimeScale
APK textual entries	domain	spine.SkeletonCacheAnimation
APK textual entries	domain	spine.SkeletonCacheMgr.getInstance
APK textual entries	domain	spine.SkeletonDataMgr.getInstance
APK textual entries	domain	spine.VertexEffectDelegate
APK textual entries	domain	spine.disposeSkeletonData
APK textual entries	domain	spine.initSkeletonData
APK textual entries	domain	spine.initSkeletonRenderer
APK textual entries	domain	spine.png
APK textual entries	domain	spine.retainSkeletonData
APK textual entries	domain	spine.skeletonCacheMgr
APK textual entries	domain	spine.skeletonDataMgr
APK textual entries	domain	splash.querySelector
APK textual entries	domain	splash.style.display
APK textual entries	domain	srcPath.length
APK textual entries	domain	srcPath.substr
APK textual entries	domain	str.charCodeAt
APK textual entries	domain	str.length
APK textual entries	domain	subClass.prototype
APK textual entries	domain	subdatas.length
APK textual entries	domain	superClass.prototype
APK textual entries	domain	support-core-ui.version
APK textual entries	domain	support-core-utils.version
APK textual entries	domain	supportedExtensions.indexOf
APK textual entries	domain	sys.garbageCollect
APK textual entries	domain	sys.getBatteryLevel
APK textual entries	domain	sys.getNetworkType
APK textual entries	domain	sys.getSafeAreaRect
APK textual entries	domain	sys.isObjectValid
APK textual entries	domain	sys.localStorage
APK textual entries	domain	sys.restartVM
APK textual entries	domain	sysid.replace
APK textual entries	domain	t.all
APK textual entries	domain	t.atob
APK textual entries	domain	t.btoa
APK textual entries	domain	t.columnNumber
APK textual entries	domain	t.length
APK textual entries	domain	t.lineNumber
APK textual entries	domain	t.prototype
APK textual entries	domain	t.prototype.then
APK textual entries	domain	t.race
APK textual entries	domain	t.reject
APK textual entries	domain	t.resolve
APK textual entries	domain	tagName.indexOf
APK textual entries	domain	tagName.length
APK textual entries	domain	tagName.match
APK textual entries	domain	tagName.replace
APK textual entries	domain	tagName.slice
APK textual entries	domain	tagName.toLowerCase
APK textual entries	domain	tagName.toUpperCase
APK textual entries	domain	tagNamePattern.test
APK textual entries	domain	target.dispatchEvent
APK textual entries	domain	task.requestURL
APK textual entries	domain	task.storagePath
APK textual entries	domain	tempPath.length
APK textual entries	domain	templates.length
APK textual entries	domain	tex.setFilters
APK textual entries	domain	tex.setWrapMode
APK textual entries	domain	texColor.rgb
APK textual entries	domain	texKeys.length
APK textual entries	domain	texValues.length
APK textual entries	domain	text.length
APK textual entries	domain	text.replace
APK textual entries	domain	text.substring
APK textual entries	domain	texture.getImpl
APK textual entries	domain	texture.height
APK textual entries	domain	texture.url
APK textual entries	domain	texture.width
APK textual entries	domain	textureNames.length
APK textual entries	domain	textures.length
APK textual entries	domain	this.CCFactory.getInstance
APK textual entries	domain	this.addDBEventListener
APK textual entries	domain	this.addEventListener
APK textual entries	domain	this.animation
APK textual entries	domain	this.animationName
APK textual entries	domain	this.appendChild
APK textual entries	domain	this.args
APK textual entries	domain	this.armatureName
APK textual entries	domain	this.atlasJson
APK textual entries	domain	this.atlasText
APK textual entries	domain	this.attachUtil
APK textual entries	domain	this.attachUtil.init
APK textual entries	domain	this.attributes.getNamedItem
APK textual entries	domain	this.attributes.getNamedItemNS
APK textual entries	domain	this.attributes.length
APK textual entries	domain	this.attributes.removeNamedItem
APK textual entries	domain	this.attributes.setNamedItem
APK textual entries	domain	this.attributes.setNamedItemNS
APK textual entries	domain	this.bottom
APK textual entries	domain	this.byteOffset
APK textual entries	domain	this.cancelable
APK textual entries	domain	this.cb
APK textual entries	domain	this.cdata
APK textual entries	domain	this.childNodes.findIndex
APK textual entries	domain	this.childNodes.indexOf
APK textual entries	domain	this.childNodes.push
APK textual entries	domain	this.childNodes.splice
APK textual entries	domain	this.code
APK textual entries	domain	this.col
APK textual entries	domain	this.constructor
APK textual entries	domain	this.convertToRootSpace
APK textual entries	domain	this.createElement
APK textual entries	domain	this.currentElement
APK textual entries	domain	this.currentElement.appendChild
APK textual entries	domain	this.data
APK textual entries	domain	this.data.join
APK textual entries	domain	this.data.length
APK textual entries	domain	this.data.slice
APK textual entries	domain	this.data.substring
APK textual entries	domain	this.debugBones
APK textual entries	domain	this.debugMesh
APK textual entries	domain	this.debugSlots
APK textual entries	domain	this.defaultAnimation
APK textual entries	domain	this.defaultSkin
APK textual entries	domain	this.delay
APK textual entries	domain	this.descriptors
APK textual entries	domain	this.destroyImmediately
APK textual entries	domain	this.dispatchEvent
APK textual entries	domain	this.doc
APK textual entries	domain	this.doc.appendChild
APK textual entries	domain	this.doc.createCDATASection
APK textual entries	domain	this.doc.createComment
APK textual entries	domain	this.doc.createProcessingInstruction
APK textual entries	domain	this.doc.createTextNode
APK textual entries	domain	this.doc.documentURI
APK textual entries	domain	this.doc.implementation
APK textual entries	domain	this.doc.normalize
APK textual entries	domain	this.documentElement
APK textual entries	domain	this.domBuilder
APK textual entries	domain	this.dragonAsset
APK textual entries	domain	this.dragonAsset.init
APK textual entries	domain	this.dragonAtlasAsset
APK textual entries	domain	this.dragonBonesJson
APK textual entries	domain	this.emit
APK textual entries	domain	this.enableBatch
APK textual entries	domain	this.encoding
APK textual entries	domain	this.errorHandler
APK textual entries	domain	this.family
APK textual entries	domain	this.firstChild
APK textual entries	domain	this.floatsPerVert
APK textual entries	domain	this.getAnimationNames
APK textual entries	domain	this.getAttributeNode
APK textual entries	domain	this.getAttributeNodeNS
APK textual entries	domain	this.getBuffers
APK textual entries	domain	this.getCullingMask
APK textual entries	domain	this.getDisplay
APK textual entries	domain	this.getHandle
APK textual entries	domain	this.getIndex.apply
APK textual entries	domain	this.getMaterial
APK textual entries	domain	this.getNamedItem
APK textual entries	domain	this.getNamedItemNS
APK textual entries	domain	this.getProgramLib
APK textual entries	domain	this.getProperty
APK textual entries	domain	this.getRootDisplay
APK textual entries	domain	this.getRootNode
APK textual entries	domain	this.getTextureByIndex
APK textual entries	domain	this.getValue
APK textual entries	domain	this.getVfmt
APK textual entries	domain	this.gravity
APK textual entries	domain	this.height
APK textual entries	domain	this.id
APK textual entries	domain	this.ignoreOpacityFlag
APK textual entries	domain	this.ignoreWorldMatrix
APK textual entries	domain	this.indiceOffset
APK textual entries	domain	this.init
APK textual entries	domain	this.initEvent
APK textual entries	domain	this.initVertexFormat
APK textual entries	domain	this.insertBefore
APK textual entries	domain	this.interfaceSchema
APK textual entries	domain	this.isAnimationCached
APK textual entries	domain	this.isRepeat
APK textual entries	domain	this.jsCallback
APK textual entries	domain	this.jsbTexture
APK textual entries	domain	this.jsbTexture.setNativeTexture
APK textual entries	domain	this.jsbTexture.setPixelsHigh
APK textual entries	domain	this.jsbTexture.setPixelsWide
APK textual entries	domain	this.jsbTexture.setRealTextureIndex
APK textual entries	domain	this.left
APK textual entries	domain	this.length
APK textual entries	domain	this.locator
APK textual entries	domain	this.locator.systemId
APK textual entries	domain	this.lookupPrefix
APK textual entries	domain	this.loop
APK textual entries	domain	this.markForRender
APK textual entries	domain	this.material
APK textual entries	domain	this.message
APK textual entries	domain	this.min
APK textual entries	domain	this.name
APK textual entries	domain	this.nativeUrl
APK textual entries	domain	this.nextSibling
APK textual entries	domain	this.node
APK textual entries	domain	this.node.color
APK textual entries	domain	this.node.setContentSize
APK textual entries	domain	this.nodeType
APK textual entries	domain	this.nodeValue
APK textual entries	domain	this.notifyUpdateParent
APK textual entries	domain	this.onFulfilled
APK textual entries	domain	this.onRejected
APK textual entries	domain	this.options
APK textual entries	domain	this.ownerDocument
APK textual entries	domain	this.ownerDocument.createAttribute
APK textual entries	domain	this.ownerDocument.createAttributeNS
APK textual entries	domain	this.ownerDocument.createTextNode
APK textual entries	domain	this.ownerDocument.implementation.hasFeature
APK textual entries	domain	this.parent
APK textual entries	domain	this.parentNode
APK textual entries	domain	this.parentNode.insertBefore
APK textual entries	domain	this.playAnimation
APK textual entries	domain	this.playTimes
APK textual entries	domain	this.premultipliedAlpha
APK textual entries	domain	this.promise
APK textual entries	domain	this.recordTexture
APK textual entries	domain	this.removeAttributeNode
APK textual entries	domain	this.removeChild
APK textual entries	domain	this.removeDBEventListener
APK textual entries	domain	this.removeDom
APK textual entries	domain	this.removeRecordTexture
APK textual entries	domain	this.replaceData
APK textual entries	domain	this.requestStatic
APK textual entries	domain	this.reset
APK textual entries	domain	this.result
APK textual entries	domain	this.right
APK textual entries	domain	this.row
APK textual entries	domain	this.scale
APK textual entries	domain	this.self
APK textual entries	domain	this.setAttributeNode
APK textual entries	domain	this.setCompleteListener
APK textual entries	domain	this.setCompleteListenerNative
APK textual entries	domain	this.setCullingMask
APK textual entries	domain	this.setDBEventCallback
APK textual entries	domain	this.setDirty
APK textual entries	domain	this.setDisposeListener
APK textual entries	domain	this.setEndListener
APK textual entries	domain	this.setEventListener
APK textual entries	domain	this.setImageStencil
APK textual entries	domain	this.setInterruptListener
APK textual entries	domain	this.setJavascriptInterfaceScheme
APK textual entries	domain	this.setLocalDirty
APK textual entries	domain	this.setMaskInverted
APK textual entries	domain	this.setName
APK textual entries	domain	this.setNode
APK textual entries	domain	this.setOnJSCallback
APK textual entries	domain	this.setParticleSpace
APK textual entries	domain	this.setRenderDataList
APK textual entries	domain	this.setSimulationSpace
APK textual entries	domain	this.setSkeletonData
APK textual entries	domain	this.setStartListener
APK textual entries	domain	this.setTrackCompleteListenerNative
APK textual entries	domain	this.setTrailModuleSpace
APK textual entries	domain	this.setTrailSpace
APK textual entries	domain	this.setTrailVertexFormat
APK textual entries	domain	this.setUseModel
APK textual entries	domain	this.setVertexFormat
APK textual entries	domain	this.size
APK textual entries	domain	this.skeletonData
APK textual entries	domain	this.skeletonData.init
APK textual entries	domain	this.skeletonJsonStr
APK textual entries	domain	this.source
APK textual entries	domain	this.src
APK textual entries	domain	this.start
APK textual entries	domain	this.switchBuffer
APK textual entries	domain	this.switchTraverseToVisit
APK textual entries	domain	this.tagName
APK textual entries	domain	this.target
APK textual entries	domain	this.textureNames
APK textual entries	domain	this.textures
APK textual entries	domain	this.then
APK textual entries	domain	this.timeScale
APK textual entries	domain	this.top
APK textual entries	domain	this.type
APK textual entries	domain	this.updateCullingMask
APK textual entries	domain	this.updateEffect
APK textual entries	domain	this.updateIAData
APK textual entries	domain	this.updateIndicesRange
APK textual entries	domain	this.updateMaterial
APK textual entries	domain	this.updateMeshData
APK textual entries	domain	this.updateMeshIndex
APK textual entries	domain	this.updateNative
APK textual entries	domain	this.updateOpacity
APK textual entries	domain	this.updateParent
APK textual entries	domain	this.updateRenderData
APK textual entries	domain	this.updateSkew
APK textual entries	domain	this.updateSubImageNative
APK textual entries	domain	this.updateTextureAtlasData
APK textual entries	domain	this.updateZOrder
APK textual entries	domain	this.url
APK textual entries	domain	this.useTint
APK textual entries	domain	this.value
APK textual entries	domain	this.vertexOffset
APK textual entries	domain	this.volume
APK textual entries	domain	this.width
APK textual entries	domain	tiled.js
APK textual entries	domain	tintColor.rgb
APK textual entries	domain	touchEvent.changedTouches
APK textual entries	domain	touchEvent.targetTouches
APK textual entries	domain	touchEvent.timeStamp
APK textual entries	domain	touchEvent.touches
APK textual entries	domain	touches.length
APK textual entries	domain	trackEntry.animationEnd
APK textual entries	domain	trackEntry.trackTime
APK textual entries	domain	trackEntryNative.animationEnd
APK textual entries	domain	trackEntryNative.trackTime
APK textual entries	domain	trailModule.space
APK textual entries	domain	transport-api.properties
APK textual entries	domain	transport-backend-cct.properties
APK textual entries	domain	transport-runtime.properties
APK textual entries	domain	ttf.js
APK textual entries	domain	u.call
APK textual entries	domain	uniforms.push
APK textual entries	domain	uri.match
APK textual entries	domain	us.Once
APK textual entries	domain	uuidArray.length
APK textual entries	domain	uv0.xy
APK textual entries	domain	vL.9.png
APK textual entries	domain	value.length
APK textual entries	domain	value.match
APK textual entries	domain	value.replace
APK textual entries	domain	value.slice
APK textual entries	domain	vec3.set
APK textual entries	domain	velocity.xyz
APK textual entries	domain	version-control-info.textproto
APK textual entries	domain	version.manifest
APK textual entries	domain	viewmodel.version
APK textual entries	domain	visibleNamespaces.length
APK textual entries	domain	visibleNamespaces.push
APK textual entries	domain	vo.png
APK textual entries	domain	w.wzyx
APK textual entries	domain	wN.9.png
APK textual entries	domain	wait.png
APK textual entries	domain	window.Blob
APK textual entries	domain	window.DOMParser
APK textual entries	domain	window.DeviceMotionEvent
APK textual entries	domain	window.Element
APK textual entries	domain	window.Event
APK textual entries	domain	window.EventTarget
APK textual entries	domain	window.FileReader
APK textual entries	domain	window.FontFace
APK textual entries	domain	window.FontFaceSet
APK textual entries	domain	window.HTMLCanvasElement
APK textual entries	domain	window.HTMLElement
APK textual entries	domain	window.HTMLImageElement
APK textual entries	domain	window.HTMLMediaElement
APK textual entries	domain	window.HTMLScriptElement
APK textual entries	domain	window.HTMLVideoElement
APK textual entries	domain	window.Image
APK textual entries	domain	window.JavaScriptObjCBridge
APK textual entries	domain	window.JavascriptJavaBridge
APK textual entries	domain	window.KeyboardEvent
APK textual entries	domain	window.MouseEvent
APK textual entries	domain	window.SocketIO
APK textual entries	domain	window.TouchEvent
APK textual entries	domain	window.URL
APK textual entries	domain	window.addEventListener
APK textual entries	domain	window.alert
APK textual entries	domain	window.atob
APK textual entries	domain	window.boot
APK textual entries	domain	window.btoa
APK textual entries	domain	window.cancelAnimationFrame
APK textual entries	domain	window.canvas
APK textual entries	domain	window.clearInterval
APK textual entries	domain	window.clearTimeout
APK textual entries	domain	window.clientLeft
APK textual entries	domain	window.clientTop
APK textual entries	domain	window.device
APK textual entries	domain	window.devicePixelRatio
APK textual entries	domain	window.dispatchEvent
APK textual entries	domain	window.document
APK textual entries	domain	window.dragonBones
APK textual entries	domain	window.focus
APK textual entries	domain	window.gameTick
APK textual entries	domain	window.getComputedStyle
APK textual entries	domain	window.gfx
APK textual entries	domain	window.innerHeight
APK textual entries	domain	window.innerWidth
APK textual entries	domain	window.io
APK textual entries	domain	window.jsb
APK textual entries	domain	window.localStorage
APK textual entries	domain	window.location
APK textual entries	domain	window.middleware
APK textual entries	domain	window.navigator
APK textual entries	domain	window.onload
APK textual entries	domain	window.ontouchcancel
APK textual entries	domain	window.ontouchend
APK textual entries	domain	window.ontouchmove
APK textual entries	domain	window.ontouchstart
APK textual entries	domain	window.optConfig
APK textual entries	domain	window.orientation
APK textual entries	domain	window.outerHeight
APK textual entries	domain	window.outerWidth
APK textual entries	domain	window.pageXOffset
APK textual entries	domain	window.pageYOffset
APK textual entries	domain	window.parent
APK textual entries	domain	window.removeEventListener
APK textual entries	domain	window.renderer
APK textual entries	domain	window.requestAnimationFrame
APK textual entries	domain	window.resize
APK textual entries	domain	window.screen
APK textual entries	domain	window.screen.availHeight
APK textual entries	domain	window.screen.availWidth
APK textual entries	domain	window.screen.height
APK textual entries	domain	window.screen.width
APK textual entries	domain	window.scroll
APK textual entries	domain	window.setInterval
APK textual entries	domain	window.setTimeout
APK textual entries	domain	window.sp
APK textual entries	domain	window.spine
APK textual entries	domain	window.top
APK textual entries	domain	withdrawals.Please
APK textual entries	domain	world.length
APK textual entries	domain	www.apple.com
APK textual entries	domain	www.cocos.com
APK textual entries	domain	www.khronos.org
APK textual entries	domain	www.philslotsagent.com
APK textual entries	domain	www.saxproject.org
APK textual entries	domain	www.w3.org
APK textual entries	domain	x.wzyx
APK textual entries	domain	xN.xml
APK textual entries	domain	xa.9.png
APK textual entries	domain	xmp.did
APK textual entries	domain	xmp.iid
APK textual entries	domain	y.wzyx
APK textual entries	domain	yn.png
APK textual entries	domain	z.wzyx
APK textual entries	domain	zhuanpanshuzi.png
APK textual entries	domain	zu.png
APK textual entries	url	http://eligrey.com
APK textual entries	url	http://github.com/garycourt/murmurhash-js
APK textual entries	url	http://ifs.yonorummy.in/GameX/1.6.8.7/Activity
APK textual entries	url	http://ifs.yonorummy.in/GameX/1.6.8.7/AladingWheel
APK textual entries	url	http://ifs.yonorummy.in/GameX/1.6.8.7/Alibaba
APK textual entries	url	http://ifs.yonorummy.in/GameX/1.6.8.7/AndarBahar
APK textual entries	url	http://ifs.yonorummy.in/GameX/1.6.8.7/Archer
APK textual entries	url	http://ifs.yonorummy.in/GameX/1.6.8.7/Archer2
APK textual entries	url	http://ifs.yonorummy.in/GameX/1.6.8.7/Archer3
APK textual entries	url	http://ifs.yonorummy.in/GameX/1.6.8.7/ArcheryMaster
APK textual entries	url	http://ifs.yonorummy.in/GameX/1.6.8.7/Aviator
APK textual entries	url	http://ifs.yonorummy.in/GameX/1.6.8.7/Aviatrix
APK textual entries	url	http://ifs.yonorummy.in/GameX/1.6.8.7/AztecBonanza
APK textual entries	url	http://ifs.yonorummy.in/GameX/1.6.8.7/Baccarat
APK textual entries	url	http://ifs.yonorummy.in/GameX/1.6.8.7/BakingMaster
APK textual entries	url	http://ifs.yonorummy.in/GameX/1.6.8.7/BananaBonanza
APK textual entries	url	http://ifs.yonorummy.in/GameX/1.6.8.7/BattleGroundRoyale
APK textual entries	url	http://ifs.yonorummy.in/GameX/1.6.8.7/BearBlast
APK textual entries	url	http://ifs.yonorummy.in/GameX/1.6.8.7/BisonMoon
APK textual entries	url	http://ifs.yonorummy.in/GameX/1.6.8.7/BlackJack21
APK textual entries	url	http://ifs.yonorummy.in/GameX/1.6.8.7/BoardcastHint
APK textual entries	url	http://ifs.yonorummy.in/GameX/1.6.8.7/BoneFortune
APK textual entries	url	http://ifs.yonorummy.in/GameX/1.6.8.7/BonusTransfer
APK textual entries	url	http://ifs.yonorummy.in/GameX/1.6.8.7/BookOfBooks
APK textual entries	url	http://ifs.yonorummy.in/GameX/1.6.8.7/BoxingKing
APK textual entries	url	http://ifs.yonorummy.in/GameX/1.6.8.7/BruteForce
APK textual entries	url	http://ifs.yonorummy.in/GameX/1.6.8.7/BurningBaseballs
APK textual entries	url	http://ifs.yonorummy.in/GameX/1.6.8.7/BuyCard
APK textual entries	url	http://ifs.yonorummy.in/GameX/1.6.8.7/CandyRush1
APK textual entries	url	http://ifs.yonorummy.in/GameX/1.6.8.7/CandyRush2
APK textual entries	url	http://ifs.yonorummy.in/GameX/1.6.8.7/CandyRush3
APK textual entries	url	http://ifs.yonorummy.in/GameX/1.6.8.7/Cappadocia
APK textual entries	url	http://ifs.yonorummy.in/GameX/1.6.8.7/CaribbeanFortune
APK textual entries	url	http://ifs.yonorummy.in/GameX/1.6.8.7/Carsh
APK textual entries	url	http://ifs.yonorummy.in/GameX/1.6.8.7/CasinoNight
APK textual entries	url	http://ifs.yonorummy.in/GameX/1.6.8.7/Champions
APK textual entries	url	http://ifs.yonorummy.in/GameX/1.6.8.7/ChickenRoad1
APK textual entries	url	http://ifs.yonorummy.in/GameX/1.6.8.7/ChickenRoad2
APK textual entries	url	http://ifs.yonorummy.in/GameX/1.6.8.7/ChickenRoad3
APK textual entries	url	http://ifs.yonorummy.in/GameX/1.6.8.7/CoinVolcano
APK textual entries	url	http://ifs.yonorummy.in/GameX/1.6.8.7/Coins
APK textual entries	url	http://ifs.yonorummy.in/GameX/1.6.8.7/CrashX
APK textual entries	url	http://ifs.yonorummy.in/GameX/1.6.8.7/Crazy777
APK textual entries	url	http://ifs.yonorummy.in/GameX/1.6.8.7/Crazy7772
APK textual entries	url	http://ifs.yonorummy.in/GameX/1.6.8.7/Crazy7773
APK textual entries	url	http://ifs.yonorummy.in/GameX/1.6.8.7/CrazyHunter
APK textual entries	url	http://ifs.yonorummy.in/GameX/1.6.8.7/CricketX
APK textual entries	url	http://ifs.yonorummy.in/GameX/1.6.8.7/Crypto
APK textual entries	url	http://ifs.yonorummy.in/GameX/1.6.8.7/CursedCrypt
APK textual entries	url	http://ifs.yonorummy.in/GameX/1.6.8.7/Dabanggg
APK textual entries	url	http://ifs.yonorummy.in/GameX/1.6.8.7/DafuFish
APK textual entries	url	http://ifs.yonorummy.in/GameX/1.6.8.7/DarkHunting
APK textual entries	url	http://ifs.yonorummy.in/GameX/1.6.8.7/Darkness
APK textual entries	url	http://ifs.yonorummy.in/GameX/1.6.8.7/DealWithDeath
APK textual entries	url	http://ifs.yonorummy.in/GameX/1.6.8.7/Delphi
APK textual entries	url	http://ifs.yonorummy.in/GameX/1.6.8.7/DeluxeWheel
APK textual entries	url	http://ifs.yonorummy.in/GameX/1.6.8.7/Dice
APK textual entries	url	http://ifs.yonorummy.in/GameX/1.6.8.7/Domino
APK textual entries	url	http://ifs.yonorummy.in/GameX/1.6.8.7/DoomsdayRampage
APK textual entries	url	http://ifs.yonorummy.in/GameX/1.6.8.7/DoubleNuggets2
APK textual entries	url	http://ifs.yonorummy.in/GameX/1.6.8.7/DoubleRoll
APK textual entries	url	http://ifs.yonorummy.in/GameX/1.6.8.7/DragonEvilTreasure
APK textual entries	url	http://ifs.yonorummy.in/GameX/1.6.8.7/DragonHatch
APK textual entries	url	http://ifs.yonorummy.in/GameX/1.6.8.7/DragonHatch2
APK textual entries	url	http://ifs.yonorummy.in/GameX/1.6.8.7/DragonHatch3
APK textual entries	url	http://ifs.yonorummy.in/GameX/1.6.8.7/DragonHatch4
APK textual entries	url	http://ifs.yonorummy.in/GameX/1.6.8.7/DragonSlaye
APK textual entries	url	http://ifs.yonorummy.in/GameX/1.6.8.7/DragonsTreasureQuest
APK textual entries	url	http://ifs.yonorummy.in/GameX/1.6.8.7/ElfArcher
APK textual entries	url	http://ifs.yonorummy.in/GameX/1.6.8.7/EmojiRiches
APK textual entries	url	http://ifs.yonorummy.in/GameX/1.6.8.7/EvilEyes
APK textual entries	url	http://ifs.yonorummy.in/GameX/1.6.8.7/FireToad
APK textual entries	url	http://ifs.yonorummy.in/GameX/1.6.8.7/FireyFortune
APK textual entries	url	http://ifs.yonorummy.in/GameX/1.6.8.7/FishCommon
APK textual entries	url	http://ifs.yonorummy.in/GameX/1.6.8.7/FishMaster
APK textual entries	url	http://ifs.yonorummy.in/GameX/1.6.8.7/Fishman
APK textual entries	url	http://ifs.yonorummy.in/GameX/1.6.8.7/FlamingMustang
APK textual entries	url	http://ifs.yonorummy.in/GameX/1.6.8.7/Forever777
APK textual entries	url	http://ifs.yonorummy.in/GameX/1.6.8.7/FortunateJaguar
APK textual entries	url	http://ifs.yonorummy.in/GameX/1.6.8.7/FortuneCoins
APK textual entries	url	http://ifs.yonorummy.in/GameX/1.6.8.7/FortuneGem500
APK textual entries	url	http://ifs.yonorummy.in/GameX/1.6.8.7/FortuneGems500
APK textual entries	url	http://ifs.yonorummy.in/GameX/1.6.8.7/FortuneJungle
APK textual entries	url	http://ifs.yonorummy.in/GameX/1.6.8.7/FortuneLakshmi
APK textual entries	url	http://ifs.yonorummy.in/GameX/1.6.8.7/FortuneWheel777
APK textual entries	url	http://ifs.yonorummy.in/GameX/1.6.8.7/Fortunewheel
APK textual entries	url	http://ifs.yonorummy.in/GameX/1.6.8.7/FreakShow
APK textual entries	url	http://ifs.yonorummy.in/GameX/1.6.8.7/FreeCash
APK textual entries	url	http://ifs.yonorummy.in/GameX/1.6.8.7/Fruits
APK textual entries	url	http://ifs.yonorummy.in/GameX/1.6.8.7/G_Cleopatra
APK textual entries	url	http://ifs.yonorummy.in/GameX/1.6.8.7/GameRecords
APK textual entries	url	http://ifs.yonorummy.in/GameX/1.6.8.7/GaneshaFortune
APK textual entries	url	http://ifs.yonorummy.in/GameX/1.6.8.7/GaneshaGold
APK textual entries	url	http://ifs.yonorummy.in/GameX/1.6.8.7/GaroGem
APK textual entries	url	http://ifs.yonorummy.in/GameX/1.6.8.7/GaroGem2
APK textual entries	url	http://ifs.yonorummy.in/GameX/1.6.8.7/GaroGem3
APK textual entries	url	http://ifs.yonorummy.in/GameX/1.6.8.7/GaroGem4
APK textual entries	url	http://ifs.yonorummy.in/GameX/1.6.8.7/GaroGem5
APK textual entries	url	http://ifs.yonorummy.in/GameX/1.6.8.7/GaroGem6
APK textual entries	url	http://ifs.yonorummy.in/GameX/1.6.8.7/GatesOfGatotKaca
APK textual entries	url	http://ifs.yonorummy.in/GameX/1.6.8.7/GatesOfOlympus
APK textual entries	url	http://ifs.yonorummy.in/GameX/1.6.8.7/GemStonesGold
APK textual entries	url	http://ifs.yonorummy.in/GameX/1.6.8.7/GoldBlitz
APK textual entries	url	http://ifs.yonorummy.in/GameX/1.6.8.7/GoldenBank
APK textual entries	url	http://ifs.yonorummy.in/GameX/1.6.8.7/GoldenExpress
APK textual entries	url	http://ifs.yonorummy.in/GameX/1.6.8.7/GoldenWest
APK textual entries	url	http://ifs.yonorummy.in/GameX/1.6.8.7/Gopnik
APK textual entries	url	http://ifs.yonorummy.in/GameX/1.6.8.7/GreatGoldGra
APK textual entries	url	http://ifs.yonorummy.in/GameX/1.6.8.7/Hilo
APK textual entries	url	http://ifs.yonorummy.in/GameX/1.6.8.7/HipHopPanda
APK textual entries	url	http://ifs.yonorummy.in/GameX/1.6.8.7/HoneyMoney
APK textual entries	url	http://ifs.yonorummy.in/GameX/1.6.8.7/HorseRace
APK textual entries	url	http://ifs.yonorummy.in/GameX/1.6.8.7/InfectedZone
APK textual entries	url	http://ifs.yonorummy.in/GameX/1.6.8.7/Interest
APK textual entries	url	http://ifs.yonorummy.in/GameX/1.6.8.7/InviteBonus
APK textual entries	url	http://ifs.yonorummy.in/GameX/1.6.8.7/InviteCode
APK textual entries	url	http://ifs.yonorummy.in/GameX/1.6.8.7/JackPotParty
APK textual entries	url	http://ifs.yonorummy.in/GameX/1.6.8.7/JackpotFish
APK textual entries	url	http://ifs.yonorummy.in/GameX/1.6.8.7/JackpotJoker
APK textual entries	url	http://ifs.yonorummy.in/GameX/1.6.8.7/JackpotLink
APK textual entries	url	http://ifs.yonorummy.in/GameX/1.6.8.7/JackpotLotto
APK textual entries	url	http://ifs.yonorummy.in/GameX/1.6.8.7/JadeEmpress
APK textual entries	url	http://ifs.yonorummy.in/GameX/1.6.8.7/JetX
APK textual entries	url	http://ifs.yonorummy.in/GameX/1.6.8.7/Jhandimunda
APK textual entries	url	http://ifs.yonorummy.in/GameX/1.6.8.7/JiJieHaoFish
APK textual entries	url	http://ifs.yonorummy.in/GameX/1.6.8.7/JiJieHaoFish2
APK textual entries	url	http://ifs.yonorummy.in/GameX/1.6.8.7/JungleDelight
APK textual entries	url	http://ifs.yonorummy.in/GameX/1.6.8.7/JungleGaint
APK textual entries	url	http://ifs.yonorummy.in/GameX/1.6.8.7/JurassicKingdom
APK textual entries	url	http://ifs.yonorummy.in/GameX/1.6.8.7/JurassicWorld
APK textual entries	url	http://ifs.yonorummy.in/GameX/1.6.8.7/Keno
APK textual entries	url	http://ifs.yonorummy.in/GameX/1.6.8.7/KenoLive
APK textual entries	url	http://ifs.yonorummy.in/GameX/1.6.8.7/LampOfAladdin
APK textual entries	url	http://ifs.yonorummy.in/GameX/1.6.8.7/Limbo
APK textual entries	url	http://ifs.yonorummy.in/GameX/1.6.8.7/LionSagaOdyssey
APK textual entries	url	http://ifs.yonorummy.in/GameX/1.6.8.7/LuckyCasino
APK textual entries	url	http://ifs.yonorummy.in/GameX/1.6.8.7/LuckyGems1000
APK textual entries	url	http://ifs.yonorummy.in/GameX/1.6.8.7/LuckyGems4
APK textual entries	url	http://ifs.yonorummy.in/GameX/1.6.8.7/LuckyJaguar
APK textual entries	url	http://ifs.yonorummy.in/GameX/1.6.8.7/LuckyTiger
APK textual entries	url	http://ifs.yonorummy.in/GameX/1.6.8.7/Luckydraw
APK textual entries	url	http://ifs.yonorummy.in/GameX/1.6.8.7/Lumberjack
APK textual entries	url	http://ifs.yonorummy.in/GameX/1.6.8.7/MahjongWays
APK textual entries	url	http://ifs.yonorummy.in/GameX/1.6.8.7/MahjongWays2
APK textual entries	url	http://ifs.yonorummy.in/GameX/1.6.8.7/MahjongWins3
APK textual entries	url	http://ifs.yonorummy.in/GameX/1.6.8.7/Main
APK textual entries	url	http://ifs.yonorummy.in/GameX/1.6.8.7/Maya777
APK textual entries	url	http://ifs.yonorummy.in/GameX/1.6.8.7/MegaAce
APK textual entries	url	http://ifs.yonorummy.in/GameX/1.6.8.7/MegaBills
APK textual entries	url	http://ifs.yonorummy.in/GameX/1.6.8.7/MegaBills2
APK textual entries	url	http://ifs.yonorummy.in/GameX/1.6.8.7/MegaMoneyFrog
APK textual entries	url	http://ifs.yonorummy.in/GameX/1.6.8.7/Mega_Fishing
APK textual entries	url	http://ifs.yonorummy.in/GameX/1.6.8.7/Mine2
APK textual entries	url	http://ifs.yonorummy.in/GameX/1.6.8.7/Mine3D
APK textual entries	url	http://ifs.yonorummy.in/GameX/1.6.8.7/Mines
APK textual entries	url	http://ifs.yonorummy.in/GameX/1.6.8.7/MoneyComing
APK textual entries	url	http://ifs.yonorummy.in/GameX/1.6.8.7/MoneyPot
APK textual entries	url	http://ifs.yonorummy.in/GameX/1.6.8.7/MonkeyFortune
APK textual entries	url	http://ifs.yonorummy.in/GameX/1.6.8.7/MonkeyFortune2
APK textual entries	url	http://ifs.yonorummy.in/GameX/1.6.8.7/MyGirls
APK textual entries	url	http://ifs.yonorummy.in/GameX/1.6.8.7/MysteryLamp
APK textual entries	url	http://ifs.yonorummy.in/GameX/1.6.8.7/Mythic_Deep
APK textual entries	url	http://ifs.yonorummy.in/GameX/1.6.8.7/NightfallHunting
APK textual entries	url	http://ifs.yonorummy.in/GameX/1.6.8.7/Nudo
APK textual entries	url	http://ifs.yonorummy.in/GameX/1.6.8.7/Olympus
APK textual entries	url	http://ifs.yonorummy.in/GameX/1.6.8.7/OneHundredXDollar
APK textual entries	url	http://ifs.yonorummy.in/GameX/1.6.8.7/PenaltyShootout
APK textual entries	url	http://ifs.yonorummy.in/GameX/1.6.8.7/PersonalInfo
APK textual entries	url	http://ifs.yonorummy.in/GameX/1.6.8.7/PhantomMustang
APK textual entries	url	http://ifs.yonorummy.in/GameX/1.6.8.7/PharaohsFortune
APK textual entries	url	http://ifs.yonorummy.in/GameX/1.6.8.7/PinataFrenzy
APK textual entries	url	http://ifs.yonorummy.in/GameX/1.6.8.7/PinataWins
APK textual entries	url	http://ifs.yonorummy.in/GameX/1.6.8.7/Plinko
APK textual entries	url	http://ifs.yonorummy.in/GameX/1.6.8.7/PokerBase
APK textual entries	url	http://ifs.yonorummy.in/GameX/1.6.8.7/PokerKingdom
APK textual entries	url	http://ifs.yonorummy.in/GameX/1.6.8.7/Poseidon2
APK textual entries	url	http://ifs.yonorummy.in/GameX/1.6.8.7/PowerOfTheKraken
APK textual entries	url	http://ifs.yonorummy.in/GameX/1.6.8.7/PowerOfTheKraken2
APK textual entries	url	http://ifs.yonorummy.in/GameX/1.6.8.7/PowerOfTheKraken3
APK textual entries	url	http://ifs.yonorummy.in/GameX/1.6.8.7/PowerUpLink
APK textual entries	url	http://ifs.yonorummy.in/GameX/1.6.8.7/QuickChange
APK textual entries	url	http://ifs.yonorummy.in/GameX/1.6.8.7/Rango
APK textual entries	url	http://ifs.yonorummy.in/GameX/1.6.8.7/Rank
APK textual entries	url	http://ifs.yonorummy.in/GameX/1.6.8.7/RavePartyFever
APK textual entries	url	http://ifs.yonorummy.in/GameX/1.6.8.7/ReturnOfWarplanes
APK textual entries	url	http://ifs.yonorummy.in/GameX/1.6.8.7/RewardsToday
APK textual entries	url	http://ifs.yonorummy.in/GameX/1.6.8.7/RisingMedusa
APK textual entries	url	http://ifs.yonorummy.in/GameX/1.6.8.7/RoarOfFlames
APK textual entries	url	http://ifs.yonorummy.in/GameX/1.6.8.7/Roulette36
APK textual entries	url	http://ifs.yonorummy.in/GameX/1.6.8.7/Rummy
APK textual entries	url	http://ifs.yonorummy.in/GameX/1.6.8.7/SafariMystery
APK textual entries	url	http://ifs.yonorummy.in/GameX/1.6.8.7/SafariPrincess
APK textual entries	url	http://ifs.yonorummy.in/GameX/1.6.8.7/SambaDrums
APK textual entries	url	http://ifs.yonorummy.in/GameX/1.6.8.7/ScarabLinkCleora
APK textual entries	url	http://ifs.yonorummy.in/GameX/1.6.8.7/SerpentCrush
APK textual entries	url	http://ifs.yonorummy.in/GameX/1.6.8.7/SevenSForever
APK textual entries	url	http://ifs.yonorummy.in/GameX/1.6.8.7/SevenTriple
APK textual entries	url	http://ifs.yonorummy.in/GameX/1.6.8.7/SevenUpDown
APK textual entries	url	http://ifs.yonorummy.in/GameX/1.6.8.7/SharkHunt
APK textual entries	url	http://ifs.yonorummy.in/GameX/1.6.8.7/ShinyDiamond777
APK textual entries	url	http://ifs.yonorummy.in/GameX/1.6.8.7/SimpleDollar2
APK textual entries	url	http://ifs.yonorummy.in/GameX/1.6.8.7/SimpleDollar3
APK textual entries	url	http://ifs.yonorummy.in/GameX/1.6.8.7/SlotIcon
APK textual entries	url	http://ifs.yonorummy.in/GameX/1.6.8.7/SpaceOrbs
APK textual entries	url	http://ifs.yonorummy.in/GameX/1.6.8.7/SparkOfGenius
APK textual entries	url	http://ifs.yonorummy.in/GameX/1.6.8.7/StarlightPrincess
APK textual entries	url	http://ifs.yonorummy.in/GameX/1.6.8.7/Stormborn
APK textual entries	url	http://ifs.yonorummy.in/GameX/1.6.8.7/SugarBangBang
APK textual entries	url	http://ifs.yonorummy.in/GameX/1.6.8.7/SugarRush1000
APK textual entries	url	http://ifs.yonorummy.in/GameX/1.6.8.7/Super777
APK textual entries	url	http://ifs.yonorummy.in/GameX/1.6.8.7/Super7772
APK textual entries	url	http://ifs.yonorummy.in/GameX/1.6.8.7/SuperAce
APK textual entries	url	http://ifs.yonorummy.in/GameX/1.6.8.7/SuperAceDeluxe
APK textual entries	url	http://ifs.yonorummy.in/GameX/1.6.8.7/SuperFruitLink
APK textual entries	url	http://ifs.yonorummy.in/GameX/1.6.8.7/SuperNiubi
APK textual entries	url	http://ifs.yonorummy.in/GameX/1.6.8.7/Symbiote
APK textual entries	url	http://ifs.yonorummy.in/GameX/1.6.8.7/TableCommon
APK textual entries	url	http://ifs.yonorummy.in/GameX/1.6.8.7/Taurus
APK textual entries	url	http://ifs.yonorummy.in/GameX/1.6.8.7/TeenPatti
APK textual entries	url	http://ifs.yonorummy.in/GameX/1.6.8.7/TheChronosphere
APK textual entries	url	http://ifs.yonorummy.in/GameX/1.6.8.7/TheCrypt
APK textual entries	url	http://ifs.yonorummy.in/GameX/1.6.8.7/TheGhostRaider
APK textual entries	url	http://ifs.yonorummy.in/GameX/1.6.8.7/ThePrideLands
APK textual entries	url	http://ifs.yonorummy.in/GameX/1.6.8.7/ThorGodOfLightning
APK textual entries	url	http://ifs.yonorummy.in/GameX/1.6.8.7/ThreeCrazyPiggies
APK textual entries	url	http://ifs.yonorummy.in/GameX/1.6.8.7/Tower
APK textual entries	url	http://ifs.yonorummy.in/GameX/1.6.8.7/Triple
APK textual entries	url	http://ifs.yonorummy.in/GameX/1.6.8.7/TutanKhaBoom
APK textual entries	url	http://ifs.yonorummy.in/GameX/1.6.8.7/UltraAce
APK textual entries	url	http://ifs.yonorummy.in/GameX/1.6.8.7/UltraAceDeluxe
APK textual entries	url	http://ifs.yonorummy.in/GameX/1.6.8.7/UnderseaPearl
APK textual entries	url	http://ifs.yonorummy.in/GameX/1.6.8.7/Uno
APK textual entries	url	http://ifs.yonorummy.in/GameX/1.6.8.7/UonoHammer
APK textual entries	url	http://ifs.yonorummy.in/GameX/1.6.8.7/UonoScratch
APK textual entries	url	http://ifs.yonorummy.in/GameX/1.6.8.7/UonoVerify
APK textual entries	url	http://ifs.yonorummy.in/GameX/1.6.8.7/Vip
APK textual entries	url	http://ifs.yonorummy.in/GameX/1.6.8.7/VolcanicTiki
APK textual entries	url	http://ifs.yonorummy.in/GameX/1.6.8.7/WildAce
APK textual entries	url	http://ifs.yonorummy.in/GameX/1.6.8.7/WildApe
APK textual entries	url	http://ifs.yonorummy.in/GameX/1.6.8.7/WildBandito
APK textual entries	url	http://ifs.yonorummy.in/GameX/1.6.8.7/WildBountyShowdown
APK textual entries	url	http://ifs.yonorummy.in/GameX/1.6.8.7/WildParadise
APK textual entries	url	http://ifs.yonorummy.in/GameX/1.6.8.7/WildSpin
APK textual entries	url	http://ifs.yonorummy.in/GameX/1.6.8.7/WinginitRock
APK textual entries	url	http://ifs.yonorummy.in/GameX/1.6.8.7/WingoLottery
APK textual entries	url	http://ifs.yonorummy.in/GameX/1.6.8.7/WolfMoonLink
APK textual entries	url	http://ifs.yonorummy.in/GameX/1.6.8.7/WuKong
APK textual entries	url	http://ifs.yonorummy.in/GameX/1.6.8.7/Xerxes
APK textual entries	url	http://ifs.yonorummy.in/GameX/1.6.8.7/YakuzaHonor
APK textual entries	url	http://ifs.yonorummy.in/GameX/1.6.8.7/Zeppelin
APK textual entries	url	http://ifs.yonorummy.in/GameX/1.6.8.7/Zeus1
APK textual entries	url	http://ifs.yonorummy.in/GameX/1.6.8.7/Zeus2
APK textual entries	url	http://ifs.yonorummy.in/GameX/1.6.8.7/Zeus3
APK textual entries	url	http://ifs.yonorummy.in/GameX/1.6.8.7/hwfish918
APK textual entries	url	http://ifs.yonorummy.in/GameX/1.6.8.7/lhdz
APK textual entries	url	http://ifs.yonorummy.in/GameX/Activity/project.manifest
APK textual entries	url	http://ifs.yonorummy.in/GameX/AladingWheel/project.manifest
APK textual entries	url	http://ifs.yonorummy.in/GameX/Alibaba/project.manifest
APK textual entries	url	http://ifs.yonorummy.in/GameX/AndarBahar/project.manifest
APK textual entries	url	http://ifs.yonorummy.in/GameX/Archer/project.manifest
APK textual entries	url	http://ifs.yonorummy.in/GameX/Archer2/project.manifest
APK textual entries	url	http://ifs.yonorummy.in/GameX/Archer3/project.manifest
APK textual entries	url	http://ifs.yonorummy.in/GameX/ArcheryMaster/project.manifest
APK textual entries	url	http://ifs.yonorummy.in/GameX/Aviator/project.manifest
APK textual entries	url	http://ifs.yonorummy.in/GameX/Aviatrix/project.manifest
APK textual entries	url	http://ifs.yonorummy.in/GameX/AztecBonanza/project.manifest
APK textual entries	url	http://ifs.yonorummy.in/GameX/Baccarat/project.manifest
APK textual entries	url	http://ifs.yonorummy.in/GameX/BakingMaster/project.manifest
APK textual entries	url	http://ifs.yonorummy.in/GameX/BananaBonanza/project.manifest
APK textual entries	url	http://ifs.yonorummy.in/GameX/BattleGroundRoyale/project.manifest
APK textual entries	url	http://ifs.yonorummy.in/GameX/BearBlast/project.manifest
APK textual entries	url	http://ifs.yonorummy.in/GameX/BisonMoon/project.manifest
APK textual entries	url	http://ifs.yonorummy.in/GameX/BlackJack21/project.manifest
APK textual entries	url	http://ifs.yonorummy.in/GameX/BoardcastHint/project.manifest
APK textual entries	url	http://ifs.yonorummy.in/GameX/BoneFortune/project.manifest
APK textual entries	url	http://ifs.yonorummy.in/GameX/BonusTransfer/project.manifest
APK textual entries	url	http://ifs.yonorummy.in/GameX/BookOfBooks/project.manifest
APK textual entries	url	http://ifs.yonorummy.in/GameX/BoxingKing/project.manifest
APK textual entries	url	http://ifs.yonorummy.in/GameX/BruteForce/project.manifest
APK textual entries	url	http://ifs.yonorummy.in/GameX/BurningBaseballs/project.manifest
APK textual entries	url	http://ifs.yonorummy.in/GameX/BuyCard/project.manifest
APK textual entries	url	http://ifs.yonorummy.in/GameX/CandyRush1/project.manifest
APK textual entries	url	http://ifs.yonorummy.in/GameX/CandyRush2/project.manifest
APK textual entries	url	http://ifs.yonorummy.in/GameX/CandyRush3/project.manifest
APK textual entries	url	http://ifs.yonorummy.in/GameX/Cappadocia/project.manifest
APK textual entries	url	http://ifs.yonorummy.in/GameX/CaribbeanFortune/project.manifest
APK textual entries	url	http://ifs.yonorummy.in/GameX/Carsh/project.manifest
APK textual entries	url	http://ifs.yonorummy.in/GameX/CasinoNight/project.manifest
APK textual entries	url	http://ifs.yonorummy.in/GameX/Champions/project.manifest
APK textual entries	url	http://ifs.yonorummy.in/GameX/ChickenRoad1/project.manifest
APK textual entries	url	http://ifs.yonorummy.in/GameX/ChickenRoad2/project.manifest
APK textual entries	url	http://ifs.yonorummy.in/GameX/ChickenRoad3/project.manifest
APK textual entries	url	http://ifs.yonorummy.in/GameX/CoinVolcano/project.manifest
APK textual entries	url	http://ifs.yonorummy.in/GameX/Coins/project.manifest
APK textual entries	url	http://ifs.yonorummy.in/GameX/CrashX/project.manifest
APK textual entries	url	http://ifs.yonorummy.in/GameX/Crazy777/project.manifest
APK textual entries	url	http://ifs.yonorummy.in/GameX/Crazy7772/project.manifest
APK textual entries	url	http://ifs.yonorummy.in/GameX/Crazy7773/project.manifest
APK textual entries	url	http://ifs.yonorummy.in/GameX/CrazyHunter/project.manifest
APK textual entries	url	http://ifs.yonorummy.in/GameX/CricketX/project.manifest
APK textual entries	url	http://ifs.yonorummy.in/GameX/Crypto/project.manifest
APK textual entries	url	http://ifs.yonorummy.in/GameX/CursedCrypt/project.manifest
APK textual entries	url	http://ifs.yonorummy.in/GameX/Dabanggg/project.manifest
APK textual entries	url	http://ifs.yonorummy.in/GameX/DafuFish/project.manifest
APK textual entries	url	http://ifs.yonorummy.in/GameX/DarkHunting/project.manifest
APK textual entries	url	http://ifs.yonorummy.in/GameX/Darkness/project.manifest
APK textual entries	url	http://ifs.yonorummy.in/GameX/DealWithDeath/project.manifest
APK textual entries	url	http://ifs.yonorummy.in/GameX/Delphi/project.manifest
APK textual entries	url	http://ifs.yonorummy.in/GameX/DeluxeWheel/project.manifest
APK textual entries	url	http://ifs.yonorummy.in/GameX/Dice/project.manifest
APK textual entries	url	http://ifs.yonorummy.in/GameX/Domino/project.manifest
APK textual entries	url	http://ifs.yonorummy.in/GameX/DoomsdayRampage/project.manifest
APK textual entries	url	http://ifs.yonorummy.in/GameX/DoubleNuggets2/project.manifest
APK textual entries	url	http://ifs.yonorummy.in/GameX/DoubleRoll/project.manifest
APK textual entries	url	http://ifs.yonorummy.in/GameX/DragonEvilTreasure/project.manifest
APK textual entries	url	http://ifs.yonorummy.in/GameX/DragonHatch/project.manifest
APK textual entries	url	http://ifs.yonorummy.in/GameX/DragonHatch2/project.manifest
APK textual entries	url	http://ifs.yonorummy.in/GameX/DragonHatch3/project.manifest
APK textual entries	url	http://ifs.yonorummy.in/GameX/DragonHatch4/project.manifest
APK textual entries	url	http://ifs.yonorummy.in/GameX/DragonSlaye/project.manifest
APK textual entries	url	http://ifs.yonorummy.in/GameX/DragonsTreasureQuest/project.manifest
APK textual entries	url	http://ifs.yonorummy.in/GameX/ElfArcher/project.manifest
APK textual entries	url	http://ifs.yonorummy.in/GameX/EmojiRiches/project.manifest
APK textual entries	url	http://ifs.yonorummy.in/GameX/EvilEyes/project.manifest
APK textual entries	url	http://ifs.yonorummy.in/GameX/FireToad/project.manifest
APK textual entries	url	http://ifs.yonorummy.in/GameX/FireyFortune/project.manifest
APK textual entries	url	http://ifs.yonorummy.in/GameX/FishCommon/project.manifest
APK textual entries	url	http://ifs.yonorummy.in/GameX/FishMaster/project.manifest
APK textual entries	url	http://ifs.yonorummy.in/GameX/Fishman/project.manifest
APK textual entries	url	http://ifs.yonorummy.in/GameX/FlamingMustang/project.manifest
APK textual entries	url	http://ifs.yonorummy.in/GameX/Forever777/project.manifest
APK textual entries	url	http://ifs.yonorummy.in/GameX/FortunateJaguar/project.manifest
APK textual entries	url	http://ifs.yonorummy.in/GameX/FortuneCoins/project.manifest
APK textual entries	url	http://ifs.yonorummy.in/GameX/FortuneGem500/project.manifest
APK textual entries	url	http://ifs.yonorummy.in/GameX/FortuneGems500/project.manifest
APK textual entries	url	http://ifs.yonorummy.in/GameX/FortuneJungle/project.manifest
APK textual entries	url	http://ifs.yonorummy.in/GameX/FortuneLakshmi/project.manifest
APK textual entries	url	http://ifs.yonorummy.in/GameX/FortuneWheel777/project.manifest
APK textual entries	url	http://ifs.yonorummy.in/GameX/Fortunewheel/project.manifest
APK textual entries	url	http://ifs.yonorummy.in/GameX/FreakShow/project.manifest
APK textual entries	url	http://ifs.yonorummy.in/GameX/FreeCash/project.manifest
APK textual entries	url	http://ifs.yonorummy.in/GameX/Fruits/project.manifest
APK textual entries	url	http://ifs.yonorummy.in/GameX/G_Cleopatra/project.manifest
APK textual entries	url	http://ifs.yonorummy.in/GameX/GameRecords/project.manifest
APK textual entries	url	http://ifs.yonorummy.in/GameX/GaneshaFortune/project.manifest
APK textual entries	url	http://ifs.yonorummy.in/GameX/GaneshaGold/project.manifest
APK textual entries	url	http://ifs.yonorummy.in/GameX/GaroGem/project.manifest
APK textual entries	url	http://ifs.yonorummy.in/GameX/GaroGem2/project.manifest
APK textual entries	url	http://ifs.yonorummy.in/GameX/GaroGem3/project.manifest
APK textual entries	url	http://ifs.yonorummy.in/GameX/GaroGem4/project.manifest
APK textual entries	url	http://ifs.yonorummy.in/GameX/GaroGem5/project.manifest
APK textual entries	url	http://ifs.yonorummy.in/GameX/GaroGem6/project.manifest
APK textual entries	url	http://ifs.yonorummy.in/GameX/GatesOfGatotKaca/project.manifest
APK textual entries	url	http://ifs.yonorummy.in/GameX/GatesOfOlympus/project.manifest
APK textual entries	url	http://ifs.yonorummy.in/GameX/GemStonesGold/project.manifest
APK textual entries	url	http://ifs.yonorummy.in/GameX/GoldBlitz/project.manifest
APK textual entries	url	http://ifs.yonorummy.in/GameX/GoldenBank/project.manifest
APK textual entries	url	http://ifs.yonorummy.in/GameX/GoldenExpress/project.manifest
APK textual entries	url	http://ifs.yonorummy.in/GameX/GoldenWest/project.manifest
APK textual entries	url	http://ifs.yonorummy.in/GameX/Gopnik/project.manifest
APK textual entries	url	http://ifs.yonorummy.in/GameX/GreatGoldGra/project.manifest
APK textual entries	url	http://ifs.yonorummy.in/GameX/Hilo/project.manifest
APK textual entries	url	http://ifs.yonorummy.in/GameX/HipHopPanda/project.manifest
APK textual entries	url	http://ifs.yonorummy.in/GameX/HoneyMoney/project.manifest
APK textual entries	url	http://ifs.yonorummy.in/GameX/HorseRace/project.manifest
APK textual entries	url	http://ifs.yonorummy.in/GameX/InfectedZone/project.manifest
APK textual entries	url	http://ifs.yonorummy.in/GameX/Interest/project.manifest
APK textual entries	url	http://ifs.yonorummy.in/GameX/InviteBonus/project.manifest
APK textual entries	url	http://ifs.yonorummy.in/GameX/InviteCode/project.manifest
APK textual entries	url	http://ifs.yonorummy.in/GameX/JackPotParty/project.manifest
APK textual entries	url	http://ifs.yonorummy.in/GameX/JackpotFish/project.manifest
APK textual entries	url	http://ifs.yonorummy.in/GameX/JackpotJoker/project.manifest
APK textual entries	url	http://ifs.yonorummy.in/GameX/JackpotLink/project.manifest
APK textual entries	url	http://ifs.yonorummy.in/GameX/JackpotLotto/project.manifest
APK textual entries	url	http://ifs.yonorummy.in/GameX/JadeEmpress/project.manifest
APK textual entries	url	http://ifs.yonorummy.in/GameX/JetX/project.manifest
APK textual entries	url	http://ifs.yonorummy.in/GameX/Jhandimunda/project.manifest
APK textual entries	url	http://ifs.yonorummy.in/GameX/JiJieHaoFish/project.manifest
APK textual entries	url	http://ifs.yonorummy.in/GameX/JiJieHaoFish2/project.manifest
APK textual entries	url	http://ifs.yonorummy.in/GameX/JungleDelight/project.manifest
APK textual entries	url	http://ifs.yonorummy.in/GameX/JungleGaint/project.manifest
APK textual entries	url	http://ifs.yonorummy.in/GameX/JurassicKingdom/project.manifest
APK textual entries	url	http://ifs.yonorummy.in/GameX/JurassicWorld/project.manifest
APK textual entries	url	http://ifs.yonorummy.in/GameX/Keno/project.manifest
APK textual entries	url	http://ifs.yonorummy.in/GameX/KenoLive/project.manifest
APK textual entries	url	http://ifs.yonorummy.in/GameX/LampOfAladdin/project.manifest
APK textual entries	url	http://ifs.yonorummy.in/GameX/Limbo/project.manifest
APK textual entries	url	http://ifs.yonorummy.in/GameX/LionSagaOdyssey/project.manifest
APK textual entries	url	http://ifs.yonorummy.in/GameX/LuckyCasino/project.manifest
APK textual entries	url	http://ifs.yonorummy.in/GameX/LuckyGems1000/project.manifest
APK textual entries	url	http://ifs.yonorummy.in/GameX/LuckyGems4/project.manifest
APK textual entries	url	http://ifs.yonorummy.in/GameX/LuckyJaguar/project.manifest
APK textual entries	url	http://ifs.yonorummy.in/GameX/LuckyTiger/project.manifest
APK textual entries	url	http://ifs.yonorummy.in/GameX/Luckydraw/project.manifest
APK textual entries	url	http://ifs.yonorummy.in/GameX/Lumberjack/project.manifest
APK textual entries	url	http://ifs.yonorummy.in/GameX/MahjongWays/project.manifest
APK textual entries	url	http://ifs.yonorummy.in/GameX/MahjongWays2/project.manifest
APK textual entries	url	http://ifs.yonorummy.in/GameX/MahjongWins3/project.manifest
APK textual entries	url	http://ifs.yonorummy.in/GameX/Main/project.manifest
APK textual entries	url	http://ifs.yonorummy.in/GameX/Main/version.manifest
APK textual entries	url	http://ifs.yonorummy.in/GameX/Maya777/project.manifest
APK textual entries	url	http://ifs.yonorummy.in/GameX/MegaAce/project.manifest
APK textual entries	url	http://ifs.yonorummy.in/GameX/MegaBills/project.manifest
APK textual entries	url	http://ifs.yonorummy.in/GameX/MegaBills2/project.manifest
APK textual entries	url	http://ifs.yonorummy.in/GameX/MegaMoneyFrog/project.manifest
APK textual entries	url	http://ifs.yonorummy.in/GameX/Mega_Fishing/project.manifest
APK textual entries	url	http://ifs.yonorummy.in/GameX/Mine2/project.manifest
APK textual entries	url	http://ifs.yonorummy.in/GameX/Mine3D/project.manifest
APK textual entries	url	http://ifs.yonorummy.in/GameX/Mines/project.manifest
APK textual entries	url	http://ifs.yonorummy.in/GameX/MoneyComing/project.manifest
APK textual entries	url	http://ifs.yonorummy.in/GameX/MoneyPot/project.manifest
APK textual entries	url	http://ifs.yonorummy.in/GameX/MonkeyFortune/project.manifest
APK textual entries	url	http://ifs.yonorummy.in/GameX/MonkeyFortune2/project.manifest
APK textual entries	url	http://ifs.yonorummy.in/GameX/MyGirls/project.manifest
APK textual entries	url	http://ifs.yonorummy.in/GameX/MysteryLamp/project.manifest
APK textual entries	url	http://ifs.yonorummy.in/GameX/Mythic_Deep/project.manifest
APK textual entries	url	http://ifs.yonorummy.in/GameX/NightfallHunting/project.manifest
APK textual entries	url	http://ifs.yonorummy.in/GameX/Nudo/project.manifest
APK textual entries	url	http://ifs.yonorummy.in/GameX/Olympus/project.manifest
APK textual entries	url	http://ifs.yonorummy.in/GameX/OneHundredXDollar/project.manifest
APK textual entries	url	http://ifs.yonorummy.in/GameX/PenaltyShootout/project.manifest
APK textual entries	url	http://ifs.yonorummy.in/GameX/PersonalInfo/project.manifest
APK textual entries	url	http://ifs.yonorummy.in/GameX/PhantomMustang/project.manifest
APK textual entries	url	http://ifs.yonorummy.in/GameX/PharaohsFortune/project.manifest
APK textual entries	url	http://ifs.yonorummy.in/GameX/PinataFrenzy/project.manifest
APK textual entries	url	http://ifs.yonorummy.in/GameX/PinataWins/project.manifest
APK textual entries	url	http://ifs.yonorummy.in/GameX/Plinko/project.manifest
APK textual entries	url	http://ifs.yonorummy.in/GameX/PokerBase/project.manifest
APK textual entries	url	http://ifs.yonorummy.in/GameX/PokerKingdom/project.manifest
APK textual entries	url	http://ifs.yonorummy.in/GameX/Poseidon2/project.manifest
APK textual entries	url	http://ifs.yonorummy.in/GameX/PowerOfTheKraken/project.manifest
APK textual entries	url	http://ifs.yonorummy.in/GameX/PowerOfTheKraken2/project.manifest
APK textual entries	url	http://ifs.yonorummy.in/GameX/PowerOfTheKraken3/project.manifest
APK textual entries	url	http://ifs.yonorummy.in/GameX/PowerUpLink/project.manifest
APK textual entries	url	http://ifs.yonorummy.in/GameX/QuickChange/project.manifest
APK textual entries	url	http://ifs.yonorummy.in/GameX/Rango/project.manifest
APK textual entries	url	http://ifs.yonorummy.in/GameX/Rank/project.manifest
APK textual entries	url	http://ifs.yonorummy.in/GameX/RavePartyFever/project.manifest
APK textual entries	url	http://ifs.yonorummy.in/GameX/ReturnOfWarplanes/project.manifest
APK textual entries	url	http://ifs.yonorummy.in/GameX/RewardsToday/project.manifest
APK textual entries	url	http://ifs.yonorummy.in/GameX/RisingMedusa/project.manifest
APK textual entries	url	http://ifs.yonorummy.in/GameX/RoarOfFlames/project.manifest
APK textual entries	url	http://ifs.yonorummy.in/GameX/Roulette36/project.manifest
APK textual entries	url	http://ifs.yonorummy.in/GameX/Rummy/project.manifest
APK textual entries	url	http://ifs.yonorummy.in/GameX/SafariMystery/project.manifest
APK textual entries	url	http://ifs.yonorummy.in/GameX/SafariPrincess/project.manifest
APK textual entries	url	http://ifs.yonorummy.in/GameX/SambaDrums/project.manifest
APK textual entries	url	http://ifs.yonorummy.in/GameX/ScarabLinkCleora/project.manifest
APK textual entries	url	http://ifs.yonorummy.in/GameX/SerpentCrush/project.manifest
APK textual entries	url	http://ifs.yonorummy.in/GameX/SevenSForever/project.manifest
APK textual entries	url	http://ifs.yonorummy.in/GameX/SevenTriple/project.manifest
APK textual entries	url	http://ifs.yonorummy.in/GameX/SevenUpDown/project.manifest
APK textual entries	url	http://ifs.yonorummy.in/GameX/SharkHunt/project.manifest
APK textual entries	url	http://ifs.yonorummy.in/GameX/ShinyDiamond777/project.manifest
APK textual entries	url	http://ifs.yonorummy.in/GameX/SimpleDollar2/project.manifest
APK textual entries	url	http://ifs.yonorummy.in/GameX/SimpleDollar3/project.manifest
APK textual entries	url	http://ifs.yonorummy.in/GameX/SlotIcon/project.manifest
APK textual entries	url	http://ifs.yonorummy.in/GameX/SpaceOrbs/project.manifest
APK textual entries	url	http://ifs.yonorummy.in/GameX/SparkOfGenius/project.manifest
APK textual entries	url	http://ifs.yonorummy.in/GameX/StarlightPrincess/project.manifest
APK textual entries	url	http://ifs.yonorummy.in/GameX/Stormborn/project.manifest
APK textual entries	url	http://ifs.yonorummy.in/GameX/SugarBangBang/project.manifest
APK textual entries	url	http://ifs.yonorummy.in/GameX/SugarRush1000/project.manifest
APK textual entries	url	http://ifs.yonorummy.in/GameX/Super777/project.manifest
APK textual entries	url	http://ifs.yonorummy.in/GameX/Super7772/project.manifest
APK textual entries	url	http://ifs.yonorummy.in/GameX/SuperAce/project.manifest
APK textual entries	url	http://ifs.yonorummy.in/GameX/SuperAceDeluxe/project.manifest
APK textual entries	url	http://ifs.yonorummy.in/GameX/SuperFruitLink/project.manifest
APK textual entries	url	http://ifs.yonorummy.in/GameX/SuperNiubi/project.manifest
APK textual entries	url	http://ifs.yonorummy.in/GameX/Symbiote/project.manifest
APK textual entries	url	http://ifs.yonorummy.in/GameX/TableCommon/project.manifest
APK textual entries	url	http://ifs.yonorummy.in/GameX/Taurus/project.manifest
APK textual entries	url	http://ifs.yonorummy.in/GameX/TeenPatti/project.manifest
APK textual entries	url	http://ifs.yonorummy.in/GameX/TheChronosphere/project.manifest
APK textual entries	url	http://ifs.yonorummy.in/GameX/TheCrypt/project.manifest
APK textual entries	url	http://ifs.yonorummy.in/GameX/TheGhostRaider/project.manifest
APK textual entries	url	http://ifs.yonorummy.in/GameX/ThePrideLands/project.manifest
APK textual entries	url	http://ifs.yonorummy.in/GameX/ThorGodOfLightning/project.manifest
APK textual entries	url	http://ifs.yonorummy.in/GameX/ThreeCrazyPiggies/project.manifest
APK textual entries	url	http://ifs.yonorummy.in/GameX/Tower/project.manifest
APK textual entries	url	http://ifs.yonorummy.in/GameX/Triple/project.manifest
APK textual entries	url	http://ifs.yonorummy.in/GameX/TutanKhaBoom/project.manifest
APK textual entries	url	http://ifs.yonorummy.in/GameX/UltraAce/project.manifest
APK textual entries	url	http://ifs.yonorummy.in/GameX/UltraAceDeluxe/project.manifest
APK textual entries	url	http://ifs.yonorummy.in/GameX/UnderseaPearl/project.manifest
APK textual entries	url	http://ifs.yonorummy.in/GameX/Uno/project.manifest
APK textual entries	url	http://ifs.yonorummy.in/GameX/UonoHammer/project.manifest
APK textual entries	url	http://ifs.yonorummy.in/GameX/UonoScratch/project.manifest
APK textual entries	url	http://ifs.yonorummy.in/GameX/UonoVerify/project.manifest
APK textual entries	url	http://ifs.yonorummy.in/GameX/Vip/project.manifest
APK textual entries	url	http://ifs.yonorummy.in/GameX/VolcanicTiki/project.manifest
APK textual entries	url	http://ifs.yonorummy.in/GameX/WildAce/project.manifest
APK textual entries	url	http://ifs.yonorummy.in/GameX/WildApe/project.manifest
APK textual entries	url	http://ifs.yonorummy.in/GameX/WildBandito/project.manifest
APK textual entries	url	http://ifs.yonorummy.in/GameX/WildBountyShowdown/project.manifest
APK textual entries	url	http://ifs.yonorummy.in/GameX/WildParadise/project.manifest
APK textual entries	url	http://ifs.yonorummy.in/GameX/WildSpin/project.manifest
APK textual entries	url	http://ifs.yonorummy.in/GameX/WinginitRock/project.manifest
APK textual entries	url	http://ifs.yonorummy.in/GameX/WingoLottery/project.manifest
APK textual entries	url	http://ifs.yonorummy.in/GameX/WolfMoonLink/project.manifest
APK textual entries	url	http://ifs.yonorummy.in/GameX/WuKong/project.manifest
APK textual entries	url	http://ifs.yonorummy.in/GameX/Xerxes/project.manifest
APK textual entries	url	http://ifs.yonorummy.in/GameX/YakuzaHonor/project.manifest
APK textual entries	url	http://ifs.yonorummy.in/GameX/Zeppelin/project.manifest
APK textual entries	url	http://ifs.yonorummy.in/GameX/Zeus1/project.manifest
APK textual entries	url	http://ifs.yonorummy.in/GameX/Zeus2/project.manifest
APK textual entries	url	http://ifs.yonorummy.in/GameX/Zeus3/project.manifest
APK textual entries	url	http://ifs.yonorummy.in/GameX/hwfish918/project.manifest
APK textual entries	url	http://ifs.yonorummy.in/GameX/lhdz/project.manifest
APK textual entries	url	http://ns.adobe.com/xap/1.0/
APK textual entries	url	http://ns.adobe.com/xap/1.0/mm/
APK textual entries	url	http://ns.adobe.com/xap/1.0/sType/ResourceRef#
APK textual entries	url	http://purl.eligrey.com/github/Blob.js/blob/master/Blob.js
APK textual entries	url	http://schemas.android.com/apk/res/android 
APK textual entries	url	http://schemas.android.com/tools
APK textual entries	url	http://www.apple.com/DTDs/PropertyList-1.0.dtd
APK textual entries	url	http://www.cocos.com
APK textual entries	url	http://www.saxproject.org/apidoc/org/xml/sax/ContentHandler.html
APK textual entries	url	http://www.saxproject.org/apidoc/org/xml/sax/DTDHandler.html
APK textual entries	url	http://www.saxproject.org/apidoc/org/xml/sax/ErrorHandler.html
APK textual entries	url	http://www.saxproject.org/apidoc/org/xml/sax/ext/DeclHandler.html
APK textual entries	url	http://www.saxproject.org/apidoc/org/xml/sax/ext/EntityResolver2.html
APK textual entries	url	http://www.saxproject.org/apidoc/org/xml/sax/ext/LexicalHandler.html
APK textual entries	url	http://www.saxproject.org/apidoc/org/xml/sax/helpers/DefaultHandler.html
APK textual entries	url	http://www.w3.org/1999/02/22-rdf-syntax-ns#
APK textual entries	url	http://www.w3.org/1999/xhtml
APK textual entries	url	http://www.w3.org/2000/xmlns/
APK textual entries	url	http://www.w3.org/TR/2000/REC-DOM-Level-2-Core-20001113/core.html#ID-1950641247
APK textual entries	url	http://www.w3.org/TR/2000/REC-DOM-Level-2-Core-20001113/core.html#ID-536297177
APK textual entries	url	http://www.w3.org/TR/2000/REC-DOM-Level-2-Core-20001113/ecma-script-binding.html
APK textual entries	url	http://www.w3.org/TR/REC-DOM-Level-1/ecma-script-language-binding.html
APK textual entries	url	http://www.w3.org/TR/REC-DOM-Level-1/level-one-core.html#ID-102161490
APK textual entries	url	http://www.w3.org/XML/1998/namespace
APK textual entries	url	https://cdn.jsdelivr.net/npm/promise-polyfill@8/dist/polyfill.js
APK textual entries	url	https://dom.spec.whatwg.org/#interface-event
APK textual entries	url	https://download.yonoapk.com/
APK textual entries	url	https://github.com/dsamarin
APK textual entries	url	https://github.com/eligrey/Blob.js/blob/master/LICENSE.md
APK textual entries	url	https://github.com/taylorhakes
APK textual entries	url	https://github.com/taylorhakes/promise-polyfill/blob/master/LICENSE
APK textual entries	url	https://heycam.github.io/webidl/#Unforgeable
APK textual entries	url	https://hg.mozilla.org/releases/mozilla-release/raw-file/default/security/nss/lib/ckfw/builtins/certdata.txt
APK textual entries	url	https://ifs.yonogamebox.com/gamerule
APK textual entries	url	https://www.cocos.com/
APK textual entries	url	https://www.khronos.org/registry/OpenGL/extensions/ARB/ARB_texture_float.txt
APK textual entries	url	https://www.philslotsagent.com
native strings	domain	0.XDFiX
native strings	domain	0B.sf
native strings	domain	0C.NR
native strings	domain	2hSZ.JzD
native strings	domain	80.XG
native strings	domain	A.FD
native strings	domain	ARM.attributes
native strings	domain	ARM.exidx
native strings	domain	ARM.extab
native strings	domain	AnimationState.cpp
native strings	domain	Array.prototype.concat
native strings	domain	Array.prototype.every
native strings	domain	Array.prototype.filter
native strings	domain	Array.prototype.find
native strings	domain	Array.prototype.findIndex
native strings	domain	Array.prototype.forEach
native strings	domain	Array.prototype.indexOf
native strings	domain	Array.prototype.map
native strings	domain	Array.prototype.reduce
native strings	domain	Array.prototype.reduceRight
native strings	domain	Array.prototype.some
native strings	domain	ArrayBuffer.prototype.byteLength
native strings	domain	ArrayBuffer.prototype.slice
native strings	domain	Atlas.cpp
native strings	domain	AtlasAttachmentLoader.cpp
native strings	domain	Atomics.wait
native strings	domain	AudioEngine.cpp
native strings	domain	Bdisabled-by-default-v8.turbofan
native strings	domain	BigInt.prototype.toLocaleString
native strings	domain	BigInt.prototype.toString
native strings	domain	BigInt.prototype.valueOf
native strings	domain	Boolean.prototype.toString
native strings	domain	Boolean.prototype.valueOf
native strings	domain	BoundingBoxAttachment.cpp
native strings	domain	C.we
native strings	domain	CCAutoreleasePool.cpp
native strings	domain	CCFileUtils-android.cpp
native strings	domain	ClippingAttachment.cpp
native strings	domain	D.hF
native strings	domain	D.hv
native strings	domain	D.pyM
native strings	domain	D9P.hF
native strings	domain	DataView.prototype
native strings	domain	DataView.prototype.buffer
native strings	domain	Date.prototype
native strings	domain	Date.prototype.getYear
native strings	domain	Date.prototype.setDate
native strings	domain	Date.prototype.setFullYear
native strings	domain	Date.prototype.setHours
native strings	domain	Date.prototype.setMilliseconds
native strings	domain	Date.prototype.setMinutes
native strings	domain	Date.prototype.setMonth
native strings	domain	Date.prototype.setSeconds
native strings	domain	Date.prototype.setTime
native strings	domain	Date.prototype.setUTCDate
native strings	domain	Date.prototype.setUTCFullYear
native strings	domain	Date.prototype.setUTCHours
native strings	domain	Date.prototype.setUTCMilliseconds
native strings	domain	Date.prototype.setUTCMinutes
native strings	domain	Date.prototype.setUTCMonth
native strings	domain	Date.prototype.setUTCSeconds
native strings	domain	Date.prototype.setYear
native strings	domain	Date.prototype.toDateString
native strings	domain	Date.prototype.toISOString
native strings	domain	Date.prototype.toString
native strings	domain	Date.prototype.toTimeString
native strings	domain	Date.prototype.toUTCString
native strings	domain	Error.prototype.toString
native strings	domain	Error.stack
native strings	domain	Extension.cpp
native strings	domain	F.FA
native strings	domain	F.FB
native strings	domain	F.Fb
native strings	domain	F.Fgk
native strings	domain	F.Fh
native strings	domain	F.FuFj
native strings	domain	F.HxD
native strings	domain	F.IyD
native strings	domain	F.JzD
native strings	domain	FinalizationGroup.prototype.cleanupSome
native strings	domain	FinalizationGroup.prototype.register
native strings	domain	FinalizationGroup.prototype.unregister
native strings	domain	Function.prototype.apply
native strings	domain	Function.prototype.call
native strings	domain	Function.prototype.toString
native strings	domain	GF.FG
native strings	domain	Gw.EE
native strings	domain	H-I.JxDyDzD
native strings	domain	H.FxD
native strings	domain	H.IxDyD
native strings	domain	H.JxDzD
native strings	domain	H.LxD
native strings	domain	HxDpG.HxDpGAHxDpG
native strings	domain	I.JyDzD
native strings	domain	Intl.Locale
native strings	domain	Iterator.prototype.next
native strings	domain	J.KxDzD
native strings	domain	J.hzDR
native strings	domain	JSON.stringify
native strings	domain	JavaScriptJavaBridge.cpp
native strings	domain	Json.cpp
native strings	domain	LB.FT
native strings	domain	M.HP
native strings	domain	Map.prototype.clear
native strings	domain	Map.prototype.delete
native strings	domain	Map.prototype.entries
native strings	domain	Map.prototype.forEach
native strings	domain	Map.prototype.get
native strings	domain	Map.prototype.has
native strings	domain	Map.prototype.keys
native strings	domain	Map.prototype.set
native strings	domain	Map.prototype.size
native strings	domain	Map.prototype.values
native strings	domain	MeshAttachment.cpp
native strings	domain	N.DmB
native strings	domain	N.lb
native strings	domain	NQ.HxD
native strings	domain	Number.prototype.toExponential
native strings	domain	Number.prototype.toFixed
native strings	domain	Number.prototype.toLocaleString
native strings	domain	Number.prototype.toPrecision
native strings	domain	Number.prototype.toString
native strings	domain	Number.prototype.valueOf
native strings	domain	Object.cpp
native strings	domain	Object.defineProperties
native strings	domain	Object.defineProperty
native strings	domain	Object.fromEntries
native strings	domain	Object.prototype
native strings	domain	Object.prototype.hasOwnProperty
native strings	domain	Object.prototype.toLocaleString
native strings	domain	Object.setPrototypeOf
native strings	domain	P.hN
native strings	domain	P.hf
native strings	domain	PathAttachment.cpp
native strings	domain	PointAttachment.cpp
native strings	domain	Promise.all
native strings	domain	Promise.allSettled
native strings	domain	Promise.prototype.finally
native strings	domain	Promise.prototype.then
native strings	domain	Promise.race
native strings	domain	Promise.resolve.bind
native strings	domain	PropertyList-1.0.dtd
native strings	domain	Proxy.revocable
native strings	domain	Qb.Dv
native strings	domain	Qc.Me
native strings	domain	Qe.Dv
native strings	domain	Qf.Me
native strings	domain	R.GM
native strings	domain	R.Yh
native strings	domain	R.ih
native strings	domain	Reflect.defineProperty
native strings	domain	Reflect.deleteProperty
native strings	domain	Reflect.get
native strings	domain	Reflect.getOwnPropertyDescriptor
native strings	domain	Reflect.getPrototypeOf
native strings	domain	Reflect.has
native strings	domain	Reflect.isExtensible
native strings	domain	Reflect.ownKeys
native strings	domain	Reflect.preventExtensions
native strings	domain	Reflect.set
native strings	domain	Reflect.setPrototypeOf
native strings	domain	RegExp.prototype
native strings	domain	RegExp.prototype.compile
native strings	domain	RegExp.prototype.dotAll
native strings	domain	RegExp.prototype.exec
native strings	domain	RegExp.prototype.flags
native strings	domain	RegExp.prototype.global
native strings	domain	RegExp.prototype.ignoreCase
native strings	domain	RegExp.prototype.multiline
native strings	domain	RegExp.prototype.source
native strings	domain	RegExp.prototype.sticky
native strings	domain	RegExp.prototype.test
native strings	domain	RegExp.prototype.toString
native strings	domain	RegExp.prototype.unicode
native strings	domain	RegionAttachment.cpp
native strings	domain	Registers.hpp
native strings	domain	S.Yj
native strings	domain	S.Yn
native strings	domain	SSSSSSS.SSSES
native strings	domain	Set.prototype.add
native strings	domain	Set.prototype.clear
native strings	domain	Set.prototype.delete
native strings	domain	Set.prototype.entries
native strings	domain	Set.prototype.forEach
native strings	domain	Set.prototype.has
native strings	domain	Set.prototype.size
native strings	domain	Set.prototype.values
native strings	domain	SharedArrayBuffer.prototype.byteLength
native strings	domain	SharedArrayBuffer.prototype.slice
native strings	domain	Skeleton.cpp
native strings	domain	SkeletonAnimation.cpp
native strings	domain	SkeletonBinary.cpp
native strings	domain	SkeletonBounds.cpp
native strings	domain	SkeletonData.cpp
native strings	domain	SkeletonJson.cpp
native strings	domain	SkeletonRenderer.cpp
native strings	domain	SocketIO.connect
native strings	domain	SpineObject.cpp
native strings	domain	String.prototype
native strings	domain	String.prototype.anchor
native strings	domain	String.prototype.big
native strings	domain	String.prototype.blink
native strings	domain	String.prototype.bold
native strings	domain	String.prototype.charAt
native strings	domain	String.prototype.charCodeAt
native strings	domain	String.prototype.codePointAt
native strings	domain	String.prototype.concat
native strings	domain	String.prototype.endsWith
native strings	domain	String.prototype.fixed
native strings	domain	String.prototype.fontcolor
native strings	domain	String.prototype.fontsize
native strings	domain	String.prototype.includes
native strings	domain	String.prototype.indexOf
native strings	domain	String.prototype.italics
native strings	domain	String.prototype.lastIndexOf
native strings	domain	String.prototype.link
native strings	domain	String.prototype.localeCompare
native strings	domain	String.prototype.match
native strings	domain	String.prototype.matchAll
native strings	domain	String.prototype.normalize
native strings	domain	String.prototype.padEnd
native strings	domain	String.prototype.padStart
native strings	domain	String.prototype.repeat
native strings	domain	String.prototype.replace
native strings	domain	String.prototype.search
native strings	domain	String.prototype.slice
native strings	domain	String.prototype.small
native strings	domain	String.prototype.split
native strings	domain	String.prototype.startsWith
native strings	domain	String.prototype.strike
native strings	domain	String.prototype.sub
native strings	domain	String.prototype.substr
native strings	domain	String.prototype.substring
native strings	domain	String.prototype.sup
native strings	domain	String.prototype.toLocaleLowerCase
native strings	domain	String.prototype.toLocaleUpperCase
native strings	domain	String.prototype.toLowerCase
native strings	domain	String.prototype.toString
native strings	domain	String.prototype.toUpperCase
native strings	domain	String.prototype.trim
native strings	domain	String.prototype.trimLeft
native strings	domain	String.prototype.trimRight
native strings	domain	String.prototype.valueOf
native strings	domain	Symbol.asyncIterator
native strings	domain	Symbol.hasInstance
native strings	domain	Symbol.isConcatSpreadable
native strings	domain	Symbol.iterator
native strings	domain	Symbol.match
native strings	domain	Symbol.matchAll
native strings	domain	Symbol.prototype
native strings	domain	Symbol.prototype.description
native strings	domain	Symbol.prototype.toString
native strings	domain	Symbol.prototype.valueOf
native strings	domain	Symbol.replace
native strings	domain	Symbol.search
native strings	domain	Symbol.species
native strings	domain	Symbol.split
native strings	domain	Symbol.toPrimitive
native strings	domain	Symbol.toStringTag
native strings	domain	Symbol.unscopables
native strings	domain	T.Yjx
native strings	domain	T.yj
native strings	domain	T.yl
native strings	domain	TypedArray.prototype.byteLength
native strings	domain	TypedArray.prototype.byteOffset
native strings	domain	TypedArray.prototype.length
native strings	domain	U.iFn
native strings	domain	UF.iF
native strings	domain	Unwind-EHABI.cpp
native strings	domain	UnwindCursor.hpp
native strings	domain	V8.AbortOptimization
native strings	domain	V8.AliveAfterLastGC
native strings	domain	V8.ArrayBufferLargeAllocations
native strings	domain	V8.ArrayBufferNewSizeFailures
native strings	domain	V8.AsmModuleSizeBytes
native strings	domain	V8.AsmWasmTranslationMicroSeconds
native strings	domain	V8.AsmWasmTranslationPeakMemoryBytes
native strings	domain	V8.AsmWasmTranslationThroughput
native strings	domain	V8.COWArraysConverted
native strings	domain	V8.CSAOptimization
native strings	domain	V8.CodeCacheRejectReason
native strings	domain	V8.CollectSourcePositions
native strings	domain	V8.CompilationCacheHits
native strings	domain	V8.CompilationCacheMisses
native strings	domain	V8.Compile
native strings	domain	V8.CompileCode
native strings	domain	V8.CompileCodeBackground
native strings	domain	V8.CompileDeserialize
native strings	domain	V8.CompileDeserializeMicroSeconds
native strings	domain	V8.CompileEval
native strings	domain	V8.CompileEvalMicroSeconds
native strings	domain	V8.CompileFullCode
native strings	domain	V8.CompileFunctionMicroSeconds.BackgroundThread
native strings	domain	V8.CompileIgnition
native strings	domain	V8.CompileIgnitionFinalization
native strings	domain	V8.CompileLazyMicroSeconds
native strings	domain	V8.CompileMicroSeconds
native strings	domain	V8.CompileScript
native strings	domain	V8.CompileScript.CacheBehaviour
native strings	domain	V8.CompileScriptMicroSeconds
native strings	domain	V8.CompileScriptMicroSeconds.BackgroundThread
native strings	domain	V8.CompileScriptMicroSeconds.ConsumeCache
native strings	domain	V8.CompileScriptMicroSeconds.ConsumeCache.Failed
native strings	domain	V8.CompileScriptMicroSeconds.IsolateCacheHit
native strings	domain	V8.CompileScriptMicroSeconds.NoCache.CacheTooCold
native strings	domain	V8.CompileScriptMicroSeconds.NoCache.InlineScript
native strings	domain	V8.CompileScriptMicroSeconds.NoCache.Other
native strings	domain	V8.CompileScriptMicroSeconds.NoCache.ScriptTooSmall
native strings	domain	V8.CompileScriptMicroSeconds.ProduceCache
native strings	domain	V8.CompileSerialize
native strings	domain	V8.CompileSerializeMicroSeconds
native strings	domain	V8.CompileStreamedScript
native strings	domain	V8.CompilerDispatcherDoBackgroundWork
native strings	domain	V8.CompilerDispatcherDoIdleWork
native strings	domain	V8.CompilerDispatcherEnqueue
native strings	domain	V8.CompilerDispatcherFinishNow
native strings	domain	V8.CompilerDispatcherScheduleMoreWorkerTasksIfNeeded
native strings	domain	V8.CompilerDispatcherWaitForBackgroundJob
native strings	domain	V8.ConstructedObjects
native strings	domain	V8.ConstructedObjectsRuntime
native strings	domain	V8.ContextsCreatedBySnapshot
native strings	domain	V8.ContextsCreatedFromScratch
native strings	domain	V8.DebugFeatureUsage
native strings	domain	V8.DeoptimizeCode
native strings	domain	V8.DetachedContextAgeInGC
native strings	domain	V8.EnumCacheHits
native strings	domain	V8.EnumCacheMisses
native strings	domain	V8.ErrorsThrownPerContext
native strings	domain	V8.Execute
native strings	domain	V8.External
native strings	domain	V8.ExternalCallback
native strings	domain	V8.FastNewClosureTotal
native strings	domain	V8.FinalizeBackgroundCompileTask
native strings	domain	V8.GCBackgroundMarking
native strings	domain	V8.GCBackgroundScavenger
native strings	domain	V8.GCBackgroundSweeping
native strings	domain	V8.GCCompactor
native strings	domain	V8.GCCompactorBackground
native strings	domain	V8.GCCompactorCausedByOldspaceExhaustion
native strings	domain	V8.GCCompactorCausedByPromotedData
native strings	domain	V8.GCCompactorCausedByRequest
native strings	domain	V8.GCCompactorForeground
native strings	domain	V8.GCContext
native strings	domain	V8.GCDeoptMarkedAllocationSites
native strings	domain	V8.GCFinalizeMC
native strings	domain	V8.GCFinalizeMC.Clear
native strings	domain	V8.GCFinalizeMC.Epilogue
native strings	domain	V8.GCFinalizeMC.Evacuate
native strings	domain	V8.GCFinalizeMC.Finish
native strings	domain	V8.GCFinalizeMC.Mark
native strings	domain	V8.GCFinalizeMC.Prologue
native strings	domain	V8.GCFinalizeMC.Sweep
native strings	domain	V8.GCFinalizeMCBackground
native strings	domain	V8.GCFinalizeMCForeground
native strings	domain	V8.GCFinalizeMCReduceMemory
native strings	domain	V8.GCFinalizeMCReduceMemoryBackground
native strings	domain	V8.GCFinalizeMCReduceMemoryForeground
native strings	domain	V8.GCHandleGCRequest
native strings	domain	V8.GCIdleNotification
native strings	domain	V8.GCIncrementalMarking
native strings	domain	V8.GCIncrementalMarkingFinalize
native strings	domain	V8.GCIncrementalMarkingLayoutChange
native strings	domain	V8.GCIncrementalMarkingReason
native strings	domain	V8.GCIncrementalMarkingStart
native strings	domain	V8.GCIncrementalMarkingSum
native strings	domain	V8.GCLastResortFromHandles
native strings	domain	V8.GCLastResortFromJS
native strings	domain	V8.GCLowMemoryNotification
native strings	domain	V8.GCMainThreadMarkingThroughput
native strings	domain	V8.GCMarkCompactReason
native strings	domain	V8.GCMarkCompactor
native strings	domain	V8.GCMarkCompactorMarkingSummary
native strings	domain	V8.GCMarkCompactorSummary
native strings	domain	V8.GCMarkingSum
native strings	domain	V8.GCPhantomHandleProcessingCallback
native strings	domain	V8.GCScavengeReason
native strings	domain	V8.GCScavenger
native strings	domain	V8.GCScavenger.ScavengeMain
native strings	domain	V8.GCScavenger.ScavengeRoots
native strings	domain	V8.GCScavengerBackground
native strings	domain	V8.GCScavengerForeground
native strings	domain	V8.GCYoungGenerationHandling
native strings	domain	V8.GlobalHandles
native strings	domain	V8.HandleInterrupts
native strings	domain	V8.ICKeyedLoadGenericSlow
native strings	domain	V8.ICKeyedLoadGenericSmi
native strings	domain	V8.ICKeyedLoadGenericSymbol
native strings	domain	V8.ICStats
native strings	domain	V8.InlinedCopiedElements
native strings	domain	V8.InstallOptimizedFunctions
native strings	domain	V8.Interrupt
native strings	domain	V8.InvokeApiInterruptCallbacks
native strings	domain	V8.LiftoffCompileMicroSeconds
native strings	domain	V8.LiftoffCompiledFunctions
native strings	domain	V8.LiftoffUnsupportedFunctions
native strings	domain	V8.MapsCreated
native strings	domain	V8.MapsNormalized
native strings	domain	V8.MarkCandidatesForOptimization
native strings	domain	V8.MegamorphicStubCacheMisses
native strings	domain	V8.MegamorphicStubCacheProbes
native strings	domain	V8.MegamorphicStubCacheUpdates
native strings	domain	V8.MemoryCodeSpaceBytesAvailable
native strings	domain	V8.MemoryCodeSpaceBytesCommitted
native strings	domain	V8.MemoryCodeSpaceBytesUsed
native strings	domain	V8.MemoryExternalFragmentationCodeSpace
native strings	domain	V8.MemoryExternalFragmentationLoSpace
native strings	domain	V8.MemoryExternalFragmentationMapSpace
native strings	domain	V8.MemoryExternalFragmentationOldSpace
native strings	domain	V8.MemoryExternalFragmentationTotal
native strings	domain	V8.MemoryHeapSampleCodeSpaceCommitted
native strings	domain	V8.MemoryHeapSampleMapSpaceCommitted
native strings	domain	V8.MemoryHeapSampleMaximumCommitted
native strings	domain	V8.MemoryHeapSampleTotalCommitted
native strings	domain	V8.MemoryHeapSampleTotalUsed
native strings	domain	V8.MemoryLoSpaceBytesAvailable
native strings	domain	V8.MemoryLoSpaceBytesCommitted
native strings	domain	V8.MemoryLoSpaceBytesUsed
native strings	domain	V8.MemoryMapSpaceBytesAvailable
native strings	domain	V8.MemoryMapSpaceBytesCommitted
native strings	domain	V8.MemoryMapSpaceBytesUsed
native strings	domain	V8.MemoryNewSpaceBytesAvailable
native strings	domain	V8.MemoryNewSpaceBytesCommitted
native strings	domain	V8.MemoryNewSpaceBytesUsed
native strings	domain	V8.MemoryOldSpaceBytesAvailable
native strings	domain	V8.MemoryOldSpaceBytesCommitted
native strings	domain	V8.MemoryOldSpaceBytesUsed
native strings	domain	V8.NewContext
native strings	domain	V8.NumberOfSymbols
native strings	domain	V8.ObjectElementsToDictionary
native strings	domain	V8.ObjectElementsTransitions
native strings	domain	V8.ObjectPropertiesToDictionary
native strings	domain	V8.ObjsSinceLastFull
native strings	domain	V8.ObjsSinceLastYoung
native strings	domain	V8.OptimizeCode
native strings	domain	V8.OsMemoryAllocated
native strings	domain	V8.ParseFunction
native strings	domain	V8.ParseProgram
native strings	domain	V8.PcToCode
native strings	domain	V8.PcToCodeCached
native strings	domain	V8.PreParse
native strings	domain	V8.RecompileConcurrent
native strings	domain	V8.RecompileSynchronous
native strings	domain	V8.RegExpEntryNative
native strings	domain	V8.RegExpEntryRuntime
native strings	domain	V8.RetryOptimization
native strings	domain	V8.RunMicrotasks
native strings	domain	V8.RuntimeProfilerTicks
native strings	domain	V8.RuntimeStats
native strings	domain	V8.ScriptCompiler
native strings	domain	V8.SharedArrayAllocationSizes
native strings	domain	V8.SoftDeoptsExecuted
native strings	domain	V8.StackGuard
native strings	domain	V8.StackInterrupts
native strings	domain	V8.StoreBufferOverflows
native strings	domain	V8.StringAddNative
native strings	domain	V8.StringAddRuntime
native strings	domain	V8.StringTableCapacity
native strings	domain	V8.SubStringNative
native strings	domain	V8.SubStringRuntime
native strings	domain	V8.TFAllocateFPRegisters
native strings	domain	V8.TFAllocateGeneralRegisters
native strings	domain	V8.TFAssembleCode
native strings	domain	V8.TFAssignSpillSlots
native strings	domain	V8.TFBlockBuilding
native strings	domain	V8.TFBuildLiveRangeBundles
native strings	domain	V8.TFBuildLiveRanges
native strings	domain	V8.TFBytecodeGraphBuilder
native strings	domain	V8.TFCodeGeneration
native strings	domain	V8.TFCommitAssignment
native strings	domain	V8.TFConnectRanges
native strings	domain	V8.TFControlFlowOptimization
native strings	domain	V8.TFDecideSpillingMode
native strings	domain	V8.TFEarlyOptimization
native strings	domain	V8.TFEarlyTrimming
native strings	domain	V8.TFEffectLinearization
native strings	domain	V8.TFEscapeAnalysis
native strings	domain	V8.TFFinalizeCode
native strings	domain	V8.TFFrameElision
native strings	domain	V8.TFGenericLowering
native strings	domain	V8.TFGraphCreation
native strings	domain	V8.TFInitPipelineData
native strings	domain	V8.TFInitializing
native strings	domain	V8.TFInlining
native strings	domain	V8.TFJumpThreading
native strings	domain	V8.TFLateGraphTrimming
native strings	domain	V8.TFLateOptimization
native strings	domain	V8.TFLoadElimination
native strings	domain	V8.TFLocateSpillSlots
native strings	domain	V8.TFLoopExitElimination
native strings	domain	V8.TFLoopPeeling
native strings	domain	V8.TFLowering
native strings	domain	V8.TFMachineCode
native strings	domain	V8.TFMachineOperatorOptimization
native strings	domain	V8.TFMeetRegisterConstraints
native strings	domain	V8.TFMemoryOptimization
native strings	domain	V8.TFMergeSplinteredRanges
native strings	domain	V8.TFOptimizeMoves
native strings	domain	V8.TFPopulatePointerMaps
native strings	domain	V8.TFRegisterAllocation
native strings	domain	V8.TFResolveControlFlow
native strings	domain	V8.TFResolvePhis
native strings	domain	V8.TFScheduling
native strings	domain	V8.TFSelectInstructions
native strings	domain	V8.TFSerializeBytecode
native strings	domain	V8.TFSerializeMetadata
native strings	domain	V8.TFSerializeStandardObjects
native strings	domain	V8.TFSimplifiedLowering
native strings	domain	V8.TFSplinterLiveRanges
native strings	domain	V8.TFStoreStoreElimination
native strings	domain	V8.TFStubCodegen
native strings	domain	V8.TFTestCodegen
native strings	domain	V8.TFTypedLowering
native strings	domain	V8.TFTyper
native strings	domain	V8.Task
native strings	domain	V8.TerminateExecution
native strings	domain	V8.TotalBaselineCodeSize
native strings	domain	V8.TotalBaselineCompileCount
native strings	domain	V8.TotalCompileSize
native strings	domain	V8.TotalCompiledCodeSize
native strings	domain	V8.TotalEvalSize
native strings	domain	V8.TotalLoadSize
native strings	domain	V8.TotalParseSize
native strings	domain	V8.TotalPreparseSkipped
native strings	domain	V8.TurboFanOptimizeExecute
native strings	domain	V8.TurboFanOptimizeFinalize
native strings	domain	V8.TurboFanOptimizeForOnStackReplacementExecute
native strings	domain	V8.TurboFanOptimizeForOnStackReplacementFinalize
native strings	domain	V8.TurboFanOptimizeForOnStackReplacementPrepare
native strings	domain	V8.TurboFanOptimizeForOnStackReplacementTotalTime
native strings	domain	V8.TurboFanOptimizePrepare
native strings	domain	V8.TurboFanOptimizeTotalBackground
native strings	domain	V8.TurboFanOptimizeTotalForeground
native strings	domain	V8.TurboFanOptimizeTotalTime
native strings	domain	V8.WasmAddressSpaceUsageMiB
native strings	domain	V8.WasmBaseOptimization
native strings	domain	V8.WasmCompileFunctionMicroSeconds.asm
native strings	domain	V8.WasmCompileFunctionMicroSeconds.wasm
native strings	domain	V8.WasmCompileFunctionPeakMemoryBytes
native strings	domain	V8.WasmCompileModuleMicroSeconds.asm
native strings	domain	V8.WasmCompileModuleMicroSeconds.wasm
native strings	domain	V8.WasmDecodeFunctionMicroSeconds.asm
native strings	domain	V8.WasmDecodeFunctionMicroSeconds.wasm
native strings	domain	V8.WasmDecodeModuleMicroSeconds.asm
native strings	domain	V8.WasmDecodeModuleMicroSeconds.wasm
native strings	domain	V8.WasmDecodeModulePeakMemoryBytes.asm
native strings	domain	V8.WasmDecodeModulePeakMemoryBytes.wasm
native strings	domain	V8.WasmFullOptimization
native strings	domain	V8.WasmFunctionSizeBytes.asm
native strings	domain	V8.WasmFunctionSizeBytes.wasm
native strings	domain	V8.WasmFunctionsPerModule.asm
native strings	domain	V8.WasmFunctionsPerModule.wasm
native strings	domain	V8.WasmGeneratedCodeBytes
native strings	domain	V8.WasmGrowSharedMemory
native strings	domain	V8.WasmInitializing
native strings	domain	V8.WasmInstantiateModuleMicroSeconds.asm
native strings	domain	V8.WasmInstantiateModuleMicroSeconds.wasm
native strings	domain	V8.WasmLazilyCompiledFunctions
native strings	domain	V8.WasmLazyCompilationMicroSeconds
native strings	domain	V8.WasmLazyCompilationThroughput
native strings	domain	V8.WasmMachineCode
native strings	domain	V8.WasmMaxMemPagesCount.wasm
native strings	domain	V8.WasmMemoryAllocationResult
native strings	domain	V8.WasmMinMemPagesCount.asm
native strings	domain	V8.WasmMinMemPagesCount.wasm
native strings	domain	V8.WasmModuleCodeSizeBaselineMiB
native strings	domain	V8.WasmModuleCodeSizeMiB
native strings	domain	V8.WasmModuleCodeSizeTopTierMiB
native strings	domain	V8.WasmModuleSizeBytes.asm
native strings	domain	V8.WasmModuleSizeBytes.wasm
native strings	domain	V8.WasmNativeStubMachineCode
native strings	domain	V8.WasmOptimization
native strings	domain	V8.WasmRelocBytes
native strings	domain	V8.WasmStubCodegen
native strings	domain	V8.WriteBarriers
native strings	domain	WeakMap.prototype.delete
native strings	domain	WeakMap.prototype.get
native strings	domain	WeakMap.prototype.has
native strings	domain	WeakMap.prototype.set
native strings	domain	WeakRef.prototype.deref
native strings	domain	WeakSet.prototype.add
native strings	domain	WeakSet.prototype.delete
native strings	domain	WeakSet.prototype.has
native strings	domain	WebAssembly.Exception
native strings	domain	WebAssembly.Global
native strings	domain	WebAssembly.Global.type
native strings	domain	WebAssembly.Global.value
native strings	domain	WebAssembly.Global.valueOf
native strings	domain	WebAssembly.Instance
native strings	domain	WebAssembly.Instance.exports
native strings	domain	WebAssembly.Memory
native strings	domain	WebAssembly.Memory.buffer
native strings	domain	WebAssembly.Memory.grow
native strings	domain	WebAssembly.Memory.type
native strings	domain	WebAssembly.Module
native strings	domain	WebAssembly.Module.customSections
native strings	domain	WebAssembly.Module.exports
native strings	domain	WebAssembly.Module.imports
native strings	domain	WebAssembly.Table
native strings	domain	WebAssembly.Table.get
native strings	domain	WebAssembly.Table.grow
native strings	domain	WebAssembly.Table.length
native strings	domain	WebAssembly.Table.set
native strings	domain	WebAssembly.Table.type
native strings	domain	WebAssembly.compile
native strings	domain	WebAssembly.instantiate
native strings	domain	WebAssembly.instantiateStreaming
native strings	domain	WebAssembly.validate
native strings	domain	WebSocket.cpp
native strings	domain	XMLHttpRequest.withCredentials
native strings	domain	a.UB
native strings	domain	all.IsLive
native strings	domain	allocation.IsRetry
native strings	domain	android.googlesource.com
native strings	domain	args.length
native strings	domain	arrayToTest.length
native strings	domain	arrayToTest.pop
native strings	domain	arrayToTest.push
native strings	domain	arrayToTest.shift
native strings	domain	arrayToTest.slice
native strings	domain	arrayToTest.splice
native strings	domain	arrayToTest.unshift
native strings	domain	asm-js.cc
native strings	domain	asm.js
native strings	domain	ast-value-factory.cc
native strings	domain	b.vB
native strings	domain	background.evacuate
native strings	domain	background.evacuate.copy
native strings	domain	background.mark
native strings	domain	background.scavenge.parallel
native strings	domain	background.sweep
native strings	domain	background.unmapper
native strings	domain	binding.runtime
native strings	domain	binding.testCreatePromise
native strings	domain	binding.testCreatePromiseWithParent
native strings	domain	binding.testExtraCanUseUtils
native strings	domain	binding.testExtraShouldCallToRuntime
native strings	domain	binding.testExtraShouldReturnFive
native strings	domain	binding.testFunctionToString
native strings	domain	binding.testRejectPromise
native strings	domain	binding.testResolvePromise
native strings	domain	binding.testStackTrace
native strings	domain	c.IF
native strings	domain	call.getArgumentsCount
native strings	domain	cc.debug.isDisplayStats
native strings	domain	cc.debug.setDisplayStats
native strings	domain	cert.pem
native strings	domain	clear.maps
native strings	domain	cocoss-MacBook-Pro.local
native strings	domain	contents.equals
native strings	domain	contents.size
native strings	domain	cookieFile.txt
native strings	domain	crbug.com
native strings	domain	d.allOrFirstTier
native strings	domain	d.asm
native strings	domain	d.authenticatedData
native strings	domain	d.certificate
native strings	domain	d.compressedData
native strings	domain	d.cpsuri
native strings	domain	d.crl
native strings	domain	d.dNSName
native strings	domain	d.data
native strings	domain	d.digest
native strings	domain	d.digestedData
native strings	domain	d.directoryName
native strings	domain	d.dump
native strings	domain	d.ediPartyName
native strings	domain	d.encrypted
native strings	domain	d.encryptedData
native strings	domain	d.enveloped
native strings	domain	d.envelopedData
native strings	domain	d.extendedCertificate
native strings	domain	d.iPAddress
native strings	domain	d.issuerAndSerialNumber
native strings	domain	d.kari
native strings	domain	d.kekri
native strings	domain	d.ktri
native strings	domain	d.map
native strings	domain	d.ori
native strings	domain	d.originatorKey
native strings	domain	d.other
native strings	domain	d.otherName
native strings	domain	d.pwri
native strings	domain	d.rKeyId
native strings	domain	d.receiptList
native strings	domain	d.registeredID
native strings	domain	d.sign
native strings	domain	d.signedData
native strings	domain	d.subjectKeyIdentifier
native strings	domain	d.uniformResourceIdentifier
native strings	domain	d.usernotice
native strings	domain	data.drop
native strings	domain	data.rel.ro
native strings	domain	definitions.Contains
native strings	domain	descriptor.GetParameterCount
native strings	domain	disabled-by-default-v8.compile
native strings	domain	disabled-by-default-v8.gc
native strings	domain	disabled-by-default-v8.runtime
native strings	domain	disabled-by-default-v8.turbofan
native strings	domain	disabled-by-default-v8.wasm
native strings	domain	elem.drop
native strings	domain	end.value
native strings	domain	ephemeron.linear
native strings	domain	ephemeron.marking
native strings	domain	evacuate.candidates
native strings	domain	evacuate.copy
native strings	domain	evacuate.epilogue
native strings	domain	evacuate.prologue
native strings	domain	evacuate.rebalance
native strings	domain	excluded.size
native strings	domain	f32.abs
native strings	domain	f32.add
native strings	domain	f32.ceil
native strings	domain	f32.const
native strings	domain	f32.copysign
native strings	domain	f32.demote
native strings	domain	f32.div
native strings	domain	f32.eq
native strings	domain	f32.floor
native strings	domain	f32.ge
native strings	domain	f32.gt
native strings	domain	f32.le
native strings	domain	f32.load
native strings	domain	f32.lt
native strings	domain	f32.max
native strings	domain	f32.min
native strings	domain	f32.mul
native strings	domain	f32.ne
native strings	domain	f32.nearest
native strings	domain	f32.neg
native strings	domain	f32.reinterpret
native strings	domain	f32.sqrt
native strings	domain	f32.store
native strings	domain	f32.sub
native strings	domain	f32.trunc
native strings	domain	f32x4.abs
native strings	domain	f32x4.add
native strings	domain	f32x4.eq
native strings	domain	f32x4.ge
native strings	domain	f32x4.gt
native strings	domain	f32x4.le
native strings	domain	f32x4.lt
native strings	domain	f32x4.max
native strings	domain	f32x4.min
native strings	domain	f32x4.mul
native strings	domain	f32x4.ne
native strings	domain	f32x4.neg
native strings	domain	f32x4.splat
native strings	domain	f32x4.sub
native strings	domain	f64.abs
native strings	domain	f64.acos
native strings	domain	f64.add
native strings	domain	f64.asin
native strings	domain	f64.atan
native strings	domain	f64.ceil
native strings	domain	f64.const
native strings	domain	f64.copysign
native strings	domain	f64.cos
native strings	domain	f64.div
native strings	domain	f64.eq
native strings	domain	f64.exp
native strings	domain	f64.floor
native strings	domain	f64.ge
native strings	domain	f64.gt
native strings	domain	f64.le
native strings	domain	f64.load
native strings	domain	f64.log
native strings	domain	f64.lt
native strings	domain	f64.max
native strings	domain	f64.min
native strings	domain	f64.mod
native strings	domain	f64.mul
native strings	domain	f64.ne
native strings	domain	f64.nearest
native strings	domain	f64.neg
native strings	domain	f64.pow
native strings	domain	f64.promote
native strings	domain	f64.reinterpret
native strings	domain	f64.sin
native strings	domain	f64.sqrt
native strings	domain	f64.store
native strings	domain	f64.sub
native strings	domain	f64.tan
native strings	domain	f64.trunc
native strings	domain	faq.html
native strings	domain	feedback.object
native strings	domain	file.tif
native strings	domain	foo.toString
native strings	domain	function-body-decoder.cc
native strings	domain	function.exported
native strings	domain	gl.getParameter
native strings	domain	gl.renderer
native strings	domain	gl.vendor
native strings	domain	gl.version
native strings	domain	global.Function
native strings	domain	global.Object
native strings	domain	global.Promise
native strings	domain	gnu.hash
native strings	domain	gnu.version
native strings	domain	graph-builder-interface.cc
native strings	domain	graph-visualizer.cc
native strings	domain	h.FV
native strings	domain	h.Fx
native strings	domain	hB.yK
native strings	domain	handles.cc
native strings	domain	heap.epilogue
native strings	domain	heap.external
native strings	domain	heap.external.epilogue
native strings	domain	heap.external.prologue
native strings	domain	heap.prologue
native strings	domain	hh.FAF
native strings	domain	hint.second
native strings	domain	i.Ki
native strings	domain	i.zim
native strings	domain	i16x8.add
native strings	domain	i16x8.eq
native strings	domain	i16x8.mul
native strings	domain	i16x8.ne
native strings	domain	i16x8.neg
native strings	domain	i16x8.shl
native strings	domain	i16x8.splat
native strings	domain	i16x8.sub
native strings	domain	i32.add
native strings	domain	i32.and
native strings	domain	i32.clz
native strings	domain	i32.const
native strings	domain	i32.ctz
native strings	domain	i32.eq
native strings	domain	i32.eqz
native strings	domain	i32.load
native strings	domain	i32.mul
native strings	domain	i32.ne
native strings	domain	i32.or
native strings	domain	i32.popcnt
native strings	domain	i32.reinterpret
native strings	domain	i32.rol
native strings	domain	i32.ror
native strings	domain	i32.shl
native strings	domain	i32.store
native strings	domain	i32.sub
native strings	domain	i32.wrap
native strings	domain	i32.xor
native strings	domain	i32x4.add
native strings	domain	i32x4.eq
native strings	domain	i32x4.mul
native strings	domain	i32x4.ne
native strings	domain	i32x4.neg
native strings	domain	i32x4.shl
native strings	domain	i32x4.splat
native strings	domain	i32x4.sub
native strings	domain	i64.add
native strings	domain	i64.and
native strings	domain	i64.clz
native strings	domain	i64.const
native strings	domain	i64.ctz
native strings	domain	i64.eq
native strings	domain	i64.eqz
native strings	domain	i64.load
native strings	domain	i64.mul
native strings	domain	i64.ne
native strings	domain	i64.or
native strings	domain	i64.popcnt
native strings	domain	i64.reinterpret
native strings	domain	i64.rol
native strings	domain	i64.ror
native strings	domain	i64.shl
native strings	domain	i64.store
native strings	domain	i64.sub
native strings	domain	i64.xor
native strings	domain	i8x16.add
native strings	domain	i8x16.eq
native strings	domain	i8x16.mul
native strings	domain	i8x16.ne
native strings	domain	i8x16.neg
native strings	domain	i8x16.shl
native strings	domain	i8x16.splat
native strings	domain	i8x16.sub
native strings	domain	iB.yl
native strings	domain	import.meta
native strings	domain	incremental.finalize
native strings	domain	incremental.finalize.body
native strings	domain	incremental.finalize.external.epilogue
native strings	domain	incremental.finalize.external.prologue
native strings	domain	incremental.start
native strings	domain	incremental.sweeping
native strings	domain	index.html
native strings	domain	index.index
native strings	domain	index.js
native strings	domain	injected-script-source.js
native strings	domain	insertion.second
native strings	domain	interpreter.cc
native strings	domain	it.HasAccess
native strings	domain	it.state
native strings	domain	jsb-builtin.js
native strings	domain	jsb.sqlite
native strings	domain	json-parser.cc
native strings	domain	jsregexp.cc
native strings	domain	kJavaScriptCallArgCountRegister.code
native strings	domain	keys.cc
native strings	domain	libEGL.so
native strings	domain	libGLESv2.so
native strings	domain	libOpenSLES.so
native strings	domain	libandroid.so
native strings	domain	libc.so
native strings	domain	libcocos2djs.so
native strings	domain	libdl.so
native strings	domain	liblog.so
native strings	domain	libm.so
native strings	domain	main.js
native strings	domain	map.IsPrimitiveMap
native strings	domain	map.cc
native strings	domain	mark.main
native strings	domain	mark.roots
native strings	domain	mark.seed
native strings	domain	mark.weak
native strings	domain	memory.begin
native strings	domain	memory.copy
native strings	domain	memory.fill
native strings	domain	memory.grow
native strings	domain	memory.init
native strings	domain	memory.size
native strings	domain	module.cc
native strings	domain	mp3Reader.init
native strings	domain	name.fullname
native strings	domain	name.relativename
native strings	domain	new.target
native strings	domain	nexus.GetName
native strings	domain	ni.node
native strings	domain	note.android.ident
native strings	domain	note.gnu.build
native strings	domain	note.gnu.gold
native strings	domain	o.qsx
native strings	domain	object.constructor
native strings	domain	openssl.cnf
native strings	domain	openssl.org
native strings	domain	other.AreLocalsEmpty
native strings	domain	other.done
native strings	domain	p.onBasis
native strings	domain	p.other
native strings	domain	p.ppBasis
native strings	domain	p.prime
native strings	domain	p.tpBasis
native strings	domain	pair.first
native strings	domain	parse-info.cc
native strings	domain	parser.cc
native strings	domain	pf.zpencpe
native strings	domain	pipeline.SelectInstructions
native strings	domain	pipeline.cc
native strings	domain	processed.transitions.size
native strings	domain	proj.android
native strings	domain	project.manifest
native strings	domain	project.manifest.temp
native strings	domain	properties.size
native strings	domain	proto.map
native strings	domain	prototype.buffer
native strings	domain	prototype.copyWithin
native strings	domain	prototype.entries
native strings	domain	prototype.every
native strings	domain	prototype.fill
native strings	domain	prototype.filter
native strings	domain	prototype.find
native strings	domain	prototype.findIndex
native strings	domain	prototype.forEach
native strings	domain	prototype.includes
native strings	domain	prototype.indexOf
native strings	domain	prototype.join
native strings	domain	prototype.keys
native strings	domain	prototype.lastIndexOf
native strings	domain	prototype.map
native strings	domain	prototype.next
native strings	domain	prototype.reduce
native strings	domain	prototype.reduceRight
native strings	domain	prototype.return
native strings	domain	prototype.reverse
native strings	domain	prototype.set
native strings	domain	prototype.slice
native strings	domain	prototype.some
native strings	domain	prototype.sort
native strings	domain	prototype.subarray
native strings	domain	prototype.throw
native strings	domain	prototype.toLocaleString
native strings	domain	prototype.values
native strings	domain	ref.func
native strings	domain	ref.length
native strings	domain	ref.null
native strings	domain	ref.offset
native strings	domain	reg.index
native strings	domain	region.begin
native strings	domain	region.size
native strings	domain	register-allocator-verifier.cc
native strings	domain	rel.dyn
native strings	domain	rel.plt
native strings	domain	rela.dyn
native strings	domain	rela.plt
native strings	domain	reservation.SetPermissions
native strings	domain	reservation.size
native strings	domain	result.FromJust
native strings	domain	result.IsJust
native strings	domain	result.second
native strings	domain	result.size
native strings	domain	runtime-regexp.cc
native strings	domain	s.so
native strings	domain	s128.and
native strings	domain	s128.not
native strings	domain	s128.or
native strings	domain	s128.select
native strings	domain	s128.xor
native strings	domain	s8x16.shuffle
native strings	domain	scavenge.parallel
native strings	domain	scavenge.roots
native strings	domain	scavenge.weak
native strings	domain	sh.arena
native strings	domain	sh.bitmalloc
native strings	domain	sh.bittable
native strings	domain	sh.freelist
native strings	domain	slicedArray.length
native strings	domain	slots.main
native strings	domain	socket.io
native strings	domain	start.IsEmpty
native strings	domain	start.value
native strings	domain	status.FromJust
native strings	domain	stdlib.Math
native strings	domain	str.length
native strings	domain	success.FromJust
native strings	domain	sweep.code
native strings	domain	sweep.map
native strings	domain	sweep.old
native strings	domain	tU.DG
native strings	domain	table.copy
native strings	domain	table.init
native strings	domain	test-extra.js
native strings	domain	test-extra.jsa
native strings	domain	this.prop
native strings	domain	thrower.error
native strings	domain	type.representation
native strings	domain	u.addressPrefix
native strings	domain	u.addressRange
native strings	domain	u.addressesOrRanges
native strings	domain	u.asIdsOrRanges
native strings	domain	u.id
native strings	domain	u.inherit
native strings	domain	u.range
native strings	domain	v8.InternalPackedArray
native strings	domain	v8.createPrivateSymbol
native strings	domain	v8.createPromise
native strings	domain	v8.execute
native strings	domain	v8.isPromise
native strings	domain	v8.log
native strings	domain	v8.markPromiseAsHandled
native strings	domain	v8.optimizingCompile.end
native strings	domain	v8.optimizingCompile.execute
native strings	domain	v8.optimizingCompile.finalize
native strings	domain	v8.optimizingCompile.prepare
native strings	domain	v8.optimizingCompile.start
native strings	domain	v8.promiseState
native strings	domain	v8.rejectPromise
native strings	domain	v8.resolvePromise
native strings	domain	v8.uncurryThis
native strings	domain	v8.wasm
native strings	domain	value-serializer.cc
native strings	domain	value.bag
native strings	domain	value.byKey
native strings	domain	value.byName
native strings	domain	value.good
native strings	domain	value.implicitlyCA
native strings	domain	value.keybag
native strings	domain	value.length
native strings	domain	value.other
native strings	domain	value.parameters
native strings	domain	value.revoked
native strings	domain	value.safes
native strings	domain	value.sdsicert
native strings	domain	value.shkeybag
native strings	domain	value.unknown
native strings	domain	verifier.cc
native strings	domain	version.manifest
native strings	domain	w.HA
native strings	domain	wasm-compiler.cc
native strings	domain	wasm-interpreter.cc
native strings	domain	wasm-objects.cc
native strings	domain	wasm-text.cc
native strings	domain	window.innerHeight
native strings	domain	window.innerWidth
native strings	domain	window.module
native strings	domain	window.module.exports
native strings	domain	www.apple.com
native strings	domain	www.openssl.org
native strings	domain	x.yR
native strings	domain	y.AGae
native strings	domain	y.yT
native strings	url	http://%s
native strings	url	http://www.apple.com/DTDs/PropertyList-1.0.dtd
native strings	url	https://%s/
native strings	url	https://android.googlesource.com/toolchain/clang
native strings	url	https://android.googlesource.com/toolchain/llvm
native strings	url	https://android.googlesource.com/toolchain/llvm-project
native strings	url	https://crbug.com/v8/8520
native strings	url	https://www.openssl.org/docs/faq.html
