path	bytes	sha256	parse_status	top_level_or_type	uuid_reference_count	uuid_references
assets/project.json	297	6445abfa07edc89317a7717ba91443771a8ea8b72b1977d990465fe32e469fa3	ok	project_type,debugMode,showFPS,frameRate,id,renderMode,engineDir,modules,jsList	0	
assets/res/import/00/00013d46-463a-4f89-973b-09fa3e7611cb.json	175	62c93217847fda84a5a2e27a0f5109888d228a4f10461874fa90c69008268c98	ok	__type__,content	0	
assets/res/import/00/006d3fd0-779d-46a9-b166-938c1c50c558.json	180	9b8468e89948feb58218622946683c17799be5fe2e68ebdb9b350b6ef7af90f9	ok	__type__,content	0	
assets/res/import/00/006fff00-d8f2-4fb8-a096-a0238fed179a.json	191	c67fb73e573b5d6551a7ad1d90a916c52d769b1324e22d6094c26bd969f27fd0	ok	__type__,content	0	
assets/res/import/00/007139da-b4cb-4129-9c19-8eae5cd0bac8.json	193	d8b369ffb8b899fc465377f2c62af18d45f1029d0513751255569d978ba508a4	ok	__type__,content	0	
assets/res/import/00/009e6746-4474-4192-b4f3-1611a56aa2ce.json	8178	0336e900885cce1d06fc3f71b9676df06d4a350905dbeb088cf04b9f7355ebdd	ok	list	0	
assets/res/import/00/00fc3b3a-81ce-475b-9605-7cffbd3da17a.json	69	2cfa940932b2c0a25916bdb6b9bd8b8ffa50ed3f8d1bd9b99376779a9d4d25ad	ok	__type__,content	0	
assets/res/import/01/011232ef-e3c0-4f34-a88d-8ff5c19d8d23.json	63	be8ff221f8b838f9a7faec9c1249b8bfc8c94f8743e6218107c63e355b3dbd85	ok	__type__,_name,_native	0	
assets/res/import/01/0120fff0-fe49-4c09-8df8-5c9e5a10db45.json	182	1f296d3a360000519b417854cb65e6fa097fff3181e9832d63c0c2332bab1de9	ok	__type__,content	0	
assets/res/import/01/012f4d50-9b19-4dd6-8a63-f48bfc50456a.json	182	dda85472a4e256b8b4634990c60c165e1958a73d272d802c9a1effc3883ac9bc	ok	__type__,content	0	
assets/res/import/01/01a79cce-f1a9-4fb8-af37-09aa10c83124.json	178	a290680e71413536dd374c22ba9db9e5e4028bca09c9b77f30e086df58f765fc	ok	__type__,content	0	
assets/res/import/01/01c2ae7a-c1f1-40bf-88c9-c46e73d12a2f.json	5881	e6c8be79abbd42512c2e6f54adf403fdd7bde4ef2f87810317cbad8bf90d9fb6	ok	list	0	
assets/res/import/01/01cf959c-f8f6-44af-9335-d3b23a22aaaa.json	194	a5da021a4598b729c22c8d57f5d16d515fdba12d1b8e326d6741764eb6b4b8a9	ok	__type__,content	0	
assets/res/import/01/01ef14a8-fed8-4cc2-a3ae-eb28b6bb0ec7.json	180	35a37d51c4c05d8067d9ac2170ec3ba419e394868d6aab06bcdfce9020a654e0	ok	__type__,content	0	
assets/res/import/02/02031c71-3bbd-4c21-826b-ab46409f086b.json	1401	256a5c806e291a7e4a4ece48869ffd333a4ed2b3602bd5c39f78212c16ee4e32	ok	__type__,_name,spriteFrame,fontSize,_fntConfig	0	
assets/res/import/02/0246289b-ee81-4832-9661-14f0abcd182f.json	174	ed19ca6bb5b91ba4d36324aae32e3006d43b62a8dedb649b0be0b34ee69570bf	ok	__type__,content	0	
assets/res/import/02/02636449-8ac6-40ee-90f0-379fee47cb2f.json	176	7a3be5c14befe65f675d447705c8eadbc0de41cb1f31616fc946fa1d7c9dcf78	ok	__type__,content	0	
assets/res/import/02/0275e94c-56a7-410f-bd1a-fc7483f7d14a.json	69	2cfa940932b2c0a25916bdb6b9bd8b8ffa50ed3f8d1bd9b99376779a9d4d25ad	ok	__type__,content	0	
assets/res/import/02/0291c134-b3da-4098-b7b5-e397edbe947f.json	69	2cfa940932b2c0a25916bdb6b9bd8b8ffa50ed3f8d1bd9b99376779a9d4d25ad	ok	__type__,content	0	
assets/res/import/02/02aeb808-0c99-40f6-be36-62e1ade66461.json	1130	88e4117c4b0a7661ebcd1dcaa1ded20c9d001766b3ed50e931275ab8b10bef3c	ok	__type__,_name,spriteFrame,fontSize,_fntConfig	0	
assets/res/import/03/0320c61d-85f3-4d6a-a995-ed0c49d54765.json	175	2810662074bbe293c5e3b2e2287f78dcacc88e012ca0b9a65e8c7075391a5be0	ok	__type__,content	0	
assets/res/import/03/0374b9b7-205e-4ea3-9a7d-5b5eac9565a3.json	170	a3cca89e43bef857477f424db6798afd628ad6ef45fb9121a00dc004e757208a	ok	__type__,content	0	
assets/res/import/03/0378a287-95a6-4a62-995d-9a7364460f20.json	62	f38532d2ee03da0bbd203b0664bd31181712e344d3bfde3c0f17609f007fd234	ok	__type__,_name,_native	0	
assets/res/import/03/037d6618-5f15-4583-98cf-51e0b2b9ed6f.json	13421	46126c4d6f058ee37cc2805c5e3491cb8a18be30b4139441416c2fd67c6ec580	ok	list	0	
assets/res/import/03/03a581e0-4e7f-4575-8365-34f24ab435be.json	182	57e1f2f9004a6c67060ef5e0da94b9dd3f45b797a7033c57312ecdd1163b3701	ok	__type__,content	0	
assets/res/import/03/03a78b5a-4a3b-4614-a137-75a5572f0b98.json	181	9dbcd8956ae69e1910ac46758d3a1d1ad892bbc55959f9eb61893e1bd3a4d219	ok	__type__,content	0	
assets/res/import/03/03ce8315-f339-4686-973b-4901079be67d.json	69	2cfa940932b2c0a25916bdb6b9bd8b8ffa50ed3f8d1bd9b99376779a9d4d25ad	ok	__type__,content	0	
assets/res/import/03/03de0997-a0a6-4a4e-aa3e-a099931f27f2.json	183	68b1245d7f3eb040dca4ce2d7ac8209cefd938b38c479ad7290f362a64965f4e	ok	__type__,content	0	
assets/res/import/03/03e97b5e-6642-4e78-9826-8796c2abe447.json	63	be8ff221f8b838f9a7faec9c1249b8bfc8c94f8743e6218107c63e355b3dbd85	ok	__type__,_name,_native	0	
assets/res/import/03/03ee9c8e-3fc7-4073-912b-685d56a6f4bf.json	179	b33bee7c706abf1c789ad0e562349f1e955f426076a605517bff61f2314e9123	ok	__type__,content	0	
assets/res/import/04/0448d9b0-5f15-4bba-8f48-caa195a917e2.json	193	367bab4680a94442edc965dc12ea03187dacf63a7086ff7b64ed9ec0e1d58730	ok	__type__,content	0	
assets/res/import/04/046f172c-1574-488b-bbb8-6415a9adb96d.json	650	26337b517d9823bba33f65c4a549e8594b0d1e7d0e82c7243c08f822165718cd	ok	__type__,_native,_vertexBundles,_primitives,_minPos,_maxPos	0	
assets/res/import/04/04bd0ae4-36c6-4251-9992-3284d8afdf6e.json	63	be8ff221f8b838f9a7faec9c1249b8bfc8c94f8743e6218107c63e355b3dbd85	ok	__type__,_name,_native	0	
assets/res/import/04/04c69595-cc9e-4592-9016-03cdbeb933df.json	63	be8ff221f8b838f9a7faec9c1249b8bfc8c94f8743e6218107c63e355b3dbd85	ok	__type__,_name,_native	0	
assets/res/import/05/0501c3f0-977c-44e1-aff1-a15c6bc47ce4.json	198	8717f9105f6d0edf4fe4e88f7a46a65badc80b20dafc2fa053a5ce8d8b4bcfa5	ok	__type__,content	0	
assets/res/import/05/05028815-9e78-4220-a1a2-2c85c0ab4291.json	186	7d320855404d6b3bacfc83c82012e30b267d40ea1faa139274386ed089cf3ce7	ok	__type__,content	0	
assets/res/import/05/0511e1fe-d164-4460-b4e9-59f9e96fe10e.json	63	be8ff221f8b838f9a7faec9c1249b8bfc8c94f8743e6218107c63e355b3dbd85	ok	__type__,_name,_native	0	
assets/res/import/05/0532e255-8ed2-4daf-b753-0356dfec77eb.json	186	448d2f980fcbadcc3768bc9079455e1ce4b50b9824d5a11c66ea4ea7d3189b38	ok	__type__,content	0	
assets/res/import/05/0534d642-0039-4f2f-955b-cf8dd6c6f0c5.json	199	bcf8906d296b4562bb9d86425cff869ccdd8f2e622a5392c6dfd26e224e6ab83	ok	__type__,content	0	
assets/res/import/05/056dad85-b338-4a7a-bbe4-591b765c0b80.json	69	2cfa940932b2c0a25916bdb6b9bd8b8ffa50ed3f8d1bd9b99376779a9d4d25ad	ok	__type__,content	0	
assets/res/import/05/057692f1-8aa4-4a55-ab47-23c23348f02c.json	176	843951f9a5242cabf09a3f4aee6849bbcea6915627b0c342b51621b208ced89e	ok	__type__,content	0	
assets/res/import/05/0585ccf3-fd52-4f1f-a6ba-28c683f99ecf.json	179	827f7e1184532184c4fec4ae37970344ed8df17bab2d5a0dd584d990b831e4b9	ok	__type__,content	0	
assets/res/import/05/0599043e-f208-4dfd-811e-5161a30897be.json	2439	7761cb7c5d21bb1bcb51301a95619ab71263aa15733595a9273ea37b4c89f797	ok	__type__,_name,_skeletonJson,_atlasText,textures,textureNames	0	
assets/res/import/05/05aa1bd6-4d85-46cd-9b43-e18e885feb39.json	5845	59cf310328dd43a9a289c907ef3714cb6f71565f712bae2c58a5a77490b8b34a	ok	__type__,_name,_skeletonJson,_atlasText,textures,textureNames	0	
assets/res/import/05/05b3d313-75b0-4fdb-aba9-9966297ae9ce.json	196	1ca8041af2d6dffa8157d680e36445be3543424b87905bb3ed493db36b7020bf	ok	__type__,content	0	
assets/res/import/06/065eb46e-3586-4a60-b049-4871b72945e3.json	184	625fa3337920f792906aed2b2d08ac4cec4e343c8a9f1e3c200c21b2ce6330e5	ok	__type__,content	0	
assets/res/import/06/06a96d23-065d-42f6-afdf-7d89d9d36dc0.json	181	b2c51906f8169fb5785d9654c1427d985c65dfd9bba42ca2601d89f8919a3a60	ok	__type__,content	0	
assets/res/import/06/06b6a6bf-5050-41e5-a2fe-e49d4f268545.json	182	3c4ed6712b0c9d8d937cf788a9c74b89507dd052fee2779d2af45b70223d5007	ok	__type__,content	0	
assets/res/import/06/06c55644-d164-4dcc-a5a9-841583997b7d.json	161	8caaa74b95d650629d691af389cd6df653ed54504572f7b1bbd7aeb735bed6f8	ok	__type__,content	0	
assets/res/import/06/06d54474-184d-44e7-b954-51279d8bc43e.json	175	fcb95a689887c168f79a3c902f9910cc5bd8b06e842ba726b5063c23750ba577	ok	__type__,content	0	
assets/res/import/06/06ddcbad-4138-4cbc-ae24-f9c94992a313.json	183	bd21aa1033543d4934778798783da7c86e5769bce99e71ea34b42a5a80cb3601	ok	__type__,content	0	
assets/res/import/07/0711cd30-ea49-4d56-9d08-1da548d84428.json	63	be8ff221f8b838f9a7faec9c1249b8bfc8c94f8743e6218107c63e355b3dbd85	ok	__type__,_name,_native	0	
assets/res/import/07/0724c98c-48b8-4f7a-bfd9-1e2795b33462.json	65397	61fa7da61980e98e7184181b13e8ef063eb4611f3b6022923bcf8241b88fe563	ok	list	0	
assets/res/import/07/07393340-465c-4cc7-a3c0-992a770a0254.json	69	2cfa940932b2c0a25916bdb6b9bd8b8ffa50ed3f8d1bd9b99376779a9d4d25ad	ok	__type__,content	0	
assets/res/import/07/078b682a-875e-4e19-b6b0-04cd338fe8a7.json	178	f879b63158cf9cd79c49b6070fb69cc4ff8aebc901fe1fa05b76a0b573ce51a1	ok	__type__,content	0	
assets/res/import/07/078fc3ac-9e59-4486-8ffb-516cf8566a64.json	1774	93f6feb3a634419d024fbf423a88db7f826da7a43b430466c304323fd54147c2	ok	list	0	
assets/res/import/07/07dd0bc1-226e-4edd-a0a2-b28625986b43.json	179	62c641f6207e68bf79d56de7fa61324a570a7364add1e892721dcd4560c1ac81	ok	__type__,content	0	
assets/res/import/07/07eae887-1022-4cb7-803e-6d6912a3b5e8.json	60	09737ba4095a8c5a61dee9f5a3d0716d756a0eca09108c26a5203ad20f085818	ok	__type__,_name,_native	0	
assets/res/import/08/0800bc8c-95c2-4e4a-8efc-9833c50790bd.json	7909	eaaf5e5ff93e619a385c08633659c7a75257f751f72430e9cb6b8d07c80de611	ok	__type__,_name,_skeletonJson,_atlasText,textures,textureNames	0	
assets/res/import/08/08027f26-cf0b-4fb4-af5b-36eb1b6ac856.json	180	040362fd15fc1b8b7136d693e627cc392e2161e1077a5261550d42fbeb59572f	ok	__type__,content	0	
assets/res/import/08/0811261c-acbf-44a7-9afd-e9c668033d79.json	63	be8ff221f8b838f9a7faec9c1249b8bfc8c94f8743e6218107c63e355b3dbd85	ok	__type__,_name,_native	0	
assets/res/import/08/0856cedc-fc04-40c0-90dc-ee6081306937.json	69	2cfa940932b2c0a25916bdb6b9bd8b8ffa50ed3f8d1bd9b99376779a9d4d25ad	ok	__type__,content	0	
assets/res/import/08/085c920c-b6b6-4e84-a233-e09d0530073e.json	69	2cfa940932b2c0a25916bdb6b9bd8b8ffa50ed3f8d1bd9b99376779a9d4d25ad	ok	__type__,content	0	
assets/res/import/08/08646af2-8194-418d-9030-2e63eb1acbea.json	179	05f34d4f18c05c504ee94c98d1bd4a648810e7219df823c08b480d959b386380	ok	__type__,content	0	
assets/res/import/08/087a63dd-48b5-4224-bc4a-7e6b0aa44480.json	179	14c9e4f359e0b89ebd4fe200fdb2393137c764255f4ad14cfca04047deec212a	ok	__type__,content	0	
assets/res/import/08/08a94ace-d780-4060-96fd-c10843390e6e.json	169	101a090a4e2a0f441fb93b6649f645a3e91c8a60283d38eacf5c95b7e98f203c	ok	__type__,content	0	
assets/res/import/09/090cb904-84bf-4b58-a945-e2015964307e.json	63	be8ff221f8b838f9a7faec9c1249b8bfc8c94f8743e6218107c63e355b3dbd85	ok	__type__,_name,_native	0	
assets/res/import/09/091d1f5c-6c37-4315-a4ab-64b94398d10c.json	63	be8ff221f8b838f9a7faec9c1249b8bfc8c94f8743e6218107c63e355b3dbd85	ok	__type__,_name,_native	0	
assets/res/import/09/09297d26-d153-439e-811c-8faa84981a4a.json	573	b80e5bd0d5d1a8a2ed96eaa1c2e58b4959a596300aea7cd995a73f3892127d70	ok	list	0	
assets/res/import/09/0941eeff-65ef-46ec-8ac9-0cdbe6bd71b5.json	69	2cfa940932b2c0a25916bdb6b9bd8b8ffa50ed3f8d1bd9b99376779a9d4d25ad	ok	__type__,content	0	
assets/res/import/09/094b67bc-5823-44f3-8fd5-be4513e3de5d.json	184	f686fb6bd1ed06e864a98a14f60e46ae227678a7f64a4780d15a466df46a393c	ok	__type__,content	0	
assets/res/import/09/09ae25cf-d258-41cf-b79a-4aced891c40c.json	63	be8ff221f8b838f9a7faec9c1249b8bfc8c94f8743e6218107c63e355b3dbd85	ok	__type__,_name,_native	0	
assets/res/import/09/09b25014-17c3-4ba7-9f4e-d2b987023887.json	185	ac5d156ec75bc367201b7a803387c4feb8e62d21aaf4f06f5f3162bb55c16b56	ok	__type__,content	0	
assets/res/import/09/09b2cb5e-1698-4381-9493-e8f93ce7280c.json	69	2cfa940932b2c0a25916bdb6b9bd8b8ffa50ed3f8d1bd9b99376779a9d4d25ad	ok	__type__,content	0	
assets/res/import/09/09d1799e-7270-4466-a586-81eae8d31a80.json	192	9a97c901eab37337a3b0af0011d40277e518fd94c4e3b08199618979a144c801	ok	__type__,content	0	
assets/res/import/0a/0a203349-a3ae-4b17-bca0-ecf9a49a7a6a.json	176	1c0fba3f66ffe1d9cc01e8b68e256e314c3542db4f1c4d451bcfa287e3ddd81f	ok	__type__,content	0	
assets/res/import/0a/0a346691-3b75-4be0-b422-7dc3fa4e9f50.json	69	2cfa940932b2c0a25916bdb6b9bd8b8ffa50ed3f8d1bd9b99376779a9d4d25ad	ok	__type__,content	0	
assets/res/import/0a/0a8648a1-3a3e-4c49-951e-810835b4b6af.json	176	3ab7d6f5a072bee4363de1b455fb6e503440a79d1cb1ea3c0f0902fe8dea2121	ok	__type__,content	0	
assets/res/import/0a/0a880fbc-7e56-4904-a182-4a53ee41f03a.json	186	5d9feeffc309438d8c6b4643dd67da48f63aa6b2c898bfe3034d9d778590f1e3	ok	__type__,content	0	
assets/res/import/0a/0a97c1a5-1d35-4ff9-9039-f808a20a72e3.json	162	c64be023e55c6b2627c7d65ace923c15164b4ff91231f50150562d2c0b7e9e89	ok	__type__,content	0	
assets/res/import/0a/0abb3c99-5522-4d4a-a3cb-df2650f83905.json	188	91b659ee75f48135782798fc48c8d8b287a0242af680d1cc47b52495bfbe2950	ok	__type__,content	0	
assets/res/import/0b/0b4e0763-9d3b-44f2-a7ac-3eac4b668ecf.json	174	64fbe229e825af1e6b7bff6e1ea5ed56e2b7ecdd9c3bd975e5eeaf510f112051	ok	__type__,content	0	
assets/res/import/0b/0b58adf3-ea34-42f0-85b0-ceaf21e1f743.json	63	be8ff221f8b838f9a7faec9c1249b8bfc8c94f8743e6218107c63e355b3dbd85	ok	__type__,_name,_native	0	
assets/res/import/0b/0b5f5118-7a33-4549-ace5-4c412f842dc2.json	69	2cfa940932b2c0a25916bdb6b9bd8b8ffa50ed3f8d1bd9b99376779a9d4d25ad	ok	__type__,content	0	
assets/res/import/0b/0b6fc949-89c0-4958-8ce7-4d38965dd9e0.json	183	0ff91d0f90f29f7a89087a2cfd3fbbaa42afc2542cbe4fbbc3a2efdb2df2fb25	ok	__type__,content	0	
assets/res/import/0b/0b76871a-ed87-45e3-bdb2-0d515f48d9fd.json	184	8746540e47851ee9cb20d36d26d0b1c80ba64270bb87bf3d495d0fbf2f5512db	ok	__type__,content	0	
assets/res/import/0b/0b9c2578-5ec0-40a9-9e14-bbac9a984aed.json	193	a66c2cfa99430312018f98b7227c111fd47129aad6abb9be9f45c17794bf3a86	ok	__type__,content	0	
assets/res/import/0b/0bb3ab47-f801-4ca7-9d4b-85b467bcbbd2.json	173	103949f15a25e225a016de9c9d18133a514c405b400729c0ee74d776006ce43c	ok	__type__,content	0	
assets/res/import/0b/0bdcd947-f2fb-4e5e-999d-49036013cdfa.json	10174	75881ce81864254f0eee431c1e5feac00190d00a9351db688bd550d3b163c6cd	ok	__type__,_name,_skeletonJson,_atlasText,textures,textureNames	0	
assets/res/import/0c/0c667fd1-d2ac-43ff-8be7-b5cf5cfeedaa.json	182	4d3e98dd3a98bdc04e04c395d0553a183d09c9f14eba41d53a7ef85d8a96b926	ok	__type__,content	0	
assets/res/import/0c/0cb038e5-724f-4200-99ce-6e704e7afd63.json	63	be8ff221f8b838f9a7faec9c1249b8bfc8c94f8743e6218107c63e355b3dbd85	ok	__type__,_name,_native	0	
assets/res/import/0c/0cb93d42-116b-4204-afaf-9b5e136ef7a1.json	63	be8ff221f8b838f9a7faec9c1249b8bfc8c94f8743e6218107c63e355b3dbd85	ok	__type__,_name,_native	0	
assets/res/import/0c/0cf7bcd4-a680-4b33-bd9d-36477a278f8c.json	187	5f2136fc4ee4d23dc82beb3cfc5856bac5c3d4498316994f4b9fe5a3660d4b13	ok	__type__,content	0	
assets/res/import/0d/0d09c931-4169-4464-aa3c-f1dd737d9c43.json	181	ef38b72a8566e9ec18ec2ecc91a1f2f24d617b9860706106e2fbbb6b0f36339e	ok	__type__,content	0	
assets/res/import/0d/0d4f6318-7fe0-4dc2-a336-3c857033cb45.json	172	2441e4b418d175e1c6526cfd87d9a36fcfd66a2c7c9bb91884693ab0231db760	ok	__type__,content	0	
assets/res/import/0d/0d617198-be06-4c14-9e42-c6e8a46a5ab1.json	178	3371865879ce7258d4049cd8d082cb1d80d587645f68125547019a971f84632b	ok	__type__,content	0	
assets/res/import/0d/0d662cce-9724-4d0d-957c-96ac4ecd18b5.json	60	1c352e1fb9635149c495eb1b69d7f01f0105223f35bfc3545cd9a661afc0bcee	ok	__type__,_name,_native	0	
assets/res/import/0d/0d8cc65d-6f83-4d7e-a477-9cee26aa2648.json	183	89a0dc5cc9d3c80fbce508f27c95273a1a3c0c78d6ad84c853fd18e4ab01187c	ok	__type__,content	0	
assets/res/import/0d/0d96e890-c139-4041-a0b7-f72242c1d918.json	79	3bc305455229333a504782bd2f1f10ee0f0cd60770191bbee8979576e1aac27f	ok	__type__,_name,_native	0	
assets/res/import/0d/0dd23a18-7f20-4967-ac18-4b2d6cf3bd49.json	28587	0276035f5c1cde435b11bccdea39a10be0614c885d2e68ad2edd569585e61179	ok	list	0	
assets/res/import/0d/0dd4243f-55d3-4911-81de-1881fd490dad.json	69	2cfa940932b2c0a25916bdb6b9bd8b8ffa50ed3f8d1bd9b99376779a9d4d25ad	ok	__type__,content	0	
assets/res/import/0d/0dfd9e08-ef7f-4802-9f8e-023e2326ef90.json	175	d1eb5c91933b6304fafabdbae6d3a5130adc92d88fde0a6674043823a4807192	ok	__type__,content	0	
assets/res/import/0e/0e5576f0-de9a-4da2-9524-6d6221af5925.json	63	be8ff221f8b838f9a7faec9c1249b8bfc8c94f8743e6218107c63e355b3dbd85	ok	__type__,_name,_native	0	
assets/res/import/0e/0e71d2fb-f182-4825-a24d-628e7bc8711d.json	4830	016f84025b25b12b486133985f6500403bcb40f80f76d86348916658bf6009fb	ok	__type__,_name,_skeletonJson,_atlasText,textures,textureNames	0	
assets/res/import/0e/0e93aeaa-0b53-4e40-b8e0-6268b4e07bd7.json	4703	0f8aeaa0a7f4d61f439f6cd0bf5643f29db63dc0cdf735a9a5fd9f0dea5ffc94	ok	__type__,_name,techniques,shaders	0	
assets/res/import/0e/0eb04900-b041-4f35-9ce4-5c0c92017cbc.json	69	2cfa940932b2c0a25916bdb6b9bd8b8ffa50ed3f8d1bd9b99376779a9d4d25ad	ok	__type__,content	0	
assets/res/import/0e/0ef1875b-b013-4f4e-85b6-5463685f22dd.json	186	749c413557e343e3921eb36fed834f875df3f03e373618722fda4a447bfc4a0b	ok	__type__,content	0	
assets/res/import/0f/0f38334d-dc67-40be-8d03-807c47999cc8.json	168	5a69d23852c387f0e8f8f9cc505d99d72cf06a9b150c2afe9c0e926fdbf8dadc	ok	__type__,content	0	
assets/res/import/0f/0f54f657-f3c7-4953-bc24-0ee027f3f995.json	69	2cfa940932b2c0a25916bdb6b9bd8b8ffa50ed3f8d1bd9b99376779a9d4d25ad	ok	__type__,content	0	
assets/res/import/0f/0f6f447d-ab66-4468-afb5-8dc77661f79f.json	65	fc2a31b4f479c9672eff9293e8c19b3376ece4b114bae1d4a6628dac0e21d114	ok	__type__,_name,_native	0	
assets/res/import/0f/0f962d54-6a05-472d-a53a-7e2f3604d138.json	190	015730728daf905f065cf4a9b70a08f2ec77614c9541828bc4cab72fb49ea6b1	ok	__type__,content	0	
assets/res/import/0f/0fea3790-7529-46f2-a7d0-e67c33453fa2.json	21696	602971b92be52e81709b2d3764da611e95c5c2c59fa094d624ecd4bc7f429685	ok	__type__,_name,_skeletonJson,_atlasText,textures,textureNames	0	
assets/res/import/10/10049930-8e3c-4a26-aa6a-481640ad1e1d.json	184	d9a14da9f1670c1173de67628655cf59b51da902607b3fd4068b5c66dec0a293	ok	__type__,content	0	
assets/res/import/10/1042bec0-5a13-4b57-9a7a-d869ad8880b4.json	8743	271bcc436b8f93230d03f2b23a7ead8abf65d7ffd1e6cb163eecf3a91439fbeb	ok	list	0	
assets/res/import/10/105a58d4-00d0-4617-8ca9-2f7582d803da.json	3459	5172b988202eba93ae77af6ad34b52a046fd94e04891cbe190e7e455e142cc21	ok	__type__,_name,_skeletonJson,_atlasText,textures,textureNames	0	
assets/res/import/10/1078ddd6-e223-4325-995d-50990daf283c.json	184	87577540799353d96e45823d726484304a33a8f09f81c5fb36d22a31080c340a	ok	__type__,content	0	
assets/res/import/10/1088e925-4f7c-49d3-b4d4-8f6ee33b2900.json	174	25f8d02062869af622a971be013d7ab51b32da33fc6ae936d35573767fa4f02c	ok	__type__,content	0	
assets/res/import/10/108acf59-53c2-4995-b0a6-63994f4b50b6.json	69	2cfa940932b2c0a25916bdb6b9bd8b8ffa50ed3f8d1bd9b99376779a9d4d25ad	ok	__type__,content	0	
assets/res/import/10/10920cab-b445-449c-9b40-29a88324ff1c.json	184	4fc521f6875276b7d27ff3c7233b2d93a8c294989cb6a770ccaa3a4cb649c38b	ok	__type__,content	0	
assets/res/import/10/109d19f1-eb04-484b-a84d-a2983f332946.json	26488	4412f04dee81902a176905f908404db69902784974f93d44245a58ed13c13472	ok	__type__,_name,_skeletonJson,_atlasText,textures,textureNames	0	
assets/res/import/10/10be104f-ae5f-442f-be7e-0fb1f2dfe2fd.json	185	0ea93c8882bbb3c90a26235b01a4cc8938ed5aa70d4a6f7ee72e8cce1621561c	ok	__type__,content	0	
assets/res/import/10/10c0cd7a-1cca-4cf2-b62c-9f9b84fedaaf.json	69	2cfa940932b2c0a25916bdb6b9bd8b8ffa50ed3f8d1bd9b99376779a9d4d25ad	ok	__type__,content	0	
assets/res/import/10/10de58f3-00a5-4be5-91c2-f0df5d48c2df.json	1042	f428c5314841f016bc8deb0856393befc647e2dce41091047ceced6d51239693	ok	__type__,_name,_skeletonJson,_atlasText,textures,textureNames	0	
assets/res/import/10/10f36d23-ee41-487e-a4bb-21febf49f304.json	184	daf5140b85b30dddb19ca2b630dd9d4d917e6369197be010430c75431aa1ab32	ok	__type__,content	0	
assets/res/import/11/113a0b5a5.json	69	9468e46d436041709e19184354e15c2e943a82fa2567db84c22f8349dd40a4b1	ok	__type__,content	0	
assets/res/import/11/1144aabe-051a-4c38-a0b3-391ac3953dd6.json	171	d70fef60068eed25b5f9257daa2f904ba34e7a50c044c585c29fc7082bddd7ed	ok	__type__,content	0	
assets/res/import/11/11a0f766-4443-4ebe-85b9-0fdfef55157a.json	70	bcd66e2b487c2e5cc642d4174141db6fefa09b48a75a1f81f795ead53738387a	ok	__type__,_name,_native	0	
assets/res/import/11/11e519ab-53a3-4b31-86d1-148494970da0.json	173	105db7ee37495e421d14caf1231fb1f54ce68728b604e6c9461bb5b83d4202d6	ok	__type__,content	0	
assets/res/import/11/11fe84ad-49c0-4e69-b63e-de8c63a4afb9.json	357	8755469bf5dca5729730647a8b4e634d1455a3b65673717ee9041c0cebb692ae	ok	__type__,_name,_spriteFrames	0	
assets/res/import/12/120ac2b7-6bbf-411d-b8c8-92d31e98d635.json	4042	bb0e78c4e6b8f9cf72cf624aadd25b8612cad640cc3e6f23a5d70d579264d426	ok	__type__,_name,_skeletonJson,_atlasText,textures,textureNames	0	
assets/res/import/12/123110da-d892-413a-8cb8-cd977f6c4baa.json	196	fc3b0f7fa675ace07b540de5af74c7890401bbebba2820e8a510a2a49b50024c	ok	__type__,content	0	
assets/res/import/12/125b77e2-492b-4b9f-b43a-d2885b8cec2e.json	182	cab19a8d630df2c92c7c02ede550803c2ddba8d61a5678bc394d191c5ae5bf37	ok	__type__,content	0	
assets/res/import/12/12621534-b8d4-40c7-8080-8647f3c82650.json	180	49fe2da64ba2ce7f6004e8950fc7c4de99b5c909ad5d937218a6383e489c14ba	ok	__type__,content	0	
assets/res/import/12/1280d36c8.json	69	9468e46d436041709e19184354e15c2e943a82fa2567db84c22f8349dd40a4b1	ok	__type__,content	0	
assets/res/import/12/12835871-545d-41a1-891f-15e3b772e3ee.json	9651	9762f10ceca8a1d15e6a32adfdda161f22c368f17ecaa96b24219e2e8702f6a5	ok	list	0	
assets/res/import/12/128bfc19-fd1a-46c7-adbc-29f79846d0b1.json	63	be8ff221f8b838f9a7faec9c1249b8bfc8c94f8743e6218107c63e355b3dbd85	ok	__type__,_name,_native	0	
assets/res/import/12/12ae1827-2b9f-4900-84fa-03e7994c88a5.json	173	9ff8e2ff6d08af41df65669efc86ef068830160d5441493617cd8ff25ef1deac	ok	__type__,content	0	
assets/res/import/12/12bc4aa5-c06f-4de4-93e4-7143e6e2403d.json	179	1366b5ce66977ad3f05e054c0eb89e000379f6f76e877023d8b5c88375f78675	ok	__type__,content	0	
assets/res/import/12/12c2b7f4-48dc-4498-9037-6db5dd1c2344.json	171	6a217acdfb725306bcd6bcf7abb029681061f571c1f6c3d3e2872130853ad35e	ok	__type__,content	0	
assets/res/import/12/12cc4cd8-4ded-4344-bd27-3388b2c1e586.json	69	2cfa940932b2c0a25916bdb6b9bd8b8ffa50ed3f8d1bd9b99376779a9d4d25ad	ok	__type__,content	0	
assets/res/import/12/12fa1ed3-6063-49fb-88ea-8330679fcc4a.json	179	bc54256a03424efff51ca51da9fc33f32dbe7b1ce8e51ed9d050f73d438839b4	ok	__type__,content	0	
assets/res/import/13/1313c6a0-a236-4e16-be02-93c4025bd8fd.json	69	2cfa940932b2c0a25916bdb6b9bd8b8ffa50ed3f8d1bd9b99376779a9d4d25ad	ok	__type__,content	0	
assets/res/import/13/131fb5c3-1396-474e-a9b7-daf1692359a3.json	69	2cfa940932b2c0a25916bdb6b9bd8b8ffa50ed3f8d1bd9b99376779a9d4d25ad	ok	__type__,content	0	
assets/res/import/13/134867c3-6557-44d1-a3c5-1a732377c9f1.json	167	f959bd585dce34cd016ee8e0af71a258d730dbf2e2b84345461fb136c16fcc36	ok	__type__,content	0	
assets/res/import/13/1374c85b-c1b7-4181-ad8b-10d4281da0cb.json	183	b7066ba9f563a3cd4f7e8c2bbd4ba913c2eeb34ece379ecc806bb1956a243355	ok	__type__,content	0	
assets/res/import/13/139efa19-9217-4b08-a3a7-12ae61bfb183.json	69	2cfa940932b2c0a25916bdb6b9bd8b8ffa50ed3f8d1bd9b99376779a9d4d25ad	ok	__type__,content	0	
assets/res/import/13/13b7cfcc-1346-4dbd-8f14-2b5bd2aaa7df.json	189	33f5b55a2bb27772b098231671bb41ec33f0e41777fae8d7b722fd3d0ae5f550	ok	__type__,content	0	
assets/res/import/13/13bded8d-71f9-4493-912d-407af934a43c.json	312	196aaff5d23970cf4147a6136509736b13f46a40eb984f137caa471caf51a18f	ok	__type__,_name,_spriteFrames	0	
assets/res/import/13/13be21e2-fbc8-4ef4-8fcf-ddc127c7a2b5.json	202	36779d5dc0ff0f8692fe4b0975ce3161eca6a2884e4a993f830b64f96358d6e9	ok	__type__,content	0	
assets/res/import/14/1442cf659.json	69	9468e46d436041709e19184354e15c2e943a82fa2567db84c22f8349dd40a4b1	ok	__type__,content	0	
assets/res/import/14/144c3297-af63-49e8-b8ef-1cfa29b3be28.json	2709	e47e9881c1046683b967995de91a4c2b4033ca745fef5438a868bc071961d4e5	ok	__type__,_name,techniques,shaders	0	
assets/res/import/14/145e3deeb.json	69	9468e46d436041709e19184354e15c2e943a82fa2567db84c22f8349dd40a4b1	ok	__type__,content	0	
assets/res/import/14/14702652-2473-4d1c-9499-565a83b9af21.json	182	9f7b04eaff09e42baa4463ca84d67e0b5610bce39f8ae071f82c5d4e3de28810	ok	__type__,content	0	
assets/res/import/14/14756889-0a15-4f12-9408-be3d3ae09d7c.json	63	be8ff221f8b838f9a7faec9c1249b8bfc8c94f8743e6218107c63e355b3dbd85	ok	__type__,_name,_native	0	
assets/res/import/14/1482b4fc-8b72-44df-a753-67291621c296.json	63	be8ff221f8b838f9a7faec9c1249b8bfc8c94f8743e6218107c63e355b3dbd85	ok	__type__,_name,_native	0	
assets/res/import/14/149a110b-c432-4719-83a2-9dcd49b191ab.json	176	592c3f65a50f1167c509d446980afe761b5590a082938a6756682c3533dde48c	ok	__type__,content	0	
assets/res/import/14/14d2573c-a43c-4d06-b768-68b544b14616.json	196	1f052f0c244b491cc68b6cb8f2774647b1715510e64791721f545a8943b6655c	ok	__type__,content	0	
assets/res/import/15/15a94199-5a60-437f-adfc-80e8592c905f.json	175	4095553b32db319fc511f6c426dfc634acf9263dc56bd6273caf40d8b0fa6d83	ok	__type__,content	0	
assets/res/import/15/15dc2da5-9b1a-4dbc-a76c-bba786a02076.json	12826	1fff17c519c59317fd918d18295fbabc244e015203d8f3a6357dd70f7ecbdbe5	ok	list	0	
assets/res/import/16/160668e2a.json	69	9468e46d436041709e19184354e15c2e943a82fa2567db84c22f8349dd40a4b1	ok	__type__,content	0	
assets/res/import/16/161bd660-ed55-4491-b5bd-ffff2da06f53.json	178	d6170ba3f9d6ab7b3359dbbb072e02940d2dd16216d16db2ae418f2e04e4c19d	ok	__type__,content	0	
assets/res/import/16/16386d0b8.json	69	9468e46d436041709e19184354e15c2e943a82fa2567db84c22f8349dd40a4b1	ok	__type__,content	0	
assets/res/import/16/1639d091-bc8d-4836-9d1f-e2d9b3b15f00.json	184	603019e81b2619d51654c4915b43f870ee2907a200c3f692588215ddd0420f69	ok	__type__,content	0	
assets/res/import/16/164efe42-1698-4399-8363-e9b3e210161f.json	187	5a6956f9395aa1febca776a094ad14ef239c3c21cf6e845c6963b85dec504a19	ok	__type__,content	0	
assets/res/import/16/1680fa1e0.json	69	9468e46d436041709e19184354e15c2e943a82fa2567db84c22f8349dd40a4b1	ok	__type__,content	0	
assets/res/import/16/168828f3-d045-4eb4-aaea-8b01835d07a5.json	174	970ed8543819bb3d0731bb98addb0b2a6788654fe7a4555f3d2ac8017950deca	ok	__type__,content	0	
assets/res/import/16/1688aee1-2913-4165-b69d-ebfca2a63ee6.json	184	25e995bdad0d0c537922f4eeeac5431f288d3489d9c5e7639f618ab2ba517698	ok	__type__,content	0	
assets/res/import/16/169e74b8-01b1-44a6-b3ae-949e46a81966.json	6964	bc38f39df916d70e45e2dd609a89d814c8dd87f0ad07d6605cc04da70e8f835b	ok	list	0	
assets/res/import/16/16cd60b2-fd9a-462b-a545-e2a52c0bd460.json	179	f6d658b0e1a76a3d8f1a3c8e755c05ecdf47139c8e94cf4d140601bad9bc8fa1	ok	__type__,content	0	
assets/res/import/16/16d582e3-73be-42ea-abee-d6c2b94df7b4.json	2236	1d7a67b2075f7e93e7311548c4c436f40ac6b0713e30f28a42096ea6dcfd16b1	ok	__type__,_name,_skeletonJson,_atlasText,textures,textureNames	0	
assets/res/import/16/16eff838-a1f6-4fe4-a671-27670c2aac9d.json	177	e78d1657a189b227d85dfef31e45b9775446f045eb203c7fba94dc32d073efca	ok	__type__,content	0	
assets/res/import/16/16f7ac2b-1458-4901-8bbe-18984e4b705f.json	69	2cfa940932b2c0a25916bdb6b9bd8b8ffa50ed3f8d1bd9b99376779a9d4d25ad	ok	__type__,content	0	
assets/res/import/16/16f7dc2e-9275-4118-8488-315db2f472e0.json	180	6e010acf997a24fe43c439518c5051366735c6ba15f47da69143bcfaadfafe90	ok	__type__,content	0	
assets/res/import/17/1732d6c30.json	69	9468e46d436041709e19184354e15c2e943a82fa2567db84c22f8349dd40a4b1	ok	__type__,content	0	
assets/res/import/17/17e44ced-a652-412a-a8ff-06c81e70453a.json	182	3e62805ca8c2542fb2a3bf662d65eab4e97bd27efdd25d9b878fbad54cce2f1f	ok	__type__,content	0	
assets/res/import/17/17f72f24-00aa-42bd-a1c6-a4e729a98ec2.json	174	56e1d7bf3b6acd3411412d57a6ae8c51f7c0ff9a70956c294f2180815bfcac58	ok	__type__,content	0	
assets/res/import/17/17f7f037-2ae2-4234-b6d1-7ffda73f912e.json	63	be8ff221f8b838f9a7faec9c1249b8bfc8c94f8743e6218107c63e355b3dbd85	ok	__type__,_name,_native	0	
assets/res/import/18/18116c98-91c4-4435-9735-35465c469d29.json	179	ca8073e9336da7c5d6fb7d6c805c82bf92533d6e28db5df4b96f0553837cc02e	ok	__type__,content	0	
assets/res/import/18/1823d4e7-580c-450d-babc-b02d3f2fe73d.json	178	9272db225950ef5b9c330af1c38e85d0b671ad2af9a87bc8a68c17e05b971282	ok	__type__,content	0	
assets/res/import/18/185f25c6-d539-4ea7-8091-a98c97bd3681.json	63	be8ff221f8b838f9a7faec9c1249b8bfc8c94f8743e6218107c63e355b3dbd85	ok	__type__,_name,_native	0	
assets/res/import/18/189414e7-3003-4422-9907-d32f0919b8b9.json	69	2cfa940932b2c0a25916bdb6b9bd8b8ffa50ed3f8d1bd9b99376779a9d4d25ad	ok	__type__,content	0	
assets/res/import/18/18a2b13e-6efe-4331-9180-03c912d528a5.json	63	be8ff221f8b838f9a7faec9c1249b8bfc8c94f8743e6218107c63e355b3dbd85	ok	__type__,_name,_native	0	
assets/res/import/18/18b4d5c4-d323-457a-baca-8b38987fdf87.json	178	74549897c19428af82fca4afafbb9b937e2fd6ae89a737da03672a0449d6992b	ok	__type__,content	0	
assets/res/import/18/18daf82f-a3a4-4706-8ff2-1c0bbffc9379.json	179	8a75e1b4898c3c369c570a500e85f66be39d1836bb06395857e36882b1ecbbb3	ok	__type__,content	0	
assets/res/import/18/18e06777-e500-425c-bd73-efbf4644209d.json	63	be8ff221f8b838f9a7faec9c1249b8bfc8c94f8743e6218107c63e355b3dbd85	ok	__type__,_name,_native	0	
assets/res/import/18/18f892239.json	69	9468e46d436041709e19184354e15c2e943a82fa2567db84c22f8349dd40a4b1	ok	__type__,content	0	
assets/res/import/19/1915fa21-f479-4851-aa25-47a89edce5fb.json	15347	0d24da55d4fdbe0c1ec4e3a16d94dfa836e435ec2237d08bbe8138cdecd4329c	ok	list	0	
assets/res/import/19/19767f34-e96e-4fd0-bdac-7914f3d0c9cf.json	63	be8ff221f8b838f9a7faec9c1249b8bfc8c94f8743e6218107c63e355b3dbd85	ok	__type__,_name,_native	0	
assets/res/import/19/19966b43-7e59-4c0c-be37-2c08a4cf6ff9.json	182	8506feb899f0008d87d1913efdc154097b854558400f545a28b9a18d07796064	ok	__type__,content	0	
assets/res/import/19/19a1749a-7176-467b-874a-230db051ef5f.json	11073	da28549554e0ab0b242d431d9df2f93bc87a9c0393874722b079677ea1623f9c	ok	__type__,_name,_skeletonJson,_atlasText,textures,textureNames	0	
assets/res/import/19/19d2f0815.json	69	9468e46d436041709e19184354e15c2e943a82fa2567db84c22f8349dd40a4b1	ok	__type__,content	0	
assets/res/import/19/19dd2500-ad46-4789-b97a-8203d80a7d06.json	18137	79dd9376509cc90c92a77fe8220a94ace7da23b76451e6226c027d584a835e9f	ok	list	0	
assets/res/import/1a/1a261599-d513-4043-81dd-435d77e358c1.json	63	be8ff221f8b838f9a7faec9c1249b8bfc8c94f8743e6218107c63e355b3dbd85	ok	__type__,_name,_native	0	
assets/res/import/1a/1a562c1b-875f-4d87-b06f-a435a6c4a524.json	178	2752a13c5fd6beadea4f348214303fe85c784f1d74946cf4f1d41ea61ba05046	ok	__type__,content	0	
assets/res/import/1a/1a7e2db7-d298-4ddf-ac69-76acb51c554e.json	181	4e1475a58089dd062a8fad7b7c2ea39c4f5578e48653b71190fc972bfee3f42d	ok	__type__,content	0	
assets/res/import/1a/1a9bb0b01.json	69	9468e46d436041709e19184354e15c2e943a82fa2567db84c22f8349dd40a4b1	ok	__type__,content	0	
assets/res/import/1a/1ab4ac4a-6afb-4efd-ba59-49b354ca9844.json	187	714a4aa36d43825da964d887e1df438de536f8f019faa2326abba6f60b34e18a	ok	__type__,content	0	
assets/res/import/1a/1ad1a0c0f.json	69	9468e46d436041709e19184354e15c2e943a82fa2567db84c22f8349dd40a4b1	ok	__type__,content	0	
assets/res/import/1a/1ae9c855-ebcc-425c-8a0e-682e5d4f9d0e.json	63	be8ff221f8b838f9a7faec9c1249b8bfc8c94f8743e6218107c63e355b3dbd85	ok	__type__,_name,_native	0	
assets/res/import/1b/1b337676-8bdc-4d51-9504-b1a2cd3b73ca.json	63	be8ff221f8b838f9a7faec9c1249b8bfc8c94f8743e6218107c63e355b3dbd85	ok	__type__,_name,_native	0	
assets/res/import/1b/1b49c6d4-e09f-43f8-858f-2ea6b30c34b0.json	197	589de99ca6f71b2152d402532d1424c4f7bea396f2cf0776ac6a767140af2618	ok	__type__,content	0	
assets/res/import/1b/1bdae250-ab4b-40f2-a0a7-4c36b2748655.json	719	102e0a963a2c2b61c775b1673bf76b6c6383185c72d5456dcc752113fb5f5ec8	ok	list	0	
assets/res/import/1b/1bea9fc7-3f7d-44ec-b81c-089cf1e4d1de.json	187	bd25c82386aa73c9c686b03ce99d1c1ec1c259afb175c27d600d7e367d98d535	ok	__type__,content	0	
assets/res/import/1c/1c097dfc-b7cc-4b18-9341-a3a49eb0d516.json	187	6dd8afab947449e676a9ad20870727487e4430670d752e16e619191d421d48cf	ok	__type__,content	0	
assets/res/import/1c/1c741414-1e14-476b-93a5-e3289dde93c9.json	191	67d55496457d6209229926401453705eda0716630be7a754714f7b4c57c2c50a	ok	__type__,content	0	
assets/res/import/1c/1cec6345-6052-4127-9ce5-0a2b4b4bbfc2.json	182	79ff7c2ad2ff8967c9bc60d3ab3b1b401823f1c5fc9d69aed25ef9b8327f873e	ok	__type__,content	0	
assets/res/import/1c/1cf0e127-6fd0-414c-8c39-96464b94fdc1.json	69	2cfa940932b2c0a25916bdb6b9bd8b8ffa50ed3f8d1bd9b99376779a9d4d25ad	ok	__type__,content	0	
assets/res/import/1c/1cff9a36-9b6d-4b17-923f-cf93ab09921f.json	180	cfaedbf2731fefaa39b3b13dbf74825b1eb2aa44488bbc09b4a15a93981d9220	ok	__type__,content	0	
assets/res/import/1d/1d266d95-92e5-4024-a66e-48bf69db88a4.json	183	9d3483eada3480871c438c4d4582478eba512a8fce5147e82c4c3e9c86e3d7a6	ok	__type__,content	0	
assets/res/import/1d/1d389160-e52e-43be-a0e0-80139cd5bece.json	177	6887df33898710a243c592afc09ca6aa8892bbfb74f144c85b2b5bc1577f2403	ok	__type__,_name,_duration,speed,wrapMode,curveData	0	
assets/res/import/1d/1d468537-28e1-46b9-a0bd-cf32bf639a1d.json	190	5afe85768555dc9891b1a9967524ff93aa6ae8667d529314b64d80d2d618b079	ok	__type__,content	0	
assets/res/import/1d/1d93950c-a8f7-4eea-9b54-bc8a96be2352.json	193	16c382b3d5b862b00a34b71f5afb9ee88fe602e4a1e22f945e73dd1cb8380cfa	ok	__type__,content	0	
assets/res/import/1d/1dcd410b-1391-4723-8919-57582b187d8a.json	176	42b8e4d0d9c7caccb10dd1cade2ddb24b7f5d56fecc0511f37c5c1a5086e7fb0	ok	__type__,content	0	
assets/res/import/1e/1e0c57db2.json	69	9468e46d436041709e19184354e15c2e943a82fa2567db84c22f8349dd40a4b1	ok	__type__,content	0	
assets/res/import/1e/1e22ab07-959e-4ed8-999d-5279afdd37a7.json	69	2cfa940932b2c0a25916bdb6b9bd8b8ffa50ed3f8d1bd9b99376779a9d4d25ad	ok	__type__,content	0	
assets/res/import/1e/1e57c38e-6763-4d3a-bdcf-a7fb9a507d52.json	190	69e3d0b2139feb15c8a6a202bd4445383fe1f8eba64a16fc38f4733db50e4cb7	ok	__type__,content	0	
assets/res/import/1e/1e62317e-db44-428a-a50d-36d3b9b52d2f.json	177	75da406d08f4589f38259bbb5470680982b2fd0c06c0d7e29ba173c95f08485b	ok	__type__,content	0	
assets/res/import/1e/1e65dded-714b-413b-ae8f-df0ee0f91af5.json	167	a100ebff223318fad15150c2f079693b4df64459aa672d7cb05c3148d049f967	ok	__type__,content	0	
assets/res/import/1e/1e708d56-f55a-4471-814f-9c63ad0b693a.json	188	77dfa957ce5bb45e5f3ce9225eeb681719103a144c9c1308e5f9545ef8033be8	ok	__type__,content	0	
assets/res/import/1e/1e96b3d9-d626-4a2b-bd37-2aa0a266746f.json	63	be8ff221f8b838f9a7faec9c1249b8bfc8c94f8743e6218107c63e355b3dbd85	ok	__type__,_name,_native	0	
assets/res/import/1f/1f15a05da.json	69	9468e46d436041709e19184354e15c2e943a82fa2567db84c22f8349dd40a4b1	ok	__type__,content	0	
assets/res/import/1f/1f23fbe6-ae34-4840-80a0-1aa78ea396dc.json	63	be8ff221f8b838f9a7faec9c1249b8bfc8c94f8743e6218107c63e355b3dbd85	ok	__type__,_name,_native	0	
assets/res/import/1f/1f2876fc-526d-4e8e-b163-2ff9bc23fd5e.json	31499	a71cbf6b6ca49a5c5fb8305caf175726c194170701249fb11e73bbb1273f232f	ok	__type__,_name,_skeletonJson,_atlasText,textures,textureNames	0	
assets/res/import/1f/1f2eadac-f0af-4446-a7da-e184d5028406.json	176	f939a2d6d8a84993c808fdb9b23678d8fabbdb87834801d9e619c4ab4edaf102	ok	__type__,content	0	
assets/res/import/1f/1f6d64e2-aaf5-4327-bbc8-4179f1b6457e.json	63	be8ff221f8b838f9a7faec9c1249b8bfc8c94f8743e6218107c63e355b3dbd85	ok	__type__,_name,_native	0	
assets/res/import/1f/1f8cfa64-2044-4b5b-9103-a86c03495abe.json	37418	674551a3795f3e13160d36281f4ace6e2daf1cbeb7ea39c040e58083f4d95fbb	ok	list	0	
assets/res/import/1f/1f91e621-df40-426f-b29c-2ea70e1a7769.json	176	8529a2e589b3dfa95c953a1999594ba60bb69fa09b08163addf2ec6ab11b3200	ok	__type__,content	0	
assets/res/import/1f/1faf72a9-21e9-42c7-8837-a91d5e3d81c2.json	179	40703fce92a6b1dde6e0a6ae8d39935471bac1b94a881617498e74e65df49ba6	ok	__type__,content	0	
assets/res/import/1f/1fee897f-1150-4640-a719-7bea7a92a14c.json	33542	c0d5af65f4c74b135baf7e7281eee28c30596ac848981b962af3a3d354f535ab	ok	list	0	
assets/res/import/20/2011bf75-a9b6-4e31-8270-3eb8b58fc3fd.json	194	16f0b86f5dbacc891dd1b3798e937c8733b0d63dce67ef317533902ac1f1d847	ok	__type__,content	0	
assets/res/import/20/20684ae9-ba42-4439-8f79-ee4109be1257.json	173	ca4439e3feb996423892870cf05219b5fcb373703d7e312c3551ee96f0d5e88b	ok	__type__,content	0	
assets/res/import/20/206b8163-d2b9-4ce7-a864-e9ac16ed88d6.json	68	785f7ed964dcf7bc494083979224f3ccfe6581de25c6a5d8bef53579c95c1c66	ok	__type__,_name,_native	0	
assets/res/import/20/208dc946-f097-4d56-819a-1247a8fb8b92.json	9284	a998c62e78cbefea418eec18e4459046a531b16ae6d5bb91b6931cb9cf772a95	ok	__type__,_name,_skeletonJson,_atlasText,textures,textureNames	0	
assets/res/import/20/208dcbdf-0766-4616-b010-df4a670fd217.json	52953	8afda7acccf953824ed3e1b247c3fbf2d3132b208f5aadbbaaf11f4d8648923b	ok	list	0	
assets/res/import/20/20c3aebf-8b78-42b2-a0cb-18e36a831624.json	437	1b23f96167c51b7b6f4fc236adad1f3f264d04b08db23432b9a2694d4d2cf3c9	ok	__type__,_name,_spriteFrames	0	
assets/res/import/21/2127ad33-c925-4adb-9cec-50ce42e1d54a.json	69	2cfa940932b2c0a25916bdb6b9bd8b8ffa50ed3f8d1bd9b99376779a9d4d25ad	ok	__type__,content	0	
assets/res/import/21/2151eca4-6dfc-45b6-80e0-028ea660ff93.json	69	2cfa940932b2c0a25916bdb6b9bd8b8ffa50ed3f8d1bd9b99376779a9d4d25ad	ok	__type__,content	0	
assets/res/import/21/216bb05d-c3ab-433e-b979-1250aa9f9b68.json	62	1a465857ec94f48f664ee436e4cc055634168afba361a4b748a19a78e25bfe25	ok	__type__,_name,_native	0	
assets/res/import/21/21aa541c-b806-4cd1-a3d6-ce9eb6770d38.json	69	2cfa940932b2c0a25916bdb6b9bd8b8ffa50ed3f8d1bd9b99376779a9d4d25ad	ok	__type__,content	0	
assets/res/import/21/21bf487b-e31f-4f4f-8585-0c146f16df73.json	177	77fda6ced9574858243d1bbf9d8337e78c97d3c83596b122bbd5e1a17faded8a	ok	__type__,content	0	
assets/res/import/21/21e86993-22df-4cfc-898a-b9facd69bcdf.json	69	2cfa940932b2c0a25916bdb6b9bd8b8ffa50ed3f8d1bd9b99376779a9d4d25ad	ok	__type__,content	0	
assets/res/import/21/21eeb02a-c428-4c1d-ac6e-3e0bee2b823b.json	63	be8ff221f8b838f9a7faec9c1249b8bfc8c94f8743e6218107c63e355b3dbd85	ok	__type__,_name,_native	0	
assets/res/import/22/22169d7d-24d7-4620-9e62-8e842f755377.json	63	be8ff221f8b838f9a7faec9c1249b8bfc8c94f8743e6218107c63e355b3dbd85	ok	__type__,_name,_native	0	
assets/res/import/22/223a8abd-1b17-48c8-91bd-45d61b4e084a.json	167	c2bc1adc48d22be5c51d19faff6cc5b18e5c2fa0b86be3e6c934d68e455206e4	ok	__type__,content	0	
assets/res/import/22/224621ec-5168-4554-8a89-de84184378e3.json	193	3b0dcd02873baff3c219650984e22b847710ec8db46c247c70e02cefb1b2f0ef	ok	__type__,content	0	
assets/res/import/22/2278ca94-a9c4-403d-a63e-f3b28d87104b.json	179	24284976319075640f5840ddff87b8972d93b39c59bef5c8216a330afa58a361	ok	__type__,content	0	
assets/res/import/22/22c20c95-d47e-45e6-8511-5e377c60b723.json	124896	4ddfbdc37448a158ba93c0cac334fcd5514eccf4ca50ab252f46010c989440ee	ok	list	0	
assets/res/import/22/22d7d5b3-90c2-4612-a1d8-96baa04a4c62.json	183	72f4f8c79495a202140d9b476597b5ec6a50d46f909906271a3d7744cbf23dbd	ok	__type__,content	0	
assets/res/import/23/23264684-2ddc-49d7-856b-5bcbd3b75ad3.json	191	68c28d10684c77b5f07cf9f58a98a39a66fb00dbb4564857785e7d44031f4c22	ok	__type__,content	0	
assets/res/import/23/232ac8aa-b5f1-450f-9b2a-a638370d4aaa.json	169	3835ff4e399dd764f27e11d4d1c0a7bbce8aa2c8af09d3827c54822c34ddb244	ok	__type__,content	0	
assets/res/import/23/2351dedb-5764-4862-bcaf-0bef5bf9ff48.json	63	be8ff221f8b838f9a7faec9c1249b8bfc8c94f8743e6218107c63e355b3dbd85	ok	__type__,_name,_native	0	
assets/res/import/23/23665fdf-4b1d-4e61-8add-0c2936a491a7.json	175	ab3eae805a03256aa02addbf513524fd3a10b1a44234b17d40ba3e85f675867e	ok	__type__,content	0	
assets/res/import/23/237968af-6e9f-417f-b8ac-9824a26b1e80.json	69	2cfa940932b2c0a25916bdb6b9bd8b8ffa50ed3f8d1bd9b99376779a9d4d25ad	ok	__type__,content	0	
assets/res/import/23/23b841b9-bb02-4bc1-aa6e-e78816ca7b12.json	196	a9d0e78dc0ca8c056afd7257b5f61ed4ae9a20e5f520dd233699d20f5120f3ef	ok	__type__,content	0	
assets/res/import/23/23cf2489-b127-4662-b2a1-851b8f506918.json	38557	127f3663678fa74e8ff48a542636a3997415d8ed6640f940972979acf05471c9	ok	list	0	
assets/res/import/24/2400bcae-2aa3-4a20-ad56-8caf81562c65.json	872	88bb3bca827e8a28406f66c83a497070258373485e5912e1df8b7562b75bbc26	ok	__type__,_name,_spriteFrames	0	
assets/res/import/24/2404dc24-6a00-478c-a59a-f826d8d2a7ea.json	60	5ba4c9b5f471576405fba668db896518d3262da97df7216071fe77154d8e6554	ok	__type__,_name,_native	0	
assets/res/import/24/246628f4-2416-4200-a1bd-43cf704821fc.json	69	2cfa940932b2c0a25916bdb6b9bd8b8ffa50ed3f8d1bd9b99376779a9d4d25ad	ok	__type__,content	0	
assets/res/import/24/24783305-0d5e-43d6-a3ca-58e4dced91ca.json	63	be8ff221f8b838f9a7faec9c1249b8bfc8c94f8743e6218107c63e355b3dbd85	ok	__type__,_name,_native	0	
assets/res/import/24/249095fc-bcf5-4e22-b063-7df93f5af20c.json	185	a510704a8b5251a25b705791935dd5ce4d4f2e65f39884711a8e74540cd8402a	ok	__type__,content	0	
assets/res/import/24/24bd6a87-ac8b-4866-9599-61a62d8bef03.json	3277	8940b293dbbffbdfc44af6288d6960ff77960f4614d3b848bb36485f710c279c	ok	__type__,_name,_skeletonJson,_atlasText,textures,textureNames	0	
assets/res/import/24/24bf34b7-116f-43fb-9972-a56d131c595f.json	63	be8ff221f8b838f9a7faec9c1249b8bfc8c94f8743e6218107c63e355b3dbd85	ok	__type__,_name,_native	0	
assets/res/import/24/24dfa93c-49a2-405c-8fb8-d8edd3978603.json	192	10fc857f29e506ad657f55654de0d8fb8d941f94c5b6ea18e83718260c225c27	ok	__type__,content	0	
assets/res/import/25/2545dc7c-d34d-480f-b8b8-8919735a9279.json	78209	2d608f980141af0a399adaab15b634cb0ec966fe7d9528ffdcd6815d2172a2ae	ok	__type__,_name,json	0	
assets/res/import/25/255ed77e-7022-4e77-9506-37e6847fdc28.json	63	be8ff221f8b838f9a7faec9c1249b8bfc8c94f8743e6218107c63e355b3dbd85	ok	__type__,_name,_native	0	
assets/res/import/25/25677431-1bde-41ba-bd2e-793aa37c1059.json	178	857b448cb4236b5f7029cee2db51bc14a193f6c63dac273c5459930d390462fa	ok	__type__,content	0	
assets/res/import/25/2585352b-b1a7-4022-8976-fea744af42f8.json	63	be8ff221f8b838f9a7faec9c1249b8bfc8c94f8743e6218107c63e355b3dbd85	ok	__type__,_name,_native	0	
assets/res/import/25/258fe63e-2669-46b3-8475-4d0295cb3f4a.json	547	fab3d612b8be86e383bf9676f2afff37a7c637557e2be2a724d813c156c3210e	ok	__type__,_name,_spriteFrames	0	
assets/res/import/25/25a22b8f-c218-4d94-bfe8-7b5e86de0a0b.json	171	9f8ea6f1ca009eaecc24529dbd6362226f84047c97a95e4572840574f2a2620f	ok	__type__,content	0	
assets/res/import/25/25ac0955-d7f4-4027-9a64-fd92445719f2.json	179	a54e035a08f9c73fcf8cb8731c3858dbfc556d6c900f318247c686afe1759f6d	ok	__type__,content	0	
assets/res/import/25/25c4b884-9ff8-42e6-8070-3cff4c94aaa0.json	260	b04aa0acef7308e69bebcee556b0b65b43b2dd6bce4410e37683cc9893c96dcd	ok	__type__,_name,_spriteFrames	0	
assets/res/import/25/25e8f150-e8e4-4558-bb64-13c1b4453ad8.json	182	c7a80e84ac5777105aecdebebab7a964231057d67a596062cf99e1fe526cbf33	ok	__type__,content	0	
assets/res/import/26/2606a540-62c0-44c8-9a9c-d5c9ea48d44e.json	63	be8ff221f8b838f9a7faec9c1249b8bfc8c94f8743e6218107c63e355b3dbd85	ok	__type__,_name,_native	0	
assets/res/import/26/260b1674-e8c1-4d74-b79b-c6278ba706c0.json	149785	5640f1d568c92e1f6147cc20e2796ac06c2362e73064faa4a84c96f516880f76	ok	__type__,_name,json	0	
assets/res/import/26/2611b16c-a21f-4755-9298-2dd68b3d0f68.json	183	719bf8724c250c698aa0d195eb5715aeb275b8e37948684ace7d17a292d3b71a	ok	__type__,content	0	
assets/res/import/26/267fb4f9-02bc-41b2-9767-aafbc8de1d9a.json	69	2cfa940932b2c0a25916bdb6b9bd8b8ffa50ed3f8d1bd9b99376779a9d4d25ad	ok	__type__,content	0	
assets/res/import/26/268364b7-32e3-490c-b228-2bba506286d0.json	170	0a8477e4df36fe98e5812fce486124a7d858f9bacb7f4b4cec7674ff7561bbfe	ok	__type__,content	0	
assets/res/import/26/2687d2c1-ef2f-4e7f-8fe3-5a700c93df87.json	59	53467268d49281e50ef9ce04a87601f1cbad75fd72a2df01480c77957db03ab5	ok	__type__,_name,_native	0	
assets/res/import/26/26cf1597-feae-42e9-b915-530267caa257.json	178	fee83985b9d97f7f151ae58d9f06046559ed278f387c569539c4f4c12e128c9f	ok	__type__,content	0	
assets/res/import/26/26dc681e-3383-469a-a188-ddb6e09a0626.json	178	4a4fbb5e0219844c45aa6a24bc29d9890bf2bf9ebd53769feb351020618b5ad6	ok	__type__,content	0	
assets/res/import/26/26f6f154-1edf-4628-a8b7-a9a3d8d027cb.json	174	c799537f63d54344c55be11d0e71abdd8082aa76ed6dcac018e86b6407e11e95	ok	__type__,content	0	
assets/res/import/27/271b9393-748e-446a-81c8-d1029b2b001c.json	321	2ea3fc871021b74f9e83c368b75e9cbc8a9eac2e7c2075427ccf0ed359800e93	ok	__type__,_name,_spriteFrames	0	
assets/res/import/27/2751922d-df63-4a04-884a-93a84b7ae882.json	69	2cfa940932b2c0a25916bdb6b9bd8b8ffa50ed3f8d1bd9b99376779a9d4d25ad	ok	__type__,content	0	
assets/res/import/27/27756295-a61c-40c8-b8f5-a242097dfaf4.json	177	4fea974ed107ccdb4fe743f3536762e5fc1a6c358c5c8f3532431ac3ad3121fa	ok	__type__,content	0	
assets/res/import/27/27b2bb07-4b57-4638-a350-80fcf97f6b99.json	179	ceff3a88c0507355a06121d680446a02e1cdf2a4704cac0a0f95169a76450bcd	ok	__type__,content	0	
assets/res/import/27/27b6aa40-56c2-43db-a02e-d57308d43fcf.json	180	c0cedac879d4a425ced5f49a3d45f31dd669b3c11963116c08e496aaf867370c	ok	__type__,content	0	
assets/res/import/27/27dbfbdc-c8a6-44b9-b5cc-5bacea7e305f.json	179	2f7881377e844f9a8734c5c49912c85aa46c87c2c2e8f6fd02336b4719d10f7a	ok	__type__,content	0	
assets/res/import/27/27dcbbe6-7a39-4618-8df6-352cf1dd269b.json	179	8a1dc1523efdeca0645aa319a7eda8a0487df8aeb2beac7d68c6f860145c7b78	ok	__type__,content	0	
assets/res/import/27/27e85113-67a3-4f87-bd51-67da3f61135e.json	178	5d31cc896693a0a91152023a741ac28a54a15740592e346eaa0221df4625fb70	ok	__type__,content	0	
assets/res/import/28/281db701-ddcd-4ea7-8278-8f0e5086010f.json	60	86c53a10d25393601aa7af7c25342b53f04e580ddb22231c337774c228e1054f	ok	__type__,_name,_native	0	
assets/res/import/28/284c14ba-b668-4abe-9cde-64a717e46144.json	69	2cfa940932b2c0a25916bdb6b9bd8b8ffa50ed3f8d1bd9b99376779a9d4d25ad	ok	__type__,content	0	
assets/res/import/28/2874f8dd-416c-4440-81b7-555975426e93.json	4058	a57879ed2a8a11ed2c5892c872306322a926742b55c096b65fbb5d445ee34747	ok	__type__,_name,techniques,shaders	0	
assets/res/import/29/29158224-f8dd-4661-a796-1ffab537140e.json	189	49e76ef5efff2097edc44dee722f90c15a364f2baabb0fbd046e4d163b272094	ok	__type__,content	0	
assets/res/import/29/2922c908-df92-4c6b-92f9-2b98c4abb307.json	63	be8ff221f8b838f9a7faec9c1249b8bfc8c94f8743e6218107c63e355b3dbd85	ok	__type__,_name,_native	0	
assets/res/import/29/296027bd-68f7-4094-bc03-f12205a438c0.json	182	c994114e6f805434f41c334130a7e8ebc8a09d6889d163924176df63b1e14dae	ok	__type__,content	0	
assets/res/import/29/297a79ee-c658-4437-aec6-2e7f7e4da7cf.json	63	be8ff221f8b838f9a7faec9c1249b8bfc8c94f8743e6218107c63e355b3dbd85	ok	__type__,_name,_native	0	
assets/res/import/29/29888b66-9c25-478d-be92-32bc0c10be35.json	178	e0257ae50415182d5b82815a614bdc49404c1c25481941ef28ace31c9fdc0818	ok	__type__,content	0	
assets/res/import/29/29935a48-36a3-4457-917f-d65cf609058e.json	195	41a350a69370fd49cb8b21cf8909cbc8dc66e3952db3973cb0289d280a0b3b99	ok	__type__,content	0	
assets/res/import/29/29de62c1-b561-4fdf-ac9a-d5a4d1a6a002.json	63	be8ff221f8b838f9a7faec9c1249b8bfc8c94f8743e6218107c63e355b3dbd85	ok	__type__,_name,_native	0	
assets/res/import/2a/2a065819-af48-4a18-83f1-2a649a39943c.json	1745	f86ffdc4f8de741eb27fb103604abfc44033f16f7fc48b3f73f966dbf839367a	ok	__type__,_name,_spriteFrames	0	
assets/res/import/2a/2a296057-247c-4a1c-bbeb-0548b6c98650.json	232	5e0e2bd6bbacdeb5fd7a302e89a5b794c7c1d1d0550fbefc833020663dd835d0	ok	__type__,_name,_effectAsset,_techniqueData	0	
assets/res/import/2a/2a3b1369-f6bc-4e56-abb0-ae1444aba598.json	181	09fc352b29b0a9cfbde7a2e9237e656a25bd0a0aab45c1cf8653cf66a6423b47	ok	__type__,content	0	
assets/res/import/2a/2a3d3668-f6a5-44e7-87ee-bb9cc4d9f89f.json	67	191236ba3d262041bc59ec7e0557b2512fa902acd54d7c4ec0cc708ac55f004d	ok	__type__,_name,_native	0	
assets/res/import/2a/2a550574-1ef1-4136-9a80-8695e2a109f0.json	184	b6220e879d20c3f3851aa5909c6e84216cf14ef1e503dd3b9f0fd15be15fafe3	ok	__type__,content	0	
assets/res/import/2a/2a55769b-b5a6-4991-ae61-14ea0f9ca59f.json	180	9a9530036c2eec4c72815b86514f19aaf708a061d8e277b6200a5ad89d96ab14	ok	__type__,content	0	
assets/res/import/2a/2a7c0036-e0b3-4fe1-8998-89a54b8a2bec.json	19587	99a6067d402bc9743d0617e691789a86d7dbaf3d724d3aeb2aa08c38339ca41c	ok	__type__,_name,techniques,shaders	0	
assets/res/import/2a/2a939bfe-d905-4443-a3ef-166aabd8da4d.json	69	2cfa940932b2c0a25916bdb6b9bd8b8ffa50ed3f8d1bd9b99376779a9d4d25ad	ok	__type__,content	0	
assets/res/import/2a/2a98c32b-e3e5-4d9f-8105-206e81029e4e.json	63	be8ff221f8b838f9a7faec9c1249b8bfc8c94f8743e6218107c63e355b3dbd85	ok	__type__,_name,_native	0	
assets/res/import/2a/2abb9e6c-aac2-422c-9b85-874a555c6f55.json	193	bca5864c988f9e447f7a6644d4593905e1ba44ccc14190e57a4fcc20537e4ae2	ok	__type__,content	0	
assets/res/import/2a/2abf6818-9331-4a5e-b50e-d9b43167bf47.json	62	c3e8adc16f7e5da86b41b348d6dc68f34fc8f0c8992f9f24c38b601fc4927b2e	ok	__type__,_name,_native	0	
assets/res/import/2a/2ac81cf3-af8d-49a0-acde-f789af716d62.json	63	be8ff221f8b838f9a7faec9c1249b8bfc8c94f8743e6218107c63e355b3dbd85	ok	__type__,_name,_native	0	
assets/res/import/2a/2aed8b95-24ef-43c0-9aa4-9976fd9d1adb.json	300	3615c9970cdd965f1e8485c0d301b792ffead485bec70e51e17e92de1a6bc5f9	ok	__type__,_spriteFrames	0	
assets/res/import/2a/2aef23db-15ee-497f-9349-c4c9dbc386f6.json	63	be8ff221f8b838f9a7faec9c1249b8bfc8c94f8743e6218107c63e355b3dbd85	ok	__type__,_name,_native	0	
assets/res/import/2b/2b0e4354-0f81-436f-acff-ff6979858c6d.json	69	2cfa940932b2c0a25916bdb6b9bd8b8ffa50ed3f8d1bd9b99376779a9d4d25ad	ok	__type__,content	0	
assets/res/import/2b/2b268878-bd25-4944-969b-3ee39e736a82.json	178	9c811a2881bdcba358b98aab2b523d90eaae3fc6150b73009061a6c06f0b7b49	ok	__type__,content	0	
assets/res/import/2b/2b5b3c2c-2618-4b96-8fc8-d6c932c22ba0.json	183	c892e49c1d432e4241dd4a522ff352f9a0a7aa9e2734d16cc58fe899ca097b92	ok	__type__,content	0	
assets/res/import/2b/2b5d238d-8236-4293-9427-9e0448becf6a.json	5312	81fd9dbd0aa6fb9bdc3ec96e1d56b90ed206bc02ad649ac6cf35fc0bc72c8326	ok	list	0	
assets/res/import/2b/2b608d1a-00c1-477a-83e2-1581d4e50059.json	11359	41ac80a28a33fcbc18485d58fda5f13f5ee6b0f54037ec4f651415ee85ef96b6	ok	list	0	
assets/res/import/2b/2b81c2f5-fe2f-440b-a486-cc3ac2365c09.json	174	64f64da5562575dbd6a6e709dbe4b879db5bc2992d114c3c57d57b3b0d5c786d	ok	__type__,content	0	
assets/res/import/2b/2bab6332-5b1d-4577-af97-e7bd26f2c297.json	63	be8ff221f8b838f9a7faec9c1249b8bfc8c94f8743e6218107c63e355b3dbd85	ok	__type__,_name,_native	0	
assets/res/import/2b/2be24ebf-8391-463b-b5e9-d52f05d6b577.json	69	2cfa940932b2c0a25916bdb6b9bd8b8ffa50ed3f8d1bd9b99376779a9d4d25ad	ok	__type__,content	0	
assets/res/import/2c/2c09a607-d7d2-4e21-b982-ecc95f6a1b59.json	182	b6fd3d97c07d3eb55baa980e1aeb0d4005cd0d1f733b8f3e834a6d602b6ebe13	ok	__type__,content	0	
assets/res/import/2c/2c971b11-d892-4ff3-8889-594cf20d71a0.json	175	03ae012efb73417ca30c1ffae93938b209b6ef3267757302cd245531003bbb58	ok	__type__,content	0	
assets/res/import/2c/2c9c7d50-cce0-4ed4-b86d-59ebadc01a18.json	69	2cfa940932b2c0a25916bdb6b9bd8b8ffa50ed3f8d1bd9b99376779a9d4d25ad	ok	__type__,content	0	
assets/res/import/2c/2cd315e4-ec84-471c-96f5-b4b9aa100a0d.json	63	be8ff221f8b838f9a7faec9c1249b8bfc8c94f8743e6218107c63e355b3dbd85	ok	__type__,_name,_native	0	
assets/res/import/2c/2cd98ec7-ce0f-4371-afe9-c8ce56ee0880.json	32443	d3938c7bc7530c0741a273c462d49e927add09c0d96cff1afdfb6a9b25057925	ok	list	0	
assets/res/import/2d/2d0dcb6d-5895-4a2f-9324-bf7bfa9655ee.json	1420	46eaafd161a906991cf1fc0415ccd3dab213b9b230bd795e7215104df0f36e12	ok	list	0	
assets/res/import/2d/2d0ef9d2-19b8-4c62-a4a2-2bbbd15dc2c4.json	63	6cfed093b338e9b9f983c437ceff6fcbb61655de9eeb6438855015d16d13bb5d	ok	__type__,_name,_native	0	
assets/res/import/2d/2d40ce25-d631-43f9-a216-78c6e0d019fb.json	51212	820f91466de45143c60aa7ec94f66f6a1f88bf392c26c49932a1d113c77897a6	ok	list	0	
assets/res/import/2d/2d419c80-9805-4c0a-a74e-351a18297614.json	174	82d633eddf5e87a44e00a6511f87a4add488dc1785e49470c436cf63336a86e2	ok	__type__,content	0	
assets/res/import/2d/2d4ed5f6-12e5-495f-ba0a-30270dd11af3.json	193	4c47b325dee9790d425ea9e5490a7ae9453ca14050a5b336cb7775d02a19d43b	ok	__type__,content	0	
assets/res/import/2d/2dee90a9-0ec5-4524-9643-530b2cf252d9.json	63	be8ff221f8b838f9a7faec9c1249b8bfc8c94f8743e6218107c63e355b3dbd85	ok	__type__,_name,_native	0	
assets/res/import/2e/2e10ad70-b6f3-4c84-ac72-b982a5e8a2fa.json	180	0519311baa8aa4ea71826acdea6094c85c8fdea6b035392a7ed0d7f90acdc884	ok	__type__,content	0	
assets/res/import/2e/2e11e3d6-49bc-467d-b64c-d58a8f6a905b.json	63	be8ff221f8b838f9a7faec9c1249b8bfc8c94f8743e6218107c63e355b3dbd85	ok	__type__,_name,_native	0	
assets/res/import/2e/2e8c4a71-9d35-4f6b-b812-0a7c3e5d9f28.json	63	be8ff221f8b838f9a7faec9c1249b8bfc8c94f8743e6218107c63e355b3dbd85	ok	__type__,_name,_native	0	
assets/res/import/2e/2e9b5543-65ec-41d4-b596-513d2a48e547.json	183	b0e437449e4c0781de10a1ea1f77b183d7b343c1e0648709ab957ba5fbc81d0e	ok	__type__,content	0	
assets/res/import/2e/2ef76439-d492-43a0-b430-c245cae9efaf.json	60	edeac4b692dd0796db541f1ffb2a18f960f820d1b501e4e9d621abdce4a1da04	ok	__type__,_name,_native	0	
assets/res/import/2e/2ef86dcb-381c-4491-85d6-a9e86ebe43ca.json	172	1a6da23973273f3d109a813ac555b5c3e7198b8356bc9d29b51b7a89198b2f4f	ok	__type__,content	0	
assets/res/import/2f/2f007215-1c30-4934-8368-9a4cb6f61b19.json	174	dacfbc644e9168618e45a2964486d56cee6232f5311e6f2de5ed5de27e15d76a	ok	__type__,content	0	
assets/res/import/2f/2f0e1f9e-6e66-4d16-9277-2672ab5717f9.json	187	fe391a6954e171df6eaa3de58e09e40e52d51f29d94b4545db8ee2c11c1464f7	ok	__type__,content	0	
assets/res/import/2f/2f2a2c68-d6db-4f39-b4e5-d78aaaf571df.json	758	e431f724cd4d8cc3d96666d4dd73ec452ef24204504b6a7a5b8784f9e0310486	ok	list	0	
assets/res/import/2f/2f4c634e-d7d4-4fc9-991a-a0405ea28784.json	180	dbe62e944b0381f59a2e80df5967599891c0aa179c1d741b9aa56ad058773430	ok	__type__,content	0	
assets/res/import/2f/2f67f1ca-e1f1-4e66-b339-6e3a6d03b140.json	181	0212cdecdfb61b8c1154396aaba51321e8b3a38c759f060821236706ccda716d	ok	__type__,content	0	
assets/res/import/2f/2f95ab48-c8b9-46b0-9040-27ae0d1d25a1.json	182	e59c9471c8efc3297e6aed95e214dfde0f5a5776cc772ddc71ae287e05a10229	ok	__type__,content	0	
assets/res/import/2f/2fecb5f4-0319-4728-8bb8-0aeab5e15aa6.json	187	d4cd25ae637c24154b91cba1c86b3e18364102da34408cad60c834ab2394c901	ok	__type__,content	0	
assets/res/import/2f/2ff38c47-cba7-4e05-8aa9-e744e167a2ab.json	183	c83c6615ec77928a9ff8bc8c9bbb2464b6ee9781f9da5a85c8f3b3fecd37f733	ok	__type__,content	0	
assets/res/import/30/300206de-b6e1-4b8c-a575-5bd9a4aa9834.json	1155	cb5a0fb28e3652667ebbee587e10804d7e3593bf8b37339a55812885cc094e96	ok	list	0	
assets/res/import/30/30216414-8049-4381-bf7c-2f0ff525b3f8.json	15325	f33bb6f326af4036a6561e82a5345ae8d7690fb939494d8e4f3a6d9f61c25728	ok	list	0	
assets/res/import/30/30354e79-aecc-44b8-a1f1-ea362ba57753.json	63	be8ff221f8b838f9a7faec9c1249b8bfc8c94f8743e6218107c63e355b3dbd85	ok	__type__,_name,_native	0	
assets/res/import/30/30636e4e-7878-4a26-bebd-61ae48d1aeda.json	6006	6ce8f2d03e36b42def2fcf8ae709bb3f88e5fe758c61e42ab478a48ca4172dcf	ok	__type__,_name,spriteFrame,fontSize,_fntConfig	0	
assets/res/import/30/3068275e-bf04-448d-93bc-09706142ee5c.json	69	2cfa940932b2c0a25916bdb6b9bd8b8ffa50ed3f8d1bd9b99376779a9d4d25ad	ok	__type__,content	0	
assets/res/import/30/30b81529-2afe-49dc-804c-7ffd0dea6a52.json	184	0340c3087faa56a292b533c98e9329447df24e5dedd944c00903420d24463a5f	ok	__type__,content	0	
assets/res/import/30/30c2f456-e00d-49f4-aa38-57c1f1695f0f.json	182	0e7d0de2fd5802df0d45732cb358b9c4e618611e2f6938044657150d3e20a3e4	ok	__type__,content	0	
assets/res/import/30/30da127f-6ffb-4fd9-b9a7-8b80ae48d18f.json	1899	f37506a5380c21b5225ecef9c6caddcf7cfd0b4dfa5d4f73792a10ecb9e8ceef	ok	__type__,_name,spriteFrame,fontSize,_fntConfig	0	
assets/res/import/31/3104ccc0-453f-420c-bf3f-7a6f8558b6d0.json	196	6709652a5993f61b8887a56c966e3c33b0d3e4a4a159adc7f6e233c14f97e669	ok	__type__,content	0	
assets/res/import/31/3130c0b5-7fbd-4afb-bd0e-fe4f89aeafde.json	24126	3c00f48f89b90bfecb502a6318b8f25427266d25c0b845dbdd6a0a88f739a586	ok	__type__,_name,_skeletonJson,_atlasText,textures,textureNames	0	
assets/res/import/31/31d8962d-babb-4ec7-be19-8e9f54a4ea99.json	184	80eab65d6e6f000a9626f9e035ecbef2b98e49ed50a3ac204a5968be5d1cb3e6	ok	__type__,content	0	
assets/res/import/31/31e997d3-6aea-493c-842f-61e5696bf8aa.json	172	a14751ad5fe55eeb80c85ec947a48a5861b0a6605f1655974d1c38c94ab8262a	ok	__type__,content	0	
assets/res/import/31/31fbbc73-41ef-4b76-93d2-78afc344c3ba.json	709	5e90b8ea4f24e5c1bdf79abbe70336d1be09d376a34de0db2798a3f47fbd3cf0	ok	list	0	
assets/res/import/32/3252611c-a944-42cf-a806-06534c716976.json	973	d7a998f45fdfa44d9156dc1fc349f00e08aa2cff486ea07c867efa78e589964f	ok	list	0	
assets/res/import/32/325b4ae4-f758-4303-9598-4cb43f4c59e8.json	63	be8ff221f8b838f9a7faec9c1249b8bfc8c94f8743e6218107c63e355b3dbd85	ok	__type__,_name,_native	0	
assets/res/import/32/325dc43c-6b0a-4d67-99c5-707b54bf9dc1.json	189	261fb174a1bc00c52f454877449d802fe4521c015c4f966e248ad8eeab48587f	ok	__type__,content	0	
assets/res/import/32/326b3295-a9f2-4eb7-b819-e1899d7ef0c6.json	1810	9ce53a168a1004e75457733c9903c7a6ff6cc50d38c04bca38a45149a3de81a1	ok	list	0	
assets/res/import/32/326d39e5-9758-42f6-b67b-66201d9d845b.json	179	09cd4ae597ee40644b84ca31f3d157c9542aabaa4ee74878de854c4a12cd2de9	ok	__type__,content	0	
assets/res/import/32/32cb0b01-6627-449e-a7d9-00c32010f688.json	194	c845fce8813be42437456dd0dd8be3c1bdfa0fe0ab349ea3c168b8a3da445afc	ok	__type__,content	0	
assets/res/import/32/32cc7a7d-8b20-46a6-8f35-5d1a3837aa49.json	179	0bfdd78b025fd8d6b36ef6ae55c50f6aa7087132b42db0f1762677252878c2a6	ok	__type__,content	0	
assets/res/import/32/32dfa937-5d90-42df-9571-2a965af3ced6.json	177	0927c32dc0933d14365afd89c8870f3e38a74275fed5980e9dbd81c2bbf4bf5f	ok	__type__,content	0	
assets/res/import/32/32ed82fa-4189-4cc4-8cb9-4b1704140fc1.json	178	56642dee1a71a9307b2a5f7e6ad9cac0da78bd3ef7b0a4d93595551088296847	ok	__type__,content	0	
assets/res/import/32/32f52bee-2df9-49f7-b775-8c7fed59030c.json	63	be8ff221f8b838f9a7faec9c1249b8bfc8c94f8743e6218107c63e355b3dbd85	ok	__type__,_name,_native	0	
assets/res/import/33/3328a60f-2e88-4bd6-a4d5-869d637c049e.json	181	ec5fd1a0f0893384812a213fb0ea711eba631f3f96acf41fdc1e8d6c8267fb1c	ok	__type__,content	0	
assets/res/import/33/33376892-0f1a-4868-a48d-8e7d92dfe6a9.json	187	121d0f102c97e7ffa882891dc1410d97561ab214c384ef4ef353621909c7d8d3	ok	__type__,content	0	
assets/res/import/33/335ceb43-410d-405d-aae0-f935ed71b807.json	3208	3a977cc4ec9e0bfa1a62b931b0acfbf04543a74a5c5331cbee5c3caa507f731d	ok	list	0	
assets/res/import/33/33758ded-5790-4cb3-9728-9183a4d0b745.json	176	f6decf374f0ff4b9960d55e17a0f36ac6d23f23264cdd14071b7591e1b755634	ok	__type__,content	0	
assets/res/import/33/33d3e6a3-3235-41a9-b974-7a7e7bb0fbaa.json	48135	383e996e7509cdd33bf24aacd40d0b7597dc9e0657701ec11515e1aa05da58b1	ok	list	0	
assets/res/import/34/34499a9b-fc7c-4b20-b9bb-c3ae0c140b3c.json	63	be8ff221f8b838f9a7faec9c1249b8bfc8c94f8743e6218107c63e355b3dbd85	ok	__type__,_name,_native	0	
assets/res/import/34/34bc17fe-9842-4c45-a671-8ea7dba2e6f2.json	63	be8ff221f8b838f9a7faec9c1249b8bfc8c94f8743e6218107c63e355b3dbd85	ok	__type__,_name,_native	0	
assets/res/import/34/34fd2ffe-aa83-43e9-98d9-a345b6f1e72b.json	77	6f7551df15bdb88890315b1f1e1c85e63afa3aa8c02b2ed60833acfc6f7bda4f	ok	__type__,_name,_native	0	
assets/res/import/35/352fafd5-f901-41a9-a478-9e4edd919886.json	63	be8ff221f8b838f9a7faec9c1249b8bfc8c94f8743e6218107c63e355b3dbd85	ok	__type__,_name,_native	0	
assets/res/import/35/354ae739-3313-46cc-a06b-62de79837821.json	63	be8ff221f8b838f9a7faec9c1249b8bfc8c94f8743e6218107c63e355b3dbd85	ok	__type__,_name,_native	0	
assets/res/import/35/354b9f46-9621-44e8-bc09-9fd6fdc3b151.json	63	be8ff221f8b838f9a7faec9c1249b8bfc8c94f8743e6218107c63e355b3dbd85	ok	__type__,_name,_native	0	
assets/res/import/35/355a928e-261b-454c-9697-4dbcbac0deea.json	69	2cfa940932b2c0a25916bdb6b9bd8b8ffa50ed3f8d1bd9b99376779a9d4d25ad	ok	__type__,content	0	
assets/res/import/35/35671ba1-79e7-4b32-bd70-c3f6b583e142.json	178	da1b6335fc3e6b043f1e1b661a9253213c5b683b16ca7c8becb4227c99cc8755	ok	__type__,content	0	
assets/res/import/35/358845e0-46a1-43ac-a6cc-0b0fa9968091.json	179	4be7da62cc245e48f106c987dd3922aa22a8531d0685d6ba03d936bbc2c08f90	ok	__type__,content	0	
assets/res/import/35/35a49d25-418f-43df-bd3d-467e44592df0.json	179	f97dd38dac70dfe62eb77b7999fd16ca552a92e88d7a4b4cd6a23008e8f70325	ok	__type__,content	0	
assets/res/import/35/35b0a1ff-8b82-4ecc-9b90-bc6261be02d9.json	180	5016d583c3c3cbfb21061f36794d9759b7b7530647d67a5fec95d9b2b4af63bd	ok	__type__,content	0	
assets/res/import/35/35c7060a-444c-434b-ae47-f2cb4a3d104f.json	175	62cd07fef9e99a4cd26c5a821824be948e312652657f3c2e8d315298105e7897	ok	__type__,content	0	
assets/res/import/35/35e3b7b2-0305-4221-b852-ee21b095e78a.json	181	4833ef5370030a48131b0342032380908cb3ae90606fac5938c6d0a5c17a43c5	ok	__type__,content	0	
assets/res/import/36/3618b04e-9cb7-45c6-86ec-4d07577110eb.json	1481	ce9f646086edc15bc8ae0fd1a2fadf5246003cdc1fc6c71a62e625e141e6e12f	ok	__type__,_name,_spriteFrames	0	
assets/res/import/36/364d129e-f532-41b0-95bc-565aefe689d9.json	69	2cfa940932b2c0a25916bdb6b9bd8b8ffa50ed3f8d1bd9b99376779a9d4d25ad	ok	__type__,content	0	
assets/res/import/36/3660766d-eda0-4e2b-b1a0-f60023f23c16.json	197	c5e6a9bbbe4f66f024c6b41d9b31fcfa78319ba7c5f6f93ae7180175d52ca2aa	ok	__type__,content	0	
assets/res/import/36/3682afdf-03f9-4b98-8372-0415953804d4.json	1161	9605257d38318b63ec65a1b621ef1e201719f21f8a9739e5e9bae7ea8f0527e3	ok	list	0	
assets/res/import/36/3699e532-bf3b-4fad-b291-4a073081c70e.json	167	be9bd3de2255a96bd309c4922c24ebdce7e1e2398fa678dba9580c1fdb7de653	ok	__type__,content	0	
assets/res/import/36/36f47b6e-ffa7-47c3-ae02-3df44eaceac1.json	69	711608b02dae48314210a6d3181cbc673086f67c9ceed6d7aff4a8437c8a6291	ok	__type__,_name,_native	0	
assets/res/import/37/37044175-e779-40dc-b36d-e548b0425c74.json	60	65b4227b2f757614a5465d92229848aedbb1af3ed3b7f94e5b9c81cd83865c05	ok	__type__,_name,_native	0	
assets/res/import/37/37181336-4c88-4826-84bd-3a8470299c11.json	181	6d119b090da5b5351d94a94b9bf33c7df758c09e615ed2e6584a5484f93f15b6	ok	__type__,content	0	
assets/res/import/37/37205ed4-9225-49d2-832e-d83694001785.json	179	fd629ba82da8ff1e9da485bffb256939b5026cccde891742d96dbbed1de75a10	ok	__type__,content	0	
assets/res/import/37/37299537-b3ee-4a7f-8c9f-c9fa194b7bab.json	175	487e80d6bd6548aee8dc153e8b91db620766864ba761dbe492549f62e9a34e4e	ok	__type__,content	0	
assets/res/import/37/372b4118-d4dd-41f1-aeae-993276026cd6.json	194	5828394027673901711dbcd9cf6ddfb8bcfcdac9555bf8164f84442f1bbc7a6e	ok	__type__,content	0	
assets/res/import/37/374a5084-b929-434e-aa93-c513adced986.json	22282	591cb2126f8e471913d139d5fcc19f3eb2d607c0bfd6ca7265ab37281c2286ee	ok	list	0	
assets/res/import/37/374a7609-831a-468c-a7ce-0c00960bb7a0.json	63	be8ff221f8b838f9a7faec9c1249b8bfc8c94f8743e6218107c63e355b3dbd85	ok	__type__,_name,_native	0	
assets/res/import/37/37a3c60a-5f5d-41ce-ba96-513d3cc03589.json	12136	4fdce2804192a70ab153a29da64191f31c4ab9b4d84e5a9506f9bc8a166c3785	ok	__type__,_name,_skeletonJson,_atlasText,textures,textureNames	0	
assets/res/import/37/37dd65a4-42ea-4364-99a7-bbb7b98215e4.json	175	5a9edd6a11e8d8d07122d73192f59ebe27aad3e053679a7c4bda66d18c3f6716	ok	__type__,content	0	
assets/res/import/37/37e5bdf4-baf4-4706-b82d-a557d3367966.json	182	b6c55e88232e380cd01c2269c7678538e0735aed0a730e8c8177ae7cf6fc046e	ok	__type__,content	0	
assets/res/import/38/3812ce0a-70d4-488e-ad6f-523428a1b36d.json	395	bfda7122e7960ddadee39d6c3ca4c0b6f66250cd98245221d15d32c804f9bb96	ok	__type__,_name,_spriteFrames	0	
assets/res/import/38/387f172f-dda1-44c5-ae2b-0d6f7f6cff36.json	63	be8ff221f8b838f9a7faec9c1249b8bfc8c94f8743e6218107c63e355b3dbd85	ok	__type__,_name,_native	0	
assets/res/import/39/39112422-c695-4a7a-ad97-172e97256fd1.json	198	eb8cce5c3ccf1a9c4feef234ba46e793fb7f030e8fd8858c597af3d8ea5f66bc	ok	__type__,content	0	
assets/res/import/39/392fe088-2123-41a5-b488-f0c6b1c0bbff.json	177	f2e98ec6d165200273ef9e93cfb2b38297384e8c3c116ee51872fd5043c29917	ok	__type__,content	0	
assets/res/import/39/394eb57f-90dd-4adc-9831-fb773e88d040.json	69	2cfa940932b2c0a25916bdb6b9bd8b8ffa50ed3f8d1bd9b99376779a9d4d25ad	ok	__type__,content	0	
assets/res/import/39/3972b123-461e-4070-85b5-260d234e1ce3.json	69	2cfa940932b2c0a25916bdb6b9bd8b8ffa50ed3f8d1bd9b99376779a9d4d25ad	ok	__type__,content	0	
assets/res/import/39/3977473b-9253-4603-a42d-a3200472eb3c.json	69	2cfa940932b2c0a25916bdb6b9bd8b8ffa50ed3f8d1bd9b99376779a9d4d25ad	ok	__type__,content	0	
assets/res/import/39/399aef27-0301-4536-8086-c0c4c42377fd.json	69	2cfa940932b2c0a25916bdb6b9bd8b8ffa50ed3f8d1bd9b99376779a9d4d25ad	ok	__type__,content	0	
assets/res/import/39/399fed0c-55a1-43fb-bafe-26473b27be15.json	34731	d2ddef1829131a8c37d8f0462494de49cae11aac55cdde85aa2a3404f13622fe	ok	__type__,_name,_skeletonJson,_atlasText,textures,textureNames	0	
assets/res/import/39/39b4a4b5-6361-4155-a75c-f2831ec638a1.json	182	eb0abd6d234bc864ad4772a687ce0062999ce20adb73225629c063433c7b27bb	ok	__type__,content	0	
assets/res/import/39/39b54b6d-c6fb-4414-8ba4-c217d456f55c.json	182	305b90dbdabb3be98f5d15cad9580a1f8f7fabb44dd3892a3feb08e1acde03af	ok	__type__,content	0	
assets/res/import/39/39bd85d5-1cfc-4748-b774-30cba0f40905.json	180	03615f48888d8d0a4f7ffed92c92ccf387ef10f2d3f6d9b4dbfb659234a95c14	ok	__type__,content	0	
assets/res/import/39/39d5e8c1-5bcc-4b24-acb0-65ab41ff575d.json	48344	bedb6369e6e93e388448da1205fafd7bd554be7bf97c317f5eafffd7738f4b49	ok	list	0	
assets/res/import/39/39fdb771-6f59-4ad0-a804-53a86ca3a6f6.json	175	1f3c9bf18effa0971b31c88570e53102f5c1ce7eaff14b366bea17b01b277df0	ok	__type__,content	0	
assets/res/import/3a/3a300bb4-3d87-4aa6-b012-ad5f9bbe868e.json	59	65c5bc964f1636b1d4a78b1be01997e7117833ed7eaba09f91fb1e0a58125249	ok	__type__,_name,_native	0	
assets/res/import/3a/3a32e7ac-dcf8-49b9-88b3-6a5e30f46423.json	178	24970f5a6c40fc654e8c61489d7ee63c82c9c0f2426f989199185f5561abbb8f	ok	__type__,content	0	
assets/res/import/3a/3a6cfb25-c431-4949-85e7-f67e51bb0fe5.json	179	1cd2f2cc5024ebdb762a3e6ff5d0b976c50015f7df1e04ad3ebb9a29d8ccf3fa	ok	__type__,content	0	
assets/res/import/3a/3a7bb79f-32fd-422e-ada2-96f518fed422.json	132	0548981d651b37ba79ba85c27cb7c199a10ee4440f2a73649d141732aa14c400	ok	__type__,_name,_effectAsset,_techniqueData	0	
assets/res/import/3a/3a7f8cda-5288-49e2-8e34-6ca7232d8ef4.json	63	be8ff221f8b838f9a7faec9c1249b8bfc8c94f8743e6218107c63e355b3dbd85	ok	__type__,_name,_native	0	
assets/res/import/3a/3ac1a1c7-d2a0-44bd-af5f-3d4f652bf1ff.json	193	6907a32fa6c4665746fbd4467f11a66d2392d5d83b271a18ed942200a837f204	ok	__type__,content	0	
assets/res/import/3a/3af95820-5b4e-441a-948a-2e249ab24521.json	63	be8ff221f8b838f9a7faec9c1249b8bfc8c94f8743e6218107c63e355b3dbd85	ok	__type__,_name,_native	0	
assets/res/import/3a/3afb8619-b704-4868-86cd-eac18f7224f3.json	2645	9919373bdb3588a36f18c4d20749602234afda536eafe0565822515456a8a4bc	ok	__type__,_name,_spriteFrames	0	
assets/res/import/3b/3b486789-c68b-44fe-952a-42d1d5e71db0.json	177	0c1b762975e4cf73f6ba947283e40a6b65bf23a44e38ef67bad0039c37e2928e	ok	__type__,content	0	
assets/res/import/3b/3b6e6deb-e57f-4c86-b522-ec7423a2dcfd.json	63	be8ff221f8b838f9a7faec9c1249b8bfc8c94f8743e6218107c63e355b3dbd85	ok	__type__,_name,_native	0	
assets/res/import/3b/3bb50325-5028-4068-8498-3fef9cd09b4d.json	300	6bfa481960963d716dd2eec8a25775bb291111935b66a1a4f3ae26303373e0d6	ok	__type__,_spriteFrames	0	
assets/res/import/3b/3bbdb0f6-c5f6-45de-9f33-8b5cbafb4d6d.json	659	05c007e7cf5d1663d6d69a299262689b0773d0c78fad89daddeaaab4edb41d06	ok	__type__,_native,_vertexBundles,_primitives,_minPos,_maxPos	0	
assets/res/import/3b/3bd25181-77d2-41c2-8b2c-3e87cdfdbc1b.json	196	7d7b2ffe3cc4a97fa2209cc25c96b4e0cd066f6955c8f63a0e814a4dec4fc809	ok	__type__,content	0	
assets/res/import/3b/3bdd6854-0146-4c88-bd28-ad94c5997422.json	69	2cfa940932b2c0a25916bdb6b9bd8b8ffa50ed3f8d1bd9b99376779a9d4d25ad	ok	__type__,content	0	
assets/res/import/3b/3be7f58c-02ac-4d63-89bd-6000a87648c0.json	179	267fc446526d839bf4e9cc983a94e43fb9e07f1220642fdfe9c982a4eddda8bb	ok	__type__,content	0	
assets/res/import/3c/3c191adc-76ae-4e92-9078-20b9081cff3f.json	175	0670f629553bfd8e60a1878853c7041dd164a41b6b31efe36aebf72c8f384499	ok	__type__,content	0	
assets/res/import/3c/3c1f183c-91dd-47ff-941e-577c10adb4a7.json	196	d8cfdb872f4a7cd54401bf637dc892403b0f4ed2b2f5968dac4e32afc115089c	ok	__type__,content	0	
assets/res/import/3c/3c37cefd-458e-47d8-8f83-4382633822d7.json	42031	c52aa05e28bb948b6ef90fe96b6bb93dbbe4f57b3bc5f4cd5905b383d0427b3a	ok	list	0	
assets/res/import/3c/3c427419-2169-4893-9495-b7d28bb5a24b.json	180	88a907cf873de9b7dbf9310058def58a6147e08c1103ae78f6cf817c3dc84564	ok	__type__,content	0	
assets/res/import/3c/3c437837-ff11-4ade-ba1f-f4f11cdac7d5.json	63	be8ff221f8b838f9a7faec9c1249b8bfc8c94f8743e6218107c63e355b3dbd85	ok	__type__,_name,_native	0	
assets/res/import/3c/3c875950-8ea0-4cb6-a6f9-929afbf2cd1f.json	181	6186767cdaa353682ec4a71469abd596221f65abb9d3c666856f93dfe7e03d4e	ok	__type__,content	0	
assets/res/import/3c/3cdeb669-744c-4d1c-9054-b291b9ef5452.json	58	345a353101b92cc03e0f97761c4c664255bfeab8e9da8fca1d0cb38e89488a7a	ok	__type__,_name,_native	0	
assets/res/import/3d/3d167ddd-08d4-4f72-999d-6d56ff809c6c.json	60	fd89e50a991035f4c2787490dc670aaec33176866ef9807dbf2ec468a762f8a2	ok	__type__,_name,_native	0	
assets/res/import/3d/3d2bee9e-056b-4382-931f-c1c1591aea99.json	63	be8ff221f8b838f9a7faec9c1249b8bfc8c94f8743e6218107c63e355b3dbd85	ok	__type__,_name,_native	0	
assets/res/import/3d/3d2c2d84-a6b8-400c-be4c-b9b06237d0a6.json	1027	4d84ee381ecede639b6d0ff70ae3d73a30bf178afe866c86789b5089f2516654	ok	__type__,_name,_skeletonJson,_atlasText,textures,textureNames	0	
assets/res/import/3d/3d2d8dc5-a74e-4d84-b17b-c43784f549c5.json	193	a847eec7f78ab914dc351af1dffcf661951fd9f7295bf74b5e02f2d208ca776d	ok	__type__,content	0	
assets/res/import/3d/3d30a6a6-cece-4ccc-bdd1-27a3d668f208.json	169	34b14d12ca73fb5e2f92b48d3ec0db28b6a0b05860fa6b573188fc9aad1fbb48	ok	__type__,content	0	
assets/res/import/3d/3d336aa4-910c-45be-9cfa-0a3956f9ba26.json	59	ec3513f783353e99d526c9c76a689dfb100309ff0cb20de4c09a4c47f35cd606	ok	__type__,_name,_native	0	
assets/res/import/3d/3da53d67-9ec2-4529-9c5e-9aa120fe229e.json	179	6bb6dfe05c3ba4d82f31cfc492ea21a31d6f75eb51c1eb700f3d5be21a994f4a	ok	__type__,content	0	
assets/res/import/3d/3db8967a-c614-49d7-9621-637e22f53981.json	63	be8ff221f8b838f9a7faec9c1249b8bfc8c94f8743e6218107c63e355b3dbd85	ok	__type__,_name,_native	0	
assets/res/import/3d/3de20e1a-0f5b-4526-9288-363be20f084c.json	197	109eec98f3030d80c66f5b92e1949a349b0c4b1bdace20aa7fc05063b1332c56	ok	__type__,content	0	
assets/res/import/3d/3dee3ace-ef96-46ba-886b-1e1ad5336583.json	12084	891184afaf1a286311c83d18aac52ed30386571445e2ab9b7c3f3b19783d2e5b	ok	list	0	
assets/res/import/3d/3df22f00-2e7d-4ec8-8846-d99d5d8c6f38.json	178	ff6a46f955b2f5795089d960233525a08641930259a97bd46d27a60619e7d88c	ok	__type__,content	0	
assets/res/import/3e/3e1520a1-4951-4e14-8944-8b6bba64e41b.json	186	242635a1d5f99483628a359d3ec9701cc276d62812fca230c9f374c339cc8804	ok	__type__,content	0	
assets/res/import/3e/3e3134b9-ec78-452d-aa45-6568bb02204f.json	175	15ba87da51407bb1d28b826f0c5b0a8fe381c996a79405c2e23c38ebdc9f7839	ok	__type__,content	0	
assets/res/import/3e/3e6fa6cb-7f06-49c9-a264-ebc97f25d72d.json	179	eda5ee69e18bf3dce5688a073e8421993f79cc5f820349c3645aae30392c91e6	ok	__type__,content	0	
assets/res/import/3e/3e8f2922-b590-467f-a0a3-662a018c4006.json	84	300b5598ce6e9d7242b8cabc2bc2f74b942ba7ed3965fcd209548a3aaf4fb728	ok	__type__,_name,_native	0	
assets/res/import/3f/3f0ce951-d558-4bf5-80bc-0a4fedd39589.json	177	0f5fe693b1b4dffc199d6fc616e4476dcb9aac41b07579170c2bc0bbb386f743	ok	__type__,content	0	
assets/res/import/3f/3f125ca7-59d9-41ab-97ca-af80889eed65.json	177	f0bad76682359acaedd03f8e3057781e024ff5fffcf801755d77de48bde9187c	ok	__type__,content	0	
assets/res/import/3f/3f183c96-a1c7-4da6-9fa0-ae8a4b0ee343.json	69	2cfa940932b2c0a25916bdb6b9bd8b8ffa50ed3f8d1bd9b99376779a9d4d25ad	ok	__type__,content	0	
assets/res/import/3f/3f3106c0-c034-4833-8ca5-a33000c40c16.json	69	2cfa940932b2c0a25916bdb6b9bd8b8ffa50ed3f8d1bd9b99376779a9d4d25ad	ok	__type__,content	0	
assets/res/import/3f/3f3cdcaf-af9d-4c6b-9064-d1c03d521300.json	178	1f4213430a18bbbde9b4d26e20d546b03d192e7f2870f8d1bac66c6f29f60274	ok	__type__,content	0	
assets/res/import/3f/3f9ae4f6-597b-457f-bb87-e50aeddf7c08.json	183	7fef52f8ee05adb01a7d8fceb70cd5f75fc45b416abb0ec5849bb5816cd7c5f0	ok	__type__,content	0	
assets/res/import/3f/3fc1547a-8e6a-43ca-bcbf-33b6bf4cc0f7.json	170	15cff3e749104d2839709f79946377af09bffa1413c925a3e8639993caec9676	ok	__type__,content	0	
assets/res/import/3f/3ff03a29-5cd1-49f0-aaf1-babbb3893928.json	69	2cfa940932b2c0a25916bdb6b9bd8b8ffa50ed3f8d1bd9b99376779a9d4d25ad	ok	__type__,content	0	
assets/res/import/3f/3ffbbced-53d3-48b7-9151-890d6fe4c4bf.json	186	acc8a9fe9ad6f1a9539caba153e8871714a96b660978f161aeb755e242409ac8	ok	__type__,content	0	
assets/res/import/40/40508556-097e-48b9-9dce-440e0da57de4.json	313	c0c40904f55ef8936577d04dc29e24493beddf8d90d575fcab2731f860df7b7b	ok	__type__,_name,_spriteFrames	0	
assets/res/import/40/405146ae-e5fe-4e06-8ee7-dd2d1e9ea3ba.json	59	9a35738d399d54e79407037e69417274dd953aabe2ee2b2553e7f04fab640b1c	ok	__type__,_name,_native	0	
assets/res/import/40/40802965-9576-4167-be6d-58c932d24aab.json	69	a929ab88cee8753994633eac1b25104359e7aac9a730fe3a196c5d66130c0453	ok	__type__,_name,_native	0	
assets/res/import/40/40cfde1b-9ec9-4a45-a7bb-d07b969b2ed7.json	176	ace5c001c70f2313e340e08bf79db4a4ca054c907b0b46f0bb8bde87e9dba8eb	ok	__type__,content	0	
assets/res/import/41/41204fcd-4c6d-4360-bb3b-680ef82eb190.json	63	be8ff221f8b838f9a7faec9c1249b8bfc8c94f8743e6218107c63e355b3dbd85	ok	__type__,_name,_native	0	
assets/res/import/41/41473156-ec9d-4f85-8f2a-12f7e70d6455.json	185	7ceb2b8a99dbb92be72884663309c6fe5266657710a385d6eef40d4bfda3a346	ok	__type__,content	0	
assets/res/import/41/4172fdca-d7ce-4200-a6e7-0acbea4c170b.json	190	ea4a49faf51fc5f240848a339179a2ecb20171c612652ae43005771a3a5bd90b	ok	__type__,content	0	
assets/res/import/41/4179672d-29cb-4f24-b978-d599cc459548.json	2247	cd274cdc2b6172dd875f615d641ecab4deb723c813e5fa7745591f6a34fcb03a	ok	list	0	
assets/res/import/41/41ace276-8da3-4782-99f2-d6869dacbac7.json	63	be8ff221f8b838f9a7faec9c1249b8bfc8c94f8743e6218107c63e355b3dbd85	ok	__type__,_name,_native	0	
assets/res/import/42/425ba3ac-1e96-49d8-907e-82b23b061459.json	69	5a11c428e400ea11eb3ed73b26984cf92b83ca46a54707d1d6d9a8402d012141	ok	__type__,_name,_native	0	
assets/res/import/42/425e6a31-dbd4-4b28-887d-ef55bdd5c2b8.json	180116	cdcbbfa749135b795d96a4d27f69374aebd802a47064437a072e45ad33e52aa1	ok	__type__,_name,_skeletonJson,_atlasText,textures,textureNames	0	
assets/res/import/42/42972b68-d128-4e1e-8744-9075a22e689f.json	60	916e4942d9b27ea575f178c549d63fff0259003041de250de365aa6980ed5bd5	ok	__type__,_name,_native	0	
assets/res/import/42/42997e88-71df-4997-9e18-1aa9766fd46f.json	63	be8ff221f8b838f9a7faec9c1249b8bfc8c94f8743e6218107c63e355b3dbd85	ok	__type__,_name,_native	0	
assets/res/import/42/42e2a22d-3395-46f7-8591-d701fc24bc6b.json	185	2256079aa91a7bb629a92bb7f8e0e4dd2584345b5efa54834393a8e44ac5fd97	ok	__type__,content	0	
assets/res/import/43/43271906-110b-4d8f-8351-e6eaa5bccb21.json	6900	3b09cf81cb2592642ef3cb713e2b899064cc78d247d99e4ed5f8c24672d35d80	ok	list	0	
assets/res/import/43/432fa09c-cf03-4cff-a186-982604408a07.json	480	c8ea199472133aed56c7eb882d81ca8365ee758a6ff30986de4b9dd1fdefe927	ok	__type__,_name,_effectAsset,_techniqueData	0	
assets/res/import/43/4340e46d-be15-403a-a013-1335ae853885.json	175	1003ea5aed93e12f5bb0f0818c0d79a7b32c080ce3655a2dc3cc1ec1c233b648	ok	__type__,content	0	
assets/res/import/43/4388fd07-2957-4ede-b850-5c5baf4c8958.json	70481	6773a08f863e99b7124b507084b55c1a5ee07f3477d921f170a95fc0865ee975	ok	list	0	
assets/res/import/43/43a299bf-7883-4455-9222-da7080819d45.json	756	7fc421252a229d0d29357dc194746558d7357f9639215f2b4debf9fca6127d4d	ok	list	0	
assets/res/import/43/43c7dae8-1bbd-4556-af17-b75e9607f68c.json	176	e2235e8cad0dfff5e42712a94e9e7e5b829ef11c0ed6eeefe0257d5dea085371	ok	__type__,content	0	
assets/res/import/43/43cacac5-9751-4f81-adf6-ab7de18a4751.json	69	2cfa940932b2c0a25916bdb6b9bd8b8ffa50ed3f8d1bd9b99376779a9d4d25ad	ok	__type__,content	0	
assets/res/import/43/43fc4751-334f-48b7-8d93-5ad83610ef36.json	180	c53f6b50b4ce82717cb399804c4a5dec3917a8b962749154224d5a1d407bad6a	ok	__type__,content	0	
assets/res/import/43/43fd5620-aa5d-4e70-b785-287b539570ea.json	69	2cfa940932b2c0a25916bdb6b9bd8b8ffa50ed3f8d1bd9b99376779a9d4d25ad	ok	__type__,content	0	
assets/res/import/44/44149801-fb58-4763-88a7-d8b758483926.json	191	5c74fd9617a42a96ae57beecc44f6d93b67d08ec5fffd06a1ad74d7a3064092c	ok	__type__,content	0	
assets/res/import/44/444a7f7e-7935-461b-9e05-7c128f2409ee.json	194	0cdc653563fc0d6230b115e4bb023a7ae16bc473e462a2f4c90bfe011f95915e	ok	__type__,content	0	
assets/res/import/44/447f2c63-3a4b-428f-8f80-9248cb3e1474.json	175	96383fe6a68020298206d14051a1ef030370b1e665eb8949e19df45c3938f950	ok	__type__,content	0	
assets/res/import/44/44b90a42-715a-4bb0-9833-edfae698fde1.json	63	be8ff221f8b838f9a7faec9c1249b8bfc8c94f8743e6218107c63e355b3dbd85	ok	__type__,_name,_native	0	
assets/res/import/44/44c325d8-e6cd-4a91-a0c3-388ee5e39839.json	181	51827920447e8479df6754a002ae96280f8c1bb71e7d955817554802e40ca9df	ok	__type__,content	0	
assets/res/import/44/44c6e595-87de-4ee2-84c6-fa8afcde3811.json	68	d75861a31e10224eacdb5fcc620df8fb495386600b6d8d620cc727b60886f83f	ok	__type__,_name,_native	0	
assets/res/import/44/44d32f87-df40-49ab-8774-0a1a3de21e52.json	37366	f7ed28891597b7b5fdcba4fcea7bb7ee265f36fe6ee3ce0735a41d3ce0d56f74	ok	list	0	
assets/res/import/44/44d6993c-e856-4e9b-b990-b9fca0743831.json	181	0a5a79501078fda5a3e1e832f89b8ff9857f1f8f706748faf6e0203998f1a349	ok	__type__,content	0	
assets/res/import/44/44eacd3d-4eb6-480f-b9d7-6d4faaaf9281.json	185	c2b1a34612bcc1d1f94f57b822030fafc3c3b4afdd776a41cfff7b1ac29eba4a	ok	__type__,content	0	
assets/res/import/45/45065e04-fa0c-4419-9f85-22da7e661844.json	71	19f2e909fd4a9fd609a5c2b791fea955e15e593c2d3fa794e5b04e1514e93968	ok	__type__,_name,_native	0	
assets/res/import/45/454aa925-9171-4ef5-8f20-5f84473f8b2f.json	194	bb221bde13b795e0873fa698745ae8766e9b2efed03d45dd2030846539abdb81	ok	__type__,content	0	
assets/res/import/45/457bfd59-8c19-4479-b1f6-a4eea26e2c3e.json	189	74a00c066412ffad257457a245ec618e9afe52c5f28bebce4fe1c35a167d0477	ok	__type__,content	0	
assets/res/import/45/45a40421-dacb-4af7-a183-87b7d4bf3fc7.json	178	6b503a871cf4d0121a050a45572d1ad553d85d5c5850039872fe8bcd6886f285	ok	__type__,content	0	
assets/res/import/45/45d692ee-0055-4c49-9dee-3fcc0093f921.json	63	be8ff221f8b838f9a7faec9c1249b8bfc8c94f8743e6218107c63e355b3dbd85	ok	__type__,_name,_native	0	
assets/res/import/46/466d4f9b-e5f4-4ea8-85d5-3c6e9a65658a.json	193	156573d8a04440a2296d62d0b12e9c4ca8404ff24048b4d34503b571ab1334db	ok	__type__,_name,_effectAsset,_techniqueData	0	
assets/res/import/46/468352f5-0049-4e59-a80e-52492838485e.json	69	2cfa940932b2c0a25916bdb6b9bd8b8ffa50ed3f8d1bd9b99376779a9d4d25ad	ok	__type__,content	0	
assets/res/import/46/46f5d64c-bd40-431c-9d0d-f14ad2058dda.json	63	be8ff221f8b838f9a7faec9c1249b8bfc8c94f8743e6218107c63e355b3dbd85	ok	__type__,_name,_native	0	
assets/res/import/47/472019d8-81d8-431a-9657-2fde9ce65d88.json	69	2cfa940932b2c0a25916bdb6b9bd8b8ffa50ed3f8d1bd9b99376779a9d4d25ad	ok	__type__,content	0	
assets/res/import/47/472c5537-46c3-44c7-baec-554adda449b9.json	180	69d148b47ce70806da29b76939769f61f58c6fe369368ba934cc86180d9aeb5b	ok	__type__,content	0	
assets/res/import/47/472df5d3-35e7-4184-9e6c-7f41bee65ee3.json	169	50dcca9074934e6ebbe46a2c802c240fce63bb9ea8a559d4e979ddcb069866c9	ok	__type__,content	0	
assets/res/import/47/47833506-3c8d-4b18-9741-a719e88a9bf1.json	287879	0c15c12f3af7bdf50a97a92b32f5f7544ac37daeffd86680969dc8a2f827ae74	ok	list	0	
assets/res/import/47/47927fd9-50a5-4740-8ee5-691d7227d68e.json	192	0a255874d6929b7f71e2363020887938792d7379ee321d2cf535a46bf5af4205	ok	__type__,content	0	
assets/res/import/47/47abb295-237b-4651-9631-1bb8fbf03fd1.json	23934	1a6377564f860d8e5ef303385372faff4ca58c470a031f43556609503d78d5ba	ok	__type__,_name,_skeletonJson,_atlasText,textures,textureNames	0	
assets/res/import/47/47b85904-4be7-4d81-9835-49beccaf38ef.json	24481	fe79c1b52e0b00908f230367d43fec87581540b78d6eef252f6ce4d35756ab9a	ok	__type__,_name,_skeletonJson,_atlasText,textures,textureNames	0	
assets/res/import/47/47ba87e6-80ef-4e98-919c-5047aa13e9d2.json	6141	c572c40035a443f6caeb832217eec8fb1c379e804b347a763343d24450480aa2	ok	list	0	
assets/res/import/47/47ec104d-ff71-4d24-a420-f1e66dfeb581.json	178	0a7919eb72d66b540cd5ff1cddadbf1d5caca0531e9feba27c06adeff93ebbea	ok	__type__,content	0	
assets/res/import/48/48320071-b8fe-426a-857a-f1b806d3174d.json	174	2177a878740e76cd489e5ba6e900e47eebe15011d36a94c27c5bb031bf53f1e4	ok	__type__,content	0	
assets/res/import/48/486f3f93-84dc-4059-a49b-4d7dd3d36fd0.json	103068	c3e257e0326124ecdf76d7b9b932b0b856462acc2a7055a57e28d54eae792d2d	ok	list	0	
assets/res/import/48/48b7b2a6-d8b6-4c6a-a951-fce5cbefe260.json	183	096b7cd5250ea8632156ede8047f510263c3c43bfd01ff4c3e043755c552c267	ok	__type__,content	0	
assets/res/import/48/48c29a9a-1668-4848-a262-419643ab9504.json	69	2cfa940932b2c0a25916bdb6b9bd8b8ffa50ed3f8d1bd9b99376779a9d4d25ad	ok	__type__,content	0	
assets/res/import/48/48fbb45e-4c3d-48fa-9f58-036ebeb28531.json	187	d2e63c3b32ff9d0d64608edf6f99d8da81cb294cf1f2b6908711ee2bc825f432	ok	__type__,content	0	
assets/res/import/49/4920d172-2cbb-4013-8722-11456c209f11.json	69	2cfa940932b2c0a25916bdb6b9bd8b8ffa50ed3f8d1bd9b99376779a9d4d25ad	ok	__type__,content	0	
assets/res/import/49/4938c469-f59b-484b-8a01-cc4da60c3658.json	63	74cd2b8927cc79499a9aad461ae8aead155636e22d040b9563cc42422353b710	ok	__type__,_name,_native	0	
assets/res/import/49/4951d355-5d27-4517-a223-25d7dc362a65.json	583	27a8ed229c3f112fc682bdef596e414dcc1068d956feed7545d5459292572391	ok	__type__,_spriteFrames	0	
assets/res/import/49/49583df7-8df6-4f77-a30d-9482b3f6a011.json	182	f7f60fd8fa64d422e09675d29e45f4b2383295b2317efbbc4f750a2cd93f6077	ok	__type__,content	0	
assets/res/import/49/4979facc-983c-417e-8e90-e52f42424c6d.json	69	2cfa940932b2c0a25916bdb6b9bd8b8ffa50ed3f8d1bd9b99376779a9d4d25ad	ok	__type__,content	0	
assets/res/import/49/49b59613-69af-4034-b44c-90f9cf7c91ba.json	69	2cfa940932b2c0a25916bdb6b9bd8b8ffa50ed3f8d1bd9b99376779a9d4d25ad	ok	__type__,content	0	
assets/res/import/49/49c66c7f-9ad5-45ac-a97f-5a0603e87380.json	69	2cfa940932b2c0a25916bdb6b9bd8b8ffa50ed3f8d1bd9b99376779a9d4d25ad	ok	__type__,content	0	
assets/res/import/49/49f2fb2e-b13c-4282-b84e-2c544dc9c1fd.json	183	a3320c32a082caaf5d3ba92ae4a9e031dfe9d41f8284eada75b4ea8e9c4d302f	ok	__type__,content	0	
assets/res/import/4a/4a00d1a7-6e14-425d-a6ca-ef6183feb624.json	34266	a872b287e15a98612c656f2e90fed8edcd43140bdc1b9035fd8670dff8af8743	ok	list	0	
assets/res/import/4a/4a04103f-6c93-4906-be61-1a9c314730ce.json	177	7b404f9d79effe4ace2ea28925c9e217e2d8c190c512ddb26620b03c3a673e49	ok	__type__,content	0	
assets/res/import/4a/4a20ef50-8466-45f9-8319-5cd082cb25ff.json	363	d7edae30e0270fdb5ea7c820d2e25247233d67cda2d799dc974d0b0f78d14c05	ok	__type__,_name,_spriteFrames	0	
assets/res/import/4a/4a38a519-c170-4dd1-9bc1-41f80826a8c2.json	69	2cfa940932b2c0a25916bdb6b9bd8b8ffa50ed3f8d1bd9b99376779a9d4d25ad	ok	__type__,content	0	
assets/res/import/4a/4a748328-38cf-4ff7-a5ef-ccf6d6b3f31b.json	181	9f373387c360458ae7c888fbd19dae1b0cfbaa15563b43fd3259a5c3ab22aa92	ok	__type__,content	0	
assets/res/import/4a/4a815b49-87ac-4301-9615-1df216912804.json	194	5b62fbfb9fd24824f4effc07b999c112cfb1a2ce83007d8e15108a52b22fe165	ok	__type__,content	0	
assets/res/import/4a/4a92f282-7c7c-4d96-a561-55330ad46554.json	69	2cfa940932b2c0a25916bdb6b9bd8b8ffa50ed3f8d1bd9b99376779a9d4d25ad	ok	__type__,content	0	
assets/res/import/4a/4ac35038-edd2-403c-99ec-f8b36ad5c8c3.json	179	00d212f63649e52527ad2f89ab068673dd81f4f5102e03570e697228c4be68a5	ok	__type__,content	0	
assets/res/import/4a/4ac65d5e-58c7-4d4e-8761-8cb1caeef7b0.json	69	2cfa940932b2c0a25916bdb6b9bd8b8ffa50ed3f8d1bd9b99376779a9d4d25ad	ok	__type__,content	0	
assets/res/import/4a/4af5faac-a043-49f7-975a-8a7accf70cb9.json	191	46a4536bc83449e5fdb79559292cebd7958c1509c0c612f7e5d31c63f503758f	ok	__type__,content	0	
assets/res/import/4b/4b07146a-40f1-4f5d-9680-c95df995167a.json	2653	ec13de2221c7ae08955253e79603b5e9fd644d80efafa43d8f46d5ffe2b2cc8f	ok	list	0	
assets/res/import/4b/4b2abc77-ff3c-4f1c-a0b1-86085ee19729.json	173	649f2e0175f6255e90238714b1176a8938a14f2110900651ea7e4d6a94e6a4c4	ok	__type__,content	0	
assets/res/import/4b/4b59bd8e-165a-41bb-9863-aa12f69a36cc.json	178	133d1e650eea3be9a2626558044933306d27aa06d1a4aeec5cd8dee54b1229f1	ok	__type__,content	0	
assets/res/import/4b/4b8a7547-042e-4881-bd0b-7a2f412c8eca.json	63	be8ff221f8b838f9a7faec9c1249b8bfc8c94f8743e6218107c63e355b3dbd85	ok	__type__,_name,_native	0	
assets/res/import/4b/4bab67cb-18e6-4099-b840-355f0473f890.json	69	2cfa940932b2c0a25916bdb6b9bd8b8ffa50ed3f8d1bd9b99376779a9d4d25ad	ok	__type__,content	0	
assets/res/import/4b/4bc7ebfc-8fb8-454b-ac46-4b83c3283341.json	190	1550c5fdbfed272032626866bcd7c2d327131070e43a731406c5b9b757ab2fc0	ok	__type__,content	0	
assets/res/import/4b/4bdf5f6c-7109-4ea1-a56f-4658f9ecb2c0.json	968	b0d2c4f4d6c70ec82242028c281643b8640a67e3a172aec579258f862b0f983a	ok	__type__,_name,_skeletonJson,_atlasText,textures,textureNames	0	
assets/res/import/4c/4c144aae-6777-45f0-b82f-9a7fc37eea20.json	3568	6da74c1403ed0fab74f9f40758718256161721a85cff5cc0275f2ff531f29c46	ok	list	0	
assets/res/import/4c/4c3e276c-3aff-4d8c-b1d1-2204b416b435.json	179	409b547d3da8cdec232e37bdb987d6e88f35d9266cd6e1decba5a020f9f3aee3	ok	__type__,content	0	
assets/res/import/4c/4c7d1aa3-bc4f-43cb-9629-effcf565c4eb.json	69	2cfa940932b2c0a25916bdb6b9bd8b8ffa50ed3f8d1bd9b99376779a9d4d25ad	ok	__type__,content	0	
assets/res/import/4c/4cb0fe7d-5e09-401b-b03d-84fc055cd10a.json	196	9f558ddf2e0de4b7fe5b90ec796c952b8d627ab9209f89ee540746ac7d121c88	ok	__type__,content	0	
assets/res/import/4c/4cd8d927-6a13-4f72-84d5-af82dbcbcae7.json	63	be8ff221f8b838f9a7faec9c1249b8bfc8c94f8743e6218107c63e355b3dbd85	ok	__type__,_name,_native	0	
assets/res/import/4c/4ce685e3-cd73-4e2c-90fd-f2997f89cd99.json	189	0957559d997a1101e302a73d97ee58edbcb39ce31227049576e4f072a8e92e89	ok	__type__,content	0	
assets/res/import/4c/4cf9832c-4951-4fac-b8f4-58efe15a4991.json	181	b45b3367530027f13f8a7da97a9c34d687866700b3cd8f9a1ba0d96d5ecc2217	ok	__type__,content	0	
assets/res/import/4c/4cfc0f13-32d9-4248-850b-6f9bf513913b.json	179	0709f553229a460b12a1dd6bf96990aa562d5b59f9eb0110a09906f723e9f3b9	ok	__type__,content	0	
assets/res/import/4d/4d21d1ef-3bfd-4fc8-b8d2-725b0854b330.json	192	262f91e9620e2a8933febd127b136c2806e2adde0f50dcf25d6ab589de3a7407	ok	__type__,content	0	
assets/res/import/4d/4d587df9-a3a7-4636-8831-76c0359fdf93.json	191	23ef4aa8b35cbfdbb04beeaabf65eef620f321cb681ad6b8c18954d519707b79	ok	__type__,content	0	
assets/res/import/4d/4d78c994-b8c3-4562-af5a-ce23cc6352eb.json	6408	feee702a2ed988064605779d5c611f8db03296afb4bf93fbc0d3413f12ecef68	ok	list	0	
assets/res/import/4d/4d8ec7b2-2bb0-4726-ab06-0cc4254086ec.json	177	26c55dfc651d6cca437e423631f33d956e60a2efec4feefa802b8e279e974ac4	ok	__type__,content	0	
assets/res/import/4d/4dc65880-70a8-4296-95d3-834902d89289.json	176	53ae77a01e81541fb3ffa50a5c65187c86b7fad353b80442ca2caa855c3c6a4d	ok	__type__,content	0	
assets/res/import/4d/4df74926-d18f-42b0-bfb0-55d390611297.json	193	da9f6e36d8469983965b44dc8ab4521e5bcbf07c866c5fc9df7e630180a79b72	ok	__type__,content	0	
assets/res/import/4e/4e1c516f-4b51-4ff9-b19c-3535ad566ce8.json	69	2cfa940932b2c0a25916bdb6b9bd8b8ffa50ed3f8d1bd9b99376779a9d4d25ad	ok	__type__,content	0	
assets/res/import/4e/4e439942-4fc8-403b-a395-c6815c2fc771.json	51800	c53435f44bfbb441c5721461c94a50cceb2d9a12c4c47c00bd40d2b4b6692202	ok	list	0	
assets/res/import/4e/4e593b44-26d8-4bb2-af1d-e59006a11135.json	69	2cfa940932b2c0a25916bdb6b9bd8b8ffa50ed3f8d1bd9b99376779a9d4d25ad	ok	__type__,content	0	
assets/res/import/4e/4e812769-4aa6-4b21-b8d8-9392768dff9e.json	198	afd7874a57694ba07a6034379926327dfbf977a962972480db0df640ee8e071b	ok	__type__,content	0	
assets/res/import/4e/4e953485-1ec5-49b5-b457-6ba4edee19dd.json	63	be8ff221f8b838f9a7faec9c1249b8bfc8c94f8743e6218107c63e355b3dbd85	ok	__type__,_name,_native	0	
assets/res/import/4e/4ea694b4-4c66-4433-8066-d1f26ce7ea14.json	10367	60d5dabe31b2798a9b2f01040fdf5a509bea6f9e0bd86ddf8b092dd3e0d1c14d	ok	list	0	
assets/res/import/4e/4ebf3595-889a-4765-b85b-fdfbd8dc8806.json	58	e43633576edc1d246d10d3766059409516c768634f5b285fa4d0ce197abea07b	ok	__type__,_name,_native	0	
assets/res/import/4e/4ec3f81b-cc86-481c-8135-9d6a7bd12829.json	212	e358c71c171d837af4609147638e3a96ad586e30b78451dd10d4546ae9fccfd1	ok	__type__,content	0	
assets/res/import/4e/4ec57edc-3e71-4d3c-a6b4-b2bbba421861.json	1762	b67ad80037591fb0c36048f5d58e6bbe5fc35f1107950811777fd320715f40de	ok	__type__,_name,spriteFrame,fontSize,_fntConfig	0	
assets/res/import/4e/4ecf22b5-9dad-4813-a60c-80249ac98df7.json	176	11894af8263a6dd62d0905cfb3c82df5ee8de538cd2bb26cacdfa6b1ee4a9e4a	ok	__type__,content	0	
assets/res/import/4e/4eda5d65-9f51-48aa-8eb2-8be29ed72fa0.json	169	ba506be1b6b217bfd02a383871b73099bc74df980e083f29e323467d9ee7b112	ok	__type__,content	0	
assets/res/import/4f/4f3fe15b-cad6-4811-ae5b-9196a31b6473.json	181	dbc1bc34bc418bd6ad420378ab4e63e1bd38c5abb6a2357b8f98fba2124c1923	ok	__type__,content	0	
assets/res/import/4f/4f52bf0b-b341-4d2b-81dd-60ddea8e90ed.json	181	2b821ababf8149013583a69ccb2ff3caf9f16656994039334ed8777475f4bd88	ok	__type__,content	0	
assets/res/import/4f/4f856bb2-60e9-4f66-bfee-f8bfcbfec0e4.json	187	21293841ed247ba29eec427ac5c8ada39f4d59808cfe2e35c3d45bed00331d67	ok	__type__,content	0	
assets/res/import/4f/4f85b74d-fef5-4b10-916b-0f080051b1da.json	183	3d260eccca0bc17d3ae1573b1461aa432a7bd9cd1ec4b121496575205c46a29c	ok	__type__,content	0	
assets/res/import/4f/4f885b58-2918-43a6-b07a-68a37aecd53e.json	182	b2594692aac3dbf72c40e1d3ca2d94167c487d7f68de01bfd9ba032ae9e39238	ok	__type__,content	0	
assets/res/import/4f/4fb6ff43-b90d-4c62-a5f5-2eda575c633e.json	194	a4f95aca2487e6c817dfd6a4ff75143d1447b5fec04646fd6c230e2a3956e2c1	ok	__type__,content	0	
assets/res/import/4f/4fdfa287-884a-4492-84b1-3920975b378c.json	185	255826f29fa2f9e3b25ea3db50564bc4f544fa9db4b08088436d99feced9e284	ok	__type__,content	0	
assets/res/import/50/500e3a61-3b16-4acf-b463-8cc949689ed8.json	8051	eb71c6101e307b88c57ae3ab4dd2a24a62aa0cce1a962e959faab075f2cfb5e5	ok	list	0	
assets/res/import/50/502fcf61-e223-4113-b06a-490aa058b58e.json	63	be8ff221f8b838f9a7faec9c1249b8bfc8c94f8743e6218107c63e355b3dbd85	ok	__type__,_name,_native	0	
assets/res/import/50/50486608-f15e-44d3-92cb-7ac4a4c376a3.json	63	be8ff221f8b838f9a7faec9c1249b8bfc8c94f8743e6218107c63e355b3dbd85	ok	__type__,_name,_native	0	
assets/res/import/50/507b95e0-cbc2-4e63-8a53-9e19cebd164c.json	186	5a68d52441ce1cd33734023b51bc5ad8ef07921671807a11b9d875611290b460	ok	__type__,content	0	
assets/res/import/50/5091b17e-c16e-4ee4-b07f-41a85c97e320.json	182	4f1ccd513ee3f1d67c646460615c60558934b854d4e27c54deae96a5afc386bf	ok	__type__,content	0	
assets/res/import/50/50d1eaf4-0205-427c-8fb5-67f20c677fac.json	21860	b72f8b2f7ce96c01dc39f5e04455ee6685ed1f29d556ed21eec223e8e8bd705c	ok	list	0	
assets/res/import/50/50de9776-ed22-4044-87ee-dd33670609b9.json	59	8c38f646c554ab37aeade5c4b07fbaac34d86b2a811ac3e8fd5703a4dfa683a5	ok	__type__,_name,_native	0	
assets/res/import/50/50fcfc5e-fa04-43f6-a530-518d7f06aa8a.json	69	2cfa940932b2c0a25916bdb6b9bd8b8ffa50ed3f8d1bd9b99376779a9d4d25ad	ok	__type__,content	0	
assets/res/import/51/511ae428-52cd-4111-b42e-c35196835c1e.json	63	be8ff221f8b838f9a7faec9c1249b8bfc8c94f8743e6218107c63e355b3dbd85	ok	__type__,_name,_native	0	
assets/res/import/51/51555e20-9f10-4ba6-848f-140f5df87c3b.json	63592	31d7a13fb9088a3ed1fde8b582a455789132e60cb9a840ed17b21fbedd865b08	ok	list	0	
assets/res/import/51/517a9f1c-fdca-4578-a80f-6913d87c196d.json	173	fcfa4f3275fe9d7077df0b554f5fc937daf79005a93e0c81aefe67817ec774bd	ok	__type__,content	0	
assets/res/import/51/519c422e-6ca2-422b-9482-4847e9b42983.json	63	be8ff221f8b838f9a7faec9c1249b8bfc8c94f8743e6218107c63e355b3dbd85	ok	__type__,_name,_native	0	
assets/res/import/51/51a30f70-992b-40f0-8628-3a65bd838ee4.json	70810	3951c35381fbd9fe57a14842560f4d21f0fa806d5de8fe341807dc993ffd693f	ok	list	0	
assets/res/import/51/51be5191-1401-482b-a978-9ab443ea298e.json	9650	323ae468e5fd8a10c966b5af53af202971eac3db1a20d697dbcd3aedd540c391	ok	__type__,_name,_skeletonJson,_atlasText,textures,textureNames	0	
assets/res/import/52/5212d6d7-5d01-462a-b7dc-b304e2da0c22.json	63	be8ff221f8b838f9a7faec9c1249b8bfc8c94f8743e6218107c63e355b3dbd85	ok	__type__,_name,_native	0	
assets/res/import/52/52293e15-fe4b-48af-8bba-f406595893cb.json	10803	33e6e57ce4650128d2e7d54d511ca6005f2141215899dba8f8d0f782cc06d3cf	ok	list	0	
assets/res/import/52/528f0212-c161-4522-8e4b-1236e387449b.json	190	da8091c47978d4d9230a35ffe19b258ac02fe494a9574886fbc32a5dd22c7c23	ok	__type__,content	0	
assets/res/import/52/52926d30-1f21-4ebb-acfa-77c90b9d93e8.json	5224	33bfcfb6200f61dd6a4ef2d83e901a2dbdaa735a89733461bd0690591f2af787	ok	list	0	
assets/res/import/53/5327f946-61e7-40e6-b865-afc937a800e6.json	2427	56fbcee9282066e59846520ca6206a8652c56e7f7232972a3c638fe8a74c2677	ok	list	0	
assets/res/import/53/53790e91-a357-4e92-bb9d-4aadfb060bf1.json	195	5689d82930c9f35e567a537b3a9dca2571c2d3426c979203fd4fb5fa7a74cf53	ok	__type__,content	0	
assets/res/import/53/53eb90e8-f500-4731-8f9c-088ee022db9e.json	69	2cfa940932b2c0a25916bdb6b9bd8b8ffa50ed3f8d1bd9b99376779a9d4d25ad	ok	__type__,content	0	
assets/res/import/54/5413147c-6a9e-443e-bd5a-848ba5d08ee8.json	169	02ebb84d13856b2dd61937d6ed53610a94f0692e01580fe3d87605c281e49532	ok	__type__,content	0	
assets/res/import/54/5426e444-3009-44e8-9a72-e2cffd551d17.json	586	b88184e906e9eb5f1d9c2c4691efc7b19dc5f3833e64be005b8912095e931643	ok	list	0	
assets/res/import/54/5445c3be-37f7-40de-b29d-6fba2222e3e2.json	1335	f9a609c7f54c494b025446c0f14fc41bcfabede9a93e75989d049786be340646	ok	__type__,_name,spriteFrame,fontSize,_fntConfig	0	
assets/res/import/54/5464965c-60aa-480d-8ff3-e8e97fbe405e.json	69	2cfa940932b2c0a25916bdb6b9bd8b8ffa50ed3f8d1bd9b99376779a9d4d25ad	ok	__type__,content	0	
assets/res/import/54/549eda0b-9d18-466f-a727-8d5f8223828f.json	481	858464efa0904b400a61e105d3519ff7c945c103eb4545bdf3e4d04da2c6c54a	ok	__type__,_spriteFrames	0	
assets/res/import/54/54e8a3bf-4941-4a10-95e8-425c71a5aa54.json	63	be8ff221f8b838f9a7faec9c1249b8bfc8c94f8743e6218107c63e355b3dbd85	ok	__type__,_name,_native	0	
assets/res/import/54/54f08550-e62f-40d2-9fca-d139e100fb18.json	205	6a2d2bb0017291a008469db81b9548e8f1ff52b0a34c4915ee17f4f4f1235de1	ok	__type__,content	0	
assets/res/import/55/55084c9a-a185-4537-a944-d49b47006b59.json	183	760556aef1f146524ae5abed2e2d89cb27b9407bd8f870d464ae9d3e178ea84f	ok	__type__,content	0	
assets/res/import/55/553d50eb-1fb4-4ad7-a0ec-a6de68c82039.json	171	a76e78b0b01f87f3cf96543ae8cee2f73f10371adcd63e2be39f84fc144257f4	ok	__type__,content	0	
assets/res/import/55/554f9a8f-4163-4630-8c73-0c9b8fe80a66.json	179	722ece0d699a1b1cfdbf234323e0880c2660b71ab10f3d4f45e575d5b2840767	ok	__type__,content	0	
assets/res/import/55/5570e10e-1b79-4270-864b-68f347eda729.json	178	99f5320a6ed383886aedf473be1ff4d97faa25a8fd71791d636c0b930e408ba4	ok	__type__,content	0	
assets/res/import/55/55b17491-35f6-4252-926f-1adc34c8bad2.json	195	16f009f0a94717b5a737a3bce7111fd3940ffb40b65e2c96f76b0fbec4aece96	ok	__type__,content	0	
assets/res/import/55/55b7baee-fba7-4104-b330-d7d5483cd18e.json	178	380738ce82e23655ed678c1447fd8c0ca701ca987b2833bbcd86bd812e253f9e	ok	__type__,content	0	
assets/res/import/55/55d33485-4167-4697-9d69-b7ba10bba40d.json	170	483aac22e82bc0bbd9ec3054460bc6555056d8c347ca9d676b95c6a8e7dca757	ok	__type__,content	0	
assets/res/import/55/55e1968d-5cbe-4a29-94b5-cc15ced3937a.json	192	7f6436c2db18ee6c6122a0ccb7ef4e24e3184b4b839337e0ffdf14be3fe22386	ok	__type__,content	0	
assets/res/import/55/55fe8c77-d469-4f61-a535-93986f10f601.json	198	325ba9f280ba009e93b3a57bfa6c35ed1e02f099d2afb339278bbb3ca193c81d	ok	__type__,content	0	
assets/res/import/56/566ac4bc-5acf-40ff-a9f9-1bde9dd4a553.json	187	a888537202db182639ef127432f695700647772712f8a479dfa9f5c145cf7b2e	ok	__type__,content	0	
assets/res/import/56/567dcd80-8bf4-4535-8a5a-313f1caf078a.json	69	2cfa940932b2c0a25916bdb6b9bd8b8ffa50ed3f8d1bd9b99376779a9d4d25ad	ok	__type__,content	0	
assets/res/import/56/56917ea7-50c6-423f-a55b-fb41d5398530.json	183	3e890e1b4cb444ebc032079f5958262da5e2ae60373da621471544d5f504f751	ok	__type__,content	0	
assets/res/import/56/56a27f4e-52e0-429b-a6ef-8d02b51842b1.json	184	33308abe7226ca76e50b18c0280d65d5faba6c218e51597c3fee23146aaaabda	ok	__type__,content	0	
assets/res/import/57/57454a56-f290-4f5f-a1cf-325935bd9e3f.json	63	be8ff221f8b838f9a7faec9c1249b8bfc8c94f8743e6218107c63e355b3dbd85	ok	__type__,_name,_native	0	
assets/res/import/57/574d8e0d-b239-4a96-8e79-d8ded4b20bc4.json	191	5dc742a25d212b049cd1d446a5295866898a95af6abdef08a2b9e869e9e958c9	ok	__type__,content	0	
assets/res/import/57/57563cda-780a-4acf-aa83-1f4fd9c30a96.json	69	2cfa940932b2c0a25916bdb6b9bd8b8ffa50ed3f8d1bd9b99376779a9d4d25ad	ok	__type__,content	0	
assets/res/import/57/57666c1d-bcc9-465e-bd90-129bcccd42ba.json	182	318e2249b7d80c95532fa35aad5d8e84130b026ab45d4d194419e90bfd3f6779	ok	__type__,content	0	
assets/res/import/57/579b1d97-849f-41c1-97f5-5984ead2a6ca.json	170	d3491b4806052569be6af1ee7917f8c203db483fb8839d6d6c6af3baae539190	ok	__type__,content	0	
assets/res/import/57/57a25e79-72ea-46df-b870-a8c834fb7c7d.json	63	be8ff221f8b838f9a7faec9c1249b8bfc8c94f8743e6218107c63e355b3dbd85	ok	__type__,_name,_native	0	
assets/res/import/57/57c0fb2c-54ee-455c-b6c0-ea26fb056578.json	69	2cfa940932b2c0a25916bdb6b9bd8b8ffa50ed3f8d1bd9b99376779a9d4d25ad	ok	__type__,content	0	
assets/res/import/57/57d19116-29d3-4476-b746-5d5ad43a216c.json	182	babe3741d3369b5c192b8d51d5e17e2f3de7b27808a9d5926bf867f680389c9e	ok	__type__,content	0	
assets/res/import/57/57fce1a7-2151-4ec5-ae9e-c7a5c1168100.json	69	2cfa940932b2c0a25916bdb6b9bd8b8ffa50ed3f8d1bd9b99376779a9d4d25ad	ok	__type__,content	0	
assets/res/import/58/580ed5da-d1f0-4e38-be9c-27786939c46a.json	63	be8ff221f8b838f9a7faec9c1249b8bfc8c94f8743e6218107c63e355b3dbd85	ok	__type__,_name,_native	0	
assets/res/import/58/58137d44-4364-499c-a088-9f31df93ad4f.json	186	98c450d9ecc32ba3eea1f50ac9d720288bddf790380b8a352d1bbbcb31a88530	ok	__type__,content	0	
assets/res/import/58/5814bc6c-30c2-4700-b38d-47c67eb68005.json	173	bc9a401a2ed8f02137b022b3e29457b318ee12c246dd4fcaa38fd96fc323d13a	ok	__type__,content	0	
assets/res/import/58/58c8d359-c132-41bc-8123-3121448277aa.json	69	85686a4dae1cc497adf89b0abed8238ae084c11c19920d68341ddabcbcd96f4c	ok	__type__,_name,_native	0	
assets/res/import/59/591b8c2f-927b-4f3f-ade7-5e592c737fa7.json	2275	119c051e53e4d3ca8635f4661eacccacd61d42e5b0306dea5c8f43b4d7a641a1	ok	__type__,_name,_skeletonJson,_atlasText,textures,textureNames	0	
assets/res/import/59/592ef295-f7cd-4b1e-9933-ed3b52f24f69.json	185	c6cded18ce8e134cd528409e4e20d5f5a6d9ab281c14256e6b350c2ec819276f	ok	__type__,content	0	
assets/res/import/59/59ad4502-480c-4182-884f-0132ac2df366.json	181	a27d7a921fd66f3b5e7a6af7302b770c69c89248f727f3ea35336c301169e86c	ok	__type__,content	0	
assets/res/import/59/59bcda78-891b-45ec-80a9-4d7869ee3b79.json	23302	fc46191caa3622a25d86c46cc37e06f411cbcc67b77f4c566e321b4e181cecd5	ok	list	0	
assets/res/import/59/59da073f-8325-4281-b96a-467ecf7842a5.json	167	883948d89c07cfce1f767dbe6eae6fe1bb0535464102eacc2a218e22ca88772a	ok	__type__,content	0	
assets/res/import/59/59e5e8e4-4259-4580-99d7-1dca9a4baa0a.json	180	cfb7c280d1068116ad2052f7a76f8df35d17541a83c80cb512ea96a586c63855	ok	__type__,content	0	
assets/res/import/5a/5a26085e-62a9-4f33-8bdf-413ca1bb4e14.json	63	be8ff221f8b838f9a7faec9c1249b8bfc8c94f8743e6218107c63e355b3dbd85	ok	__type__,_name,_native	0	
assets/res/import/5a/5a32396b-fd0e-421d-8949-87d2fcaa0bf8.json	186	30ee5745ddd8ca569b93bf86d925149563106a35496d7f303177e2625fb284ab	ok	__type__,content	0	
assets/res/import/5a/5a5fda75-a532-40c4-9ffc-2f7d26596c84.json	63	be8ff221f8b838f9a7faec9c1249b8bfc8c94f8743e6218107c63e355b3dbd85	ok	__type__,_name,_native	0	
assets/res/import/5a/5a90d4ff-b726-4d02-938a-a9c6d391fb39.json	1668	77ff36ca51d65eb6339faed9d6e17c8d3bac50b2d075fdded3e56f8aeb98633c	ok	__type__,_name,spriteFrame,fontSize,_fntConfig	0	
assets/res/import/5b/5b028f3e-f925-4650-9936-1e89cf7dd6a2.json	161	8b251ec7e3801141d41645557d338e35dfb32319df598c0891889192f18fce48	ok	__type__,content	0	
assets/res/import/5b/5b2c6d7e-eed9-44f0-9d90-fac4eb445101.json	60	649e85ada5b96e021ec9c316e63f42ab1315e80ad632564c7890ea2b2c0d9687	ok	__type__,_name,_native	0	
assets/res/import/5b/5b6f51bd-6a55-426a-9c4f-1e589b20e210.json	193	7a751df6564581feea79fbcfb893d26027dace5489c87e68e8f932402efbd076	ok	__type__,content	0	
assets/res/import/5b/5b7a8ec5-711a-4d40-8180-2e2f12ea58fd.json	179	a01fa4d73037ad2c5ed9816457a9b723532f44d5dd31fb8eaa1fa2c044fe92ef	ok	__type__,content	0	
assets/res/import/5b/5ba67114-af07-4c3d-82f8-1fcfafdb1aa4.json	59	d28486a443e6626b67c6274894a9549c51cb98cd6f27a8ab96ad1aad8a217c0d	ok	__type__,_name,_native	0	
assets/res/import/5b/5bb279fe-c5d7-41f8-a1e3-08dc3185ab16.json	69	75f3de8b0239ec26b61f76151da7693001bc7d1393aec4065a3f1f5968dba412	ok	__type__,_name,_native	0	
assets/res/import/5b/5be3ce06-5f6e-4046-9b54-6ae2748653f2.json	189	bdba3e4de0a32546ff961fcf0fdbc334ff1c92305fc2b05b3bba0b6a1313cea5	ok	__type__,content	0	
assets/res/import/5c/5c1d0ce8-d60e-4a18-bab6-f931c24414ee.json	184	0ce0f9d8ae051603498e2a617d583c1399a99d730657c7f12eca9e660f8b2c29	ok	__type__,content	0	
assets/res/import/5c/5c2b8b6e-b5be-4d8b-9e21-5f3441f33496.json	173	a5aae65d9c346329abd5ba744380ddfe94e094ef0fbc8eda7568294d4d223665	ok	__type__,content	0	
assets/res/import/5c/5c3bb932-6c3c-468f-88a9-c8c61d458641.json	193	2c8090cd4c3da7e8b08f8f60b6b1510f9ff13bb4714b7d6050a22b69b5a2253e	ok	__type__,content	0	
assets/res/import/5c/5c7fa4ee-3373-4f65-99af-b1ff82aae31e.json	69	2cfa940932b2c0a25916bdb6b9bd8b8ffa50ed3f8d1bd9b99376779a9d4d25ad	ok	__type__,content	0	
assets/res/import/5c/5c951800-3877-4df8-96d1-e1ec7db9f46d.json	148	5eeb47e274253f8edfc47cdfea6c8c38a8935b83ba4fbf07a040930d1ddffb50	ok	__type__,_name,_effectAsset,_techniqueData	0	
assets/res/import/5c/5c9e8c5b-1154-4988-bb1d-7185035290c4.json	174	edadb6c471490df7b8e5761116682ce8ef094b68a3e95f5bd82503c43fbb6d71	ok	__type__,content	0	
assets/res/import/5c/5cc0357c-5c54-4861-97d7-d93620f20db7.json	178	e060edbfd5ff15c8a6ae3b2ca538d05e68d23d73f6f68bf08fdb0ed4dc006d91	ok	__type__,content	0	
assets/res/import/5c/5ccb5faf-0f18-4de6-bab3-50f2896c385d.json	181	366dfd423fd56715807b6088ab2851ff80102336b67cbb93b8901158a33078da	ok	__type__,content	0	
assets/res/import/5c/5ccca336-2121-4b3e-bee8-324d87a6f091.json	69	2cfa940932b2c0a25916bdb6b9bd8b8ffa50ed3f8d1bd9b99376779a9d4d25ad	ok	__type__,content	0	
assets/res/import/5c/5ce7825b-16d3-4d16-b7b8-f53344b64e04.json	63	2f51fca390a6a2ad8c0f9cd60244e179de2a0b614cbf390ebebd3705173c4d36	ok	__type__,_name,_native	0	
assets/res/import/5d/5d3258de-0e1f-46a1-82b7-b01753e0403c.json	195	1e6c0911d4391107e29004f5fc76c860dc17391c7b59095a46a5da6674932b12	ok	__type__,content	0	
assets/res/import/5d/5d4b0c7f-8d6e-412e-849d-2336be3425ff.json	177	a5aea8167ecd92ac05ca505f55c484d9ea5b816ded86472f9048f3397d6a6295	ok	__type__,content	0	
assets/res/import/5d/5d5de766-104a-4607-8e7d-25229adc6117.json	167	b5f3a4cb22c9d5802b6614235cd8cf3035853f1154417684a2ef0613a0011648	ok	__type__,content	0	
assets/res/import/5d/5d76c37e-28e8-4f6f-98d1-7ca19a420a8e.json	180	eee780f7967e0364b3e11846c342e1572376643ed53f125e7a6ce0b2f60b355c	ok	__type__,content	0	
assets/res/import/5d/5d9b8e0c-3c7d-4904-9c99-3cc37f4ec99e.json	481	7e2b8c2f9357ad545e342012b6cb91f7a24bedb219997bf6687f5b3b46eb68fa	ok	__type__,_spriteFrames	0	
assets/res/import/5d/5d9c627f-a041-4179-9897-f1e5df8b1820.json	182	4c240748300dbeb64b09387a118c889e28a594e9c891e5c307453b0743c3026c	ok	__type__,content	0	
assets/res/import/5d/5dab0d81-a48e-47f0-8f2f-7d396ab2554e.json	193	3c77ff2ee527e3752bfda210e833f2b740dc97fd7b34a73363426fc397df9049	ok	__type__,content	0	
assets/res/import/5d/5dd1ecd7-648a-44fa-a1ef-d794a868e652.json	191	a111ddd31223b8cc8671bbafb875db9b56383b9c05ef730ca8ed29a9500bb24d	ok	__type__,content	0	
assets/res/import/5e/5e110549-e287-4182-bcdc-804898bd2f99.json	69	2cfa940932b2c0a25916bdb6b9bd8b8ffa50ed3f8d1bd9b99376779a9d4d25ad	ok	__type__,content	0	
assets/res/import/5e/5e1544ca-693a-4dea-881b-a8d2efe24ff6.json	10252	978339a847306d94b9ff24ddd6fe5d8b76e57488194667109ba801c592c53810	ok	__type__,_name,_skeletonJson,_atlasText,textures,textureNames	0	
assets/res/import/5e/5e3307e2-511c-4d1a-906c-b6faf1170498.json	63	be8ff221f8b838f9a7faec9c1249b8bfc8c94f8743e6218107c63e355b3dbd85	ok	__type__,_name,_native	0	
assets/res/import/5e/5e52572c-ecca-4abc-ab54-12d82c00df7f.json	164	8d93909dfba36e15413e9e77ff7193b573793797c0950467204df3d7896080a7	ok	__type__,content	0	
assets/res/import/5e/5e7a85c2-b414-485d-8af9-a4c405a3aa27.json	975	fb7870770bea79f01df6c8a55843b7d798822669be42064f2bc2f7adb4aa6a38	ok	list	0	
assets/res/import/5e/5e7f8d01-3092-4e19-b3f3-cd7ae8030b65.json	3058	a815ecece115bedc507b9b16980f233316ba75188e41dbcb6809cdf7b94af157	ok	list	0	
assets/res/import/5e/5ea744c5-ebb8-41cb-a716-06ec24cc72db.json	176	860954527bda00312101d477bfe1601c5f7ba0580a02230aeb74bd39e946c885	ok	__type__,content	0	
assets/res/import/5e/5eb2e997-11d0-4016-a2f7-40b4d29d3a41.json	63	be8ff221f8b838f9a7faec9c1249b8bfc8c94f8743e6218107c63e355b3dbd85	ok	__type__,_name,_native	0	
assets/res/import/5e/5eec1634-3ec5-407f-8778-7c13718af531.json	67580	241fdf0695dc22a35cfe5ffb476319e6b11eae7e0a1d43cc44a5534aad391663	ok	list	0	
assets/res/import/5f/5f5a4b36-04e0-4829-b179-7af0ae8ff87a.json	177	83eb7332d0c650cbb3e0379c1b5bfd561f99f1b6d6731392e735ae0c007cc595	ok	__type__,content	0	
assets/res/import/5f/5fb09408-952a-4d2c-98f2-c0b3328e55d5.json	178	8c9dc47d2f5313214e214aa26edec390ec388c40a29ccadeeea6d413ef9189ab	ok	__type__,content	0	
assets/res/import/5f/5fe5dcaa-b513-4dc5-a166-573627b3a159.json	196	d0144ab3bac48c95ddf9bcb41c1fd41a7b3bd2a79003df178b36f181ab1b09cb	ok	__type__,content	0	
assets/res/import/5f/5ff9e59c-80ca-417e-9a8e-4d34582a6c88.json	183	75e508c451b34cb3b47f99e63a94f302f97b8f364de43ca604c79db3ab2bf18c	ok	__type__,content	0	
assets/res/import/60/600301aa-3357-4a10-b086-84f011fa32ba.json	69	53100dfe6627ed6afabdede601591c629e6521a3eecf0d0ca85313cc66d8396b	ok	__type__,content	0	
assets/res/import/60/6089e8ff-9a1d-4f9d-bade-d737baa01a64.json	177	d27b41553d85b9dceea4b26767c201f5a371e070cd99cc39e77ab4141006457a	ok	__type__,content	0	
assets/res/import/61/61090960-122b-4773-9b4b-401ea4fb523b.json	179	594ae4a49d4825d5295f4d6dc3d48b3a4b9f5ed99f680c764224a98ebf6603c8	ok	__type__,content	0	
assets/res/import/61/61334a3d-88e8-4dd3-900c-2843d4cd7871.json	63	be8ff221f8b838f9a7faec9c1249b8bfc8c94f8743e6218107c63e355b3dbd85	ok	__type__,_name,_native	0	
assets/res/import/61/617323dd-11f4-4dd3-8eec-0caf6b3b45b9.json	69	2cfa940932b2c0a25916bdb6b9bd8b8ffa50ed3f8d1bd9b99376779a9d4d25ad	ok	__type__,content	0	
assets/res/import/61/61e61a98-1daf-4b58-a059-28c19495f119.json	185	8d83db0a3fb0e2e3766390cb8aa7d69d19a10380fa6b6287aa32a4df2122e0c5	ok	__type__,content	0	
assets/res/import/62/62689c19-ccfa-4711-90f3-29456bad4c04.json	1627	b386140bd5e0b9cd3fae4454e234908b1bdfb26089da5b0ab8cc0f4bb9c82240	ok	__type__,_name,_skeletonJson,_atlasText,textures,textureNames	0	
assets/res/import/62/626eb18e-c6a5-48ac-a682-e629bc6537bb.json	69	2cfa940932b2c0a25916bdb6b9bd8b8ffa50ed3f8d1bd9b99376779a9d4d25ad	ok	__type__,content	0	
assets/res/import/62/627a529c-5954-4a93-bd0c-286832080ab9.json	179	d82684973c2af04679b6e32206a9957ac846f08148afa1eb72a405828351f8c7	ok	__type__,content	0	
assets/res/import/62/628d58ad-1770-47c8-b23e-555e1a850e14.json	63	be8ff221f8b838f9a7faec9c1249b8bfc8c94f8743e6218107c63e355b3dbd85	ok	__type__,_name,_native	0	
assets/res/import/62/62c3c14b-751f-48ed-aa71-3ce1c9c743a3.json	1339	71bee377500e803ea3fa45be63c5f7355f018a8b5856d15733dee6ba5056a364	ok	__type__,_name,_spriteFrames	0	
assets/res/import/62/62d471a5-1320-4a57-806a-d0237e7f84d6.json	69	2cfa940932b2c0a25916bdb6b9bd8b8ffa50ed3f8d1bd9b99376779a9d4d25ad	ok	__type__,content	0	
assets/res/import/62/62ee5be5-2415-4cd2-819a-fc49a198a7f6.json	165	7dcbc41fca2fe61e424a07152187020b9c78d89e28ce9e01b477ac1348cf9e13	ok	__type__,content	0	
assets/res/import/63/632a58d1-7a8c-4a00-9977-e19dd00dcac3.json	132254	f6a5054f32572ef55f67cd1c9746209b84fa86d9d73725857772f449934f00fe	ok	__type__,_name,_skeletonJson,_atlasText,textures,textureNames	0	
assets/res/import/63/6341f789-0c23-44e7-b812-4619daabaf00.json	176	bd606ba4d7d26e57d30322f8475bb0baed72db32d60fbb0913b4f1150bb124ba	ok	__type__,content	0	
assets/res/import/63/637c7230-9012-4ec1-89e4-8f4f41082f07.json	63	be8ff221f8b838f9a7faec9c1249b8bfc8c94f8743e6218107c63e355b3dbd85	ok	__type__,_name,_native	0	
assets/res/import/63/63d5d870-ca46-40b8-8155-1221efd399c0.json	58	345a353101b92cc03e0f97761c4c664255bfeab8e9da8fca1d0cb38e89488a7a	ok	__type__,_name,_native	0	
assets/res/import/64/64241f9c-066d-4906-87f4-e99fb60afdf6.json	169	c1e6f3ac1c7967be89b687bf9960e9d1ccc4b37a85632b00a52cf1eb004b9220	ok	__type__,content	0	
assets/res/import/64/64249ffa-5032-455c-bc96-126739ab9776.json	28931	5ab1a7dbc35049f956ccdab140d329b50616768e60b449ca696c4a8fe5dff7c5	ok	list	0	
assets/res/import/64/643d0e4e-cbe9-4683-a076-db92ec3df6ea.json	7617	cdaaa2bf073bbef19b6f2ea6858f26d44bd6eaddcc38131da160e7abfd79f762	ok	list	0	
assets/res/import/64/6449a4c3-437a-4112-aa33-3af54c37fdc7.json	182	8133d10fa6ecab9cd5a71d0965badeba035ae1aceac3fc70b5d7dc277eebda0f	ok	__type__,content	0	
assets/res/import/64/64563743-a04a-4471-b800-0cb0a167105d.json	182	b80f411d6c2792bbdf31e734c82b00a035d9958a7673cd6eb0cc2cac46f14982	ok	__type__,content	0	
assets/res/import/64/648a1be1-29db-4f7a-9734-3059fffda013.json	69	2cfa940932b2c0a25916bdb6b9bd8b8ffa50ed3f8d1bd9b99376779a9d4d25ad	ok	__type__,content	0	
assets/res/import/64/648ea9b2-5a19-4c77-9442-0f1ad5ca75d7.json	176	596fcc6611fffb5bd37218b0d6c80b88fdce36f27cb695f3bf48012a941621a4	ok	__type__,content	0	
assets/res/import/64/64cf9ed9-01d6-481e-9ef8-49f1277dc4a8.json	63	be8ff221f8b838f9a7faec9c1249b8bfc8c94f8743e6218107c63e355b3dbd85	ok	__type__,_name,_native	0	
assets/res/import/65/650484dc-8cb7-463d-8dc3-684e58b8aaeb.json	175	c16186be23deed9b78f4631bfd68903ecabc960b30e57721b6de0c7848cff202	ok	__type__,content	0	
assets/res/import/65/653484aa-9670-4d91-848b-333b455f7f36.json	184	cd12bdaa87b7e220caa33ac7b1492c2ad8c87a5d0205637edd732a17b3c0e355	ok	__type__,content	0	
assets/res/import/65/654c283a-6584-4f13-915e-234c23978912.json	69	2cfa940932b2c0a25916bdb6b9bd8b8ffa50ed3f8d1bd9b99376779a9d4d25ad	ok	__type__,content	0	
assets/res/import/65/65bb4970-4669-40fb-86f0-dfada296515b.json	179	102325a07a14ac6b6015b8664f2e01a9835bc76dfbc2d74b4711b25db710ac0c	ok	__type__,content	0	
assets/res/import/65/65d6195c-7ce1-430c-8bbe-076bac047627.json	179	fe134b423903dba25a2be44dcbecd4076e1a3f8c3aefb47a9fac3b53bbf18e8a	ok	__type__,content	0	
assets/res/import/65/65ef0d7d-0444-4e2f-ac7c-babacf468389.json	195	3096a60762ab0fff10b880946eae764e6cbeaa8f92e371d10983e8d6eea76227	ok	__type__,content	0	
assets/res/import/66/6603bd0f-6ce2-4a62-b993-ab545f3ed9d6.json	2628	4ad0f55dbf76ac0f4493a5beaa6c655b195c7f627040ec91613c0b40296e7533	ok	__type__,_name,_skeletonJson,_atlasText,textures,textureNames	0	
assets/res/import/66/66666014-a937-4a60-87b0-b81673c6c2d7.json	171	2b706841e92b831131917ffad5d4633fa926e41f53611215d6eb7938e57af631	ok	__type__,content	0	
assets/res/import/66/666bb002-cdc3-41c4-beb9-91f05efdd64e.json	69	2cfa940932b2c0a25916bdb6b9bd8b8ffa50ed3f8d1bd9b99376779a9d4d25ad	ok	__type__,content	0	
assets/res/import/66/66ba4077-7885-4494-8621-ddc0c91f683e.json	181	cee28d2406d7966ab742d0ab3ca85f0dd24d22b8083e1e90f947590020195f22	ok	__type__,content	0	
assets/res/import/66/66c47899-5e14-42eb-a8a5-a0a311cf1273.json	63	be8ff221f8b838f9a7faec9c1249b8bfc8c94f8743e6218107c63e355b3dbd85	ok	__type__,_name,_native	0	
assets/res/import/67/6711dc55-9875-4c36-be7b-1ad5e88445f6.json	191	f6c7f2334f9cf229d7f408e0e39d053ec745e6c77b2beafbac22fc756cf305f6	ok	__type__,content	0	
assets/res/import/67/67151895-65d6-49d9-a335-768858830a5b.json	1242	baf9ceaf8761f1a3e46135eda133afd91a5185e00b720871c7b1d68f79fa32a4	ok	list	0	
assets/res/import/67/67694184-dda0-4906-81fe-0ec335e10652.json	194	24f17f1040ec2781e0b045791ff890457fe53af5fa8ccb8928b84950f11e2eef	ok	__type__,content	0	
assets/res/import/67/67e68bc9-dad5-4ad9-a2d8-7e03d458e32f.json	186	b8e288b325fbc77be74df6ae508c971665babbeed6710c5b331357fe6b250c82	ok	__type__,content	0	
assets/res/import/67/67f4d108-cc06-423b-b624-5e040c76e9d6.json	168	22b029e8dfeae789dd4f32880594e0e60438d554a4131c24a4fa0ac080ac34a2	ok	__type__,content	0	
assets/res/import/68/6818dfc8-59cc-4425-a034-1f1609437553.json	185	5abd644458bdb40ac1ce2e20803b4ce16d95486fa8845ad77ceaa3606620f29d	ok	__type__,content	0	
assets/res/import/68/68594029-3651-4a36-89b7-2d4fd34a7e6d.json	184	bf3314d54eef837e08613314b316baa7556b05e9a79f6c229f8a5fa322fc035f	ok	__type__,content	0	
assets/res/import/68/685abee5-3548-4e7d-91b8-d108d41d68a5.json	167	1dda8f8cbd5d50160afde21a2d96eb543171d896aa48b90f7eff34b5636434ce	ok	__type__,content	0	
assets/res/import/68/6865b2bf-8673-4eb3-99c3-9d4ff1adb2ff.json	69	2cfa940932b2c0a25916bdb6b9bd8b8ffa50ed3f8d1bd9b99376779a9d4d25ad	ok	__type__,content	0	
assets/res/import/68/68838e96-3b7b-4b3f-a6a2-f9c42142ea0b.json	184	c69117f12a0de992ef441e68341056ec45d72d0636153973d9374e718e5c37b2	ok	__type__,content	0	
assets/res/import/69/690153fd-aa18-4c40-b277-e0c3dcf39e53.json	67	c9dc6a219233bea395879046e0034dade0255a3e855f965f5f70eb8c58ebfe4c	ok	__type__,_name,_native	0	
assets/res/import/69/69159147-44f3-448d-b2e8-4f4e2a3f3283.json	193	e9dad53e2a52a739070cda09d679204f9257bef2f6faa323f6cd8b0c9e4e3af2	ok	__type__,content	0	
assets/res/import/69/6924c498-cf3d-4dac-bdd6-38828fd7b43c.json	75	d5f0eb59c35c8011645dca875611a42e34aa41f64010a64a9066591e9ed3f3f9	ok	__type__,_name,_native	0	
assets/res/import/69/693d4799-253e-4bc2-b629-7a477840c071.json	48376	2c6152ab9fee77e43d8afdfa20f8c4ec558fd264009b3fc99458eeeedcced5f3	ok	list	0	
assets/res/import/69/699bae3f-5f89-41d9-b582-d19885aeb6e2.json	190	4930345429164c4779207fe9ea383094b125fb24a985dc6130a28f0bc440fa25	ok	__type__,content	0	
assets/res/import/69/69be6c64-c47e-4338-99b5-e9d6e60ad1f0.json	709	0a5066cf0730e786441832e42da45b27ac06dfd2f006597bf74f0565d70861c2	ok	__type__,_name,_spriteFrames	0	
assets/res/import/69/69c6a9a6-cd41-410e-ac82-fc27371f5c1f.json	182	0d27986735003062f53ddd866589a6064e1f72a8cccc668b2185743f7ff8ce12	ok	__type__,content	0	
assets/res/import/6a/6a2f5bd5-c0c2-44b0-adc1-7b7a9dbb0bb8.json	177	78da3c25c66eb04dd6426aa584ade9828df6579d502e55ea3e778f40dc30b6c2	ok	__type__,content	0	
assets/res/import/6a/6a42c197-af84-44d5-aa31-3cb600db8b67.json	181	7c41dfe4a8758353a1829b2e69d7559b0975edf510ba5b6412487549e16db8c4	ok	__type__,content	0	
assets/res/import/6a/6a4ccc1d-961b-44e9-a31a-374163f5578c.json	177	88ef220f08bd28ddabb5893878f850f74ca84219415254fa23336390de0230d6	ok	__type__,content	0	
assets/res/import/6a/6a4ef254-8545-4675-a9ed-7960f52ee6a5.json	179	37db0285cac25f7afc8d8e28a27197b8e563ed0ad08306a3d34da1fa58a36716	ok	__type__,content	0	
assets/res/import/6a/6a6a522c-8bca-43d1-a199-30ca787e22aa.json	176	7058daa8630b29835fb3bd7e15f7dc6e09035f259ea7cde2fcc55c2e16128b89	ok	__type__,content	0	
assets/res/import/6a/6a7fde73-47bf-420a-a04b-745afaf0fbf1.json	187	af981be889e9c25854238f8b7b95e6a216919890964c92afafe40a05cdedd896	ok	__type__,content	0	
assets/res/import/6a/6aaad9e4-e523-4304-bf8f-d5d4a13c5143.json	778	230d1bbd43f4023ec4f6710fe530e015fa34e5a8aeaed8bab941ab2ade637924	ok	__type__,_name,_spriteFrames	0	
assets/res/import/6a/6aafc8c5-d119-4c2e-8346-e9e23a4d3a83.json	64	fc5ef6b34fd90f8fde5684ce0457a0d21c454b797df68575e28c7e47aa3d3b25	ok	__type__,_name,_native	0	
assets/res/import/6a/6ac7eb41-982f-44a3-858a-bd70eb9ce9a5.json	196	0703e9577fe6ed093104df3ca589148df0d4be90f77ddbf1f7c88d41b10702fb	ok	__type__,content	0	
assets/res/import/6b/6b38390f-9b39-4bab-bc6f-fe2d38bbc119.json	195	23b83a58313ea902367beed9cfefdfd6c6ccfb0d030a8e6b16c93214be03200e	ok	__type__,content	0	
assets/res/import/6b/6b409659-0ea5-42bc-bff3-ff827ecf4f75.json	69	2cfa940932b2c0a25916bdb6b9bd8b8ffa50ed3f8d1bd9b99376779a9d4d25ad	ok	__type__,content	0	
assets/res/import/6b/6b4560b9-ea56-4094-a7b8-30370fc2caf2.json	69	2cfa940932b2c0a25916bdb6b9bd8b8ffa50ed3f8d1bd9b99376779a9d4d25ad	ok	__type__,content	0	
assets/res/import/6b/6b9e67a6-d858-46b8-bc02-d7161df497a5.json	174	89389a599d9f3454b6c697827054cbb824e057f88b8b5bd21342db1173a63911	ok	__type__,content	0	
assets/res/import/6c/6c45343b-bed3-43a3-b307-75eb9b199b88.json	176	f48a44db6c536b3bb3210ae47a60bc927fc31df2032cdcd966d8dea1e1113e1f	ok	__type__,content	0	
assets/res/import/6c/6c923ec8-7b5c-4ba5-96b8-85b97ae8070d.json	186	b43dca0b62a057617c1ee0f6e0ad0fed24a440aa0382d5e4f831d7c683075bc3	ok	__type__,content	0	
assets/res/import/6c/6cd4ed0e-45cc-4769-8d90-86f9c3e2f0df.json	179	e489ae18af60d2387c9dc74e96bcac1f01b4928aa9b32446ea6b7de02479ddd3	ok	__type__,content	0	
assets/res/import/6d/6d91e591-4ce0-465c-809f-610ec95019c6.json	15270	0c76ed121a0b1553fd4614ebab7536ee19c38e075595365a8721052dec96366d	ok	__type__,_name,techniques,shaders	0	
assets/res/import/6d/6dd7c8b2-286f-4fc8-aede-cf70435e9c1b.json	193	17be7faceb1c2e7ca88efda591faee5a01c4b8715ffc0b8f43be4e23e85e5774	ok	__type__,content	0	
assets/res/import/6d/6df35e4e-1e94-4c6a-9c3d-5b94455ad568.json	69	2cfa940932b2c0a25916bdb6b9bd8b8ffa50ed3f8d1bd9b99376779a9d4d25ad	ok	__type__,content	0	
assets/res/import/6e/6e056173-d285-473c-b206-40a7fff5386e.json	69	2cfa940932b2c0a25916bdb6b9bd8b8ffa50ed3f8d1bd9b99376779a9d4d25ad	ok	__type__,content	0	
assets/res/import/6e/6e22e2b4-2fbe-43a4-a829-da409daa82d9.json	184	653a37dc3bf296888b28fdbad8be6a9fd6cc07393dd5d27dba740d0ca9e9dbd4	ok	__type__,content	0	
assets/res/import/6e/6e279bb6-b02e-4706-aa04-a0b36d63a1f7.json	172	897037b35b6ba4c5d6e77e2bea2a31ec9e75e90c9cee3d5fa46bf1c140bff84b	ok	__type__,content	0	
assets/res/import/6e/6e959e52-746b-4422-acc4-96196fad05fa.json	63	be8ff221f8b838f9a7faec9c1249b8bfc8c94f8743e6218107c63e355b3dbd85	ok	__type__,_name,_native	0	
assets/res/import/6e/6ec1b24a-b8dd-428a-bcdb-52aff5ee9a25.json	189559	6c6fa11cc131690f784bd40ea7ee0fa9636c6af9ac1741d1cefc6bd5c48c5e83	ok	__type__,_name,_skeletonJson,_atlasText,textures,textureNames	0	
assets/res/import/6e/6ed706b9-ccad-4a08-94da-310d9b009ca6.json	182	14dfeb2bc81eb35fbf615c4c71d691ff91d45a8c4725973e0c382781bcd98296	ok	__type__,content	0	
assets/res/import/6f/6f0cb951-fb01-461a-b013-9c7089a539b2.json	181	37ea3bb65c20687bc7476a19cd9d714613615d1db32142c5a6888356c9808579	ok	__type__,content	0	
assets/res/import/6f/6f3455fe-0d7f-462c-b662-2b9c5bf04b01.json	168	71523bb1f7df382422cab64c8df01b8283146edc835e1068a88eab064e73523b	ok	__type__,content	0	
assets/res/import/6f/6f358713-5583-4416-82c6-3eef78b75413.json	471	82060cb24e666ed7b3bce90374e0c6f4773f27e5e2fef7b9ab7a7e23536b4f7b	ok	list	0	
assets/res/import/6f/6f47b7fa-bd8a-4922-b93f-972ab5366103.json	179	0566d787477e5103c58fac206322799d704731ee3a345afef009bac4a8c17801	ok	__type__,content	0	
assets/res/import/6f/6f4a86b4-4d37-4b2e-a435-fb974a54b5ca.json	69	2cfa940932b2c0a25916bdb6b9bd8b8ffa50ed3f8d1bd9b99376779a9d4d25ad	ok	__type__,content	0	
assets/res/import/6f/6f5e12da-be34-4edf-9754-7384024a2203.json	174	2cacab548f03b3f0292817abeed88d18361abbe5e91d17122119aaa0745f6648	ok	__type__,content	0	
assets/res/import/6f/6f60affa-e7e7-411c-a902-2bb7de081278.json	167	af9bcc091c1c7c4cd1f266a334defd644ed0f039bacb8db87db1f56de2a53343	ok	__type__,content	0	
assets/res/import/6f/6f801092-0c37-4f30-89ef-c8d960825b36.json	125	b24643f9da5e48bddf8658dea88c1aa3dad3d13fd03b98ebec052e23364b0e81	ok	__type__,_name,_effectAsset,_techniqueData	0	
assets/res/import/6f/6f8b26d3-2773-4551-9baa-4878493d864a.json	63	be8ff221f8b838f9a7faec9c1249b8bfc8c94f8743e6218107c63e355b3dbd85	ok	__type__,_name,_native	0	
assets/res/import/6f/6f8b923f-7826-4d34-b84e-e59cd6ffdc1c.json	69	2cfa940932b2c0a25916bdb6b9bd8b8ffa50ed3f8d1bd9b99376779a9d4d25ad	ok	__type__,content	0	
assets/res/import/6f/6f96ad26-4c8a-4835-be8e-83ea7a930130.json	69	2cfa940932b2c0a25916bdb6b9bd8b8ffa50ed3f8d1bd9b99376779a9d4d25ad	ok	__type__,content	0	
assets/res/import/6f/6fa22766-cfe3-457c-b820-ba6581001ec1.json	75	aafc8d635e2da5db2b03fd97df5d467ab505e4167cecbcc92d22138838e26bd1	ok	__type__,_name,_native	0	
assets/res/import/6f/6feea0b8-905e-463a-b2fc-d03a708d975f.json	63	be8ff221f8b838f9a7faec9c1249b8bfc8c94f8743e6218107c63e355b3dbd85	ok	__type__,_name,_native	0	
assets/res/import/70/70014c5c-624f-4bd8-a0d2-18ba84ae121f.json	188	182d06d037d05442f70975e250704f4f4b2d62dfbe09a94abcb393f103113480	ok	__type__,content	0	
assets/res/import/70/702efd35-df4e-4505-941c-5a8a5f36946b.json	63	be8ff221f8b838f9a7faec9c1249b8bfc8c94f8743e6218107c63e355b3dbd85	ok	__type__,_name,_native	0	
assets/res/import/70/704f6836-c2b8-492a-95c4-1504279a8a60.json	8678	f49e044e5217683d4440f94ac14f86775caa57e41a9a0ee39fe5598e3958f151	ok	list	0	
assets/res/import/70/706dce26-aec7-4772-9fa3-2e375b091243.json	179	f2ef72677c3feb652c41083952a51b53a5e00d20a696a78f4d1ff2a11df7ecec	ok	__type__,content	0	
assets/res/import/70/70ad8aa6-0d5e-44c0-80f8-7ddfc8f1cc80.json	63	be8ff221f8b838f9a7faec9c1249b8bfc8c94f8743e6218107c63e355b3dbd85	ok	__type__,_name,_native	0	
assets/res/import/70/70eb5788-0637-473d-ae29-ad4f077fbeae.json	69	2cfa940932b2c0a25916bdb6b9bd8b8ffa50ed3f8d1bd9b99376779a9d4d25ad	ok	__type__,content	0	
assets/res/import/70/70f3e0df-280e-43fe-bf30-79f68f0f6a33.json	63	be8ff221f8b838f9a7faec9c1249b8bfc8c94f8743e6218107c63e355b3dbd85	ok	__type__,_name,_native	0	
assets/res/import/70/70f91277-5a95-44b1-9ecf-71600e58e2ac.json	63	be8ff221f8b838f9a7faec9c1249b8bfc8c94f8743e6218107c63e355b3dbd85	ok	__type__,_name,_native	0	
assets/res/import/71/7103c315-31dc-41aa-b0e2-10e9be39c77e.json	181	a3a8beb17466d9a64793af6a069b7650143256f5293248cd5eba60de4f4d6cd1	ok	__type__,content	0	
assets/res/import/71/712c0b0a-aa07-4b07-a127-bd96ae2df3ec.json	189	7b8175501d72bebda842356f05672df5abbc19c0c05983feb11e0fd243e66597	ok	__type__,content	0	
assets/res/import/71/714e4386-59b7-4140-9401-e9e9ad76bdc6.json	188	ba6c145972285579fb438bc4e24467a42456f4d57761292206b5294ae38e8c35	ok	__type__,content	0	
assets/res/import/71/71561142-4c83-4933-afca-cb7a17f67053.json	69	2cfa940932b2c0a25916bdb6b9bd8b8ffa50ed3f8d1bd9b99376779a9d4d25ad	ok	__type__,content	0	
assets/res/import/71/71617ff9-4463-46d4-8aad-521df16ea5a2.json	187	2f4fba56d1ae7f609ef63074a90dc2dbdae435fe8e6ccd7dba2579665f9d66b6	ok	__type__,content	0	
assets/res/import/71/717c8ee9-977b-4404-9498-bdda115dd0f5.json	20144	bd0ee8594be8c550f11041cf27c533caf7b485c26ca7e988395694849bc73e00	ok	list	0	
assets/res/import/71/7182c53e-6100-4a01-9e8b-24d1c3450d6f.json	63	be8ff221f8b838f9a7faec9c1249b8bfc8c94f8743e6218107c63e355b3dbd85	ok	__type__,_name,_native	0	
assets/res/import/71/71ba0df8-f44e-44b6-b859-4d2f78b14fee.json	69	2cfa940932b2c0a25916bdb6b9bd8b8ffa50ed3f8d1bd9b99376779a9d4d25ad	ok	__type__,content	0	
assets/res/import/71/71c88833-84c6-4a50-9f92-434e782d4e93.json	177	facc88be935bd3c03b09ec637edf52abbe23865f4f91a839f5523a40fd3d9ae6	ok	__type__,content	0	
assets/res/import/71/71d1cd16-2474-456b-95f4-22fff504a941.json	75367	fa18ef4d45b9af66cdc5cacefd7f7c4fa0daaf8733f5a01fea32bb2c4de352ee	ok	list	0	
assets/res/import/72/7203ae53-c6f6-4262-98f5-468f54e8f499.json	173	ae13933ba6e26669d5e33af0d394491ef27822ac8df29be0f24783fd06a9860f	ok	__type__,content	0	
assets/res/import/72/721a258c-eef7-4a97-8c7c-514cb357c02a.json	177	0e71e0c497abe2fe09a3671094ef8f7dc5403d9b3a35f34b4da7993f546ae9a6	ok	__type__,content	0	
assets/res/import/72/722f633c-2246-4a30-bd8a-fd399e3fb72f.json	69	2cfa940932b2c0a25916bdb6b9bd8b8ffa50ed3f8d1bd9b99376779a9d4d25ad	ok	__type__,content	0	
assets/res/import/72/72601005-0692-40ff-ad3d-1e696ed62650.json	187	e076bdc861cf616c2335fa1cf97cb1a9d5fcf1c4b77bda6edaf39bf46a3af5e8	ok	__type__,content	0	
assets/res/import/72/7275edce-8c9f-4879-9c27-0c4477acf217.json	180	0f86479bed0cc226b73ff6e5655587b180f6f1277c94a7431c43a8bca8868b79	ok	__type__,content	0	
assets/res/import/72/72da6bb0-89e8-4495-89c1-f1fdebca55eb.json	178	cd028d76c68fa21b427627554bbc09ea82ac15270a045267ef15b0da31270106	ok	__type__,content	0	
assets/res/import/72/72f99e90-5f78-4daf-90ba-8c27d5e9ace6.json	173	ecbccebf10e5d4a4c5d9bd4c143397a53b2aa83dcea33edb124ee92330a63205	ok	__type__,content	0	
assets/res/import/73/730e1bec-48ac-466a-a362-6574c5deaa5c.json	69	2cfa940932b2c0a25916bdb6b9bd8b8ffa50ed3f8d1bd9b99376779a9d4d25ad	ok	__type__,content	0	
assets/res/import/73/731dbb29-0473-475a-b5b2-3b45c36b713f.json	69	2cfa940932b2c0a25916bdb6b9bd8b8ffa50ed3f8d1bd9b99376779a9d4d25ad	ok	__type__,content	0	
assets/res/import/73/732004f9-7731-4034-9a5d-bc5707600a02.json	65	de504c508bc2873515e86b42271258531dcd726e5e3f5ca8b3628756fa7985f2	ok	__type__,_name,_native	0	
assets/res/import/73/73518c6d-138a-4727-ba1d-48715fc457b3.json	72	671dd0a9c4ce2854aea0439a841004ae28079d51b9a4a97b72f459376581ae6a	ok	__type__,_name,_native	0	
assets/res/import/73/7371d562-af83-436e-9f07-bf3af0d2cab3.json	171	226da323cc3c78fe06d63b24416059b11336aa6f550795ff6ed8d8034271d143	ok	__type__,content	0	
assets/res/import/73/73a0903d-d80e-4e3c-aa67-f999543c08f5.json	69	2cfa940932b2c0a25916bdb6b9bd8b8ffa50ed3f8d1bd9b99376779a9d4d25ad	ok	__type__,content	0	
assets/res/import/73/73b4d6de-85ac-47e2-ae6a-ef5474b0c899.json	69	2cfa940932b2c0a25916bdb6b9bd8b8ffa50ed3f8d1bd9b99376779a9d4d25ad	ok	__type__,content	0	
assets/res/import/73/73ea0597-cf24-4080-b928-54626e47c75a.json	69	2cfa940932b2c0a25916bdb6b9bd8b8ffa50ed3f8d1bd9b99376779a9d4d25ad	ok	__type__,content	0	
assets/res/import/74/741731c0-9751-4fea-ad18-d55ca3959911.json	172	d6aa12c5b89362a02eae8b32921f16a7ffa909af267fa2b75bb9b0af7347e2fd	ok	__type__,content	0	
assets/res/import/74/74531c05-b12a-4e1d-a985-237819f9f4b4.json	60	dcabefcb0b900753f3df980a4b6689adf3b83c300e3508c3968b583c51ed9491	ok	__type__,_name,_native	0	
assets/res/import/74/746ddf8a-b42a-4c4b-a06a-54e84735510a.json	173	2f501d3dc99474342b4f55c51086aebe955b17809d8d168227468242c1f4aa1f	ok	__type__,content	0	
assets/res/import/74/7487e1cc-1594-49d7-bd47-38b444c8794d.json	195	d7b0a34fb647df730c303d6f671525571d860a6c83d7f4e678b99dc875365545	ok	__type__,content	0	
assets/res/import/74/749ad4b5-6098-42a1-bbfd-528776860e66.json	177	81bcfa92d2598144721d2df68ae41914b4d2599a07d9ab6aede786b2fff2caf6	ok	__type__,content	0	
assets/res/import/74/74abc033-9ca6-4bd9-814f-3a1276955599.json	175	1b751fbff3dae188a028eba6fe2dce50c0ec05d2cc1ba6dc879f2d4cc172eb48	ok	__type__,content	0	
assets/res/import/74/74ec1f0f-340b-410d-a926-7483f52d0de7.json	182	9d0e6a3a706b409f197d4aabc258528dc10ae7d19276146a6546ee6012d83eba	ok	__type__,content	0	
assets/res/import/75/7503657e-d8d3-4aeb-be19-5398f90dacd8.json	8327	fc5158965816558664dd99f7f30f525772c7bcbfe69544ec6b7a7f49a02d6f03	ok	list	0	
assets/res/import/75/752e6c8e-79d7-4c8d-ac13-b858c30ff60b.json	69	f326182d2fb61f566f7b6d989b4760c07d8e9a9816ba2c2496ac6ae3e93b10d1	ok	__type__,_name,_native	0	
assets/res/import/75/753e1d2a-04ae-4b81-831c-7922b087dd5c.json	194	e900aa68887381184c296efc13fdec33621f861e141e80861d1c70e9c8ce6090	ok	__type__,content	0	
assets/res/import/75/754b8944-adf6-4d41-8f10-528e411a5e7f.json	63	be8ff221f8b838f9a7faec9c1249b8bfc8c94f8743e6218107c63e355b3dbd85	ok	__type__,_name,_native	0	
assets/res/import/75/75796e5f-da44-4e6d-9761-8b4d2417f9ec.json	5431	887a22fa86beea820392653a66bac00aad2ddf5ce443263881a078e2bba46cbb	ok	list	0	
assets/res/import/75/75890fed-9112-4b0c-96dc-1f213b76f192.json	183	4005787ec955b0c1c5599cc4566e1b8e2341c7e6d4132de19571bf97a9dd397a	ok	__type__,content	0	
assets/res/import/75/758edd83-f4f8-432f-8c19-25e39b5902c3.json	183	a75c3db52ff6d989784f6c2636f606f12104f842fcf5980fa453b7f7b24b5131	ok	__type__,content	0	
assets/res/import/75/75a7cd8c-a3c2-4432-ba29-0aace5b6a15a.json	176	b4049970ca1a184fd2cb3aae9e75e7496a01a7a812668b9c519ab09726b9a5a6	ok	__type__,content	0	
assets/res/import/75/75a80cc2-29dd-4826-b294-8867aea39feb.json	1223	c7e92b5568e31ba9901900d71e56dc317efe09efedc069a1fe5550b41052ea11	ok	__type__,_name,spriteFrame,fontSize,_fntConfig	0	
assets/res/import/75/75b244a5-17fc-4962-b6fd-ce1eea445379.json	216	2286d803a7238207c87fa176077b09c04d2ee174436a936f8a6951846987798f	ok	__type__,content	0	
assets/res/import/75/75b3fc69-611d-4065-ac22-e76110dbdf17.json	188	0245830f8e2669d99aa7ad3283d4187b63a91bb47dc75eb09b42e98f13eb63b3	ok	__type__,content	0	
assets/res/import/76/7613bb6f-51f3-4b5d-b89a-c06a1efa5ab9.json	172	18bc4b78c091c174c88e5c8021ff5d071aec3187845d7ed498b6207f0643cf31	ok	__type__,content	0	
assets/res/import/76/762185ae-726f-4ddc-afa6-fe3f8c073429.json	63	be8ff221f8b838f9a7faec9c1249b8bfc8c94f8743e6218107c63e355b3dbd85	ok	__type__,_name,_native	0	
assets/res/import/76/7675c344-e8d6-4103-ad9f-04f4b8c4b4ab.json	59	c5c8e176547b968e02a31ea1fa4ee6f6c5b9c6f0793f66196e4066bba3a2fa61	ok	__type__,_name,_native	0	
assets/res/import/76/7676ee29-41c4-4474-95fc-2ef094b12874.json	186373	2f05f26cd1715ca7b5e0c448bdcac24c0a5543f25512623ac61aef2eff20617f	ok	__type__,_name,_skeletonJson,_atlasText,textures,textureNames	0	
assets/res/import/76/76d46e8c-3201-4d48-84cc-19fe679d9f0a.json	43644	f112009a98e5f4920826acb568ad638397cd0dfbe3fd5604504611292090c6fd	ok	list	0	
assets/res/import/76/76e34013-d861-4bb2-8dde-f3b504908f21.json	63	be8ff221f8b838f9a7faec9c1249b8bfc8c94f8743e6218107c63e355b3dbd85	ok	__type__,_name,_native	0	
assets/res/import/76/76e73129-5c30-49a6-bd29-3d64042f56fc.json	179	3f01105c312ea5fe6bd2b2ae62465aeac0ac436ac761170738578d6da2e36fa0	ok	__type__,content	0	
assets/res/import/77/77a28044-0d37-4eeb-8c64-7eaae45da18a.json	183	b2aaa167033341ded56528bdfc4b87e59a142e2648bd9065592d52df02ccfea5	ok	__type__,content	0	
assets/res/import/77/77aa2ec2-63bb-4f88-bbd6-a9402c3db5f7.json	50450	78b3a30f44d92158ed7d22652718f647669b9077d8e47b75e9e013663745a8ed	ok	list	0	
assets/res/import/77/77b3d145-7dd5-4155-a06f-e4357ce7f7d7.json	36702	c48ad71fc4f119306b7c8b3b24fdb654f1704840636f4382fa5019b61614114c	ok	list	0	
assets/res/import/78/7820fc13-c8d1-4d42-84a7-b147730eb2bd.json	182	87ba03ce2e3b73b2139bf2b47667f57c87fd792d980d32b5f6ddd64341d1364b	ok	__type__,content	0	
assets/res/import/78/783579c9-c5de-4a64-a68e-95ed9d45d03c.json	182	93f0a9f30af22b1401ee46ab36139581bb4bd9bb52d89a3a5674f356299327ba	ok	__type__,content	0	
assets/res/import/78/789838ad-e35e-4579-822f-fd41e2cc9a07.json	69	2cfa940932b2c0a25916bdb6b9bd8b8ffa50ed3f8d1bd9b99376779a9d4d25ad	ok	__type__,content	0	
assets/res/import/78/78b5f9bb-7ef5-463b-bea3-f33b3125e3d7.json	2178	18178ef788554a806ccd73b1c0ace126b17f6779d9421db481e216915590426e	ok	__type__,_name,_skeletonJson,_atlasText,textures,textureNames	0	
assets/res/import/79/7912be50-33ba-4089-a9ed-513d75eb18da.json	179	d980e592acd488e15744e54fe3e705807d56ecdb861cc87677a98a3974b259a7	ok	__type__,content	0	
assets/res/import/79/79b115cf-4df9-46f4-852e-0b8a2573dc4b.json	63	be8ff221f8b838f9a7faec9c1249b8bfc8c94f8743e6218107c63e355b3dbd85	ok	__type__,_name,_native	0	
assets/res/import/79/79c578dd-5f8c-42c7-b339-092dfed2e9ee.json	62713	7040c2286c606c37077087e7564c3981390d3e1aadffe4239028bdcf585b2b17	ok	list	0	
assets/res/import/79/79e0625b-a4d4-44e2-bacd-4170d507a002.json	63	be8ff221f8b838f9a7faec9c1249b8bfc8c94f8743e6218107c63e355b3dbd85	ok	__type__,_name,_native	0	
assets/res/import/79/79edc208-fb79-4fd2-8b8c-6ad20d1980da.json	178	833141854e9457a89925551bed66e788c6a2768870b6018dd2aebdfa517f3cad	ok	__type__,content	0	
assets/res/import/7a/7a1e7143-10c7-407d-a40f-b62630da8322.json	69	2cfa940932b2c0a25916bdb6b9bd8b8ffa50ed3f8d1bd9b99376779a9d4d25ad	ok	__type__,content	0	
assets/res/import/7a/7a32619f-24bf-43f8-9b67-58c2ca0020f5.json	63	be8ff221f8b838f9a7faec9c1249b8bfc8c94f8743e6218107c63e355b3dbd85	ok	__type__,_name,_native	0	
assets/res/import/7a/7a35d993-ffc4-4602-a3c1-d7781c4d6e25.json	66	710736a2da6add5c441475687dd0714b836191f1a1b84d9a8f74b514d7ca74f6	ok	__type__,_name,_native	0	
assets/res/import/7a/7a565656-946b-4505-abf5-093a25c09ed9.json	175	9e2947041c47deedade3806388f57b95e0688b9e581abb0c00429964616899a2	ok	__type__,content	0	
assets/res/import/7a/7a94e381-9776-4d07-af84-b59e8cf3edcf.json	63	be8ff221f8b838f9a7faec9c1249b8bfc8c94f8743e6218107c63e355b3dbd85	ok	__type__,_name,_native	0	
assets/res/import/7a/7ac5fce6-7c08-4f13-a4da-f162585ede04.json	180	4fa01caff92cabf96520c0f6da26a2d9ffc564061b54796cfd1d6aa4a16bea23	ok	__type__,content	0	
assets/res/import/7a/7ad5a6f8-d605-4ed3-9f75-21ac4afee16f.json	63	be8ff221f8b838f9a7faec9c1249b8bfc8c94f8743e6218107c63e355b3dbd85	ok	__type__,_name,_native	0	
assets/res/import/7a/7afc008f-47ee-4b0d-a4d9-ed66981a9183.json	182	9985744b77f59336e8f87a972f1ecc1baa16b3022ee4d337c4f39014f8368c1e	ok	__type__,content	0	
assets/res/import/7a/7afd064b-113f-480e-b793-8817d19f63c3.json	126	d7462d854dc8e4eb0edd2a24f1da0802e0bcfd146590b8b2fbaae5c9a1850b38	ok	__type__,_name,_effectAsset,_techniqueData	0	
assets/res/import/7b/7b0f368d-07a4-4db4-abd2-558522c29409.json	65	239f126b7afd3bf7649ad93cdffb6eecb22d7e4d4feb9c635bfc1639197b63f1	ok	__type__,_name,_native	0	
assets/res/import/7b/7b2d49b3-db70-4c86-8619-1426c13f2cce.json	69	2cfa940932b2c0a25916bdb6b9bd8b8ffa50ed3f8d1bd9b99376779a9d4d25ad	ok	__type__,content	0	
assets/res/import/7b/7bc6c4b9-5be0-4d7e-a1e1-241b42b78e3f.json	178	7e984efb0617ffd8a480ff6cffb05c72fc424a71a469bd733eb4db59010c856e	ok	__type__,content	0	
assets/res/import/7b/7bd1fa47-eb2b-4100-a0ce-ec5bdfe8e127.json	62	7f638dc50aab5687822248a96f2f9434b35e004eda46fc1ea1cd08ee486596cd	ok	__type__,_name,_native	0	
assets/res/import/7b/7be8e857-ef0b-471f-a9bc-1ccf670efef0.json	67	469e70dc7871e207c54065988c63c35872efa16f9b8b77cef6ce3c252e0b4d15	ok	__type__,_name,_native	0	
assets/res/import/7b/7bed5dd0-5eb7-4f0b-8d21-1f6ddd79b767.json	69	2cfa940932b2c0a25916bdb6b9bd8b8ffa50ed3f8d1bd9b99376779a9d4d25ad	ok	__type__,content	0	
assets/res/import/7c/7c3518e0-39c0-4e7d-bc97-d7b85d9e21b2.json	2641	609e923ced5c60464575e80e1bb450abda9364ef899bc1b03aeceb5c79609139	ok	__type__,_name,_spriteFrames	0	
assets/res/import/7c/7c4409a2-da86-4096-a25e-2528eb23783a.json	182	020fb55151054c47c4abcfd88af4fe241b81e73031e33dbf0706abecc5ef3eb0	ok	__type__,content	0	
assets/res/import/7c/7c54c32b-ee82-4bde-92b6-7fec0615a6db.json	63	be8ff221f8b838f9a7faec9c1249b8bfc8c94f8743e6218107c63e355b3dbd85	ok	__type__,_name,_native	0	
assets/res/import/7c/7c700ca2-9b40-460c-b106-275f6f5d0abb.json	194	45e4c745618c8c6129534ce751d9f57fb566e231ac3cb4e9ad6f5b8917fb7ad6	ok	__type__,content	0	
assets/res/import/7c/7cb01a8e-3871-4c5e-80ca-a3a0059a353c.json	188	c7137d6b276ee959c5673a612003ac0476f033337dcb12efbedbe43f6dc40a1a	ok	__type__,content	0	
assets/res/import/7c/7ccc454e-e1a0-42af-8966-4807034c9631.json	1503	81f02341d8c50a0afec23831f88c613314819aabe19e113eded69b800cfb573d	ok	__type__,_name,_skeletonJson,_atlasText,textures,textureNames	0	
assets/res/import/7c/7ce0a00a-1b63-4f44-873b-450d11b83327.json	63	be8ff221f8b838f9a7faec9c1249b8bfc8c94f8743e6218107c63e355b3dbd85	ok	__type__,_name,_native	0	
assets/res/import/7d/7d090bf2-0f9b-4c04-8bbe-79f10cc54bfc.json	9424	89405f53251832d3fe63be1c433c5ff12080452f6106e056f21f4ef7c4ddf970	ok	list	0	
assets/res/import/7d/7d246d62-a8bd-4923-9be7-3409ed914235.json	192	f04aa4be199ea37c842d8affb49cea354d4d02ec41c5357822754284a18ce950	ok	__type__,content	0	
assets/res/import/7d/7d2d798e-b31b-45c3-ac01-ecab0b28eb64.json	181	63c42fbb75d5cb1a7089b9914ab9ad151d60c0956fe409615702c5af1ff56791	ok	__type__,content	0	
assets/res/import/7d/7d36e207-0678-4229-bb8f-5e0befa27582.json	63	be8ff221f8b838f9a7faec9c1249b8bfc8c94f8743e6218107c63e355b3dbd85	ok	__type__,_name,_native	0	
assets/res/import/7d/7d405e13-1e38-4eb1-93b3-ffdc78a3ca49.json	186	eeda8bded9faa4f644695e86de4bff113641463ecdb12fce315d4db5c72b75e2	ok	__type__,content	0	
assets/res/import/7d/7d5495a0-26aa-4858-a9db-37507aff7ba4.json	3159	e543e56639f862a71587cb79f71d867201bc706a59a571e7e2bda2d2ca3111b9	ok	__type__,_name,techniques,shaders	0	
assets/res/import/7d/7d5790da-37af-4780-8bb8-3760949896b0.json	194	577160879457f026674f9edea710fc3ceba47562b0db0ec6096eae6fb7ad02c4	ok	__type__,content	0	
assets/res/import/7d/7d75fbc6-77f6-40da-b415-89ca0acdf574.json	69	2cfa940932b2c0a25916bdb6b9bd8b8ffa50ed3f8d1bd9b99376779a9d4d25ad	ok	__type__,content	0	
assets/res/import/7d/7d7b0e9c-1c97-45a7-a48b-f7475575571d.json	69	2cfa940932b2c0a25916bdb6b9bd8b8ffa50ed3f8d1bd9b99376779a9d4d25ad	ok	__type__,content	0	
assets/res/import/7d/7d971dc8-b2f6-4755-9d06-770e14a47598.json	188	44ab616d005df10c07b5c6daea38cee4fa23abdcd04fb8b8b399e2d1af754f4b	ok	__type__,content	0	
assets/res/import/7d/7dc3b32e-392f-4915-89da-2ce9d02560a8.json	69	2cfa940932b2c0a25916bdb6b9bd8b8ffa50ed3f8d1bd9b99376779a9d4d25ad	ok	__type__,content	0	
assets/res/import/7d/7ddd40b3-60c6-402c-a26d-2b64d3868723.json	187	ad93cebb165959980569fcd6edcde63c6cef4c2fc653148bbe42ac1e51773307	ok	__type__,content	0	
assets/res/import/7d/7def0f1d-ae15-4dc3-ad4e-c510ec35e3fe.json	18075	1fb5c5fb0b84c6d59cb0751595be81e0316320252a2371b44f3f3c38e0f40e1f	ok	__type__,_name,_skeletonJson,_atlasText,textures,textureNames	0	
assets/res/import/7d/7dfcc304-ee31-4a99-8e68-43d14e96c700.json	69	2cfa940932b2c0a25916bdb6b9bd8b8ffa50ed3f8d1bd9b99376779a9d4d25ad	ok	__type__,content	0	
assets/res/import/7e/7e4325f8-b16f-43ec-b565-8a65b3ad4ae8.json	175	4b3ad910f83c6591412577c65bbb8d62e5592ae3b70f3cc28ed5e8b6d8069642	ok	__type__,content	0	
assets/res/import/7e/7e52db12-d208-442a-97b4-05cef7c1a693.json	69	2cfa940932b2c0a25916bdb6b9bd8b8ffa50ed3f8d1bd9b99376779a9d4d25ad	ok	__type__,content	0	
assets/res/import/7e/7e62b4c5-d26c-4b35-ae11-6ad75435a820.json	36538	cc704f594ce59d5156b65bdbab1ccbc09eab908b3b843679ed2faa23a61df000	ok	list	0	
assets/res/import/7e/7e6e33fc-19bd-4bdd-856d-2c7504a09687.json	178	d7617653c820b712ce51cd91ba6a9b50e653305fc609bf1f394d8a0c916c9e30	ok	__type__,content	0	
assets/res/import/7e/7e729cdb-9f65-423f-b107-4b4ab437317a.json	69	2cfa940932b2c0a25916bdb6b9bd8b8ffa50ed3f8d1bd9b99376779a9d4d25ad	ok	__type__,content	0	
assets/res/import/7f/7f08fe95-4ce5-4c46-85f8-21a82ec1b2ef.json	178	c71c5891dcca6d77d02ca1753e76322fb0d2e8c06a2d135e84c16c732e00fb57	ok	__type__,content	0	
assets/res/import/7f/7f1024bb-3513-434a-92a8-ef03f7f75dc2.json	69	2cfa940932b2c0a25916bdb6b9bd8b8ffa50ed3f8d1bd9b99376779a9d4d25ad	ok	__type__,content	0	
assets/res/import/7f/7f2c95bf-9f60-4c5b-b1d4-eda4fe09b601.json	42358	c850dbbf4ea947d45df2f43d054feed5453a8b100e5d65d4faea44f25bb6adf7	ok	list	0	
assets/res/import/7f/7f4a9700-f1e6-49a7-b7c4-b6b4342fadaf.json	177	1c0e97b558e9f9a6fbe19e14565d65c0f559509a953469414d052234de9fdbc1	ok	__type__,content	0	
assets/res/import/7f/7f8381b6-7fa5-4945-b9c1-92adfc99fde2.json	4930	ac7d4d9ab6372aee66e72e35226827bd9a9f27059cdde01ed7f76ce969c23956	ok	list	0	
assets/res/import/7f/7f994c2a-df95-463d-9f44-2e1c9a911b3b.json	185	89c175f1d880352d9685061f333a4f6db6ed381697783330e5ae140aa366c4b3	ok	__type__,content	0	
assets/res/import/80/801460e6-6d30-4230-aae3-76838973803c.json	197	0526556b866a295bdf7fc68d1e753119d5ad1fb5e59652ca3261205aea3f2e8b	ok	__type__,content	0	
assets/res/import/80/8015a6cb-8e65-4602-b4f3-732e96a518c4.json	186	ed67aacd2e7b39bcff3e75279cad7a8a9cf88a3ebd134fc64d1a59893145aa5d	ok	__type__,content	0	
assets/res/import/80/80789f59-6eba-49e1-bdff-aab74d73201e.json	176	32c12bbd70d61d0ac8730da8ce87e5c5e397a936b28ff54c58874833337e2c49	ok	__type__,content	0	
assets/res/import/80/807efad5-4ea7-4163-b35f-e3d00b768906.json	1068	6cac63e32dc6f03281288ba78164daac359406c799e600bc9c3e0b011d52079d	ok	__type__,_name,_spriteFrames	0	
assets/res/import/80/809f9773-b8b0-409f-8f39-be17bc13dc8a.json	63	be8ff221f8b838f9a7faec9c1249b8bfc8c94f8743e6218107c63e355b3dbd85	ok	__type__,_name,_native	0	
assets/res/import/80/80b2903b-e125-410c-a3c9-d7e9df45b45f.json	52999	c1632141d71da1208634a22bb6b3e841a2bb1dce4b08442ee6796e222b30fc4a	ok	__type__,_name,_skeletonJson,_atlasText,textures,textureNames	0	
assets/res/import/81/81195eb1-ce3e-4795-b51e-829026bb4729.json	187	b8df0dd65132bca3df5e3afa54084cfa0882ef59ff5a6e32c159055eb11c1916	ok	__type__,content	0	
assets/res/import/81/81a38cab-bcae-41fe-afbe-c2504ad21721.json	177	972bd24b90ff7bb020a2614d77e2ec27867af5745e9c024eba227c92f2bf0fbc	ok	__type__,content	0	
assets/res/import/81/81bf9fee-9bf5-44b7-b84f-061fa7efe233.json	914	46c681da068c500483c602bf387ab17a8b5e79caf79cfa2d0e553f38b0941679	ok	__type__,_name,_spriteFrames	0	
assets/res/import/81/81ce7059-a7bb-4be9-9f15-ef0ecbc2de7d.json	186	fb882f7300b36ffd015bf8cdbd7e68594f9247e160c7a064ec0690430dc64cd5	ok	__type__,content	0	
assets/res/import/82/821cbf1f-5892-43d2-8c14-eb22811bcf47.json	74	a97d0d93b1458f9b3ff9697a14c7788d2ceb7b506f784e6f5c012f29c0940676	ok	__type__,_name,_native	0	
assets/res/import/82/822ed93b-78b0-4574-99a7-1bdb4c62f2ff.json	63	be8ff221f8b838f9a7faec9c1249b8bfc8c94f8743e6218107c63e355b3dbd85	ok	__type__,_name,_native	0	
assets/res/import/82/823f3771-e079-44f1-83c7-9c6deba04e64.json	3877	dd503a2aee0806af574c249b24ee36fee942a24b1a9780208e06a2467ab22839	ok	list	0	
assets/res/import/82/82574817-7a4f-4fb2-b4e8-c2754e1a25c1.json	69	2cfa940932b2c0a25916bdb6b9bd8b8ffa50ed3f8d1bd9b99376779a9d4d25ad	ok	__type__,content	0	
assets/res/import/82/828cee74-abc9-48f9-90d3-f4e68d92a1c5.json	179	a7f470f6e58fa73605b729d8c31066942c05ea1e4cf84fb4e8df581df3b22f61	ok	__type__,content	0	
assets/res/import/82/829a282c-b049-4019-bd38-5ace8d8a6417.json	80212	4b0284655e94fc2c2863f877a9827f82fd7cbcd2cb295b0ae1718e77be4ee9e2	ok	__type__,_name,techniques,shaders	0	
assets/res/import/82/82d4590c-c563-4344-8ae6-c767fed3b511.json	186	c65806c1d049a98e803f2e2051e3ae1b5b925f00502de4d69043c5a2f04043e4	ok	__type__,content	0	
assets/res/import/82/82e63da1-b024-4ee9-bf4b-532cdfb43fd8.json	342	258814516908a27bde23266f59d60719c4e9ade0c3e09cd9ecd68935800e8ad3	ok	__type__,_name,_spriteFrames	0	
assets/res/import/82/82f89f02-c5c9-466d-98a1-2c8e9177e4b9.json	183	9fee7c33e16800af0f23da2875a275713e02d2b4688cad4920387cc55a14fd21	ok	__type__,content	0	
assets/res/import/82/82fb8bf4-de2d-4da2-86e9-a7c32cd3068c.json	186	29c18df0afe3a4008acc871acf35aa302e8003c3f644e85f0fc350b774bdc552	ok	__type__,content	0	
assets/res/import/83/83380dfc-a208-4667-af97-3382d937838d.json	63	be8ff221f8b838f9a7faec9c1249b8bfc8c94f8743e6218107c63e355b3dbd85	ok	__type__,_name,_native	0	
assets/res/import/83/83410d64-b184-433b-92a4-da1804c7cb80.json	69	2cfa940932b2c0a25916bdb6b9bd8b8ffa50ed3f8d1bd9b99376779a9d4d25ad	ok	__type__,content	0	
assets/res/import/83/83a10b4f-498a-43ec-91a7-f5a78503a5c4.json	187	852f8a5c124f3083c647afc81d3550881e436aad433b611b1cc930d763069a4b	ok	__type__,content	0	
assets/res/import/83/83d327af-d0c1-439f-ae17-f97e63f8e55b.json	63	be8ff221f8b838f9a7faec9c1249b8bfc8c94f8743e6218107c63e355b3dbd85	ok	__type__,_name,_native	0	
assets/res/import/83/83f0fb9a-69a2-4210-86f5-f6cbba19a5b9.json	69	2cfa940932b2c0a25916bdb6b9bd8b8ffa50ed3f8d1bd9b99376779a9d4d25ad	ok	__type__,content	0	
assets/res/import/84/84869634-c4ac-476b-82f2-31986db34547.json	69	2cfa940932b2c0a25916bdb6b9bd8b8ffa50ed3f8d1bd9b99376779a9d4d25ad	ok	__type__,content	0	
assets/res/import/84/84c5570d-56fe-4b22-a544-49157ec94792.json	63	be8ff221f8b838f9a7faec9c1249b8bfc8c94f8743e6218107c63e355b3dbd85	ok	__type__,_name,_native	0	
assets/res/import/84/84e243c5-7f84-4f4f-811a-357f50d4a62c.json	182	69adebb2716a1ceef42a54fb733ea3176796d9ea63946075ff0692bbc668495c	ok	__type__,content	0	
assets/res/import/85/850ff4a8-4ee3-4276-9a40-dc7109762d24.json	69	2cfa940932b2c0a25916bdb6b9bd8b8ffa50ed3f8d1bd9b99376779a9d4d25ad	ok	__type__,content	0	
assets/res/import/85/853346ae-49d9-4294-b30c-27daef5d309f.json	7464	5cc2a8d3e7a4773e82467b7d34e12e4fdbae0f7ce20bc6ed1aebf621f1d1582f	ok	list	0	
assets/res/import/85/85610449-ed2f-443d-8cb6-5896538fdd57.json	1042	271aa34fa4310b968a15947168b695d520af2822c39184cabe7e944f55745dab	ok	__type__,_name,_skeletonJson,_atlasText,textures,textureNames	0	
assets/res/import/85/85657699-5790-4caf-8142-9e2d848eb9d9.json	68	4d127de5c6ef644a00f5f08349ab9bc9b9830ff2efd2e008155dfa705ce79379	ok	__type__,_name,_native	0	
assets/res/import/85/8579bbfc-d6f8-4f14-bac7-0773bdae607a.json	180	090ed36ed5972f9cb9b17d87b57e02b2fa61cf5390cb338ebb57b37763d0cfd5	ok	__type__,content	0	
assets/res/import/85/85a8f0a1-9f5d-4acd-a3bd-2fbbdd189ec5.json	69	2cfa940932b2c0a25916bdb6b9bd8b8ffa50ed3f8d1bd9b99376779a9d4d25ad	ok	__type__,content	0	
assets/res/import/85/85cb3283-df0b-4bb7-8215-a25956c33980.json	63	be8ff221f8b838f9a7faec9c1249b8bfc8c94f8743e6218107c63e355b3dbd85	ok	__type__,_name,_native	0	
assets/res/import/85/85d09e31-aa73-457e-bcd5-d94233d133f4.json	1754	c9f7b7da12f79389e4a05ea40a6a8bbfe5c750da8e3ad0871177a90d73a47596	ok	list	0	
assets/res/import/85/85de80f7-a503-4c2e-b58d-942d234bc251.json	55	bf6b192075d1fcae9a138e0734b63aa23fa20d10f44c4b3eeba7455d8ae74f92	ok	__type__,_name,_native	0	
assets/res/import/86/86095591-5af7-4184-9527-335f40773578.json	63	be8ff221f8b838f9a7faec9c1249b8bfc8c94f8743e6218107c63e355b3dbd85	ok	__type__,_name,_native	0	
assets/res/import/86/86314311-139d-40de-ad0c-94721f20af3c.json	1808	fec08da83f7d1879a936cb50afc224ceea65a81825e5c6dfee1328cef095808a	ok	list	0	
assets/res/import/86/8663b78e-e211-4a5b-9a4d-b60ae6af8f7c.json	63	be8ff221f8b838f9a7faec9c1249b8bfc8c94f8743e6218107c63e355b3dbd85	ok	__type__,_name,_native	0	
assets/res/import/86/86981853-47ed-41df-a828-4a08af71569a.json	184	d5428c4a94223237caa91290fa65ca37fd5269785aef007c29e8efae0e6d5654	ok	__type__,content	0	
assets/res/import/86/86c0c906-bbdb-4ee1-a838-b33935df53ba.json	10330	e116f13970131831500110f7895ce233581635cedf8ce3b13eace28a3202c97c	ok	list	0	
assets/res/import/86/86d603f1-9ac1-4fec-89af-f4d5e46c1060.json	164	ae632b4a2631966c8f8c3ddd6730d9cebc548faf345e6299be411d8ffbe17561	ok	__type__,content	0	
assets/res/import/86/86fa5745-2f1d-434c-b6b6-7867ed920b10.json	175	e05eadc426cbe38fc8911960f965a1a111a9a04c3cf972f8f31180263fbe72c1	ok	__type__,content	0	
assets/res/import/87/8708e235-7443-445f-9551-bfc0123b8f3f.json	183	1da03b8d13601cc75889f4238511a2600d09541384f5dcc9ed16d564e6fa3561	ok	__type__,content	0	
assets/res/import/87/872256c1-7ddc-4b01-b4d8-4cc27cb6fca7.json	1043	d6bba38c7ecfbbfd18a13ab28ab504e9162044b4d703d7bade6cbafd462de6b6	ok	__type__,_name,_skeletonJson,_atlasText,textures,textureNames	0	
assets/res/import/87/8734c54e-177e-4d4b-996c-d6f8484d0208.json	1459	a8c6a7917952f22370edb88a06b08a4b5717408c912c74ca5381a7291fb396c3	ok	__type__,_name,spriteFrame,fontSize,_fntConfig	0	
assets/res/import/87/87745573-6a8f-4c0a-a171-138298c24961.json	5155	6ace3a5aeebf240ebf075590b1ab3a09501039cde0ccd30c94c01cb3df3903c8	ok	__type__,_name,_skeletonJson,_atlasText,textures,textureNames	0	
assets/res/import/87/877b6a8b-936c-490b-9d43-0987a6ff364f.json	175	51a1b0cf709efe31b3e8be29e2a27891c8d80eb78df4cd5fd7330887a27b06d6	ok	__type__,content	0	
assets/res/import/87/87a00793-3299-4efe-9f6f-bc9f02922c5e.json	69	2cfa940932b2c0a25916bdb6b9bd8b8ffa50ed3f8d1bd9b99376779a9d4d25ad	ok	__type__,content	0	
assets/res/import/87/87bc35fd-4cfa-4549-9342-eee034e1531b.json	63	be8ff221f8b838f9a7faec9c1249b8bfc8c94f8743e6218107c63e355b3dbd85	ok	__type__,_name,_native	0	
assets/res/import/87/87bfdfe1-978e-4b81-8ed4-416fa3bd27cb.json	15732	4b5b6b25ef9b60602469306cc29e315ba0f8ed5704d9836266176c41b023102d	ok	list	0	
assets/res/import/88/881423c3-d030-4688-ad69-d009d255866f.json	197	fb70d5f9ed6595406334e78914e2ab8f9ab0cc7edea51646bacaef1a8cd4e75f	ok	__type__,content	0	
assets/res/import/88/88606820-c937-4873-9741-967057cd381c.json	183	1e31cc0d516a021ae41f276edffeaa9e7d1748b8285c6750fa40e84b9584d0b3	ok	__type__,content	0	
assets/res/import/88/889d71d4-8e98-408e-aba1-d792d73525c0.json	239	0e4db4a280d9c0f2ff4b319c5d7af35e56518f429c2a17d354c6237d857944f1	ok	__type__,_name,_effectAsset,_techniqueIndex,_techniqueData	0	
assets/res/import/88/88b605e4-7ae6-4a08-b9ab-2d0c169fe7ea.json	205	400f9fdc3e3e2a8c4ba93f494fdefb007f4467f2035874e8d91ec3ac1c476837	ok	__type__,content	0	
assets/res/import/88/88c428f1-f77f-41e7-a600-a35cbaae76cd.json	169	8bbab374e845b38cbd56030774b2158957ea93720a6149d8d49d0b03a6a382ad	ok	__type__,content	0	
assets/res/import/88/88e9deba-dffc-4d84-b020-fdb31a87a29c.json	191	6c7335a4b36f987f627d8cd9a2e393378b441d3a7105c052761a2c5123297e41	ok	__type__,content	0	
assets/res/import/89/890acc64-aa92-4b65-b9b8-cc41c42784e7.json	377	d7cf10fa44647f90b6fa1bab5369a30506c89bb14b56ba695ca0758b948af5f5	ok	__type__,_name,_spriteFrames	0	
assets/res/import/89/891c8677-fae3-4a6a-8905-6fa0aa62d0e1.json	205	c0b7095a14c9e3cedc9e796e69931e7248c70a4090b1faaf5d2632cb295267d0	ok	__type__,content	0	
assets/res/import/89/897afcb4-4276-4787-80fe-273a184e1117.json	184	33cb058a2a5efbddcc1581051ddd7c0e542ee87178aa0e7c84453f658dfc0b73	ok	__type__,content	0	
assets/res/import/89/89854930-002c-44c7-bf3a-e4efe70d7269.json	69	2cfa940932b2c0a25916bdb6b9bd8b8ffa50ed3f8d1bd9b99376779a9d4d25ad	ok	__type__,content	0	
assets/res/import/89/89b375b7-02c5-4b50-85b5-a95e2ffb4250.json	5760	1b505631f366dc04c93d9bfba0d5a416fe5599ca1dfee9358bc157265548c9a8	ok	list	0	
assets/res/import/89/89b58144-1d13-4a6c-9fcd-6895a2b94312.json	194	3b3f879d08bf0235fe196082fef456255b3e5c11a3111564a0f84975a6f8f389	ok	__type__,content	0	
assets/res/import/8a/8a0effe2-ab17-45c2-bca2-eaafd489b633.json	63	be8ff221f8b838f9a7faec9c1249b8bfc8c94f8743e6218107c63e355b3dbd85	ok	__type__,_name,_native	0	
assets/res/import/8a/8a1a3d4b-24d4-49d9-b4ef-451703941f76.json	63	be8ff221f8b838f9a7faec9c1249b8bfc8c94f8743e6218107c63e355b3dbd85	ok	__type__,_name,_native	0	
assets/res/import/8a/8a96b965-2dc0-4e03-aa90-3b79cb93b5b4.json	69	2cfa940932b2c0a25916bdb6b9bd8b8ffa50ed3f8d1bd9b99376779a9d4d25ad	ok	__type__,content	0	
assets/res/import/8a/8abbda41-d70a-44d9-a2e8-f65dd11557a0.json	178	b41d90886974fcbddab3c17fda5732556c2a6926ef1d680f6b212bb49a771255	ok	__type__,content	0	
assets/res/import/8a/8ac81666-33af-40c0-a4c3-99a0c2eccc74.json	63	be8ff221f8b838f9a7faec9c1249b8bfc8c94f8743e6218107c63e355b3dbd85	ok	__type__,_name,_native	0	
assets/res/import/8a/8adb20da-2ccf-401c-a289-34b1b0e633d4.json	63	be8ff221f8b838f9a7faec9c1249b8bfc8c94f8743e6218107c63e355b3dbd85	ok	__type__,_name,_native	0	
assets/res/import/8a/8ae5652a-608b-4ac3-8b74-f65b32fe59bb.json	184	2b55f020ee299a780081115d3fd24b679682a96d710a389c67e8c7a10dd2e807	ok	__type__,content	0	
assets/res/import/8b/8b4d5c27-d0dc-4255-8bfe-b1d86df06ae7.json	182	fcb3c96aeca3a774de66c91ced0cb8312383be70a7d7776f5c5bfb4f7e998fc5	ok	__type__,content	0	
assets/res/import/8b/8b6a8e14-ba3e-48a1-8add-0f77c065abdc.json	187	fe93195c7253d40434afbcad37303562de598a19630bb6e650e6d257e4e58a65	ok	__type__,content	0	
assets/res/import/8b/8b77ca8d-f7f6-42c3-8c86-3bcba5fac596.json	1534	3126d6233926a06e807bb9abbb185e93aa61e74f8474a14f760d8ceeb2d0463e	ok	list	0	
assets/res/import/8b/8bbf0b33-6b38-468d-9341-801563280a19.json	69	2cfa940932b2c0a25916bdb6b9bd8b8ffa50ed3f8d1bd9b99376779a9d4d25ad	ok	__type__,content	0	
assets/res/import/8b/8bc49ac4-861b-4ad2-80d4-6eaf596c5aec.json	7248	93cacee5f597e7044c0d3a2f61f31f94b5160af8eea37a051f0f749c079a5ab0	ok	__type__,_name,_skeletonJson,_atlasText,textures,textureNames	0	
assets/res/import/8b/8bc94280-c8e8-47d5-b498-e6cf6de81cb7.json	178	a2aa9f111b7e13d948607726e7a8acee379d9d7ef45dd94d91d43e3d63bce0ae	ok	__type__,content	0	
assets/res/import/8b/8bd89559-6a3d-4213-9983-e76d00644521.json	63	be8ff221f8b838f9a7faec9c1249b8bfc8c94f8743e6218107c63e355b3dbd85	ok	__type__,_name,_native	0	
assets/res/import/8c/8c215a13-25f9-426b-9204-4d9274bed605.json	179	87d7161830954d2f154ede02f97d1db017e0a23613f0d2e8aa45560f112e005c	ok	__type__,content	0	
assets/res/import/8c/8c31d8bb-449a-49f5-8bd4-88961d118cde.json	63	be8ff221f8b838f9a7faec9c1249b8bfc8c94f8743e6218107c63e355b3dbd85	ok	__type__,_name,_native	0	
assets/res/import/8c/8c7ae5ed-ac6e-4cad-951f-d4708e60fca6.json	63	be8ff221f8b838f9a7faec9c1249b8bfc8c94f8743e6218107c63e355b3dbd85	ok	__type__,_name,_native	0	
assets/res/import/8c/8cdb44ac-a3f6-449f-b354-7cd48cf84061.json	179	7bdfbb5602a19c7816dfaa770cde877784daaec5e49644e5c832051f3395391c	ok	__type__,content	0	
assets/res/import/8c/8cdfd697-cf43-4e18-801c-d19643a07d0e.json	177	fa676338c2f0e92f5b8d104f549404a400468cd45b1a556f08dac33d795ea324	ok	__type__,content	0	
assets/res/import/8c/8ce30af9-bc98-495b-91f8-be6c31a12cfe.json	195	26fc35aaf7ab60c08bbb00574e4312882bd35635c6259871a821a46ed9f0a740	ok	__type__,content	0	
assets/res/import/8c/8cec98a3-d1b2-4a09-ac11-4fe2e703f8f7.json	63	be8ff221f8b838f9a7faec9c1249b8bfc8c94f8743e6218107c63e355b3dbd85	ok	__type__,_name,_native	0	
assets/res/import/8d/8d158c40-b6d1-46bd-bdf6-73c6b326dc01.json	178	29df1a3bbc023d8615530c346ede6f985580a313e9688d57a52cdc1369038340	ok	__type__,content	0	
assets/res/import/8d/8d1d951b-9fbe-4545-ba34-365f0e58b861.json	98461	557ceab056b43491cc00d432d912949411cf9ab82b8afe396447f81a07a14cfb	ok	list	0	
assets/res/import/8d/8d7393a7-6b57-48da-a28d-0bb9cf34477e.json	63	be8ff221f8b838f9a7faec9c1249b8bfc8c94f8743e6218107c63e355b3dbd85	ok	__type__,_name,_native	0	
assets/res/import/8d/8d786338-ef01-4a10-bd40-e77085a0b6bc.json	7583	6c7cb87aae5bb48945ed79272dce6c12d99568e548de46a9e87b27c00ade84e9	ok	list	0	
assets/res/import/8d/8d8d5e16-0f8a-40af-b7f0-856a2679da9a.json	178	67c2f9b2413016c3d62cd7fe6d2c2fce474c71bec8723a3982f33f3278770b21	ok	__type__,content	0	
assets/res/import/8d/8dd7d176-7282-4e8b-9db6-a5c23037ffb0.json	1875	5294619eb5bc06257b5910ca8bd3c6deffc7ffd467597712f1b5f34d418148a4	ok	__type__,_name,spriteFrame,fontSize,_fntConfig	0	
assets/res/import/8d/8dda3003-f887-4c92-bfe9-22f82f3a97fc.json	181	3924079cefee77a343e745d1926c323bb8f743a18d68d15aadfbd1db7b5868ef	ok	__type__,content	0	
assets/res/import/8e/8e135bca-c3ca-4e12-b9b3-8512c70b3f24.json	63	be8ff221f8b838f9a7faec9c1249b8bfc8c94f8743e6218107c63e355b3dbd85	ok	__type__,_name,_native	0	
assets/res/import/8e/8e20bb6c-3460-4fae-9843-d1769c082a7d.json	168	4f01472701c1e864249655aad6008e4f5a97c5f161cb69b7532a4da7d2476d2d	ok	__type__,content	0	
assets/res/import/8e/8e21633b-dffa-4bdf-a72d-7a8df83f95fa.json	63	be8ff221f8b838f9a7faec9c1249b8bfc8c94f8743e6218107c63e355b3dbd85	ok	__type__,_name,_native	0	
assets/res/import/8e/8e227a75-08e5-40db-9c63-2edbdb2139e8.json	187	0c280c595846d3fde5588d9733e93c4ef7545cfb0c54410c1e5f639208c55494	ok	__type__,content	0	
assets/res/import/8e/8e59fdf3-2c7b-4b95-9bbd-4312d8ed6bc2.json	183	c219db168f89d9e725091909e0ec45602b059ed3cc21219afe656a6f14a97b59	ok	__type__,content	0	
assets/res/import/8e/8e796bda-ecd9-48e0-8640-be37ae072a11.json	174	056a9b5433781e1dedcd99252a1bb25828196d01021a66a26a801598c9b28a96	ok	__type__,content	0	
assets/res/import/8e/8e85df45-e700-4564-b3e7-42a7af078b68.json	180	1e517760c968a52228ed4ab4e181bbf6ce0cce8f5a82a1620bf03efc94764fae	ok	__type__,content	0	
assets/res/import/8e/8ecd8a25-094c-4014-b3ab-454ff6b9931a.json	182	b3c3283a353ae67761e4bb7c696eb2d3884bb54aac33ec4d9bcdcd455fcb1f78	ok	__type__,content	0	
assets/res/import/8e/8eff479f-3781-4f68-9c9f-61a578a358d7.json	184	6649ad235448844573e19c56e462cc3cae285ac983be1ed2c46a1f4daec8ca73	ok	__type__,content	0	
assets/res/import/8f/8f0d45a5-f4a4-43cf-8411-2af71f86f659.json	184	7f14746a783ed3aadf317b82e202ef036e589dd2e39fe66cfd125c5685e03634	ok	__type__,content	0	
assets/res/import/8f/8f1adfac-a41e-4b1b-989f-402610f23d5b.json	63	be8ff221f8b838f9a7faec9c1249b8bfc8c94f8743e6218107c63e355b3dbd85	ok	__type__,_name,_native	0	
assets/res/import/8f/8f1cb4b4-907e-44e3-b3b0-2f38f5e66b67.json	69	6ff5109ca7d29f6cc1074903763a293bf56f77a7e210029796e5b45a50ade927	ok	__type__,content	0	
assets/res/import/8f/8f34229b-9d6f-437d-b67e-8a98b18a85bb.json	69	2cfa940932b2c0a25916bdb6b9bd8b8ffa50ed3f8d1bd9b99376779a9d4d25ad	ok	__type__,content	0	
assets/res/import/8f/8f69f316-0af7-41a6-9850-a3a303abe6c5.json	191	935c9ee5a9413858c9b7b1a43a06b3ccc5c2956b07f82c58e4abbeae6a796dcd	ok	__type__,content	0	
assets/res/import/8f/8f7816a8-5b97-4e45-97fa-5de0419c9ed6.json	63	be8ff221f8b838f9a7faec9c1249b8bfc8c94f8743e6218107c63e355b3dbd85	ok	__type__,_name,_native	0	
assets/res/import/8f/8fdda90e-9515-4ee8-9302-d59cf50833f2.json	63	be8ff221f8b838f9a7faec9c1249b8bfc8c94f8743e6218107c63e355b3dbd85	ok	__type__,_name,_native	0	
assets/res/import/8f/8fec4428-032b-4550-9d37-2498008fd8ce.json	69	2cfa940932b2c0a25916bdb6b9bd8b8ffa50ed3f8d1bd9b99376779a9d4d25ad	ok	__type__,content	0	
assets/res/import/8f/8ffc49da-23fd-4f30-9672-e36c64be453a.json	189	6f928c5d5147abb7a72cbde54a1b050f7e807222cfd41459b9d28c393e57f214	ok	__type__,content	0	
assets/res/import/8f/8ffdc729-6c03-479a-a1bf-baeb7d618bcf.json	63	870cfb2c42099b45889cd15fc2a5af5b77d51a1a3cc11c5db8c9976ad3fc3a81	ok	__type__,_name,_native	0	
assets/res/import/90/90004ad6-2f6d-40e1-93ef-b714375c6f06.json	189	f3dd3b72e6ae40c754e3582233c1e16827c986b28d2128f39a80f6fd76af837a	ok	__type__,content	0	
assets/res/import/90/9035600a-1595-408b-9368-5b579d2cfdac.json	183	5030c8783a3b4b5223497207c39ea6b57d08ab36818ffb968519f91231452517	ok	__type__,content	0	
assets/res/import/90/903b873f-dc01-4ece-8c63-93ab3a6d4e54.json	69	2886877c8be4cf20d1dbfcfb47e319df72148b9a2cb701b8f3705ec62021771c	ok	__type__,content	0	
assets/res/import/90/905665ca-cd9d-4678-b842-613271d332d1.json	178	9aa40fd440db9383663394b971ced789a8b6e6374a37cc08ac1584be08e095b1	ok	__type__,content	0	
assets/res/import/90/90829257-65dc-4305-9d85-4667f30c5328.json	1335	0b0fc85e50e71810b045598ab0d210d955dc81cd0e4b243ac42b8da70b872ad5	ok	list	0	
assets/res/import/90/90a5b778-536a-4749-8435-ad5c1b8db5db.json	180	ac317b4ef07dc5ba2d01eb048ef9325aeb77dee25b0b072614fd1d7116a3c23f	ok	__type__,content	0	
assets/res/import/90/90e5bb5c-f6b2-494f-9bb3-82f05685ddf1.json	63	be8ff221f8b838f9a7faec9c1249b8bfc8c94f8743e6218107c63e355b3dbd85	ok	__type__,_name,_native	0	
assets/res/import/90/90e89626-1e67-4678-b92b-4f7a1e6fffeb.json	185	9c9a17ad11f578677aecadd51b3f37c4493b0fdd4c893107a34f255d8b46b07c	ok	__type__,content	0	
assets/res/import/91/9140c7d6-d53c-4652-bd77-65acf6fad39b.json	69	2cfa940932b2c0a25916bdb6b9bd8b8ffa50ed3f8d1bd9b99376779a9d4d25ad	ok	__type__,content	0	
assets/res/import/91/91414970-da47-4b8d-8acd-736a655b1133.json	179	d557f81794bd9c1346fd33a8e4b59f373c8fb630a7591614335b5aa2f71e1ed1	ok	__type__,content	0	
assets/res/import/91/917a82b0-9b4b-4aac-a900-05129b26c012.json	186	7cac1dde9556c7b7e79a4b7ef19a64260ada8f28a394b60dc794e7e0a259efec	ok	__type__,content	0	
assets/res/import/91/91aaee9d-9c2e-4335-bc7c-d1b59d49bc0f.json	192	ade51381a937a6ae2334fdc108c8dd81aad00ac5e70571ddac680d751e8fa16a	ok	__type__,content	0	
assets/res/import/92/920c6c40-b3c3-4e6e-b5e5-5189134e5071.json	190	f0a96c14c1b54ff609797e52545d1be383297c44ae0c0c2718a172c7e7fa1dfa	ok	__type__,content	0	
assets/res/import/92/922520db-7d02-4a6d-8307-f306ab7a3deb.json	193	5dafe49773658929b4164c11e0f69cfdfac7b9fc73d98e1e0d8f43a7da0527c5	ok	__type__,content	0	
assets/res/import/92/9238f021-59c1-4b7b-a3ac-3be0c776fbb0.json	63	be8ff221f8b838f9a7faec9c1249b8bfc8c94f8743e6218107c63e355b3dbd85	ok	__type__,_name,_native	0	
assets/res/import/92/9240f172-478d-4306-9db5-6f67b481de17.json	173	e808690f8e34e06f66086295421035c3ee9aa90bd790153234a4a48a7016061e	ok	__type__,content	0	
assets/res/import/92/92728bc4-3bdb-427e-aa30-ee6299ecc4c9.json	48236	13369ec30a7b767fea17ebe59b3a445fbca7de78d4eeb386e8d1d0164fcf928c	ok	list	0	
assets/res/import/92/928049f6-b144-4038-a96a-e6c2d3549f76.json	62	755252b283fba57ddcafa565c806eb388f2b638270736e6b6032f8be208f0c3e	ok	__type__,_name,_native	0	
assets/res/import/92/928f2a1d-76f8-44de-b148-11c01b0e7711.json	13286	e942561aff6abe4c7815ae313ef4a685770555031de9cbe05186b23d9bf3e59c	ok	__type__,_name,_skeletonJson,_atlasText,textures,textureNames	0	
assets/res/import/92/9299f60d-2cd9-4a9d-8291-d6d18e005c73.json	69	2cfa940932b2c0a25916bdb6b9bd8b8ffa50ed3f8d1bd9b99376779a9d4d25ad	ok	__type__,content	0	
assets/res/import/92/929ddff0-fe22-4e5f-9284-a8cd3b3b8782.json	63	be8ff221f8b838f9a7faec9c1249b8bfc8c94f8743e6218107c63e355b3dbd85	ok	__type__,_name,_native	0	
assets/res/import/92/92aa2721-9f63-45b3-82f7-f8d29ac60a78.json	175	793bbc107c9f6e5ffdcc584931e821d39ea744b16f24a1703bab059348cf7692	ok	__type__,content	0	
assets/res/import/92/92b2c4eb-4df6-406f-97c9-a401710fbe78.json	181	36e987adf78ccd4c2d933bf2541ba65cf6dcefd23376e3b42aa964fbee9c7e5e	ok	__type__,content	0	
assets/res/import/92/92bb9b6a-3e72-4021-a215-02746852bc0d.json	2670	e8ce5facdd8f6ab9f47d006308a6d05313c4739036f6b0681bc8666c11b88f77	ok	list	0	
assets/res/import/92/92d03f3e-b952-4208-8237-23b20037a43a.json	185	4acca074349edd40c86f248b86e9283413d5c9471617aa45d2ee335d651c1f6e	ok	__type__,content	0	
assets/res/import/93/93113191-b251-4e3c-ab00-db943bfe6b15.json	19098	191c6cc982da35bcff843361ad3ce8f554913c986c24f30457a0bcb5b0398176	ok	list	0	
assets/res/import/93/931406ea-9df4-406f-a5d3-953ae1234089.json	63	be8ff221f8b838f9a7faec9c1249b8bfc8c94f8743e6218107c63e355b3dbd85	ok	__type__,_name,_native	0	
assets/res/import/93/931501b2-d632-4318-9027-0a61e40cf7f9.json	69	2cfa940932b2c0a25916bdb6b9bd8b8ffa50ed3f8d1bd9b99376779a9d4d25ad	ok	__type__,content	0	
assets/res/import/93/932f7649-59df-417a-9e78-e1b6998aa491.json	63	be8ff221f8b838f9a7faec9c1249b8bfc8c94f8743e6218107c63e355b3dbd85	ok	__type__,_name,_native	0	
assets/res/import/93/934f780f-52bf-4a2f-b0dc-608fa2b578ca.json	182	4790c89d8b365c18b27802b8674e3241762a8404dea1c55077f858df32d30bbc	ok	__type__,content	0	
assets/res/import/93/93758ba6-04e0-4b08-abb2-f72a0319aa50.json	63	be8ff221f8b838f9a7faec9c1249b8bfc8c94f8743e6218107c63e355b3dbd85	ok	__type__,_name,_native	0	
assets/res/import/93/93f657c9-5904-40e6-ac2c-a7e6ef879b75.json	187	189b8c713a9e6ec17cdccaaf7b4e8a3dc210df2da3f6f30a9e25020dbd0bf5b0	ok	__type__,content	0	
assets/res/import/94/943d3783-e4d3-4219-b945-8e2133e48229.json	69	2cfa940932b2c0a25916bdb6b9bd8b8ffa50ed3f8d1bd9b99376779a9d4d25ad	ok	__type__,content	0	
assets/res/import/94/9459cc46-d3cd-42fa-b3d9-8886938934bd.json	18500	7e4a27836733939a0c5776cb13a5bf357a6585095071bfb55f98dd917172906c	ok	list	0	
assets/res/import/94/945bcdf4-29fd-4165-8ac0-c21ab60ce130.json	171	2b12f40da4d1c6221240dccec9b1f8faf566cb93176db99a575b34c86a237160	ok	__type__,content	0	
assets/res/import/94/94627687-f4a5-4027-9b9a-860712ff298e.json	181	23ec539327bf7fa227fa3780d1bdf281eeff0973cd356485f6145a3085e90816	ok	__type__,content	0	
assets/res/import/94/94757bbd-bb22-403a-850d-21963a2624de.json	184	f669a820cfa71c9557786022fc0fc1e91444b7fac8021d57b1224340d4e77348	ok	__type__,content	0	
assets/res/import/94/94d5e324-8e78-4332-96d0-e1239817b327.json	189	719fd6a7694745abe234788f98c03aff863ef0fc8e544e7ad9c1f864b2186c57	ok	__type__,content	0	
assets/res/import/94/94d67406-b810-49f1-8b3b-898938f17a6a.json	181	54b1276f1aecad307da42111f7ebcf4eaa27a5919bdc56cd872df88d33a058fb	ok	__type__,content	0	
assets/res/import/94/94ff5e41-b397-4971-a4fc-e21df9f6b8b9.json	183	9e8b9d6cd5fb7961ffea45940e4164458db09547fac3a3b0a0290953c0502c71	ok	__type__,content	0	
assets/res/import/95/950658f3-8b81-4db3-a9d9-adcec003dca8.json	184	6ad8e8ff3c7498df3b4c2c47e774b75b9a6a3d0f2edbc6abdc0ea0d07ab9b8a8	ok	__type__,content	0	
assets/res/import/95/9510383b-cab3-4dbb-a331-5e8e96b1f7f8.json	62	804c89488023b845f375e0808c38ae71392296934bf3b1a01c10555afbce962b	ok	__type__,_name,_native	0	
assets/res/import/95/952874b8-9c0e-46f6-a1e6-0b624c8f2e84.json	241	9634b74bccc3910dedef1fc80df03c4d6eb769d5b6ef66dc27cb30f28ca12cb4	ok	__type__,_name,_effectAsset,_techniqueIndex,_techniqueData	0	
assets/res/import/95/956b3cf9-2f13-4850-9ba5-7b90a630c8b2.json	69	2cfa940932b2c0a25916bdb6b9bd8b8ffa50ed3f8d1bd9b99376779a9d4d25ad	ok	__type__,content	0	
assets/res/import/95/957dc876-ab0d-46b2-9ff1-df054f1054a7.json	178	1357e42a57d0de4b856ece528f9e1f113ad80080e99a1327d159f3688e672083	ok	__type__,content	0	
assets/res/import/95/9583ed37-aeb4-41d6-bf38-4cdb1003afe2.json	1942	d063c6cb33b3f6f7c84029e5b1aeadd09b653cfd73837b54017e3931f5a9db84	ok	list	0	
assets/res/import/95/958bd281-f582-44f5-afbf-4374d3c6354b.json	178	fb8993a4c1164f5bfa458a19749206101d9e8ba8244598616d5c400d22af2491	ok	__type__,content	0	
assets/res/import/95/95a44369-c5ce-4487-99b1-cef94fcf411a.json	177	67d473dc129dcf010d452a4c356c9c30940acb725c5f513a5be71b39d05cf129	ok	__type__,content	0	
assets/res/import/96/9604032e-cc98-4e88-ab54-f754990ba749.json	68	9986d10d7f950441d2621d75f03e14979ef6ded497e52a7103078fd2c3009a6c	ok	__type__,_name,_native	0	
assets/res/import/96/96144146-e10a-471b-b893-ef01aaa21669.json	69	2cfa940932b2c0a25916bdb6b9bd8b8ffa50ed3f8d1bd9b99376779a9d4d25ad	ok	__type__,content	0	
assets/res/import/96/96288c33-bbfb-4249-8077-00e2da6008b6.json	701	164be9427869b164d93ba868de81f58595ed5fe0aacf86a8a1679d1a93ae2420	ok	__type__,_name,_spriteFrames	0	
assets/res/import/96/96406d16-de79-46ef-8eb1-3ef7d5c6efda.json	182	65d97454ac7552c77f7e9df647274e28998fd32bd214a7ee29b65ba05e4e7806	ok	__type__,content	0	
assets/res/import/96/96521601-a1a3-4a59-855b-b2a5ddbb466c.json	195	3d6025c8fcf297d8cc2daf189922e72670aa9101f00008e97f71844d3299ba5e	ok	__type__,content	0	
assets/res/import/96/96b24541-d844-41dc-8e72-45a69adcbf06.json	63	be8ff221f8b838f9a7faec9c1249b8bfc8c94f8743e6218107c63e355b3dbd85	ok	__type__,_name,_native	0	
assets/res/import/96/96d46590-c261-4a1b-af83-ca2e889a4784.json	180	2a57d492011baeab6e9057bcbf0bffeebb0695cb36109e030781da3f51b0bd96	ok	__type__,content	0	
assets/res/import/96/96fdc58d-0cfe-41b7-aef6-762de3977de2.json	282	76928d09689114908a834a909d83788985964d0b10aa1b3faa268e6762d74942	ok	__type__,_name,_spriteFrames	0	
assets/res/import/97/971223db-a03d-4b2e-84b6-9dae9cc28a91.json	63	be8ff221f8b838f9a7faec9c1249b8bfc8c94f8743e6218107c63e355b3dbd85	ok	__type__,_name,_native	0	
assets/res/import/97/971b8449-d010-4c72-987b-92a87f89741e.json	190	94da1685befb480f870b83fb1d7afa99e3623f7688d1b814600e9d49a87ab11b	ok	__type__,content	0	
assets/res/import/97/97357815-ef25-4582-b42d-966621043a9e.json	2662	a64476253dd087b93f31c8404cb3af2401561b8ecce05dcfe99e87c4e33deb9e	ok	list	0	
assets/res/import/97/975591d2-878f-4c37-9d9c-61f6dcaad6ef.json	63	be8ff221f8b838f9a7faec9c1249b8bfc8c94f8743e6218107c63e355b3dbd85	ok	__type__,_name,_native	0	
assets/res/import/97/9797b3a2-18e9-402d-a24f-90c0a02f207a.json	181	d8f18ee1d9f340b8faf8949f7e2064d816768f85d25a75dafd2f5d8f2cefcaee	ok	__type__,content	0	
assets/res/import/97/97f60494-0892-4875-a5a0-db44aab3853b.json	33534	9662907d6d856476617c0103dacdf28a1665f176d50d2f384017553336e4523e	ok	list	0	
assets/res/import/98/980454c8-ecad-452d-8be2-fcbb8a1545f4.json	186	df8dd12e5fbf10a6042f0989510b3c4dd57190c5876eb0fcfdf8e9c823b2ba9c	ok	__type__,content	0	
assets/res/import/98/9814c355-d620-4a7f-8b2d-20e5db282e5a.json	57	47db53209e2e4422d90299629c0fd4d015d8cdb4309107890306fb5029829ff3	ok	__type__,_name,_native	0	
assets/res/import/98/9846d7ac-7585-4b97-a73e-317a6c0f113c.json	191	ce2071d5fda6924595c9cc0922cf9ff5fa76588467bb635819cb80b3194c786c	ok	__type__,content	0	
assets/res/import/98/984cb1cb-a789-4746-afbe-256d86b700d4.json	177	2f81e56782d0354986a8bde6396b6488a2ba4d64af47ecc43191cb8fc2809941	ok	__type__,content	0	
assets/res/import/98/986eaf54-720c-4803-a893-12912362f6f1.json	178	87ad6957af2e253dd33acb252ebea5f4ed7f3b902ceafd6a298aab13c88f5f37	ok	__type__,content	0	
assets/res/import/98/98998de4-6494-4af3-b54a-b2342c6ad94b.json	23392	ba2a5f89c8d7548a567a2bf6529dbe49f26b0edfdb1863c28677bee5bf3bff8b	ok	__type__,_name,_skeletonJson,_atlasText,textures,textureNames	0	
assets/res/import/98/989a623e-1a44-44f7-8dbd-65b87d656a1a.json	69	2cfa940932b2c0a25916bdb6b9bd8b8ffa50ed3f8d1bd9b99376779a9d4d25ad	ok	__type__,content	0	
assets/res/import/99/9903d726-6a86-4d6b-a266-2dcbf3fcc587.json	195	35bfae82881aac2e58bb5bdf02f43c9d8f072decf182b539d99e8b77fb3b795d	ok	__type__,content	0	
assets/res/import/99/990a20d5-cb6b-4c4b-a843-5688030bcb62.json	201	160bf3566b4505570e9fe0f4967e8730ed7bb0d9ab27346dfccb28651bb9a998	ok	__type__,content	0	
assets/res/import/99/991777b8-cd38-4d30-a239-c0b4ec9697e4.json	69	2cfa940932b2c0a25916bdb6b9bd8b8ffa50ed3f8d1bd9b99376779a9d4d25ad	ok	__type__,content	0	
assets/res/import/99/992e2c6f-4201-47cf-8ade-5d7338a520e8.json	196	62e45bd71ad51f7702a99bf55b95a50616987bee8eeb8d439f6b5d4ccc6dd833	ok	__type__,content	0	
assets/res/import/99/9941a2b2-3b6d-4cc4-b9f6-be4c05c28ca2.json	17910	62306f77a755e974ae4d6f69b9aa4ed83fff9b03a0f5afbbc21bc378255c0ca0	ok	__type__,_name,_skeletonJson,_atlasText,textures,textureNames	0	
assets/res/import/99/994fda8e-b3ac-4817-8dd5-3fac4bd13ebb.json	151826	2eaab7fba5910d2dc6d759fd62b4707c1146291b3939ed26a5f874c924eb0ab0	ok	list	0	
assets/res/import/99/99676135-7606-47d9-ae11-5b5c7f56fee6.json	171	1c2891e76bba30704a20d84ede829157e435950ef3555f647724532e6b11281e	ok	__type__,content	0	
assets/res/import/99/997021d0-e6e3-4f0f-9597-339a4556844e.json	41707	a65b2fcfd01d8296e90cd4ed3c9f86f82033078857d99c3cc08d1d0280c4903c	ok	list	0	
assets/res/import/99/998333fd-ddbf-49c0-ba49-e77fca08fc66.json	8181	349d027bddbef9c8db548c76d5eb51a44992270d5de5d8de785b163c147ce619	ok	list	0	
assets/res/import/99/999bd4d9-db8f-4a07-801a-780c9bb1575a.json	69	2cfa940932b2c0a25916bdb6b9bd8b8ffa50ed3f8d1bd9b99376779a9d4d25ad	ok	__type__,content	0	
assets/res/import/99/99d32e12-d611-45c5-b46b-90c424234d30.json	63	be8ff221f8b838f9a7faec9c1249b8bfc8c94f8743e6218107c63e355b3dbd85	ok	__type__,_name,_native	0	
assets/res/import/9a/9a0475fe-44ba-4439-95ae-813be5af0179.json	69	53ae020121fd30db1cd06ae755e2583f307c4695d8650ee2d1c7f7810aca729a	ok	__type__,_name,_native	0	
assets/res/import/9a/9a22b2f2-f6a4-4152-a08d-1e172e8dc4df.json	63	be8ff221f8b838f9a7faec9c1249b8bfc8c94f8743e6218107c63e355b3dbd85	ok	__type__,_name,_native	0	
assets/res/import/9a/9a30cf08-ceaa-4433-bc49-8c3f472ab697.json	69	2cfa940932b2c0a25916bdb6b9bd8b8ffa50ed3f8d1bd9b99376779a9d4d25ad	ok	__type__,content	0	
assets/res/import/9a/9a4ac92d-fb6c-4e4f-94cf-100238e93f30.json	182	5362520cd16509b874618f2c48ee752a72553336ec685060ec86ae36ecaf9cfb	ok	__type__,content	0	
assets/res/import/9a/9a8eb2c2-1d99-460a-bc93-b12c70a9baf6.json	63	be8ff221f8b838f9a7faec9c1249b8bfc8c94f8743e6218107c63e355b3dbd85	ok	__type__,_name,_native	0	
assets/res/import/9a/9a979f30-2b0f-4485-ac91-94f2d5019b88.json	176	4204a74c6aa7c6d8bd226b35012076f54357becb2648b84f4c1a9afe2e03c6f2	ok	__type__,content	0	
assets/res/import/9a/9aa3f32c-dc06-4227-b407-f2651f507cac.json	181	fcd0b6f339a0fb702e4090df4a16a946b4a49223db970469d09bd8af4d74c797	ok	__type__,content	0	
assets/res/import/9a/9aac7cd0-bc03-4516-aacb-c41019fe69cf.json	70	87b31fb5e4e3276c90f711e3c6d01315e0589bc8713d0b875455a87b3d339f7b	ok	__type__,_name,_native	0	
assets/res/import/9b/9b0824b8-b628-4a5f-89f4-9b443272e7b7.json	58	345a353101b92cc03e0f97761c4c664255bfeab8e9da8fca1d0cb38e89488a7a	ok	__type__,_name,_native	0	
assets/res/import/9b/9b380ced-6ecc-42dc-907f-e1e82693be40.json	63	be8ff221f8b838f9a7faec9c1249b8bfc8c94f8743e6218107c63e355b3dbd85	ok	__type__,_name,_native	0	
assets/res/import/9b/9b7d25df-6938-4130-a231-db4e02a1e4d3.json	179	f28f19434e32df2f5234866b4abecc64896687894aed70a26754af96814123ef	ok	__type__,content	0	
assets/res/import/9b/9b910d0f-d03f-4397-bfec-f1f35086bcc0.json	196	5779263396c2e2db7bf96e0a21c4c608e1e2d90d0b935932e0d6eacb4c2c4c2f	ok	__type__,content	0	
assets/res/import/9b/9bbda31e-ad49-43c9-aaf2-f7d9896bac69.json	178	5f3296bd018b1939becbc7cb6a65dcaf4e5fe66deb6ba17f74778677a7bae648	ok	__type__,content	0	
assets/res/import/9c/9c08f79d-ff4c-4c64-8e88-0ef6619fb73c.json	69	2cfa940932b2c0a25916bdb6b9bd8b8ffa50ed3f8d1bd9b99376779a9d4d25ad	ok	__type__,content	0	
assets/res/import/9c/9c2346cd-7d29-4162-9e93-518682ee7400.json	67	b8c16e2298b97f10e3c15589f78220fa4afcfac15512532d9c16d1743c0b773c	ok	__type__,_name,_native	0	
assets/res/import/9c/9c38bf7f-1174-4be9-903f-a4241f8e138e.json	71704	b715584a3a6f843f49b44375b0edcaaba72772d668743fa50cda6afeea635bc3	ok	list	0	
assets/res/import/9c/9c53e074-20e2-47c4-a91d-85d3b10d9f47.json	69	2cfa940932b2c0a25916bdb6b9bd8b8ffa50ed3f8d1bd9b99376779a9d4d25ad	ok	__type__,content	0	
assets/res/import/9c/9c61bdf6-013f-4c96-841d-b487ecb0882b.json	63	be8ff221f8b838f9a7faec9c1249b8bfc8c94f8743e6218107c63e355b3dbd85	ok	__type__,_name,_native	0	
assets/res/import/9c/9c8df5df-5839-41df-9bb8-53db85ababdb.json	19534	acf13196d69f5e24b892de669a5a5ac1648c2a98f33ab2edb5322958596a99ef	ok	list	0	
assets/res/import/9c/9c993281-3c7f-4ed1-92e1-13b722f64689.json	9410	9ea09047b64d5307350a0716156e9614b685bdad73c8de8b3b784e7263724c0d	ok	list	0	
assets/res/import/9d/9d18092a-3124-4a08-bf1d-b50b121778e1.json	189	d3357464d57f993adbf26ec0e1ed32f342db24bcd01ae23485f8268b6c62aadd	ok	__type__,content	0	
assets/res/import/9d/9d3dd317-947e-4776-8bb3-1072d0f59a3c.json	179	0b5657ce96df60722b05d238e3e766ce145b2960ed6ea295fc850f557fc48f25	ok	__type__,content	0	
assets/res/import/9d/9d4278a9-1084-4a1e-8398-0c5ba2d9b710.json	69	2cfa940932b2c0a25916bdb6b9bd8b8ffa50ed3f8d1bd9b99376779a9d4d25ad	ok	__type__,content	0	
assets/res/import/9d/9d7023ff-6130-4712-bd31-beff7cfa0a78.json	63	be8ff221f8b838f9a7faec9c1249b8bfc8c94f8743e6218107c63e355b3dbd85	ok	__type__,_name,_native	0	
assets/res/import/9d/9dd45c54-3fe9-4c9c-a18f-a17c8ea93a75.json	193	ce5af6d84cdea095bfc095f7b9d5c8561b9fb60884c7f653582690a83f9ad92a	ok	__type__,content	0	
assets/res/import/9d/9de5d0ce-b7eb-4b3b-9333-906c8007c0cd.json	184	9be82d1e9bc7ab6519ec1771289bfa1723e69570db9b7e5753e2861ba417ef64	ok	__type__,content	0	
assets/res/import/9d/9dfed39c-0e8a-47a2-8ff7-82ace8b1e233.json	21588	1c73ee4cafd1463d03fb66fdba03307c1953ae1123f26f2246b14fc30724ab2c	ok	__type__,_name,_skeletonJson,_atlasText,textures,textureNames	0	
assets/res/import/9e/9e394dba-1fa9-4177-afe4-c4dff67c526c.json	194	d1f66129c97c47b5235c04fac48cdc71fae3fc3c0be0cdd0c2d28465cc253e3f	ok	__type__,content	0	
assets/res/import/9e/9e9e2037-3955-4f94-9640-d07260f46145.json	176	8908edc83e4bd7a7c3ae86c9e39045e9e91f145e1e0a8e144f8e6f8b7159d9c5	ok	__type__,content	0	
assets/res/import/9e/9eb098ef-c99d-416b-a581-b1b3719e6f92.json	69	2cfa940932b2c0a25916bdb6b9bd8b8ffa50ed3f8d1bd9b99376779a9d4d25ad	ok	__type__,content	0	
assets/res/import/9f/9f19a6c5-bb9d-4c9d-95da-4952ceb6b2ff.json	69	2cfa940932b2c0a25916bdb6b9bd8b8ffa50ed3f8d1bd9b99376779a9d4d25ad	ok	__type__,content	0	
assets/res/import/9f/9f262a8e-7d7e-4a6e-86e2-893abb3d26ed.json	59	89bbf9bd6f97fb221f6c6aaf2008a88a9f4a29fb92f1a6b3c4fd11d74bd2a85b	ok	__type__,_name,_native	0	
assets/res/import/9f/9f2a44ef-991a-43ba-84d8-ca00ccc6bd23.json	61472	dd8cdc7d2d4f8f608fc6ae119a2a8e86698e94d9f4b8a5200aca23ab639366f5	ok	list	0	
assets/res/import/9f/9f6b9128-6e8b-46f5-929e-1b79101bc844.json	63	be8ff221f8b838f9a7faec9c1249b8bfc8c94f8743e6218107c63e355b3dbd85	ok	__type__,_name,_native	0	
assets/res/import/9f/9f8ce375-f903-4b19-83ee-16c270e083ec.json	6858	ec2c128b242220e54629614e37cf5b5df0ceb1f34a2126b85d0ecb6b08c674f2	ok	list	0	
assets/res/import/9f/9fb681cf-6675-499a-9e07-828b32578b68.json	7650	58a2b20569f8ca2d98026b7761b9636d00edf1873c62a98f85baf35822d1a380	ok	list	0	
assets/res/import/9f/9fc6cd89-69db-4aed-8e6a-06c1476c5158.json	59	6801865a3a31cccfb6f764f08aea4c5131092d67afb4539f9f90c5135522d9ff	ok	__type__,_name,_native	0	
assets/res/import/9f/9fe5c840-76ee-4ccd-b326-4a572cb03a47.json	198	5b0e0ca5285e487d2cfe308c2804fe0bf10fd24c3987fc941ed92f9e5d3cc115	ok	__type__,content	0	
assets/res/import/9f/9fecc9af-2a67-4447-adf2-5cf2215ca6b4.json	193	e8f29da863c37c186644d92c8183a8a47082e1542ef42f747219990cdb4e936a	ok	__type__,content	0	
assets/res/import/a0/a00f10d6-0f93-432b-81e0-e8aa24616b30.json	174	418d5fe5a256ba53dd871a578d4dc40a9c64f713dd40e794b1189cc7d8120c22	ok	__type__,content	0	
assets/res/import/a0/a01f8a68-6e25-47cd-b01b-707d81763646.json	69	6ff5109ca7d29f6cc1074903763a293bf56f77a7e210029796e5b45a50ade927	ok	__type__,content	0	
assets/res/import/a0/a0424fdd-dfc5-435a-be09-ccd76fd46c26.json	224	fbbf17731bcff31a453ba1d95ece8a9623aa8ab324f506d3f511dcc551059039	ok	__type__,_name,_effectAsset,_techniqueIndex,_techniqueData	0	
assets/res/import/a0/a06b7e78-e772-43e2-ad2d-e6b729501a5c.json	69	2cfa940932b2c0a25916bdb6b9bd8b8ffa50ed3f8d1bd9b99376779a9d4d25ad	ok	__type__,content	0	
assets/res/import/a0/a0784b21-52c0-4be2-b7fe-833ba7f44735.json	179	fb429b499ccdc191cd5b6087811d400483173e67bb08939fb94cee49e2245f49	ok	__type__,content	0	
assets/res/import/a0/a0beb223-bcb0-43ac-ade5-289f1db11ce2.json	178	dd128bd2d1c27edb706e6e0d0e7b09c729ab4f3657f3cdb0c6225ccf2dca1b4b	ok	__type__,content	0	
assets/res/import/a0/a0c4d883-f25c-4ea8-b9a1-edd4b65f2a42.json	180	e4e37394990a3be8b6c94e3a44dcbacf8655a5d62c9e825d76b91ffe618b8861	ok	__type__,content	0	
assets/res/import/a0/a0c9522c-c5ca-4231-a5fd-92ccab6e0c51.json	172	4422d796899cd7a136128dd907b22572adb82d4ad332b3a0548c9f1ff11e5490	ok	__type__,content	0	
assets/res/import/a1/a1141fbe-b8b5-452c-b1e6-38f0f0b5fdc5.json	409	7736365c46779d96e668a45318aea4a4f022a08c770cd94dc599a12978b83a10	ok	__type__,_name,_spriteFrames	0	
assets/res/import/a1/a12240e6-446b-49c9-b58e-a2f280b084ae.json	63	be8ff221f8b838f9a7faec9c1249b8bfc8c94f8743e6218107c63e355b3dbd85	ok	__type__,_name,_native	0	
assets/res/import/a1/a1755e31-01b8-4156-a66c-1d2eb06e3cc4.json	824	884ab2bce7a0aa75db85a589e817700f0e9c51b8637c50622567c0d6f1ef613a	ok	__type__,_name,_spriteFrames	0	
assets/res/import/a1/a17e8c60-0804-4056-8943-0507a5e28fca.json	187	730b792805f9b6119504c520d626f916cbc3a1d69103399348181760dd25a658	ok	__type__,content	0	
assets/res/import/a1/a18a65e3-8522-4c71-907a-44d7abe0cf2c.json	63	be8ff221f8b838f9a7faec9c1249b8bfc8c94f8743e6218107c63e355b3dbd85	ok	__type__,_name,_native	0	
assets/res/import/a1/a1b5b75b-8dd7-47c1-a533-ae9998151aef.json	177	58db84dbf407ee057473a09f1d6619f6ed43fcf42f9ff66806160d6604a44fcf	ok	__type__,content	0	
assets/res/import/a1/a1d9bdf4-8f94-4fe2-a648-fa638a61afc2.json	195	06bc7d3daab044c018b45aa6c83d60eeb4603942ef31cfe155f3696564a59849	ok	__type__,content	0	
assets/res/import/a1/a1ef2fc9-9c57-418a-8f69-6bed9a7a0e7f.json	630	7afa0ebcdc2e7e73666dfb4b1d40de493a27402f2ebedbffdd0400e081893ec7	ok	__type__,_native,_vertexBundles,_primitives,_minPos,_maxPos	0	
assets/res/import/a2/a23235d1-15db-4b95-8439-a2e005bfff91.json	182	f73a8372e9dc8d8c5c5da6eff642292d8c8bb078cd72c6b4c96f5fd27e35bb86	ok	__type__,content	0	
assets/res/import/a2/a25f2592-77db-4efd-8f8b-5668ac4f94fe.json	63	be8ff221f8b838f9a7faec9c1249b8bfc8c94f8743e6218107c63e355b3dbd85	ok	__type__,_name,_native	0	
assets/res/import/a2/a270b668-9bf7-483f-8615-d414e6726b96.json	7614	4d4f7c905127da66b02c5980262e8d35a9759e41e576c910b0456ec59bca9fcc	ok	list	0	
assets/res/import/a2/a2fa1cc3-9e0f-4084-a38c-fb40455cc737.json	192	4880b31144063e7b9589c31a0d56b2577040591304e43ca669fb1cadfbfbc9c9	ok	__type__,content	0	
assets/res/import/a3/a31ac828-2120-4e59-ba7b-d600a41bdcca.json	180	077dfd82af5298bf69727601d541e0b7796175afdbbe0157f247447d56e6662e	ok	__type__,content	0	
assets/res/import/a3/a325970c-736a-493c-8c85-9564bcdbab02.json	69	2cfa940932b2c0a25916bdb6b9bd8b8ffa50ed3f8d1bd9b99376779a9d4d25ad	ok	__type__,content	0	
assets/res/import/a3/a32ca070-9835-453c-a040-d55d49659203.json	63	be8ff221f8b838f9a7faec9c1249b8bfc8c94f8743e6218107c63e355b3dbd85	ok	__type__,_name,_native	0	
assets/res/import/a3/a3a04cf1-e82b-47a3-aa4e-0192686d416d.json	63	be8ff221f8b838f9a7faec9c1249b8bfc8c94f8743e6218107c63e355b3dbd85	ok	__type__,_name,_native	0	
assets/res/import/a3/a3b285e1-8614-4775-a676-8dc1297d6930.json	180	6b5643d3f803cc30e237d40af5282d76267c6407b0ed6af6358e552603e48063	ok	__type__,content	0	
assets/res/import/a3/a3bb858c-a950-430a-b546-59e1a00fbf58.json	182	c42bac185862dc656e26eba859b939b90bd2df58883f0161489212887437bd17	ok	__type__,content	0	
assets/res/import/a3/a3dc2498-8af4-4f9b-b6bc-bb03f402cde2.json	194	0e392b8d173e5ec0f743a423e001b03a41bc6c82d74ec7950377cae43dec798f	ok	__type__,content	0	
assets/res/import/a4/a40c9a37-acd1-41a0-89eb-3e0b301cf465.json	185	759356a4e95388284f58a6bb8e9492d90f01fba92c26552e0a2cd37f95fb8111	ok	__type__,content	0	
assets/res/import/a4/a4217708-3c5f-430e-81d9-5148962a6ab8.json	195	4e905cd163ba8eb66e83c2d4afedc8655e133bc7fdb4613da9efe78967935f07	ok	__type__,content	0	
assets/res/import/a4/a434d466-2d2e-4849-afb5-7bb2bcee08d0.json	3055	4582cd0d67b3ec751d53b953ae3d02350ed49315c9c41f5cc4e3e085cc7bfb65	ok	__type__,_name,_spriteFrames	0	
assets/res/import/a4/a489a98a-909f-48bc-b6ec-a3087d5c5930.json	193	a9a0c31643a9917f72328c269e4d2b60d9958039e564f7d0966a299fb2714be6	ok	__type__,content	0	
assets/res/import/a4/a4c109fe-2066-48f8-95e5-2dfe37ee8d1d.json	177	93f8c4042f303c58a0a885a89891c1bf8e0af428ab43e39ec498d561d54dec66	ok	__type__,content	0	
assets/res/import/a4/a4d77630-06ff-4a96-a9e8-a26b4c4d2380.json	193	d6e89bbb6777bddde2a2f48df49fe96b1969a739bfb36542ece66b1f18a5603c	ok	__type__,content	0	
assets/res/import/a4/a4e22a9b-5f64-4385-a4b1-ad4d7c01c560.json	63	be8ff221f8b838f9a7faec9c1249b8bfc8c94f8743e6218107c63e355b3dbd85	ok	__type__,_name,_native	0	
assets/res/import/a4/a4f082c8-3296-4a08-953c-4b90cf0a4c06.json	178	7368ef0c9ea87cd9f9aa4e048c7e86802566bf03e50a3242751497b3694f431f	ok	__type__,content	0	
assets/res/import/a5/a51d789a-915b-413b-960f-d4b2df4bc23c.json	177	fae4a40fd0c0067c8a8d5bec68b64b8f397ce4e590e50c7f165a2a56cae6e65b	ok	__type__,content	0	
assets/res/import/a5/a55804c2-12af-4a0d-94c7-64557c4172a2.json	69	8470d8814cf0f827990b17d0d30f73e0752b4b8b6044d1a9eecf956d08d52d3d	ok	__type__,_name,_native	0	
assets/res/import/a5/a5849239-3ad3-41d1-8ab4-ae9fea11f97f.json	190	7f9e42633344d8bdcb275d14d26882ba61b439dd1bd26224df925a81b70c15c7	ok	__type__,_effectAsset,_techniqueData	0	
assets/res/import/a5/a5b0837b-fc9c-45bc-831d-7f213b9b7457.json	202	fa52d704fa643c285cc46ce2bfb6abee4e6072a3c555b989c9679b9076179cea	ok	__type__,content	0	
assets/res/import/a5/a5b5bcf9-6c75-4b97-b260-c271a3388bd7.json	173	5ab347e84b04a2acac4e02e429bea7310a6c42df2f7680018faf56c1728d5b35	ok	__type__,content	0	
assets/res/import/a5/a5ccd464-39bf-40fc-a4f1-a967e091e3f1.json	69	2cfa940932b2c0a25916bdb6b9bd8b8ffa50ed3f8d1bd9b99376779a9d4d25ad	ok	__type__,content	0	
assets/res/import/a5/a5dd074e-a664-4426-9427-ddad32d4c1cb.json	174	084c673d937b456060a7534450b90aa4813ab88758e866c2741b118725a5c41f	ok	__type__,content	0	
assets/res/import/a6/a6780a63-858b-4a8c-ac6e-e1090c935324.json	184	87d32764104e4f4a63f684828723a450e8311f0e767ace2d2b5ce7a8fbccfe87	ok	__type__,content	0	
assets/res/import/a7/a72cd3f4-cf62-4c71-a474-eff5f16185b7.json	63	be8ff221f8b838f9a7faec9c1249b8bfc8c94f8743e6218107c63e355b3dbd85	ok	__type__,_name,_native	0	
assets/res/import/a7/a7334bc8-69f6-42f9-bbf9-7cacb720d31e.json	63	be8ff221f8b838f9a7faec9c1249b8bfc8c94f8743e6218107c63e355b3dbd85	ok	__type__,_name,_native	0	
assets/res/import/a7/a75dfa05-24f6-4aa0-81c1-9f3b0bbf446b.json	183	337d24ad91336f51d442580581f10ceb2ba403a92e76c2d9101950bd025ce447	ok	__type__,content	0	
assets/res/import/a7/a77ffc11-87a2-4b01-91cd-3cf5997e5c0c.json	12208	61338d098300ae45bbe6a9ec3a727616fbdc8390abbff1c930b9f0e20765d1c0	ok	list	0	
assets/res/import/a7/a7926f34-e4a3-485e-aaea-28d4295f49eb.json	192	b4ee515dda6f225dadcd4dc212086329c6479a2beb0081662118957238566c29	ok	__type__,content	0	
assets/res/import/a7/a7b6511c-3d43-49f3-9ea8-ddc794da6f48.json	1311	2a5af87952562e27cb8d42387118979160320ad6f9a7e0376b0880bea3f61e1d	ok	__type__,_name,spriteFrame,fontSize,_fntConfig	0	
assets/res/import/a8/a800bdbf-c14e-4148-b9eb-602e89111170.json	177	1238d42466b3828c6c38a6785df1fa7137f6bea473e9fe1c7ec42600e7910f26	ok	__type__,content	0	
assets/res/import/a8/a81e63bb-d27c-407b-9c15-c3061941f70a.json	176	1e71c1a07c735755940cf537f5435bd1d1b536186a9c03147525d32c5fe66c8e	ok	__type__,content	0	
assets/res/import/a8/a8733247-56e5-41fe-af6b-cb626a1d3808.json	188	7f3ed713d18ea6892ce65eb7ecfeae64cef90acb451c502153d1d8d05098f886	ok	__type__,content	0	
assets/res/import/a8/a88b5780-04b4-47e7-ab4c-0e8236682439.json	63	be8ff221f8b838f9a7faec9c1249b8bfc8c94f8743e6218107c63e355b3dbd85	ok	__type__,_name,_native	0	
assets/res/import/a8/a8a36095-2435-4f00-b49f-789e514d5fa4.json	31650	77e439b1b393a5750e5c4bd8ba0c5fcc7fa4782adfb5390cfa851a7c406e014c	ok	list	0	
assets/res/import/a8/a8d54e5c-fa19-4051-8142-dce9258408cb.json	31083	e5be8daf63c50941cf86555140833637ec65fbe342f7b91d8e00a4c9567da383	ok	list	0	
assets/res/import/a8/a8df4d98-ba70-45b6-88f3-3067980463b2.json	69	2cfa940932b2c0a25916bdb6b9bd8b8ffa50ed3f8d1bd9b99376779a9d4d25ad	ok	__type__,content	0	
assets/res/import/a9/a90fb572-44b0-4bf9-b82a-783a6404451f.json	63	be8ff221f8b838f9a7faec9c1249b8bfc8c94f8743e6218107c63e355b3dbd85	ok	__type__,_name,_native	0	
assets/res/import/a9/a93a4b6f-f0f6-4c27-805e-fdf726669e6c.json	63	be8ff221f8b838f9a7faec9c1249b8bfc8c94f8743e6218107c63e355b3dbd85	ok	__type__,_name,_native	0	
assets/res/import/a9/a93f3fe8-86ff-4cbe-8261-955d49cd78b2.json	69	2cfa940932b2c0a25916bdb6b9bd8b8ffa50ed3f8d1bd9b99376779a9d4d25ad	ok	__type__,content	0	
assets/res/import/a9/a95a2b21-8ba1-4492-90ba-7d02fc1f5aec.json	58	345a353101b92cc03e0f97761c4c664255bfeab8e9da8fca1d0cb38e89488a7a	ok	__type__,_name,_native	0	
assets/res/import/a9/a9ae9181-b3ab-4448-8f27-bae0cb2042e5.json	204	f938c548d11d2bf3320f95bd1f0fd4a9028be057ec149d20648041e6726c787e	ok	__type__,content	0	
assets/res/import/a9/a9be70be-9fe6-4ae1-92c2-3fdcd245668f.json	447	ffce1148ebeedf1cfceb4f6a6c363f21bc4659896ae2365783c9bb440ae06455	ok	__type__,_spriteFrames	0	
assets/res/import/a9/a9d44d0d-124c-42e0-beff-394b9f5f46d3.json	182	3c3e03f955535d04c6a058af66c5c69dc6fcbf2907e53119fdf3d1d79ff317ae	ok	__type__,content	0	
assets/res/import/aa/aa2477ea-e39a-4e12-ba53-cd2e3dcdc9f4.json	165	75e432c57efc3fd5d9ee714952df7b2a75d1e62364e95e78728523f14231e4c8	ok	__type__,content	0	
assets/res/import/aa/aa2f60cf-043c-4dd5-8f85-b54f50daad69.json	182	d57908c5a4aba677bcc65ff4de1f7412edd270afada72945e50fc4abbfa39a90	ok	__type__,content	0	
assets/res/import/aa/aa614215-5222-4942-a5cf-44c2b6350f97.json	195	ee6776ce31c5e561b68b2f6b97b807363cf8e71d50665979e7b7dd908bea22e4	ok	__type__,content	0	
assets/res/import/aa/aa71c99c-a2b0-43c5-9464-6883c56011be.json	176	744008adf26005cb6506050578ed02b603aadf029dbcbdb3828249886b71ee5d	ok	__type__,content	0	
assets/res/import/aa/aa851630-8631-43e5-9cff-b98857526523.json	187	5171d5b08d64852112c455f360af0056660a602539f514a46ab67dc637dbe9c1	ok	__type__,content	0	
assets/res/import/aa/aaa4f37b-49ac-4725-b535-4c9c724ebfd6.json	63	be8ff221f8b838f9a7faec9c1249b8bfc8c94f8743e6218107c63e355b3dbd85	ok	__type__,_name,_native	0	
assets/res/import/aa/aab0854c-52a5-4d9c-92be-ae58bfbfa422.json	179	b26cd4effe7e36e11afafdacdab8ee4777b40726c496f8a1229ccfd2436a2c70	ok	__type__,content	0	
assets/res/import/aa/aad24d50-524f-41c9-8c83-82bad5f77472.json	63	be8ff221f8b838f9a7faec9c1249b8bfc8c94f8743e6218107c63e355b3dbd85	ok	__type__,_name,_native	0	
assets/res/import/ab/ab296f72-7893-4c87-b38c-1dce7350b890.json	9153	c91b610f4a0f034057767461ff602fd38a0e04da5ce4bccae6cf0008b2254363	ok	__type__,_name,spriteFrame,fontSize,_fntConfig	0	
assets/res/import/ab/ab4b92c3-5abe-4f8c-a498-5019b0a8ada0.json	173	7c0375312784938b6960041e93684142043a4e9ba82262a70736d95ae0d53bad	ok	__type__,content	0	
assets/res/import/ab/ab4ba300-96f7-4f26-984c-167c0df4f679.json	69	2cfa940932b2c0a25916bdb6b9bd8b8ffa50ed3f8d1bd9b99376779a9d4d25ad	ok	__type__,content	0	
assets/res/import/ab/ab4f0706-ee3c-46c2-9244-3804da18be5c.json	69	2cfa940932b2c0a25916bdb6b9bd8b8ffa50ed3f8d1bd9b99376779a9d4d25ad	ok	__type__,content	0	
assets/res/import/ab/ab505683-deea-40dc-8543-794593b3a655.json	175	7b9b2d34d95fbdebceca034aff37caf7b5b044a4bd6b589075c3dd4cc31d879d	ok	__type__,content	0	
assets/res/import/ab/ab6f17b2-8cab-4f6e-add2-f81a39f317bf.json	178	80438cfea7af4b884d8a55904332e3b53c70539791018dbdcb5e0cf817fec468	ok	__type__,content	0	
assets/res/import/ab/ab705b74-31d7-47f4-82e0-eca2b532921c.json	196	df8e45b6ce87e37f431f7cc4f32f675e8b20192b3a0a4d5d0a11cf81e258c763	ok	__type__,content	0	
assets/res/import/ab/abba9895-b907-4c58-9853-bea897adb188.json	191	526a9e7fca31cceda736a52bc89ed087e0808488667c6aff06bd6b3f7b9e97e9	ok	__type__,content	0	
assets/res/import/ab/abc2cb62-7852-4525-a90d-d474487b88f2.json	56369	4c4be6b899f797d09aa5dfce2c299471aa48aca54c56332c4dbed480b9235a53	ok	__type__,_name,techniques,shaders	0	
assets/res/import/ab/abce688d-54ed-4545-bc4b-6a82167ffe21.json	63	be8ff221f8b838f9a7faec9c1249b8bfc8c94f8743e6218107c63e355b3dbd85	ok	__type__,_name,_native	0	
assets/res/import/ab/abf25dbb-032e-433a-92c6-81e0a5389b7d.json	177	f4d954dfa8c17f248b1f29a95539f406b2a369f67774af565fab44f1e7a3538a	ok	__type__,content	0	
assets/res/import/ac/ac07ab4c-5a71-448a-a663-52ec37c95b04.json	180	f88bac13ac530555887a34d9f31f801c0a5869fccbea09e56384028b14d2dd9e	ok	__type__,content	0	
assets/res/import/ac/ac33c389-b159-4822-93ed-e2783da8828e.json	181	d9dceb51d6f84e6de1766d38a5c31d087bf21fba24410a99f18d1ccd427d6b58	ok	__type__,content	0	
assets/res/import/ac/ac56970c-6c73-4be6-b32a-36be63c1b559.json	63	be8ff221f8b838f9a7faec9c1249b8bfc8c94f8743e6218107c63e355b3dbd85	ok	__type__,_name,_native	0	
assets/res/import/ac/ac6aa64b-66da-4deb-b43c-218db09becea.json	2660	643a72126568dabdac3f7f50a1e5429277cc19907c361a7de34bcff332a4b466	ok	list	0	
assets/res/import/ac/ac8966fa-0866-4801-802f-3f150808cfef.json	179	0090cae56ca24f7c22b4d55ab8ac0c58e9f333f63f30484d63b3d6a3968d5b23	ok	__type__,content	0	
assets/res/import/ac/acc65e33-4bcd-4141-af08-6f94384e213a.json	182	27c6089b080b17cc495a02328a65713c3935511eec6a0830ff957cb3491d4ede	ok	__type__,content	0	
assets/res/import/ac/ace0fc04-8d66-4549-b2dc-8cfa12339361.json	196	14051bab39cd94e867673c8d554c3f41ce3d9a84e6cf7f29f515467e4e1b65fb	ok	__type__,content	0	
assets/res/import/ac/acec176b-2fc3-45df-a888-8c189beaf082.json	63	be8ff221f8b838f9a7faec9c1249b8bfc8c94f8743e6218107c63e355b3dbd85	ok	__type__,_name,_native	0	
assets/res/import/ac/acee30ea-ca2b-4d91-a637-ad32925142de.json	181	2f5bd01d0957ae13fe062e6be0df5144b665148f401ae2bd160f1f4d249830d3	ok	__type__,content	0	
assets/res/import/ad/ad1bd841-3164-4e1a-938a-7fe0e10df503.json	187	f610cf9385984a3e2591e4831bcf4642b008f393de25343656527b0a7b2a6bbf	ok	__type__,content	0	
assets/res/import/ad/ad1e4aab-2339-4b6e-90b6-ad2bd9856177.json	190	7d82be630bd4ddddec4854d9accc6ebf03ac8e90d8b1541e88dccdb3354facdd	ok	__type__,content	0	
assets/res/import/ad/ad7a0870-4c32-4993-be51-d1900d480b2e.json	185	31a4f1e3b9d1a90478addd80525a9de4c586ba9801f2953c503def7809bec017	ok	__type__,content	0	
assets/res/import/ad/ada4fdb8-689e-4a03-af5c-67e0b1da944e.json	63	be8ff221f8b838f9a7faec9c1249b8bfc8c94f8743e6218107c63e355b3dbd85	ok	__type__,_name,_native	0	
assets/res/import/ad/ade9e6f2-fc31-4eec-955c-6319b7005318.json	63	be8ff221f8b838f9a7faec9c1249b8bfc8c94f8743e6218107c63e355b3dbd85	ok	__type__,_name,_native	0	
assets/res/import/ae/ae1807aa-ddc0-4184-9507-35466beeba7f.json	176	646163cba9584fce974f3c9c5876daac9d86f78cdf837d089a242abc8fb9ac41	ok	__type__,content	0	
assets/res/import/ae/ae4f5108-bce3-4de0-a117-f11f523a0fbb.json	63	be8ff221f8b838f9a7faec9c1249b8bfc8c94f8743e6218107c63e355b3dbd85	ok	__type__,_name,_native	0	
assets/res/import/ae/ae642d90-8e2a-4fdb-9f30-56d5b2d1ea0b.json	69	17090d821b76f8a5f2bf508f7034c66c264d2209e040be71fadab2fb3ff61bd3	ok	__type__,_name,_native	0	
assets/res/import/ae/ae91e5d2-7d0a-41f4-a4fa-ffe0037ff8a0.json	3857	ad079c57fdee157060bbe1d8d7c79c523be1eb6f2e76d243dd1ebe5c24936e1d	ok	__type__,_name,techniques,shaders	0	
assets/res/import/ae/aeaf0600-f0e8-4456-84cd-1ad1423222a2.json	191	41191cd7e648b829e22eaab4d39bd317a414d5658b8a29f62d925b164629160f	ok	__type__,content	0	
assets/res/import/ae/aedfdfe6-c468-4ea8-b386-1031578426be.json	10623	cb719692b7e254e90675d562599396dbc64b5a2f988eca63c98dd8707d0e7268	ok	list	0	
assets/res/import/ae/aee3cbe4-8eca-46e0-a352-7a4a799d6d83.json	1401	dc91d9e09990410a6cbfb9537bf8437216ef5ef2eb9cda21bc27c276a018728d	ok	__type__,_name,spriteFrame,fontSize,_fntConfig	0	
assets/res/import/ae/aeef4b55-9036-4366-9b74-b1682157f73c.json	63	be8ff221f8b838f9a7faec9c1249b8bfc8c94f8743e6218107c63e355b3dbd85	ok	__type__,_name,_native	0	
assets/res/import/af/af19543e-ad58-471d-a717-236d3562aece.json	11929	bd818ab7fb06d06febc0858b709c863ea598446f7ea0811cd692b556e06b051f	ok	list	0	
assets/res/import/af/af2eee1e-5811-4642-a18a-41ccb504a44c.json	69	2cfa940932b2c0a25916bdb6b9bd8b8ffa50ed3f8d1bd9b99376779a9d4d25ad	ok	__type__,content	0	
assets/res/import/af/af4a668b-3557-4e1e-9024-6ec4346a432e.json	199	dd6fc5084659040c896d04b420634af84b39fc456b4ae72058185c3340b0da95	ok	__type__,content	0	
assets/res/import/af/af913a94-0261-42a2-a6e8-725c222e00f0.json	1519	551752a5cee93ed982002f51406736ca4a6bf4e53a81c00be26587f2ee3d9ce6	ok	__type__,_name,_spriteFrames	0	
assets/res/import/af/af920e9f-5ca9-4ca9-b585-eb1dee008541.json	69	2cfa940932b2c0a25916bdb6b9bd8b8ffa50ed3f8d1bd9b99376779a9d4d25ad	ok	__type__,content	0	
assets/res/import/b0/b01c73af-7dd5-47f6-b90e-d38924e5fd58.json	69	2cfa940932b2c0a25916bdb6b9bd8b8ffa50ed3f8d1bd9b99376779a9d4d25ad	ok	__type__,content	0	
assets/res/import/b0/b029c593-24f8-42e9-91ed-e57d66bbae09.json	194	bf0ea4ef35c1827837dd9ec17dc6c0e23f262ffeca030af2f25d3f5f2d54cd23	ok	__type__,content	0	
assets/res/import/b0/b0449e19-2cb1-425f-9bc1-7623f12939d8.json	76	3c595e2dc973ab91886962e235ea1ea8ac8e380a4d26a5d245b74887bfe09fed	ok	__type__,_name,_native	0	
assets/res/import/b0/b04e6211-c339-466e-9529-59452c41cd26.json	177	9c50d8712651e0050e27049b4b03be2ca45aaf265b813466e4085ed25915064a	ok	__type__,content	0	
assets/res/import/b0/b071d29e-c201-4adb-b97a-7b2f5a35f228.json	59	00a3e62ed198570e7dd1cd39a1730802ab166582954151541121f715bf5ebfed	ok	__type__,_name,_native	0	
assets/res/import/b0/b08bec7b-b06b-4504-805c-48c87bea1da6.json	9644	3b810999801fd482808f595935609f4322c6664fb73efdd4771b855f33c8037e	ok	list	0	
assets/res/import/b0/b091d4bf-2b94-4d57-bebf-a18f5a161481.json	180	face65e7b8f65b60f33c2ea7087b192bdbc7e1a6b125ee372ccbf14afc7710fb	ok	__type__,content	0	
assets/res/import/b0/b09db520-0242-4b31-a09b-7c3b5286b8b9.json	179	d878090db37cd1b58f9ab54fa7c9182f9fb7769c947163c2619667afbd82074c	ok	__type__,content	0	
assets/res/import/b1/b12fb9be-c864-4ad5-b0ba-5af6f53c2f62.json	62	10ba30187942038c7d757496990a6c8f7c654d7646683369b22464200b8ab8f8	ok	__type__,_name,_native	0	
assets/res/import/b1/b1442153-d49f-42fd-9240-440c2c91555f.json	193	7df9ec157e3a24acd60da532a1df5ee22674513aad63838c250e725377afa337	ok	__type__,content	0	
assets/res/import/b1/b15eb452-246a-4ded-b2bb-50673c7b2faa.json	158408	247b4c249e75ca9a2cd47bd599f5cec12ff10bbce6116e6758d5ba93cb08c132	ok	__type__,_name,_skeletonJson,_atlasText,textures,textureNames	0	
assets/res/import/b1/b1a7c847-dcbf-42c9-9990-93518e29e2a1.json	69	2cfa940932b2c0a25916bdb6b9bd8b8ffa50ed3f8d1bd9b99376779a9d4d25ad	ok	__type__,content	0	
assets/res/import/b1/b1b10091-558b-4603-9dcc-13e1671bffbd.json	181	817e869af21e088e1c90bae9a5727be189fea29c12a318ac0c30cf72d9fe7224	ok	__type__,content	0	
assets/res/import/b1/b1cf44bc-3c78-46cc-b4ee-830ecf037227.json	196	a9b8b613ed33b4c96d52a5cc2ac45634e75c557ecfee68712ccba4a7111a20de	ok	__type__,content	0	
assets/res/import/b1/b1ed5c19-4c3e-45a3-99d7-c59e5eb5a86d.json	180	1c5f15684e7f142ae201a3b9f6044323ee8bda4ddf21a2ea7316384e666cbeea	ok	__type__,content	0	
assets/res/import/b2/b25f8809-6486-4d73-81a4-b4e043600bde.json	174	8dc242c7c0620d0a57b27bc517402b9f28c98688979225ec2d32d22183a9f70e	ok	__type__,content	0	
assets/res/import/b2/b2687ac4-099e-403c-a192-ff477686f4f5.json	117	741e2ce5f892e9e61f98d8b7f68f7b1534c4aa483c70727214e11edacab49ae4	ok	__type__,_name,_native,spriteFrame	0	
assets/res/import/b2/b26d5923-a636-4af5-bfbd-5d26cb1d3450.json	179	a94bb69b72f33c50b8559b335c26f5e7aea944673ec0197fe1c84430ee1e595d	ok	__type__,content	0	
assets/res/import/b2/b2c1d479-718d-4c04-b79b-0bf783aefe3b.json	69	2cfa940932b2c0a25916bdb6b9bd8b8ffa50ed3f8d1bd9b99376779a9d4d25ad	ok	__type__,content	0	
assets/res/import/b3/b3152e9b-8d1d-4f9e-a67e-8af05ee6682f.json	183	27c489dac1e2b5cd71e85ad737f7408b6318604df226986d070afe0c4158c537	ok	__type__,content	0	
assets/res/import/b3/b366abbe-dfb0-4bcf-a522-f66259003a9d.json	39616	b58555d6e0abb15168026b9149b8828c0e529c3aaac4b7fe2b0d5bb644c80783	ok	list	0	
assets/res/import/b3/b3aaee58-7efe-45bb-b52b-35e70e174a9f.json	22258	76185f8bb4f8c2c729339066f39808bf37f8da5edf4bd9e46b09662f261b5f40	ok	__type__,_name,_skeletonJson,_atlasText,textures,textureNames	0	
assets/res/import/b3/b3d331d5-a361-44d0-8980-b64db5728a14.json	180	d44b8f4bad4a839bc6b7f64218ec408ef001b4d5fae938510f6c6ebecd0fd4c3	ok	__type__,content	0	
assets/res/import/b4/b4193816-30e7-439c-ae3d-51bd2dc983ec.json	194	11daa2db30fdba290f96364106160da4ce193615e81dad4d9034ed56cc848513	ok	__type__,content	0	
assets/res/import/b4/b41a2dd7-840f-4119-893d-97278e1809fb.json	9393	b0b25b236ccb99e482a234a2c75fe7ac3c2eb82fa78aec04d7e6036f10e4795d	ok	list	0	
assets/res/import/b4/b427491d-98eb-4919-8a91-3992c7de5fa6.json	102043	2fed60477ca6751724ddcfbf59bf2bcc82f0d87d5c2bc0157e23362ca92b5d0e	ok	list	0	
assets/res/import/b4/b43167a1-beb9-4353-ab9c-5aa7edb66bcd.json	176	5408158744c9bc2bd51b301944e00b5e5efe1069cd44fc543c74ab1114bb51b4	ok	__type__,content	0	
assets/res/import/b4/b43ff3c2-02bb-4874-81f7-f2dea6970f18.json	69	2cfa940932b2c0a25916bdb6b9bd8b8ffa50ed3f8d1bd9b99376779a9d4d25ad	ok	__type__,content	0	
assets/res/import/b4/b44f4c83-c7e3-41ac-80a2-0a6bbade4a7a.json	195	6d0d9a99041b2b25322c3475679a8d04e8bb838e808110627fffc29827fde6f2	ok	__type__,content	0	
assets/res/import/b4/b469f016-75bb-44b0-83a2-785979fb7140.json	179	54d5f3e9d13abc6cdbc75346b2ed7c67b3562d3e959bc234d47d9e7b565f1b5c	ok	__type__,content	0	
assets/res/import/b4/b4873f64-3294-483f-9fa4-aaa58e62a55d.json	63	be8ff221f8b838f9a7faec9c1249b8bfc8c94f8743e6218107c63e355b3dbd85	ok	__type__,_name,_native	0	
assets/res/import/b4/b48de42b-282d-471a-9964-4da542c8ff10.json	63	be8ff221f8b838f9a7faec9c1249b8bfc8c94f8743e6218107c63e355b3dbd85	ok	__type__,_name,_native	0	
assets/res/import/b4/b4ca8bf7-49ca-42ad-8d86-bf79ee7c4fed.json	179	d7d6df3931c593f84dfa3cd2e503f4c062aa93011af9292ab1370660adc5ec34	ok	__type__,content	0	
assets/res/import/b4/b4cedd63-c1f0-4b5f-906b-50c179c4d5fd.json	174	b02a7eecff72b695d91e0a72bd27fd0f5c3759e34932094768cfd92d1cd037b8	ok	__type__,content	0	
assets/res/import/b5/b5411440-7560-4c88-b5ae-b427274aad7d.json	69	2cfa940932b2c0a25916bdb6b9bd8b8ffa50ed3f8d1bd9b99376779a9d4d25ad	ok	__type__,content	0	
assets/res/import/b5/b541a8dc-9efa-4bc1-8b56-589e3b2cb941.json	175	51fcba7427046217d051f573c9829f511b084caea54cc8d3caa7e188ba018c10	ok	__type__,content	0	
assets/res/import/b5/b5660347-0aec-4220-a3ba-c9babb146884.json	180	9314d2ecc0d21e0414f2653bb5fd27b043a8dc864ee90efc490607fce67f926c	ok	__type__,content	0	
assets/res/import/b5/b5865bc8-a9e9-4d36-b011-dd35ae6aaedd.json	173	4617e854aabc9ecba11fc28836f4feb1bb13f150ac08c215579b44f5bee2b990	ok	__type__,content	0	
assets/res/import/b5/b5955829-f2e5-4f01-b94f-6e1c0c742e26.json	181	4dc0a7a5f9504d83109b6ed593e83361f9fbe0cb076694f58ed1b89ab7646bdb	ok	__type__,content	0	
assets/res/import/b5/b5b86256-1e6e-4a60-9b70-cda683a11308.json	167	7a810574c0f3c2df4de24cf8e803a5d0d351f979e7e1644b29af25321482c72b	ok	__type__,content	0	
assets/res/import/b5/b5bfaf9b-1faa-466c-953f-a5fc9d3c23e4.json	69	2cfa940932b2c0a25916bdb6b9bd8b8ffa50ed3f8d1bd9b99376779a9d4d25ad	ok	__type__,content	0	
assets/res/import/b5/b5cd9cae-dce4-427f-95bb-6cf032b22732.json	63	be8ff221f8b838f9a7faec9c1249b8bfc8c94f8743e6218107c63e355b3dbd85	ok	__type__,_name,_native	0	
assets/res/import/b6/b605b42f-5fca-4d21-b466-a443de834883.json	69	2cfa940932b2c0a25916bdb6b9bd8b8ffa50ed3f8d1bd9b99376779a9d4d25ad	ok	__type__,content	0	
assets/res/import/b6/b66e6a44-f9fa-41cb-b0c9-09b036516965.json	63	be8ff221f8b838f9a7faec9c1249b8bfc8c94f8743e6218107c63e355b3dbd85	ok	__type__,_name,_native	0	
assets/res/import/b6/b694a4da-9f25-4c82-b264-79c9cae81e4a.json	180	939488d0b513fcf47836e631a90f6dd9b9c47af1fc5da49c3c992ddf5e6f4631	ok	__type__,content	0	
assets/res/import/b6/b6a08375-3d12-4e76-9046-64468705291f.json	69	2cfa940932b2c0a25916bdb6b9bd8b8ffa50ed3f8d1bd9b99376779a9d4d25ad	ok	__type__,content	0	
assets/res/import/b6/b6d33a47-c4f8-4b6b-acd4-2c18a741aa8d.json	63	be8ff221f8b838f9a7faec9c1249b8bfc8c94f8743e6218107c63e355b3dbd85	ok	__type__,_name,_native	0	
assets/res/import/b6/b6d7b436-7e5f-45a8-9659-23f3cb70c6cf.json	191	1c8264ee3d5f9ea6623d857e25f7f590b0813caeefaa649e376b2585c9972958	ok	__type__,content	0	
assets/res/import/b7/b744cfb6-3871-4653-9ded-7d6bec599ceb.json	183	f0a5527c59e8bdf3564d22760968c6dedc10b2cb5f3a42e4657b9b3204022b4d	ok	__type__,content	0	
assets/res/import/b7/b74a0a20-91e2-49a2-bfde-c74bae1ce87c.json	182	af1075ee966ca96ed77731d21d13c30529a415ed6f282bcfdc8d4a1fe211fbc9	ok	__type__,content	0	
assets/res/import/b7/b75f0ada-6dfd-44f7-abf1-a5270f4f51e4.json	176	1533cf06aef48b4b8db97edc5be97cb3d4702d71a5cfaa1e8de5a4386ad00b08	ok	__type__,content	0	
assets/res/import/b7/b760b684-c793-45b0-b2be-546dc694ae5c.json	65	462eb41d04cfdbbafe434557ed702ac51f2817fc22eda071d842addfb4dc49ad	ok	__type__,_name,_native	0	
assets/res/import/b7/b76ea24d-a952-4246-a72b-d5e2006251ab.json	162	5ecdefcc9c65117847818e2a32c6d15d901cbbedfb6b55fb3a72851d795f4c72	ok	__type__,content	0	
assets/res/import/b8/b804bd62-ac3b-4348-a0b5-4aa6e48071e2.json	1307	a28d51a496dad163ea5d73ed803048b20b3ce81fed4bc10acc15e490375898ca	ok	__type__,_name,spriteFrame,fontSize,_fntConfig	0	
assets/res/import/b8/b80e91f5-caeb-4139-b422-4cfbc4eddd08.json	174	8ead96ac6ce85cc0ffbfc371af756ddbb755083e4cf66405636e5c2e191bfa46	ok	__type__,content	0	
assets/res/import/b8/b832a34b-37cb-46ee-9623-3e1e42079a7f.json	62	1d079c9b275ffd5b61afe4e39a208cbff09ef437fc0010ab2d54a9111547ef48	ok	__type__,_name,_native	0	
assets/res/import/b8/b84e5edf-f6a5-478c-9677-cc9f0bc2b933.json	176	f9ac4e005a4f61b34591862e7a0d71314b242fe18ee43591bdc038e90f11ebe5	ok	__type__,content	0	
assets/res/import/b8/b865b4f1-1be1-4e9c-a769-dc465edd87b5.json	192	60967f3cc8a7b79e78b709ab749638ed5ded78067b3f79048bcdcd5aff466362	ok	__type__,content	0	
assets/res/import/b8/b8e0beef-5adb-453c-8578-ae4eed08eb00.json	1313	b0df8c2af966e505eb3c0400d180770b1a79aad44d161c0cba3f2c8efe49fe21	ok	__type__,_name,spriteFrame,fontSize,_fntConfig	0	
assets/res/import/b8/b8e97689-e610-46b5-a93c-e080662d06b1.json	25760	08eaaf910370181bee4513ff6fbc51587f5ee59a518dfbfe88ea805d34abda69	ok	list	0	
assets/res/import/b9/b9252683-f8f9-4d75-9597-766056c20bbd.json	69	7a9319a40428800917097dd687a49a4fe52ec0a96254a3415608f491b567a2e4	ok	__type__,_name,_native	0	
assets/res/import/b9/b93d2237-9195-45e4-85c6-a10248d312a6.json	7635	c5bb79d0937334bbbd1e369edc0544f95118a5abf4943a762a15f72a4999c358	ok	__type__,_name,_skeletonJson,_atlasText,textures,textureNames	0	
assets/res/import/b9/b9458477-fee6-4d33-9476-4238fdef20df.json	58	345a353101b92cc03e0f97761c4c664255bfeab8e9da8fca1d0cb38e89488a7a	ok	__type__,_name,_native	0	
assets/res/import/b9/b951a1ed-f34d-403a-91f0-7b166da12a68.json	63	be8ff221f8b838f9a7faec9c1249b8bfc8c94f8743e6218107c63e355b3dbd85	ok	__type__,_name,_native	0	
assets/res/import/b9/b9565bb1-10dc-4c89-ad7c-adaf1241900b.json	63	be8ff221f8b838f9a7faec9c1249b8bfc8c94f8743e6218107c63e355b3dbd85	ok	__type__,_name,_native	0	
assets/res/import/ba/ba33e932-16b0-4c43-804d-1e22b54284c0.json	197	8eb607bdda9865b16e97b09b860e78ece235faf6536a7a54c59f0325e5429806	ok	__type__,content	0	
assets/res/import/ba/ba471857-2abb-44ef-9df9-b824bcfdf149.json	179	a48fdde20ee7d29409ba96dc9367182ab64acaac330cc34c91f00e501fca8707	ok	__type__,content	0	
assets/res/import/ba/ba787ad8-eb37-48de-aace-bd32e09e6823.json	186	5299c3caebd733b5e7238cc75e993abb999a5de6cb794da6fa40a38d0d882e84	ok	__type__,content	0	
assets/res/import/ba/ba892a36-6a3c-420b-aa0f-d3fe3d7bff24.json	27566	a06d5207786d74160f9222a36b0e0d060caca8369e54783a0eade0b640b37329	ok	list	0	
assets/res/import/ba/ba92eee8-e028-4ad4-b52c-5837d9eb8737.json	182	84a9d512cfd4a99502520aa60581a4169b37c4e8704fee665b229d29efd98d06	ok	__type__,content	0	
assets/res/import/ba/baa8c6c3-ba79-488b-814e-a951e461b6d1.json	183	735c0c3110989b66e261d6015c052d956865c405b5a5f02bd58c192b46abd8ef	ok	__type__,content	0	
assets/res/import/ba/babd5033-f443-43fc-a4ba-4a92827c4294.json	191	60815d1286320a4054d3a8f31569dd294d56b20b466918c96b6f1383fe49f52f	ok	__type__,content	0	
assets/res/import/bb/bb42ed8e-0867-4584-ad63-b6f84f83bba8.json	169	c19e2accb32a30994d635924e47597abe4a655a842ae3e01887f715fe3b13d5d	ok	__type__,content	0	
assets/res/import/bb/bb525ea6-fc29-4c99-85b4-d83e39402555.json	69	2cfa940932b2c0a25916bdb6b9bd8b8ffa50ed3f8d1bd9b99376779a9d4d25ad	ok	__type__,content	0	
assets/res/import/bb/bb94b1f2-81fa-41af-9a12-e282341c252a.json	63	be8ff221f8b838f9a7faec9c1249b8bfc8c94f8743e6218107c63e355b3dbd85	ok	__type__,_name,_native	0	
assets/res/import/bb/bbb0699a-8686-40cf-9773-56e472837b63.json	195	ae86395f1ecb32398e04061ea36aaa2274a52396a6a2e0c526915e64a9f85ca2	ok	__type__,content	0	
assets/res/import/bb/bbcbba61-6bcc-4f59-9c56-0a682c1998fa.json	180	d23764f5302d343475079dbbe26e88578997b347c7fab67c299438fe73d86bf4	ok	__type__,content	0	
assets/res/import/bc/bc38d1a0-b679-4ba6-b43d-ff8762b97b97.json	169	fccc5816725011fc63170f946e7ffaae3c40e78df660ecfc30aed11383742af4	ok	__type__,_name,_spriteFrames	0	
assets/res/import/bc/bc5027ab-5976-4e8c-8309-66969b2de86e.json	69	2cfa940932b2c0a25916bdb6b9bd8b8ffa50ed3f8d1bd9b99376779a9d4d25ad	ok	__type__,content	0	
assets/res/import/bc/bca52538-7d01-437d-b373-fff969038543.json	181	3964ca05deb0f18bed0d4ecd54f80b4c0bce4a01d880ca4c3da4820151f87dbe	ok	__type__,content	0	
assets/res/import/bc/bcae3c64-1eae-4ce6-83ca-e351e6cf2e1e.json	186	acb60289ac14b81d1486927766a7274dfb9433fefe9d2a71cd9ff674af3977f4	ok	__type__,content	0	
assets/res/import/bd/bd016f27-7ffa-4f56-b1ac-942626760b26.json	63	be8ff221f8b838f9a7faec9c1249b8bfc8c94f8743e6218107c63e355b3dbd85	ok	__type__,_name,_native	0	
assets/res/import/bd/bd05ff4f-f119-43bf-be4b-226fcbcf5773.json	178	e5cf8f37a04edc1e91fc2588c6be3f79f2ae95bee05e8f59388b387fa2bb1ef8	ok	__type__,content	0	
assets/res/import/bd/bd22a211-ee87-487d-a6f5-8c381d354932.json	178	b2665ecc5dccecde464acf689de9d5735a08def1b9b974216112888d813cb52e	ok	__type__,content	0	
assets/res/import/bd/bd268cae-d8a0-4392-b1f0-ec5103ba3306.json	294	0d61f17ad4476dd229257c5ccb524f8c5e1ada6d1681d16b7f6afada0373dbbd	ok	__type__,_name,_duration,curveData	0	
assets/res/import/bd/bd5b4006-1204-4354-b8b6-f85bcafcf911.json	173	60d4e954e6e78de4d0efb20999c5537ddb7d791cf36eeb9b639908c58c3ba85e	ok	__type__,content	0	
assets/res/import/bd/bd5c6fc8-fc58-4337-a004-adcc59200af7.json	175	f6b492727eebfe8b351815b620a77c382e54f1a2dc408995d1f649239c1520d3	ok	__type__,content	0	
assets/res/import/bd/bd9c620a-b5c8-4101-8e40-905ed55a7409.json	63	be8ff221f8b838f9a7faec9c1249b8bfc8c94f8743e6218107c63e355b3dbd85	ok	__type__,_name,_native	0	
assets/res/import/bd/bda77361-5fd2-4822-9476-a220de1d809f.json	164	db1d0932d8e04f98921bfdc189ae08d595dfd827a7dde0e39199490d7382c542	ok	__type__,content	0	
assets/res/import/bd/bdc511cf-9917-457a-bf4d-dff36ffc7d00.json	180	c97561e606e0a67c11d9e4c299b5add345f5390ca1e585e79c431374126ca1d0	ok	__type__,content	0	
assets/res/import/be/be14347d-e3d1-4da2-bc1f-2db4177f3dc7.json	69	2cfa940932b2c0a25916bdb6b9bd8b8ffa50ed3f8d1bd9b99376779a9d4d25ad	ok	__type__,content	0	
assets/res/import/be/be16c35d-6617-4b07-92b6-8fa1781bb6e8.json	45871	9434ce270d2279c81a922f16a6bfc9c2cea002771db19c96e19567021fe99984	ok	list	0	
assets/res/import/be/be1edf23-8b20-4839-ba21-9087acd19f51.json	182	adbb94cc2f6076b74ed9b2733e510b413dc60c780ab084ca699ba8d9464693a5	ok	__type__,content	0	
assets/res/import/be/be3817ab-e442-4357-ae46-dd22cd2b11f8.json	69	2cfa940932b2c0a25916bdb6b9bd8b8ffa50ed3f8d1bd9b99376779a9d4d25ad	ok	__type__,content	0	
assets/res/import/be/be70571a-8bba-449f-8fdc-60b30cfced5e.json	63	be8ff221f8b838f9a7faec9c1249b8bfc8c94f8743e6218107c63e355b3dbd85	ok	__type__,_name,_native	0	
assets/res/import/be/beee7e13-e6bb-4963-beba-45389a2edad8.json	3714	7711b07531af9932250248d2bc3934348205feb4e639b32f7ab588520277afab	ok	list	0	
assets/res/import/be/bef7ce84-507f-4db3-a53c-9a005da1ac15.json	187	0d83c80ff8848787b2853cdfbe682974ab2bebadce3e061e53c5912ddbf69b54	ok	__type__,content	0	
assets/res/import/bf/bf33b481-3440-42a8-97f6-db195660135b.json	63	be8ff221f8b838f9a7faec9c1249b8bfc8c94f8743e6218107c63e355b3dbd85	ok	__type__,_name,_native	0	
assets/res/import/bf/bf3a08ee-4dfa-4dd9-9917-f1557cfce99f.json	172	1403fe0e10c0dee93032173ee321a8a87e775b7e30a9702b6fe78592dc9ebb67	ok	__type__,content	0	
assets/res/import/bf/bf547677-80d1-4d24-a01e-f95398cd4aee.json	184	8b145d71d27428b505502b964780a806ed66d771758dbace660e9288e7015df6	ok	__type__,content	0	
assets/res/import/bf/bfb82f01-2097-4eaa-8e5a-66ba0fba6b40.json	176	37d78acfaeb7f045f1eaade4a550743a229e124a77f54a42cd88ed589b16624b	ok	__type__,content	0	
assets/res/import/bf/bfc5a867-d36c-4555-85b3-3e7d180c73cc.json	176	4499ffb6b1505bee6892bbf5772189c37d51bd0574bb40af66df04914436aa2f	ok	__type__,content	0	
assets/res/import/bf/bfe4180e-ada0-40bd-aedb-91e83f356526.json	180	9e5c1de245c35478ef31f8e55c7d0d7eea361feab794e1b8f8d69f9fdb40a94e	ok	__type__,content	0	
assets/res/import/c0/c0040c95-c57f-49cd-9cbc-12316b73d0d4.json	831	6095a28c4f514a4475516da0443aa6efc3bf6d48d0a93e9ae17af82d9f21c687	ok	__type__,_name,techniques,shaders	0	
assets/res/import/c0/c0345a96-84df-4ac8-b0ba-802581a0025b.json	63	be8ff221f8b838f9a7faec9c1249b8bfc8c94f8743e6218107c63e355b3dbd85	ok	__type__,_name,_native	0	
assets/res/import/c0/c0381bef-ca1c-4a18-bc45-9b0718393c6b.json	176	5247da0031f122284448b8d2775ab43633d9dc1de84f99709dbbd1c000a71c66	ok	__type__,content	0	
assets/res/import/c0/c04a7dbf-455c-430e-b50d-970d64dda405.json	9428	d135e7c6bd1c1d029aee5934ae0190c5ea62d301e0739d0364e8f209e99a24af	ok	__type__,_name,_skeletonJson,_atlasText,textures,textureNames	0	
assets/res/import/c0/c0647e4e-20bf-483f-848a-d3e9ef016a59.json	175	8a79db0f57802398e5711fecb9a7395e61de419829d4a9ae0d7f2dd641f01fad	ok	__type__,content	0	
assets/res/import/c0/c07b50fb-50cb-4bf7-8564-733490906197.json	359	d4935b9a250e27e59f97fdb3d7d6b914d2add24b59372755757c554bd9782e22	ok	__type__,_name,_spriteFrames	0	
assets/res/import/c0/c07f2045-966e-4559-8541-784da6f22423.json	190	cc67c2e0cd0c833c9cbc397e4647223c3e5370a9ac53935ef0c1c04ab6ce838f	ok	__type__,content	0	
assets/res/import/c0/c09143b6-a54a-4987-976f-3840f7f9bf23.json	26053	f2563c4db26228db01c502d1960b91b63e39732d4fbbc8e2129035ef3205b579	ok	list	0	
assets/res/import/c0/c0ce1a07-00ac-4d09-9f92-fb689f840325.json	189	a93cd8eec00593213c351fb49afd9a27dd1dbd206ea509d5fd2a895e5759ea90	ok	__type__,content	0	
assets/res/import/c1/c107f314-25a5-4ab8-8a6b-96ad6467727b.json	58	345a353101b92cc03e0f97761c4c664255bfeab8e9da8fca1d0cb38e89488a7a	ok	__type__,_name,_native	0	
assets/res/import/c1/c134e293-8daa-4afe-9753-c79dc3f71e3a.json	63	be8ff221f8b838f9a7faec9c1249b8bfc8c94f8743e6218107c63e355b3dbd85	ok	__type__,_name,_native	0	
assets/res/import/c1/c136cbc3-bc45-4f25-a8ae-cf14506af695.json	174	9bc33b8c972101649e5f096b2c0d7197b5c87baa5e68cf7d1dc4e4c4c46cc3a0	ok	__type__,content	0	
assets/res/import/c1/c13b2fb1-5eee-4364-a68c-abcf396cf5b5.json	1323	57bfbb6d4fa9e2bd2c81d012a36541603d4045207cd6ce802419eaf69f3e8ef6	ok	__type__,_name,spriteFrame,fontSize,_fntConfig	0	
assets/res/import/c1/c15abc4f-e894-40bd-bbdb-78defa041c68.json	188	2a34311a43e63bb08c3e934416bef0cb173ff81ea8c569e480c3fee235ddc8b2	ok	__type__,content	0	
assets/res/import/c1/c16570c0-c473-4961-ac22-fbac1e113a3a.json	169	10dcfe52c7838400b095640854545fb0d52e24e0849e2d0a3b424cf1181f2b57	ok	__type__,content	0	
assets/res/import/c1/c177912f-c594-43af-a636-0afefb6a4c5c.json	2743	c5e94212dde7c0c9225af7248eaf6df90e59d33910b58f942aba61b6676688d6	ok	list	0	
assets/res/import/c1/c17c1d5c-c23d-4ae9-9741-8699b4596f49.json	63	be8ff221f8b838f9a7faec9c1249b8bfc8c94f8743e6218107c63e355b3dbd85	ok	__type__,_name,_native	0	
assets/res/import/c1/c18df571-46dc-46cb-886c-b0f0606a14c1.json	69	2cfa940932b2c0a25916bdb6b9bd8b8ffa50ed3f8d1bd9b99376779a9d4d25ad	ok	__type__,content	0	
assets/res/import/c1/c1b68396-a776-4986-8d21-bea306a794df.json	192	4182ac5bbab25cc6bdf4cac5e6bbb847be5a7e1f6b964103776597bac593d553	ok	__type__,content	0	
assets/res/import/c1/c1dabdbc-6cd9-44d8-9a86-21210702e539.json	186	5596e0f47526d730a0ea1bd6ddcf1d7278c14682a27144dce63131a570998c16	ok	__type__,content	0	
assets/res/import/c2/c204947a-699f-4637-996d-3643a1b10da3.json	57	a2a9aa483d39108a0aa275f324f32717a8cc954ad3c5b35d5503ed9f6a947220	ok	__type__,_name,_native	0	
assets/res/import/c2/c21bb8cb-2490-46f1-ad78-d8fff87db86c.json	179	72fcd8a0497fa7cb464751ceba715a78f7c85bab1afe9edb8206931a97e83f6f	ok	__type__,content	0	
assets/res/import/c2/c221ff76-7296-4948-b076-e49cc6f8dea7.json	63	be8ff221f8b838f9a7faec9c1249b8bfc8c94f8743e6218107c63e355b3dbd85	ok	__type__,_name,_native	0	
assets/res/import/c2/c234305b-d9aa-46c7-b942-edd2b6c9ba59.json	63	be8ff221f8b838f9a7faec9c1249b8bfc8c94f8743e6218107c63e355b3dbd85	ok	__type__,_name,_native	0	
assets/res/import/c2/c23f0bf2-4969-4050-885d-b2b9ea7ea090.json	179	1d92c71cd5363a282ce53867f215c57a1ad2856a1bffa4b877ca7ae144e47fc5	ok	__type__,content	0	
assets/res/import/c2/c286b1a9-ae25-4d9e-b1d6-9cd9305e1553.json	179	5c1467f1ef785ebd8daffb31787d60ca3e612a7ed86bca9dc430b83618dbdfa0	ok	__type__,content	0	
assets/res/import/c3/c31a53ba-ccd0-480a-b891-caed8d78762d.json	63	be8ff221f8b838f9a7faec9c1249b8bfc8c94f8743e6218107c63e355b3dbd85	ok	__type__,_name,_native	0	
assets/res/import/c3/c34b3036-795d-4ad0-ae1a-75c93229c1d1.json	63	be8ff221f8b838f9a7faec9c1249b8bfc8c94f8743e6218107c63e355b3dbd85	ok	__type__,_name,_native	0	
assets/res/import/c3/c3817814-3c33-49f2-b9d9-225d3f822b2a.json	69	2cfa940932b2c0a25916bdb6b9bd8b8ffa50ed3f8d1bd9b99376779a9d4d25ad	ok	__type__,content	0	
assets/res/import/c3/c3a28e5c-ec58-4b7a-88cc-856362d4fc28.json	190	0416299ac54fc4c45ed43a2eff3ca9af8253177297a7f1e324b30dfded24da44	ok	__type__,content	0	
assets/res/import/c3/c3a8caf3-9260-4f20-a2ad-a8d5d63d30b4.json	181	c58ea24262fcbb89139dd13ae9a1163f253940c6b838ed5a47f9475acd29e160	ok	__type__,content	0	
assets/res/import/c3/c3de4f6e-47e3-448b-8043-9f8f23429a7f.json	182	349cbc1c7ad5a749aa6fcdc73737ddf334e91c493236b0e554554a52610bd376	ok	__type__,content	0	
assets/res/import/c3/c3e0ba6f-501e-4b3a-885c-262b78d32fcb.json	169	e05fe3d81caa241ac13cbcb0bf587ab2456e2e2a57b8596606a955380a8645f6	ok	__type__,content	0	
assets/res/import/c3/c3f0a0e8-b38f-46f6-986c-c93a8cfd18d1.json	69	2cfa940932b2c0a25916bdb6b9bd8b8ffa50ed3f8d1bd9b99376779a9d4d25ad	ok	__type__,content	0	
assets/res/import/c4/c403c7f8-6fbd-4375-aadd-8133e830c3b0.json	180	745c08812f231ca14da44faaa126121b900554d8f43e89ad3f2afa1c670837de	ok	__type__,content	0	
assets/res/import/c4/c409ae53-1d0a-47ec-9196-4ac94bcaedbb.json	181	07c03df6ed793d0a48643bcf173a202b3d0d13c6657267763934590637eced27	ok	__type__,content	0	
assets/res/import/c4/c4185a54-6b53-4742-8127-235b00642502.json	190	0def8f4aa42bedff7cb5367f34895830878764b79b1a91b8669f4d406e05d698	ok	__type__,content	0	
assets/res/import/c4/c41c531c-bdd7-4f9d-9140-20e0ade2459c.json	63	be8ff221f8b838f9a7faec9c1249b8bfc8c94f8743e6218107c63e355b3dbd85	ok	__type__,_name,_native	0	
assets/res/import/c4/c4305320-b396-4560-a4ad-1cd48486cf18.json	178	73b99e9e8033a1d98dce38a399c3033d81f08fd9b7ffcc04201d1455924394d4	ok	__type__,content	0	
assets/res/import/c4/c4398e52-c728-4b70-8c4f-f7ee9ff97996.json	69	2cfa940932b2c0a25916bdb6b9bd8b8ffa50ed3f8d1bd9b99376779a9d4d25ad	ok	__type__,content	0	
assets/res/import/c4/c44a9508-f4cb-4fe5-aa30-bed997aeb711.json	63	be8ff221f8b838f9a7faec9c1249b8bfc8c94f8743e6218107c63e355b3dbd85	ok	__type__,_name,_native	0	
assets/res/import/c4/c44b29e9-5868-45e8-881e-a25378ebb575.json	176	007d1170b5dcf2ea9a098041e37b3b208ef49b6b3630dcce5630027ab1ebea96	ok	__type__,content	0	
assets/res/import/c4/c4676765-4b73-43a8-8f05-da228c3aad35.json	25416	3058cd9c1fdfd2f2c4c1bb3e3b43be05d47588606db6571eb337fcb4d3ae9737	ok	list	0	
assets/res/import/c4/c49bc110-3be1-4aad-b0f3-ad8c38c6c645.json	173	14ed2f2b86a79a4827b6fea9bf6f1c4a1defbf840975e08d8f8bbcf267bc62a3	ok	__type__,content	0	
assets/res/import/c4/c4fb0726-7b4f-4a31-b885-239e5676c7c7.json	192	410cfbea6793bdc4640e2cfb126bbbbdc137872a2c9e1a74d1570bc3f2f9f9e1	ok	__type__,content	0	
assets/res/import/c5/c56a5c2c-d6f2-41a9-8bd6-20a59f67308e.json	63	be8ff221f8b838f9a7faec9c1249b8bfc8c94f8743e6218107c63e355b3dbd85	ok	__type__,_name,_native	0	
assets/res/import/c5/c56f543c-39ee-4022-93c2-e8bc1db156ef.json	60	255d1984065f527dbf2893712be91f580e5e2d352b7dd7b0f9dc9ce49e5f3e99	ok	__type__,_name,_native	0	
assets/res/import/c6/c62d6fce-d29a-4f23-b10e-39f9b117cc34.json	197	aad6f1387ddaee3dd7d8e49615ca28f17f3b116048a95bc80211e68f797a0f81	ok	__type__,content	0	
assets/res/import/c6/c632c579-5e6b-481d-8a25-d66b555fb6c4.json	69	2cfa940932b2c0a25916bdb6b9bd8b8ffa50ed3f8d1bd9b99376779a9d4d25ad	ok	__type__,content	0	
assets/res/import/c6/c65f8c8d-f62e-4a30-8f12-b07c78dd8a66.json	180	146729b47c4f2a4659f05fce4d0aa638a38008e5d438bfcdb2b1e31c20963f41	ok	__type__,content	0	
assets/res/import/c6/c67626ed-6295-499e-a6c0-a1b0e9e8a0e5.json	63	be8ff221f8b838f9a7faec9c1249b8bfc8c94f8743e6218107c63e355b3dbd85	ok	__type__,_name,_native	0	
assets/res/import/c6/c696f209-5ae1-4f86-bf59-10f04d2c8c12.json	77	079bbca8552e776eb688038aa8ef1cbe78d23106a4d5bf8147dde6bcdcbc75de	ok	__type__,_name,_native	0	
assets/res/import/c6/c6bfed6f-8698-4d93-ac65-b5aba204945f.json	1594	07f296df680947594c04b7b6346177d58354538d69233ddc46b570567b464878	ok	__type__,_name,spriteFrame,fontSize,_fntConfig	0	
assets/res/import/c6/c6d73797-c75e-4d75-9af2-341a15976d25.json	182	5c653a98caf42da04cf00ff2310e847c7161bc7b008a63bc81a2ad4d031372b3	ok	__type__,content	0	
assets/res/import/c7/c70b8424-b38e-4c05-970e-f558f43b3ef3.json	177	e63d3da96acafc50d43e9be071828baebcfc2bae93284cbecd73f253d5f438e7	ok	__type__,content	0	
assets/res/import/c7/c723bb6b-38f8-4138-82c2-69b2e9902b61.json	57285	9a319aeea4c9c9d6f4798c80538a87eb10e50890f6b6371072f9b274c8746679	ok	__type__,_name,_skeletonJson,_atlasText,textures,textureNames	0	
assets/res/import/c7/c74d6ecb-9731-46f8-a7e2-1b12d3788711.json	189	cf2c54ee4c494afdf53dbf60e76329f1bc02d8172e1e1b50bec5e38196ead067	ok	__type__,content	0	
assets/res/import/c7/c75237bd-ac3a-4fb0-90d5-fda2bac2d2b0.json	9591	7eff13b9f46df891cb33d11946d59c6ed775451959b02d4b663834f36248d107	ok	list	0	
assets/res/import/c7/c76166de-7111-431d-af82-83b827bf5b54.json	183	1e900da1cd58852f70fddf2d8e3500d95cab427008ca016d069979b73fdc2ae6	ok	__type__,content	0	
assets/res/import/c7/c7b159ec-2a02-4cbc-ad7b-76210efc2b7a.json	3205	c39c7cc89d0a42a9d9f424d6c1f5bbd56af7c1e016450c4bd2ccc218a26dd5a3	ok	list	0	
assets/res/import/c8/c804f040-f835-424d-b38f-7b860cf548dd.json	198	f5c58a62b8a168770ebdc0ca5e0231aedac64b48d91d871708d61470628f65eb	ok	__type__,content	0	
assets/res/import/c8/c821f0d9-ac1d-4f6b-bb56-2cf4564baba0.json	22142	a507223700435e2191491e1cc5849b3c9ef964a997c837d739b7cf35de524555	ok	list	0	
assets/res/import/c8/c85a66d1-c718-46dc-b278-e677c3fafa5d.json	197	3bd55246c12ebf39937d069297601547f4668cb269b4f581e3e638a7683fa2a2	ok	__type__,content	0	
assets/res/import/c8/c8bba8b6-79c3-4069-b3aa-937958db8c6d.json	177	c0cea014c1f44221894ed962f154bf978c3d8acdb3e7e8b25263f7af98799a80	ok	__type__,content	0	
assets/res/import/c8/c8ff4fd9-16b9-4161-916c-3e71bb26add3.json	69	2cfa940932b2c0a25916bdb6b9bd8b8ffa50ed3f8d1bd9b99376779a9d4d25ad	ok	__type__,content	0	
assets/res/import/c9/c9036a1f-e701-45bc-9cec-1c7a58a6628a.json	178	98f57f91e2e892151faa2f7ce889089ba03c20ed627a5aae9163f94f1591034a	ok	__type__,content	0	
assets/res/import/c9/c90bfb8e-59d9-4e9f-9dd7-acb6f2a1858e.json	187	e30ee08806aeb35f746b91d72e523d014d25c2492a88c85f351fa1c8ba476275	ok	__type__,content	0	
assets/res/import/c9/c93d9724-5c77-4c63-9ffe-9f52ae9ff490.json	69	2cfa940932b2c0a25916bdb6b9bd8b8ffa50ed3f8d1bd9b99376779a9d4d25ad	ok	__type__,content	0	
assets/res/import/c9/c9747fe8-42e8-455e-9fc4-7b64bd02835e.json	169	5bc91c1a1dacf508a225ead487811e06bde53d4b21a89d6d6d420c2d4437bfd5	ok	__type__,content	0	
assets/res/import/c9/c98aa462-4636-4438-aacd-68f62f5458a8.json	2500	57e9408ad9be1133914a0d9f062fcb956101b5c18f3a284e5ec82079192a6d51	ok	__type__,_name,_skeletonJson,_atlasText,textures,textureNames	0	
assets/res/import/c9/c99c789a-b5d3-47c7-b563-07197425a23a.json	190	4a2373dd19c6e43b9e9ac443cc3d133e9fb08199df61e0a04a0e4321f9699201	ok	__type__,content	0	
assets/res/import/c9/c9cb9cef-2a5b-45a1-8dcd-79f23736079e.json	185	20f3f1fed25386db5c2a78381b0e1911924ea02fdf0ceebc655a72c5bb6355cd	ok	__type__,content	0	
assets/res/import/c9/c9cd397e-da7f-482c-8ce5-cc73225f4ef7.json	179	7adfc29c118ea50991ad364a8d9cabc4a94e9d2d1c42ad38ca9c9d5006ae2061	ok	__type__,content	0	
assets/res/import/c9/c9cdf861-2a96-43d0-9608-547895121a5a.json	69	2cfa940932b2c0a25916bdb6b9bd8b8ffa50ed3f8d1bd9b99376779a9d4d25ad	ok	__type__,content	0	
assets/res/import/c9/c9fa51ff-3f01-4601-8f80-325d1b11dab7.json	187	4b6ae73977aad6ca8cb48cdd3e214219288ca4c6269e2aa6ef57335937ea2998	ok	__type__,content	0	
assets/res/import/ca/ca168d3a-b322-41c9-a90c-4064fb8f45e9.json	59	29c63844c8183c3beaf6f5d0f00ab22e5e8886680fe97f2166d0bbfd5ff522c5	ok	__type__,_name,_native	0	
assets/res/import/ca/ca57bf86-0981-41d6-a717-272b5e01205a.json	175	8f7a31c0114b61d133d0b1e4cbbf809a2b114744e1b9233a3374745e84832c2f	ok	__type__,content	0	
assets/res/import/ca/ca7dd3c3-b489-4276-885e-88181d9b4629.json	93900	9f05721224d626233960caf00208f4fa130e1b1e2055ebe9b61724e36851d050	ok	list	0	
assets/res/import/ca/ca8f3266-83a9-4e3a-a9d3-01daf571162f.json	447	1a8ee4c40196b97b7694dc0221b4344dd388fc79d1fa1be5b1f5d1dd2dcc740a	ok	__type__,_spriteFrames	0	
assets/res/import/ca/cabab63b-3cf2-41f6-9d57-87a239b8c6a0.json	177	e185d15f141ed89e41b3d5ff91ec85e75fe916b4a9fe7f7207b9091415509285	ok	__type__,content	0	
assets/res/import/ca/caced012-3c2e-401b-a52f-c76b0786685f.json	583	cffe5fba1af0607ee9ea80c175dfd91660c5b35e0a5dc0635483926cbcd1a3d2	ok	__type__,_spriteFrames	0	
assets/res/import/ca/caf38e77-7270-4d79-aab4-7acbdbeafb5d.json	186	548c3fa72cae7b8ebfd6e1c337568ce38d0558342b80f94f2ff8bc826620a87e	ok	__type__,content	0	
assets/res/import/cb/cb0c4f7e-e072-4bea-ae41-6ed35ab6c1d3.json	187	1f3b64fed90438f0fff0058ea7e6946c09071fb4290777cbb662f7510016793e	ok	__type__,content	0	
assets/res/import/cb/cb0ca393-33d8-4739-8585-77d414f242a0.json	183	db51ea62167cdf2c8c5b65ce06f95fd64602c9527dc816b0ea030764b2216116	ok	__type__,content	0	
assets/res/import/cb/cb17241a-31bc-4487-b919-c8591d0d907a.json	63	be8ff221f8b838f9a7faec9c1249b8bfc8c94f8743e6218107c63e355b3dbd85	ok	__type__,_name,_native	0	
assets/res/import/cb/cb231d43-0f96-4a18-8c47-e255db8843a7.json	63	be8ff221f8b838f9a7faec9c1249b8bfc8c94f8743e6218107c63e355b3dbd85	ok	__type__,_name,_native	0	
assets/res/import/cb/cb2364c9-6a2e-432b-aa72-11782c6f0bd7.json	186	76520f4e1b30d40a4365ca8d5147c4240c52232cd2988372378345b16e52331b	ok	__type__,content	0	
assets/res/import/cb/cb36ffd1-5f3f-447b-a876-6565ac3ac036.json	192	66e3ec548bb98b8e4b15765fe7f1b2fd3b50a9db9812fc934d8eca3538fc5846	ok	__type__,content	0	
assets/res/import/cb/cb8ba1ab-df2a-43e4-88cb-1b76a2e34c0f.json	63	be8ff221f8b838f9a7faec9c1249b8bfc8c94f8743e6218107c63e355b3dbd85	ok	__type__,_name,_native	0	
assets/res/import/cb/cba1a2a5-1c83-4dd6-b938-e5ab6a6cc087.json	63	be8ff221f8b838f9a7faec9c1249b8bfc8c94f8743e6218107c63e355b3dbd85	ok	__type__,_name,_native	0	
assets/res/import/cb/cba63334-c3dd-4eb2-9fc0-89d64a2de3c2.json	174	228b352306fb5850edb55e479a6c71813a68a822b2219027e7a7d103bb0926af	ok	__type__,content	0	
assets/res/import/cc/cc0b5a76-3dd2-4965-a796-baae198b3239.json	63	be8ff221f8b838f9a7faec9c1249b8bfc8c94f8743e6218107c63e355b3dbd85	ok	__type__,_name,_native	0	
assets/res/import/cc/cc10eefa-0c0c-4cc5-a6dd-dea67e83d01a.json	69	2cfa940932b2c0a25916bdb6b9bd8b8ffa50ed3f8d1bd9b99376779a9d4d25ad	ok	__type__,content	0	
assets/res/import/cc/cc319b12-3f5a-4cc8-a745-81f923fb11d7.json	58	345a353101b92cc03e0f97761c4c664255bfeab8e9da8fca1d0cb38e89488a7a	ok	__type__,_name,_native	0	
assets/res/import/cc/cc334795-ac12-4918-8440-b3d1d67bb83b.json	69	2cfa940932b2c0a25916bdb6b9bd8b8ffa50ed3f8d1bd9b99376779a9d4d25ad	ok	__type__,content	0	
assets/res/import/cc/cc55b509-49e8-4716-874a-82b4e3386652.json	181	7a8a68c303495e53c0381b24f227f3043257901d29d1057bf788b75910329d35	ok	__type__,content	0	
assets/res/import/cc/cc566495-9138-4edf-b290-5ed58c842818.json	16823	92d33f333566bf61e4a9c91c7919dfcd629a304c747d627acb6cf693b3957c2a	ok	list	0	
assets/res/import/cc/cc70dba0-8324-46af-a5f1-3758dd746da6.json	8022	07b44bef892c788242231b5159a75d8fdea68a0ab54c1f96c9ca558e7ee1743a	ok	list	0	
assets/res/import/cc/cc9c030e-7dc1-41d3-ae1c-df619f5f7857.json	174	108291492b5988024a57d354026f684340c24a7cc2bc1985ed3d1493b66047fb	ok	__type__,content	0	
assets/res/import/cc/cca6fe32-10bf-4990-8c51-8baf5971e0b6.json	184	0492b35cb45a02d961e86a447a8e9aba77562cb57dee8d75c525750e5a5cac0c	ok	__type__,content	0	
assets/res/import/cc/cceee053-5e20-45c3-8ef2-a1f82cdea426.json	184	148ebe9116fd765f010e79555c6f862eb41957a3df8689e0c5ba3e4d630744db	ok	__type__,content	0	
assets/res/import/cc/ccf6f57f-1c90-4715-ba0a-ec4e134a38dd.json	187	04018ab83f285b6e053e84d56c3468084eaacd25b26afbf2fcd08514f7dbd0e5	ok	__type__,content	0	
assets/res/import/cd/cd11d4b1-2b3f-4e52-8ce6-1625c091d928.json	60	48820ca67da5276a4cb124d56a0ca4d3683937d9cdfb8a5bfc37f3e4431aee47	ok	__type__,_name,_native	0	
assets/res/import/cd/cd179bcb-31c5-493c-aaea-22ab13607876.json	63	be8ff221f8b838f9a7faec9c1249b8bfc8c94f8743e6218107c63e355b3dbd85	ok	__type__,_name,_native	0	
assets/res/import/cd/cd28029c-a904-4f18-b130-54cdc915144f.json	182	5da9882f3ca85a4f14fb9e2ea1a0d6559e5bbc1ad0c547e6d208ebe1f9cbb0e4	ok	__type__,content	0	
assets/res/import/cd/cd3d00b0-9acc-46e4-88f8-40e5c7ec41ab.json	178	79120be56ed0aabdf275f5629f5d32424f2108eebebd1a183d26a7670f1ec74d	ok	__type__,content	0	
assets/res/import/cd/cd561302-adaa-4b23-b82a-5c492950264a.json	180	3bf6b786a81a696a5a96b60378ccb4f2b15cd6f604da0e690d4e25bc5239e149	ok	__type__,content	0	
assets/res/import/cd/cd71244a-ed9b-4046-9b5d-60195298a048.json	171	6e9ac5c6f4ea78805edd3cdfc1d943340352f627fbc20b33c7d5f2d267622f92	ok	__type__,content	0	
assets/res/import/cd/cd9567a4-84d2-4642-9154-c048aae5a867.json	189	5c6ea595f9eefbfb67760d8dcae5b797c700023d3f0424db9d0486cb1041561b	ok	__type__,content	0	
assets/res/import/cd/cdd363a8-1e7e-4603-bed5-21e0b05052da.json	167	072771a0f52cee1bcdb6db7e223fd30f86c42d24615e4e9c5233334d31a23f49	ok	__type__,content	0	
assets/res/import/ce/ce46b048-a1c9-41f8-bfeb-356e8d6b4804.json	12338	02864e099486626ec00e8e13b981410fcf59cc6393ef5f4f99e3e7b45a1387b3	ok	list	0	
assets/res/import/ce/ce6100a4-7ff0-43aa-bc46-53820126f742.json	168	c8e1ca4b0cf79ae02096d3719fba3db86b29056d09b52dffd2b33e8843d400fb	ok	__type__,content	0	
assets/res/import/ce/ce851282-9d98-415b-a5df-607bd4e97a9c.json	63	be8ff221f8b838f9a7faec9c1249b8bfc8c94f8743e6218107c63e355b3dbd85	ok	__type__,_name,_native	0	
assets/res/import/ce/ce8e57a3-0c38-4fe8-b9f5-d6db2d986477.json	63	be8ff221f8b838f9a7faec9c1249b8bfc8c94f8743e6218107c63e355b3dbd85	ok	__type__,_name,_native	0	
assets/res/import/ce/ce987fb0-94bf-492f-8339-d15d1234945e.json	185	3d18cb1211e01c4c49f48b073bb02dd35f2b3a508203711f8590b1fff924ec54	ok	__type__,content	0	
assets/res/import/ce/ceec4cbf-dec7-47bd-b7b9-fc21956fbafa.json	57606	3aff7dff3665addef6c378cfa4cac583a060ed754b4bc9eea6bf7fd8a3ad81e5	ok	list	0	
assets/res/import/ce/ceff78cf-73a6-4cff-8cef-7dc1f52d4317.json	1230	e5f07ad6ecde76ad4eb3dc0244540b3380ca006dee57ab66e6b7935fb4c2ad64	ok	__type__,_name,spriteFrame,fontSize,_fntConfig	0	
assets/res/import/cf/cf68cbb2-2a8d-475f-a20a-78075638ad44.json	187	577315df1b33819351e1403d2f5b3633c9a4219e11980d2224679debcb05c955	ok	__type__,content	0	
assets/res/import/cf/cf790552-223f-434e-ad68-56c113734b53.json	170	8de6a8136dd87b31e2e015e7a82bdb0ac00c3f368b772fa41da8886d7845ea63	ok	__type__,content	0	
assets/res/import/cf/cf7e0bb8-a81c-44a9-ad79-d28d43991032.json	131	fd020d0da190dd9a5a77dc038aedc3b29991501bd3e3669912112b4571c3faea	ok	__type__,_name,_effectAsset,_techniqueData	0	
assets/res/import/cf/cf971876-6bfb-4ac1-864a-03295f543866.json	72	f865e45ee1d418011808be60043e0ce914e7f5048c6a0bac84b65a5c2c855c93	ok	__type__,_name,_native	0	
assets/res/import/cf/cfe3c9fd-92ca-443b-9312-b277ae276f54.json	63	be8ff221f8b838f9a7faec9c1249b8bfc8c94f8743e6218107c63e355b3dbd85	ok	__type__,_name,_native	0	
assets/res/import/cf/cfef78f1-c8df-49b7-8ed0-4c953ace2621.json	69	2cfa940932b2c0a25916bdb6b9bd8b8ffa50ed3f8d1bd9b99376779a9d4d25ad	ok	__type__,content	0	
assets/res/import/d0/d0113187-6f35-461d-a2e6-fad9932a4239.json	63	be8ff221f8b838f9a7faec9c1249b8bfc8c94f8743e6218107c63e355b3dbd85	ok	__type__,_name,_native	0	
assets/res/import/d0/d01ed41a-8ebf-4424-9e4a-e7fab40765bb.json	10588	756c4036e1875b34877b10be345d9065b9351c81de3c5074bb288c1b14264f32	ok	__type__,_name,_skeletonJson,_atlasText,textures,textureNames	0	
assets/res/import/d0/d01fddde-11d7-4d86-8cce-a3154c0a93c2.json	192	c1f32363941a2ceaf851aa487a5697a29c746096ffaac7474aed5823f324bfe5	ok	__type__,content	0	
assets/res/import/d0/d020687b-c55f-446e-8fd0-1c890d165cd9.json	615	93d93a14f90354a1820ba6a22d278c3edf68ae2eb4fbfb3be62aee55d127345b	ok	__type__,_name,_spriteFrames	0	
assets/res/import/d0/d027c5a9-3567-4bf3-86c1-d8ca69b0f4a1.json	63	b25859407de70e3f8db7b89626badb0f22beaa5ad8e6e40841992443d9170c2f	ok	__type__,_name,_native	0	
assets/res/import/d0/d044c208-f8ee-4449-b87f-33960444e012.json	1793	79a037438da744ac54390129097449aedbd4ff719d789d5bfea7457c65aea1ab	ok	list	0	
assets/res/import/d0/d0a82d39-bede-46c4-b698-c81ff0dedfff.json	69	2cfa940932b2c0a25916bdb6b9bd8b8ffa50ed3f8d1bd9b99376779a9d4d25ad	ok	__type__,content	0	
assets/res/import/d0/d0c409c4-136a-4649-ba90-3ce61453e420.json	95776	8703b52129d1899c99486a285ebe7e01d03891d7497579e09dccf3443ad65910	ok	list	0	
assets/res/import/d0/d0ce4877-3f42-43f7-bc23-9ccc4df3d020.json	186	103c9cbde27760c7594e6aa8a107f038c1ddcc0da5b84c0c82582e3ce0f483b1	ok	__type__,content	0	
assets/res/import/d0/d0cf8c7f-33f7-4e9e-a42c-63901f8c44ea.json	69	2cfa940932b2c0a25916bdb6b9bd8b8ffa50ed3f8d1bd9b99376779a9d4d25ad	ok	__type__,content	0	
assets/res/import/d0/d0db6819-cc9f-4b88-9dc9-4a53ff9d169a.json	69	2cfa940932b2c0a25916bdb6b9bd8b8ffa50ed3f8d1bd9b99376779a9d4d25ad	ok	__type__,content	0	
assets/res/import/d0/d0f8ed4c-b274-463a-8322-4f88871cf1cc.json	63	be8ff221f8b838f9a7faec9c1249b8bfc8c94f8743e6218107c63e355b3dbd85	ok	__type__,_name,_native	0	
assets/res/import/d1/d1026aa6-5f1d-49e7-952d-0b23f1fc7908.json	978	86b18c2c8e1bb2bd2c538438042d278e9afc5dc9b100995d15ac016e6b5ebeb7	ok	__type__,_name,_skeletonJson,_atlasText,textures,textureNames	0	
assets/res/import/d1/d16e0226-5f72-4a0b-a206-0155df91569b.json	176	aee978d9ad0321cbdb6f9f2f619db382af05ae74adc5aa4e681eb878f496c1a4	ok	__type__,content	0	
assets/res/import/d1/d1a1f362-9e78-4712-b083-ff137711322b.json	175	5f5f68d34f3263c517bd1c0a11ce568c90d5a2677dd996e5bcdce10dad3df60a	ok	__type__,content	0	
assets/res/import/d1/d1b17023-a25c-4aa9-b2b0-8b27190561fe.json	58	345a353101b92cc03e0f97761c4c664255bfeab8e9da8fca1d0cb38e89488a7a	ok	__type__,_name,_native	0	
assets/res/import/d1/d1cf7c6e-75f7-4c37-a084-45f7e6337a15.json	63	be8ff221f8b838f9a7faec9c1249b8bfc8c94f8743e6218107c63e355b3dbd85	ok	__type__,_name,_native	0	
assets/res/import/d1/d1e90021-ed0b-4143-9122-596f5e221502.json	178	e803dc22d9b98d9a89f83284fc5c8cb1fe9c3d4a2a689a4d2f96ee25bc86f055	ok	__type__,content	0	
assets/res/import/d1/d1fd1073-a32e-435d-a6f1-7cd1c628a610.json	63	be8ff221f8b838f9a7faec9c1249b8bfc8c94f8743e6218107c63e355b3dbd85	ok	__type__,_name,_native	0	
assets/res/import/d2/d233a16c-c512-4906-ba72-26b1b4a57486.json	174	3e3c0e614a5f656b2cc05c28bc60b9e873c460f733378efbe44adeb9e87f269e	ok	__type__,content	0	
assets/res/import/d2/d26c3009-f50b-4db6-8f07-7294c104363b.json	63	be8ff221f8b838f9a7faec9c1249b8bfc8c94f8743e6218107c63e355b3dbd85	ok	__type__,_name,_native	0	
assets/res/import/d2/d2792b4a-fcd9-4681-bb6b-d9db27bead6e.json	186	0c36864eb3dd8bc4adb4780188d52ba528497819b671e13bb575145ba095d433	ok	__type__,content	0	
assets/res/import/d2/d279b8af-d24a-4b35-9a16-cca261e37c7e.json	183	9e3f905539cfc0ef0b383a92715620515e7513291c2a1922d3aa127df50ba07b	ok	__type__,content	0	
assets/res/import/d2/d28c2fe2-5494-45e4-8b42-aeed11d8c789.json	3581	9b8fa4b25b738e3627849487f5438ccb7590a47dddebf710b1d582d19a6e6feb	ok	list	0	
assets/res/import/d2/d2b3841f-8e61-448d-851e-f57a0d005ece.json	186	87d264901378bcaacd3b33639941bfa37272da3027dac696bf70f748f36e86ad	ok	__type__,content	0	
assets/res/import/d2/d2c46bab-bda6-4f4e-ae50-db4f2fe575d1.json	178	b3a3d7814bcea5dcbe05556600a71e51cf0c9b9797a16aa926adfdf558494c16	ok	__type__,content	0	
assets/res/import/d2/d2d832e4-3a17-4df0-8651-78199a607256.json	185	59d61819a5dccc74658f4ac659a35e27f8c09782848577bfaee0ac5b073aea46	ok	__type__,content	0	
assets/res/import/d2/d2ddaf46-0eb2-4225-99db-675190840717.json	63	be8ff221f8b838f9a7faec9c1249b8bfc8c94f8743e6218107c63e355b3dbd85	ok	__type__,_name,_native	0	
assets/res/import/d3/d31bb486-b81d-4dd7-87da-d05906ad2fb6.json	16432	218453ef7c7dd6544337d8914db4c6e3276cbfde8e7037736941266876d79a21	ok	list	0	
assets/res/import/d3/d35dfacb-82a1-42c2-92cb-51ce0c3e918b.json	69	2cfa940932b2c0a25916bdb6b9bd8b8ffa50ed3f8d1bd9b99376779a9d4d25ad	ok	__type__,content	0	
assets/res/import/d3/d35f8d78-aefb-470b-88a5-a458d9e3fa46.json	178	2f3761d24f5c2680bd822a08ac4ea26ffec499de6e8c1a4518fd53563d8aec03	ok	__type__,content	0	
assets/res/import/d3/d3845b18-0fd8-48f7-bfbd-24bed72b8020.json	182	bb7c4009480fe7e62ff76df7fdd7f8c1b1a4a3b4d62fa4a626c2a815d340cc65	ok	__type__,content	0	
assets/res/import/d3/d395bb06-a87d-42e9-bc2f-264da362ae36.json	2214	9ba11707b28a6742669099314d7e86c10ccf915ca7e15aafedee3cc6f695965d	ok	__type__,_name,_skeletonJson,_atlasText,textures,textureNames	0	
assets/res/import/d3/d3b204f6-bf8d-47a2-9ee7-69d2082cf8bf.json	59	ccbb8fea95c7d64209f989428271ac80611d633e165a751d2016758b5d1df1c0	ok	__type__,_name,_native	0	
assets/res/import/d4/d411d2d2-cb0b-49e4-8dcb-194ed77657c3.json	174	fb8b169108daeffe2a9e4dccde1cdceb5247ec58f9a15de338fc28ee23c332d4	ok	__type__,content	0	
assets/res/import/d4/d4551ef7-8122-44d2-bbde-c87add5d2f7c.json	191	5885ed3a6310e07f4ab0f0911f2c8c7da1954aed67e5518630f67a755170a518	ok	__type__,content	0	
assets/res/import/d4/d49c668a-28de-421c-acd6-67a9899d1f04.json	69	2cfa940932b2c0a25916bdb6b9bd8b8ffa50ed3f8d1bd9b99376779a9d4d25ad	ok	__type__,content	0	
assets/res/import/d4/d4f37d28-6b9b-4cad-b28b-164fc6e5e17c.json	195551	50e14365c23ad8069e25770fa227c66107d0158a1efcdb104fe324b3e68152ec	ok	__type__,_name,_skeletonJson,_atlasText,textures,textureNames	0	
assets/res/import/d5/d500521f-b849-4d3b-95ad-6cbb5ca6a0fc.json	192	748e4e7e7f43519c9adfd0e2576bfe6888a1ebacbdb0ddb2b43c86ef8dfe093e	ok	__type__,content	0	
assets/res/import/d5/d514a136-b448-4514-aaa7-17d90f3034a8.json	189	0f3bbfb50902f3f3007219225dbb13b2c535bfc0802ed25fa5b111aba8c53a09	ok	__type__,content	0	
assets/res/import/d5/d5240e3c-6802-4af5-9abb-948044d03cb4.json	58	345a353101b92cc03e0f97761c4c664255bfeab8e9da8fca1d0cb38e89488a7a	ok	__type__,_name,_native	0	
assets/res/import/d5/d54739f4-71ff-49cd-99aa-7467fd4b699b.json	178	fad8c86e5a7031b9ad515881eeaff61e080286278f798cd2e55bbf013273b9b0	ok	__type__,_name,_spriteFrames	0	
assets/res/import/d5/d5579d62-83da-43bb-8713-4e9138f72404.json	178	04df9e81747ae8bddb534c60ce2d799ee58ef03f16501197d4e18ab9958fd1dd	ok	__type__,content	0	
assets/res/import/d5/d5baa974-aad7-4cbf-aec8-487d9255a71f.json	179	35a42ab45eef1bec7ed31399ab2d164a4805401f4bc483c61f1108d858986168	ok	__type__,content	0	
assets/res/import/d6/d65c3e08-1c31-47f8-9cfa-a63399f85cf1.json	182	76a0dcdca7f8a0e151062094c2a571d8617180b1c9541796bff4055df9c3ac67	ok	__type__,content	0	
assets/res/import/d6/d66c9356-28d3-4ce2-880d-a8e9a13293f1.json	7155	2f4af0dc2e048172ff3ef0b38fc1457a883ee03c952bf7853333b74a3d7d8efe	ok	list	0	
assets/res/import/d6/d6854e37-23a0-44a3-a614-731ffd2d1a56.json	175	d0d12d404141daaf6aca4148d7367416d597f7dc859c23337e937461cca0851c	ok	__type__,content	0	
assets/res/import/d6/d68d8697-0540-4953-9323-a84cd07a8375.json	178	33adfd18a51a1eab7ac2ae503c6684350b95b789e1c14bb322a85c60bf7ca9f5	ok	__type__,content	0	
assets/res/import/d6/d6b55f33-436c-4431-901a-70083a48e597.json	6413	65bc410cb035b7e7c64a2fba5f419f5153ae9e8575530c70381dc097c48deac9	ok	list	0	
assets/res/import/d6/d6d3ca85-4681-47c1-b5dd-d036a9d39ea2.json	69	2cfa940932b2c0a25916bdb6b9bd8b8ffa50ed3f8d1bd9b99376779a9d4d25ad	ok	__type__,content	0	
assets/res/import/d6/d6de9c7f-8931-4483-bd72-b4d1a0802cf1.json	9150	1d36226cdde573c6514ffac0ece0407a869d092f48a6636bbce1f26e3954dcf4	ok	list	0	
assets/res/import/d6/d6efe31f-0da1-44ca-bbf4-0c8445fd3c60.json	12956	13126dad48de7b2a174654b028673bd6f4cf57761f6d08edb58b685ce326ea13	ok	list	0	
assets/res/import/d7/d71781e7-84cd-4711-9d38-fd8ce6aeabed.json	178	a21ac13f63ae53734da3dffd16fdb3c65570a7d5b882fee10e2027d6bed9fec2	ok	__type__,content	0	
assets/res/import/d7/d7267bd5-9113-4154-ac98-bd97ee061dc1.json	183	2e1f14733bf2a0ed641be1c4b8df3a361d70620f9d4d1987529463f5a2d0d14e	ok	__type__,content	0	
assets/res/import/d7/d7288607-0a37-4127-9cdc-73e63e785dba.json	185	1427c10818874da09318e8bdddec4ed4d08bbcfab53c4b31cb44fab547ce4361	ok	__type__,content	0	
assets/res/import/d7/d72ce7e9-6afa-441a-8245-6b173a09d94d.json	8054	2d1d6d20b52393373d484c19168996d6f42c105df0dfbcae0fb83b6c74ed4c0e	ok	list	0	
assets/res/import/d7/d74bd4f1-af8e-4f78-a9ba-d0cb299513ea.json	173	0038a3bdeeb9f2ace0cd96c2b3a4d424bd51e972fe99a0528dd5944a6320bdf6	ok	__type__,content	0	
assets/res/import/d7/d771a139-389e-4f65-b4e2-385cdf6d3a2e.json	175	ce6ac3a7c8de395d8db0d263aa25378a2a1dd606a9eabed871ff6a0b63c2cecb	ok	__type__,content	0	
assets/res/import/d7/d7dbd2d2-698c-4ad7-8d02-5c310c9b5ea7.json	189	3b9cd3610638dd753ebce6a36ea8de8fd6f9014ed4aacbd43c7daf0a3d6cff0c	ok	__type__,content	0	
assets/res/import/d8/d81e3283-f8b4-41e0-b197-8c1b15bb3f2c.json	182	6a3d82dc2ffc5f1c90b0dbaedafd9f813e9ac225cdf549736bfac9c4266529e6	ok	__type__,content	0	
assets/res/import/d8/d81ec8ad-247c-4e62-aa3c-d35c4193c7af.json	69	2cfa940932b2c0a25916bdb6b9bd8b8ffa50ed3f8d1bd9b99376779a9d4d25ad	ok	__type__,content	0	
assets/res/import/d8/d82b202c-ab1a-4986-be71-4edfd7d7b15d.json	172	594aff4ff2b38d85c2ea3661a48cdad3c7c0ac3ff2ae94762ed8de505d7155ff	ok	__type__,content	0	
assets/res/import/d8/d8401f6f-0024-4248-86dc-d6f0afd4ba4e.json	69	2cfa940932b2c0a25916bdb6b9bd8b8ffa50ed3f8d1bd9b99376779a9d4d25ad	ok	__type__,content	0	
assets/res/import/d8/d883e5e5-23f8-4471-9cd9-611c39936ec8.json	180	bf0cb117d03922bfead310424c4131083f3df8128e79dfa83ee1ac0b29760035	ok	__type__,content	0	
assets/res/import/d8/d8a582ca-fb2b-4614-86ab-322efb7801fb.json	186	4530c5444902eb67b6fa38562ac80149408b077889518eb94150ed9a6a38e9b6	ok	__type__,content	0	
assets/res/import/d8/d8d242f7-4338-4c9d-9294-1f33f520af58.json	188	7ad12e2280f1d85099e519b582b37e064ef79c53367a1901212cbb030abfb094	ok	__type__,content	0	
assets/res/import/d9/d9016526-dfbb-457e-a0c6-de2bbe7e175a.json	180	c3a0081cafe5ad6d62b8bc5164fd9ccb63a7ca5a9933d56d69017e8c543286a0	ok	__type__,content	0	
assets/res/import/d9/d9167664-0718-41fd-ad78-b5c479ec05e9.json	69	3cf8447a6736052c41ffeef8fd807cbd462fa73190423b6e6f85c0ec29415e12	ok	__type__,_name,_native	0	
assets/res/import/d9/d99ed43e-5e07-4b81-9f34-1174e834a86a.json	183	15b254d85d9400611f67cb13345555483d65a590df39857cce55306032dae2d1	ok	__type__,content	0	
assets/res/import/d9/d9cb6124-4a47-4eef-a0c0-0cf12c362715.json	69	2cfa940932b2c0a25916bdb6b9bd8b8ffa50ed3f8d1bd9b99376779a9d4d25ad	ok	__type__,content	0	
assets/res/import/d9/d9d2540d-f48c-4982-babc-6a4e36f20528.json	68	4dddfe31763c0294ecc04677264bae3ec3f29f439c4f758f225e4a86943bb71b	ok	__type__,_name,_native	0	
assets/res/import/da/da2030d2-fa24-4313-be72-a2a369de7585.json	63	be8ff221f8b838f9a7faec9c1249b8bfc8c94f8743e6218107c63e355b3dbd85	ok	__type__,_name,_native	0	
assets/res/import/da/da50a3b4-0783-4c5e-8a2c-8db3495a15ef.json	63	be8ff221f8b838f9a7faec9c1249b8bfc8c94f8743e6218107c63e355b3dbd85	ok	__type__,_name,_native	0	
assets/res/import/da/da7f1418-c67d-40ba-a3cd-b462cece9357.json	10176	9ec5ec9ed840f48ca1d0e16991163634b26428ddc05502a83e63fab2387f54ef	ok	list	0	
assets/res/import/da/da843ebb-2980-4be9-9a3f-0566fc6280a8.json	192	b3a0c7078275154416bf5b7e493b0997fe255df573e7e6518edd3d998840ac6b	ok	__type__,content	0	
assets/res/import/da/daca4a19-1707-42de-9a6f-fc2618aa8b30.json	1124	ea0e731c349fa90c20ee69066f81336de20b4fef7562480fa4d2578c61a65b6c	ok	__type__,_name,_spriteFrames	0	
assets/res/import/da/daea1933-6981-4541-a137-e60cf86cbddb.json	69	2cfa940932b2c0a25916bdb6b9bd8b8ffa50ed3f8d1bd9b99376779a9d4d25ad	ok	__type__,content	0	
assets/res/import/da/daf4cfa4-bcb9-44b2-bddd-94414bc2fa97.json	63	be8ff221f8b838f9a7faec9c1249b8bfc8c94f8743e6218107c63e355b3dbd85	ok	__type__,_name,_native	0	
assets/res/import/db/db4dbbae-8c4d-45c2-bd8f-fc3017d5ea3d.json	197	1c7e7a7eada820c983e843d035c98a8048fcd14191da0b95a57157ae3e9de2d6	ok	__type__,content	0	
assets/res/import/db/db5dd133-2c65-4038-9526-80b184d71315.json	63	be8ff221f8b838f9a7faec9c1249b8bfc8c94f8743e6218107c63e355b3dbd85	ok	__type__,_name,_native	0	
assets/res/import/db/dba00cc2-31a1-4072-8603-b66230bfd3d6.json	174	0e2a7f91be2ad955f49526d1db3021ea4dfb778f99abfca67b4a74dc11fe707b	ok	__type__,content	0	
assets/res/import/dc/dc1446ad-894b-4f90-be1a-f06a9923059c.json	187	b5f53d2a7a2b4883c18a0e495f758af6ca6bdc6cef58364ce2d0494efa6f0c26	ok	__type__,content	0	
assets/res/import/dc/dc527350-6ba9-491a-af41-3cc8afc71956.json	179	e04fc95298809e0c92574e0e636ad2e2827122ee6a04356855917885d8d4bbd7	ok	__type__,content	0	
assets/res/import/dc/dc88a649-004e-40e7-8417-7660ab6f9b3b.json	63	be8ff221f8b838f9a7faec9c1249b8bfc8c94f8743e6218107c63e355b3dbd85	ok	__type__,_name,_native	0	
assets/res/import/dc/dc91f57c-243f-47ca-8323-0f5812eb9a28.json	72	39002ad76f7ecd707b040e9d9f1371256237d4e48176a2d28125cdeecd4daab0	ok	__type__,_name,_native	0	
assets/res/import/dc/dca353da-7a1b-4c50-a647-b5e5bc984a76.json	177	dc079714fb1afc256418a6bed5d5228f65bd9a7426f65e1e97cf21199746c82d	ok	__type__,content	0	
assets/res/import/dc/dcaa7d31-67b9-44aa-b4c3-ec950a3725d7.json	190	f0b659a315ded109a03f27913359d8e9de315c3f7d803ba27e6ce77b75358c8b	ok	__type__,content	0	
assets/res/import/dc/dcb52222-124b-4eb2-9ee8-a07283054923.json	63	be8ff221f8b838f9a7faec9c1249b8bfc8c94f8743e6218107c63e355b3dbd85	ok	__type__,_name,_native	0	
assets/res/import/dc/dcbbd31e-9fa7-445d-88d6-6432f0c434de.json	69	2c7bfc0dfb2eda248dc1f8bcc786c37f53824a36b6ed732e8e3a5662e018d519	ok	__type__,_name,_native	0	
assets/res/import/dc/dccb9783-9e9d-465a-94c9-203da94b1a25.json	60	4b3fd12e78c45c7ffee19f6c1ecb27004e13632434bcff905eaa695461acbc72	ok	__type__,_name,_native	0	
assets/res/import/dc/dcf4e2a5-2b9e-42e7-9926-dfa52aef1b6d.json	177	d6daf2ab0fe9bfb9888e62e73a87be86024382a495320d5c2edf3448dba1f74f	ok	__type__,content	0	
assets/res/import/dd/dd2735b1-a61c-4f05-a5da-d8632cb5e7bc.json	187	d342b5627fa636555f79115aa21cf80d4ab4bd7f6ff697de20ab4e817b5f1ad9	ok	__type__,content	0	
assets/res/import/dd/dd367d69-79a0-4d39-9a24-d7b45db7a4e7.json	69	2cfa940932b2c0a25916bdb6b9bd8b8ffa50ed3f8d1bd9b99376779a9d4d25ad	ok	__type__,content	0	
assets/res/import/dd/dd4df277-1a67-49b9-8f9f-59a5216d7744.json	182	88ddeb0d1ffabe8b0e7e93106b365e2580f9a8c954e4831ce822a47df7a8f626	ok	__type__,content	0	
assets/res/import/dd/dd4ffb94-8a3b-4bb2-ba92-53e4617bb329.json	171	0cc028e531e1e970186b538251e23f288444348695c09d0c2b5a86572bca0a9f	ok	__type__,content	0	
assets/res/import/dd/dd7da7c3-41e7-4ec5-a950-49b3323e4750.json	16045	537cea8828f190bc8a0402adf4c664fd400d0f9a7af27b9b06e412f692ca70cf	ok	list	0	
assets/res/import/dd/dd846dbd-0bef-4ff7-b0a0-39476da92682.json	194	7b1d4ce74e0c024d928b2f7a4e34e76bd2890f02aae5b09d2ae3eb70ab274132	ok	__type__,content	0	
assets/res/import/dd/dd996897-7562-4fd0-a137-0e25ae858ff3.json	162	50634d4676efad6d9388861a1abc751687f39a2d6a074f0884ca4c90e8bf3ec5	ok	__type__,content	0	
assets/res/import/dd/dd99e7fe-ba44-42a4-b8d2-e17d742e862c.json	49675	8863de4e93e858a7ce5ba60a46895e1cfee5f555a0f79d52ded6fa88613bd2f6	ok	__type__,_name,_skeletonJson,_atlasText,textures,textureNames	0	
assets/res/import/dd/ddf71d55-c9e1-4171-b8b6-4ceeddb2a04c.json	173	3d550f8dae2dd964efbc6326bfeff9fa0986a77461582981c3b2f68e442e2564	ok	__type__,content	0	
assets/res/import/de/de33989e-77ab-4a9d-b459-f52259eb97d0.json	69	2cfa940932b2c0a25916bdb6b9bd8b8ffa50ed3f8d1bd9b99376779a9d4d25ad	ok	__type__,content	0	
assets/res/import/de/de3d88ef-c7aa-4022-8f1f-e68b2d72f4d2.json	1229	cd402d70264bd4b7fc3d9b29ba7721b13bffbc7f421de49d479e5d3bc8e2148f	ok	__type__,_name,spriteFrame,fontSize,_fntConfig	0	
assets/res/import/de/de4d2d68-6ce9-4981-8c35-e8f7b66c34f9.json	63	be8ff221f8b838f9a7faec9c1249b8bfc8c94f8743e6218107c63e355b3dbd85	ok	__type__,_name,_native	0	
assets/res/import/de/de4d55cc-d8c5-4360-a7e1-0358bc7f208e.json	69	2cfa940932b2c0a25916bdb6b9bd8b8ffa50ed3f8d1bd9b99376779a9d4d25ad	ok	__type__,content	0	
assets/res/import/de/de59eaa7-5b06-4b38-875e-bf799fcc064e.json	180	11be24781fb330916208b5623b437ed47ff3173c304c47f0277fae5b345d8ec8	ok	__type__,content	0	
assets/res/import/de/deaa336c-97f3-488f-868f-b7064d5e0c58.json	69	2cfa940932b2c0a25916bdb6b9bd8b8ffa50ed3f8d1bd9b99376779a9d4d25ad	ok	__type__,content	0	
assets/res/import/de/deff1430-9805-4e34-9807-38d74b357b28.json	721	8ca8a839c1c7e3bd2e31923754fffa2bc17920f74dad409a3e0cd6139fe1cae9	ok	__type__,_name,_spriteFrames	0	
assets/res/import/df/df1be536-a76e-4875-8ecc-9f94025275ab.json	181	b05f9275c4b61cdd6b4d1b883006ad4c7941b2d07e95e25a86ae9f7816c7ec5c	ok	__type__,content	0	
assets/res/import/df/df1f4d45-8af8-428e-8357-70198648b70a.json	184	d816995ebd954776572c33f490b9f048e748291f406c239a5502c52b32a66b05	ok	__type__,content	0	
assets/res/import/df/df2b2682-475f-4e9b-afe7-fc2b9e766f13.json	69	2cfa940932b2c0a25916bdb6b9bd8b8ffa50ed3f8d1bd9b99376779a9d4d25ad	ok	__type__,content	0	
assets/res/import/df/df8ac4e1-8b22-4c33-b286-9e5549c72263.json	186	86c8ab237f8d4c57c905df131e9f5eebbdc042e0679ce00b279b3067087498b7	ok	__type__,content	0	
assets/res/import/df/dfda441b-35d8-4799-8f65-74da8de1b091.json	63	be8ff221f8b838f9a7faec9c1249b8bfc8c94f8743e6218107c63e355b3dbd85	ok	__type__,_name,_native	0	
assets/res/import/df/dfeaefd1-8b8d-465e-bc18-095ef68d647a.json	63	be8ff221f8b838f9a7faec9c1249b8bfc8c94f8743e6218107c63e355b3dbd85	ok	__type__,_name,_native	0	
assets/res/import/df/dfffdd7a-077c-4271-a3b7-1c09a0386edc.json	182	a311c91698d818eff8267f02919304e3c62ff9aebf9ce13a3c613096284d725d	ok	__type__,content	0	
assets/res/import/e0/e0003ff9-7af0-4219-ab74-8e683823e79a.json	63	be8ff221f8b838f9a7faec9c1249b8bfc8c94f8743e6218107c63e355b3dbd85	ok	__type__,_name,_native	0	
assets/res/import/e0/e023306b-ce09-444a-8e23-1f2a9bfb826c.json	182	c4e8e556facf30a2bdd0c448f6c08c40ed45361f73cc03063809d2eafda63b7c	ok	__type__,content	0	
assets/res/import/e0/e0240628-5885-4952-a3e0-9142c667ad82.json	63	be8ff221f8b838f9a7faec9c1249b8bfc8c94f8743e6218107c63e355b3dbd85	ok	__type__,_name,_native	0	
assets/res/import/e0/e0495e69-eca6-4c26-be9a-4cec03f4ba42.json	179	18a80c8344182510cb7a8bc7b9ee6c223815867ad3b65cd51eb90443b5229de1	ok	__type__,content	0	
assets/res/import/e0/e058cf09-6314-48ad-b433-5f56a0a33b1e.json	194	e2a6507df6500064976518595080b144ebd32c381186494e09f4014952b441f2	ok	__type__,content	0	
assets/res/import/e0/e06e6eee-c372-4a00-9c26-76eb9b18e81b.json	621	0fbc05cff935d91f8335c41671d60a88d13ecb4c9e790e55430710cbcae6d71b	ok	__type__,_name,_spriteFrames	0	
assets/res/import/e0/e0859505-e0c5-4c4e-90d0-6bb24b2371a2.json	185	8a6807b88bd6a8404b1c68d19c40c42e24e07e96aaceebfe876bf6dade70588a	ok	__type__,content	0	
assets/res/import/e0/e08cff8c-8f20-4672-97e4-3e1b3bcf519c.json	179	089daa5d0a7b6a8e9bee0f745bcf1dfad9587cf3866c78019e3e4c79192840be	ok	__type__,content	0	
assets/res/import/e0/e08fcf90-fc11-4c71-93af-97225bebc2ae.json	63	be8ff221f8b838f9a7faec9c1249b8bfc8c94f8743e6218107c63e355b3dbd85	ok	__type__,_name,_native	0	
assets/res/import/e0/e0921ebb-182b-43ab-a373-808291e00e94.json	184	30c632612cf9c181f27cfe89f7bc5b45c584918da5004f3ca165753122782ed2	ok	__type__,content	0	
assets/res/import/e0/e0b9797b-40ea-48a8-96ef-e99f1b0decd1.json	181	3acb372879b50d11c2133d452ff7ddbe87348b3cfa33458c5f6f393b6f57cda9	ok	__type__,content	0	
assets/res/import/e0/e0ed7d3f-3eca-45b2-ae5c-7b58e6117fe2.json	182	7bc4b51057e2a662b24cf9aa36c26a3ae2d5f63959054e5cf86147c00101a07d	ok	__type__,content	0	
assets/res/import/e0/e0f016ae-3746-45a9-ba7c-c47e8aa085e9.json	183	4b131f65582c465894feca02d2a027f2b8265d3d27aeae0d9ca690e4a9dd59e8	ok	__type__,content	0	
assets/res/import/e1/e146505c-8fc6-424a-8813-a6e71483f9f2.json	182	704161548bd2ffcc043d28c4d7fb0865b2e02ff9411aa96a89443b67f219f863	ok	__type__,content	0	
assets/res/import/e1/e14e0eb0-f68b-42bd-964b-bffa3542f822.json	42867	29ddab2b10dde864afe8c3788910dc4a60de525e978106ffdff1375c74472630	ok	list	0	
assets/res/import/e1/e19be600-e1f7-4910-8684-042f6250afff.json	63	be8ff221f8b838f9a7faec9c1249b8bfc8c94f8743e6218107c63e355b3dbd85	ok	__type__,_name,_native	0	
assets/res/import/e1/e1be87e0-b990-41cf-813e-8867c1289b9d.json	182	f48bc1d0c45904414cec2ac188e5c069d8e86f9477412adb7825616549a89994	ok	__type__,content	0	
assets/res/import/e1/e1c0b8ca-0098-4fa6-a6a3-c48333cfdda1.json	191	f9a5fd4fb69360ed7349f480fd3a8847a2f404b086a8b321fd215ad10ac9d740	ok	__type__,content	0	
assets/res/import/e2/e20f9a49-7f3b-4a03-8658-a13c81d69111.json	184	57b5bca3fece2171ee97743d9ed536b164ae12607b13ac3ddcc9bce8e4460c01	ok	__type__,content	0	
assets/res/import/e2/e231f34b-3496-4e2e-baa6-34b8b027c51c.json	63	be8ff221f8b838f9a7faec9c1249b8bfc8c94f8743e6218107c63e355b3dbd85	ok	__type__,_name,_native	0	
assets/res/import/e2/e244a94b-527d-4a00-aa45-ddf38e050603.json	69	2cfa940932b2c0a25916bdb6b9bd8b8ffa50ed3f8d1bd9b99376779a9d4d25ad	ok	__type__,content	0	
assets/res/import/e2/e2636c94-5a6e-4018-88b4-7ca798330257.json	182	8ec1d28a5d1da43b75cac24923e04aed3e44e83e893e1b31e3f86287df7bb86e	ok	__type__,content	0	
assets/res/import/e2/e2a530d5-8116-4e69-8bd0-f0badb6d18f9.json	11561	26117026724f2e4c3b6737d67296281e30792b5b7883ebd017ccfce1f4824f73	ok	__type__,_name,_skeletonJson,_atlasText,textures,textureNames	0	
assets/res/import/e2/e2aee4e2-801c-4eb9-9721-a7716119d88a.json	69	2cfa940932b2c0a25916bdb6b9bd8b8ffa50ed3f8d1bd9b99376779a9d4d25ad	ok	__type__,content	0	
assets/res/import/e2/e2e2206c-98e3-4df0-ac4a-a3b46a89a124.json	72	9b4ffb180c6aa4cd921a849e94a059efc85d71a4c0a442983e5859c3208587da	ok	__type__,_name,_native	0	
assets/res/import/e2/e2fa24ea-9463-4f84-922d-254ecab0e17b.json	177	ca5aadb3bf46616d214739ad51177f03e25626cf6deafb387dbaba527428925e	ok	__type__,content	0	
assets/res/import/e2/e2fc92a6-34dd-468a-9e15-3101ad9a1405.json	69	2cfa940932b2c0a25916bdb6b9bd8b8ffa50ed3f8d1bd9b99376779a9d4d25ad	ok	__type__,content	0	
assets/res/import/e3/e34c21ce-6197-4629-84a0-86352251eafe.json	186	5820ba5a9b7c3a7599875fc1ea354c78eb5a5b28d1e6e1616ca2f8297dff43a5	ok	__type__,content	0	
assets/res/import/e3/e37016c4-5922-45f5-ada9-5190b031cacf.json	176	2ef9f7718d48df52ad3b4e5f77492d87fde1dae28aed4021175f2c04024a5992	ok	__type__,content	0	
assets/res/import/e3/e37c988c-5775-4790-a55a-eca3c33e31d7.json	181	5daad537462f8f6b5b6602d12e6f9b27d5aec9e247af70de3ac3ab81bad8fad9	ok	__type__,content	0	
assets/res/import/e3/e382deac-a3e5-4bd8-b2f6-825638d37857.json	173	d62c136079042ed43bd2d9d30eb33abd392795482028359375db114f28924510	ok	__type__,content	0	
assets/res/import/e3/e3c365a0-0229-4307-83b4-55f1755e9ceb.json	174	24755c3704730426f4b0941e2a1a18a5dbf44c195e6024029cb18ed2f8b5fd9a	ok	__type__,content	0	
assets/res/import/e3/e3dcf1f7-10a3-41af-b647-d05c60220ee7.json	187	5cdf4380e119009d011b9d51cedc2cc9b6e686c0fdd0344d5f15e36fe56bab39	ok	__type__,content	0	
assets/res/import/e4/e41b5469-e5ea-4866-83df-8c1c224e070a.json	63	be8ff221f8b838f9a7faec9c1249b8bfc8c94f8743e6218107c63e355b3dbd85	ok	__type__,_name,_native	0	
assets/res/import/e4/e451d7ec-18f1-4722-8c2e-b2839b708f7f.json	63	be8ff221f8b838f9a7faec9c1249b8bfc8c94f8743e6218107c63e355b3dbd85	ok	__type__,_name,_native	0	
assets/res/import/e4/e45a3108-6d7a-4806-9c32-2b7c5e79790a.json	178	d9ca22d5f99ba33416e1532e9501172af2451b32a1db9f85a02cc6c2725f2202	ok	__type__,content	0	
assets/res/import/e4/e47082d1-7475-44fb-b22d-5bafad594e00.json	69	2cfa940932b2c0a25916bdb6b9bd8b8ffa50ed3f8d1bd9b99376779a9d4d25ad	ok	__type__,content	0	
assets/res/import/e4/e4cef059-8212-43c8-b4d0-2946bce4251d.json	60	639df60c47b60bf5b6ab7ad1de3e985d52b16375e2f0f8a4e54e4d4b0aaa0ddf	ok	__type__,_name,_native	0	
assets/res/import/e4/e4dea3cf-607f-428f-8c6a-e8d41bc1b15b.json	69	2cfa940932b2c0a25916bdb6b9bd8b8ffa50ed3f8d1bd9b99376779a9d4d25ad	ok	__type__,content	0	
assets/res/import/e4/e4e5e9a1-958e-4b41-9a61-52e2041fa4d7.json	59	e663da5e00075e54fb3220c60a94d2343d483ba0ca4dd32cb75ff6e49c3bbde3	ok	__type__,_name,_native	0	
assets/res/import/e4/e4f7d69a-9299-409b-85d7-a6736684532b.json	2637	80f6b272d80b6dedacf12d1bc3117f26ae7698f5b0fcb9f81cd5821f97246889	ok	list	0	
assets/res/import/e5/e509b338-063f-4504-9aa4-315e7ff9e6bd.json	172	eb34d48bc54e2384ee1c7c6a2502aab8be105a7cce7bf3db02728db7abef8d9c	ok	__type__,content	0	
assets/res/import/e5/e50d2029-1d00-404e-a886-f20fd1e17bd1.json	20086	df597971ec8945c0cc8a588cbc5e88f626e23c9c1800ce132c675db07a550eb5	ok	__type__,_name,_skeletonJson,_atlasText,textures,textureNames	0	
assets/res/import/e5/e528af0b-41ce-4211-95d4-7191bc6d37e1.json	1700	b9895a9c256341e78ce18ee00afe4d5e52d830f1131793049597f7ee5670cfc3	ok	__type__,_name,spriteFrame,fontSize,_fntConfig	0	
assets/res/import/e5/e58340a6-d19e-455c-92a5-84b60c5cb7b6.json	684	1350782cc5269d6f1939dd40082942a14634885ac1421cf5c6b4952be1d8930d	ok	list	0	
assets/res/import/e5/e5a1b11e-2b88-4c09-a77c-cf2e4276cfc0.json	63	be8ff221f8b838f9a7faec9c1249b8bfc8c94f8743e6218107c63e355b3dbd85	ok	__type__,_name,_native	0	
assets/res/import/e5/e5b367bc-ae24-4736-9634-6133807d08e0.json	181	29fd8f1c0fe66a915a21b2f7aeef82ecf9a8500fbe3caf11c287f564530ca5a3	ok	__type__,content	0	
assets/res/import/e5/e5b4029b-7282-4002-8eac-4a042e653c37.json	63	be8ff221f8b838f9a7faec9c1249b8bfc8c94f8743e6218107c63e355b3dbd85	ok	__type__,_name,_native	0	
assets/res/import/e5/e5dd9a52-87f9-4d12-87b6-1f227eab1893.json	182	50f97bc47c89910577836de6cfe29302c136f3d3cd750f7da5ea51550f6ec3ae	ok	__type__,content	0	
assets/res/import/e5/e5f64353-1b5d-4f26-8170-1b9303dae020.json	63	be8ff221f8b838f9a7faec9c1249b8bfc8c94f8743e6218107c63e355b3dbd85	ok	__type__,_name,_native	0	
assets/res/import/e6/e618435d-a235-4637-a2c8-216d10e76ecb.json	183	3daa0748cfc4aefe917cda0aa76a1a7e651d31beee2d3aefb2a401626778ee67	ok	__type__,content	0	
assets/res/import/e6/e66ed70d-3ef7-43a0-a149-0e770cd83fb5.json	184	4793186950d1ed6babd8d20d3b2fc9a681ca6462cc26c6103b3f0547e41bc9b3	ok	__type__,content	0	
assets/res/import/e6/e673829a-3372-4e5e-b3ad-45090fb7b4b1.json	197	76970df95f17430610cd2ee12e9376fb53af751a137e97887f782e63f2c54b39	ok	__type__,_name,_effectAsset,_techniqueData	0	
assets/res/import/e6/e6777ec4-62a8-475d-bc8b-2aa863455283.json	182	76caa544b221bef72669f1a861a02d160e560646854f056a8562ae669e8c15ae	ok	__type__,content	0	
assets/res/import/e6/e6862cf6-6209-4560-b1b1-23371caa232f.json	69	2cfa940932b2c0a25916bdb6b9bd8b8ffa50ed3f8d1bd9b99376779a9d4d25ad	ok	__type__,content	0	
assets/res/import/e6/e6af1c9e-e60d-461b-816d-0f96e6d0d1b2.json	181	ddf6ed43de274e0666b00fbee89b6e57b7d3a6d1cabf62698f9b86098b5002f3	ok	__type__,content	0	
assets/res/import/e6/e6d0d755-7aec-4fd8-9cd4-be48d744adb9.json	177	ea6b0755b039bec49eada7f629d508520283d342568ebd688a77e665dd4ea6dd	ok	__type__,content	0	
assets/res/import/e6/e6e0652f-bb7c-40a5-a39c-b412d5563c86.json	32431	68ce4360b6db68a37d6d5178666bd6de69f8ab2f7c7de34642955d336f0cfa5f	ok	list	0	
assets/res/import/e6/e6ec7b57-e53b-4f3a-9c78-414460d3841b.json	181	6736eed041e7a2ed601d9897ea820b050aaf9c86fdb4047cb1c98509bdf1028b	ok	__type__,content	0	
assets/res/import/e7/e7345331-4e0a-42ef-ac6a-fe8a324fbba1.json	69	2cfa940932b2c0a25916bdb6b9bd8b8ffa50ed3f8d1bd9b99376779a9d4d25ad	ok	__type__,content	0	
assets/res/import/e7/e74be989-1d0a-45e8-8ef6-82dae200afc1.json	63	be8ff221f8b838f9a7faec9c1249b8bfc8c94f8743e6218107c63e355b3dbd85	ok	__type__,_name,_native	0	
assets/res/import/e7/e75b2cd1-fa7a-4a4c-ac8b-ab08f791bfa8.json	60063	d2e8b6b93d205ca592eaaef3a610aab76c50bfcfa9a3a754d69cdc99f473d001	ok	list	0	
assets/res/import/e7/e7829c92-f5a5-409a-af90-b7b3fb4fb886.json	69	2cfa940932b2c0a25916bdb6b9bd8b8ffa50ed3f8d1bd9b99376779a9d4d25ad	ok	__type__,content	0	
assets/res/import/e7/e7aba14b-f956-4480-b254-8d57832e273f.json	189	c18882672cdc6ce20e38336dc1bd4a29a290aef36c2233b5b701ca38b7b4a224	ok	__type__,content	0	
assets/res/import/e7/e7dd6327-3107-43ac-88bb-0b54522ce513.json	69	2cfa940932b2c0a25916bdb6b9bd8b8ffa50ed3f8d1bd9b99376779a9d4d25ad	ok	__type__,content	0	
assets/res/import/e8/e831a809-0157-4191-ae29-b42b4c6b88b6.json	63	be8ff221f8b838f9a7faec9c1249b8bfc8c94f8743e6218107c63e355b3dbd85	ok	__type__,_name,_native	0	
assets/res/import/e8/e84fed6b-8e5f-425c-9f8e-a012491203a4.json	173	b208fb865a110540395281d98cea2b7f5bd176d22caca9bfbef08e71c0d81ef9	ok	__type__,content	0	
assets/res/import/e8/e851e89b-faa2-4484-bea6-5c01dd9f06e2.json	69	2cfa940932b2c0a25916bdb6b9bd8b8ffa50ed3f8d1bd9b99376779a9d4d25ad	ok	__type__,content	0	
assets/res/import/e8/e8765cb2-9bb8-498a-a632-4942c46f26b9.json	69	2cfa940932b2c0a25916bdb6b9bd8b8ffa50ed3f8d1bd9b99376779a9d4d25ad	ok	__type__,content	0	
assets/res/import/e8/e87e25d9-4c2e-4f28-9a99-26d064b60361.json	69	2cfa940932b2c0a25916bdb6b9bd8b8ffa50ed3f8d1bd9b99376779a9d4d25ad	ok	__type__,content	0	
assets/res/import/e8/e8cb6b95-ce65-4265-858f-f4e32a913c53.json	178	090843100247fc778e81509cf56121c24ff295ae5c118a088205e22fab498727	ok	__type__,content	0	
assets/res/import/e8/e8e6fa07-7519-4a4c-bb37-2298b93cd241.json	69	2cfa940932b2c0a25916bdb6b9bd8b8ffa50ed3f8d1bd9b99376779a9d4d25ad	ok	__type__,content	0	
assets/res/import/e9/e93b1024-6b2d-4dba-b43d-9767e4d7ece0.json	187	e7252246f7f2e2ac897f8c6bf4672cdfd9d64ee5d5967aa19ea4e9b11933c5d3	ok	__type__,content	0	
assets/res/import/e9/e9ad252a-0211-4122-9a66-750ac4ca7e6c.json	183	2aaac6baf1f51f69200e75a89b8126a5e5ad7a9c38c076fd05b354bea6a7fd5a	ok	__type__,content	0	
assets/res/import/e9/e9ec654c-97a2-4787-9325-e6a10375219a.json	188	c612bd2f78a180581791f3d7f1eddfd6aac83830caf38403bebc40ddbff0d622	ok	__type__,content	0	
assets/res/import/e9/e9f82217-1aac-4185-9b75-32b98e457cb1.json	188	f44d0a59d1f6c25e2e6f3df67f7f2a009570968105ae43a5ea2442f5adf3c492	ok	__type__,content	0	
assets/res/import/ea/ea19e3aa-91a4-451c-8670-d0af26e3e364.json	62	61eb21c0355123f764f39bad37d60100dc9b848e01290d2ddd70262db9b36d9a	ok	__type__,_name,_native	0	
assets/res/import/ea/ea24deed-fe89-44e3-b490-42289620a04d.json	6078	9fe3d451cc74749214e9f7357130e06340f6f3d855b0b3981235955abc9a8f06	ok	__type__,_name,_skeletonJson,_atlasText,textures,textureNames	0	
assets/res/import/ea/ea4f08f9-5bf9-4eb7-8d3a-cf3651ab0d15.json	63	be8ff221f8b838f9a7faec9c1249b8bfc8c94f8743e6218107c63e355b3dbd85	ok	__type__,_name,_native	0	
assets/res/import/ea/ea555318-70bd-4df7-903e-e1d71525404c.json	186	de55767b67e58320424c734ed8d03b31f1beaf04c2a4155e88549d6ea22b429e	ok	__type__,content	0	
assets/res/import/ea/ea5bf0a7-d5fb-4fab-9a3d-d928a03415c1.json	191	11d2ca49599e9d275b4c4d4718a9c10c6a887c8ef79d7c9f6a597911e973743d	ok	__type__,content	0	
assets/res/import/ea/ea911dd7-1618-421f-9a13-d05810ca5814.json	52208	35a602e3847a60255a82a5d67a0f01242fce5078b2a252299a46194b464d9ba0	ok	list	0	
assets/res/import/ea/eab7e8d1-01ef-4ef9-9ad5-bd1616a21419.json	179	948599f054d71167cfcfeb8620bf5ad2099f1702d466dc983215fcb1ede894ba	ok	__type__,content	0	
assets/res/import/ea/ead386f4-c82f-4357-b610-1e62f5192995.json	60	2c8ca52ce993f504f2c5de1eb8479d9ed8dd220f8783319253c53e38d1a2ef23	ok	__type__,_name,_native	0	
assets/res/import/ea/eae85bab-de22-4cd8-ad55-4c3bff8a0a8e.json	180	9f916b2adbb231054c5356ed5fd26ed8576d529a38ec0ec8930076fe3536aa78	ok	__type__,content	0	
assets/res/import/ea/eaf43a3a-f6c1-42e1-8b13-f33f59093708.json	199	ec36914955b94be6abbc76241cb58e37348f2addcf6713fb3c0fb300116f8890	ok	__type__,content	0	
assets/res/import/eb/eb0b2135-97d0-4608-9d06-5ff0b26a8626.json	181	36790d9454dbff174a764a60cdf8faa76a64a5e44a441a546907c4bf9901bfe1	ok	__type__,content	0	
assets/res/import/eb/eb5613f5-13a5-4427-94ea-3224f02dfb7f.json	69	2cfa940932b2c0a25916bdb6b9bd8b8ffa50ed3f8d1bd9b99376779a9d4d25ad	ok	__type__,content	0	
assets/res/import/eb/eb5dcdb6-9c96-482b-9a14-09dd0b307e89.json	6231	0311bf683ed730c0fcf9fa04e267a8b23d6d0179314bc70c7e413bed1cc1d1e4	ok	__type__,_name,_skeletonJson,_atlasText,textures,textureNames	0	
assets/res/import/eb/eb629931-cba4-4f75-b4d4-dac93b267b6f.json	182	f227aea03afd4531caa48bddb5b024f60b8a56674734a8ab1f5bc91ad58d8030	ok	__type__,content	0	
assets/res/import/eb/eb85c772-176f-490d-afc5-d9451505280b.json	183	c7b7fab4843876481a319d3177aa55b1d9cbf5199a70496c2ae1edaf91f12816	ok	__type__,content	0	
assets/res/import/eb/ebcaea45-7ed4-4a7d-b54d-1aea6ec54073.json	165	6c017ccad5e693691c9b5c4062fbefb1fb8131c39c2dfcb1e2c35d603296f87a	ok	__type__,content	0	
assets/res/import/eb/ebfcbdc0-e0e1-4bfd-b950-f7c5919d626b.json	9740	d9553b3eeb792fea9b8243750b1a937ee11380a4c9c7c901fca0639e931d4c58	ok	list	0	
assets/res/import/ec/ec097336-7c17-4fe1-a370-15f5c49a7aaa.json	63	be8ff221f8b838f9a7faec9c1249b8bfc8c94f8743e6218107c63e355b3dbd85	ok	__type__,_name,_native	0	
assets/res/import/ec/ec215070-f032-400e-a8cc-26d548a694e1.json	1859	7561589504481f46699ae4c160cc8c1d525048cba3510cf9014aa7fe5b68d25d	ok	__type__,_name,spriteFrame,fontSize,_fntConfig	0	
assets/res/import/ec/ec4ed9ad-e313-49b1-b9a7-b82db63e0f4f.json	191	f0ea78be586834860e8cee375967c419d74d07533ba6ec3f5bbc07ec859f27fe	ok	__type__,content	0	
assets/res/import/ec/ec548ea9-8293-4f51-9b2c-417ff62abfbc.json	188	e16b7fe65b652d4ba96851ed21958cf89b6cd62d3c72b8e53446a462166afb85	ok	__type__,content	0	
assets/res/import/ec/eca5d2f2-8ef6-41c2-bbe6-f9c79d09c432.json	163	1ca3b17a16e85522b617e7a8ca53176a637a32cdeed6bd37a849d9c22857a490	ok	__type__,_name,_effectAsset,_techniqueData	0	
assets/res/import/ec/ece18cef-d39f-4cad-b342-8d9d1a672ef7.json	6554	e8dfb6eb2ca596fedbef9b989dcea2f9c00fafcbb339d65a011beac9a5a93fcc	ok	__type__,_name,_skeletonJson,_atlasText,textures,textureNames	0	
assets/res/import/ec/ece1bf8c-2ca1-4612-8222-5c8d0ab419e2.json	63	be8ff221f8b838f9a7faec9c1249b8bfc8c94f8743e6218107c63e355b3dbd85	ok	__type__,_name,_native	0	
assets/res/import/ed/ed11fd0a-5581-4f33-b383-68ae4be232fc.json	187	2a342de095d6d56daa2d0e95f95818edb8aba37db8620941a9b4158a7fb09c0e	ok	__type__,content	0	
assets/res/import/ed/ed252393-b6db-49ca-b016-4d8c39453993.json	63	be8ff221f8b838f9a7faec9c1249b8bfc8c94f8743e6218107c63e355b3dbd85	ok	__type__,_name,_native	0	
assets/res/import/ed/ed5200e8-1e0f-4761-af0d-e3664990ffab.json	189	d263cf1273d2c7a4832d33055b1f2fb2bd31f38c22f1b65bf454cd192e748070	ok	__type__,content	0	
assets/res/import/ed/ed555b42-475d-4583-9b25-30faa116b5d0.json	183	c07b0ef9f0086ef50429b5bd488ffd05cd27bed54e5eb923fd5dba62311e664d	ok	__type__,content	0	
assets/res/import/ed/ed989ffc-0ac6-4475-a15e-60d162b43402.json	172	a23359ead23b8b5fb1c4469cb686983958eddc7d38acf24cc7a2d8f7f7d26c5e	ok	__type__,content	0	
assets/res/import/ed/edb60f5f-aa68-409e-8ef9-44fadff3d899.json	184	00f17a1300ef30a05dfe0e2bbbd75aceee0f75d4973d6001af3dfd2a676e9de1	ok	__type__,content	0	
assets/res/import/ed/edd215b9-2796-4a05-aaf5-81f96c9281ce.json	69	2cfa940932b2c0a25916bdb6b9bd8b8ffa50ed3f8d1bd9b99376779a9d4d25ad	ok	__type__,content	0	
assets/res/import/ed/ede103bc-c064-4dcd-b5e2-b4927e85d4c9.json	10956	632d4e86a71481f6147ffb49612ecfec6a786b113da2652b179fdfc276be4002	ok	__type__,_name,_skeletonJson,_atlasText,textures,textureNames	0	
assets/res/import/ee/ee903b4f-61dc-47e6-8c9d-b1ee21b4022d.json	69	2cfa940932b2c0a25916bdb6b9bd8b8ffa50ed3f8d1bd9b99376779a9d4d25ad	ok	__type__,content	0	
assets/res/import/ee/eeac89cf-b654-45c5-bf92-9b51ec4b21cb.json	172	c62cee6102b58a3a5722a0d33f2911e517899d2186a150a9e4d719e1f709a145	ok	__type__,content	0	
assets/res/import/ee/eeba7468-abad-459e-8600-ff60241b977a.json	69	2cfa940932b2c0a25916bdb6b9bd8b8ffa50ed3f8d1bd9b99376779a9d4d25ad	ok	__type__,content	0	
assets/res/import/ee/eed12067-e073-4d0c-8309-de56cb9af58b.json	63	be8ff221f8b838f9a7faec9c1249b8bfc8c94f8743e6218107c63e355b3dbd85	ok	__type__,_name,_native	0	
assets/res/import/ef/ef188b00-ab06-4737-ac82-c916b997af79.json	521	747c60f0cfb589b95ec748edc7bda7b7a9f73a6ff4ed4515ca594713ee1f49c5	ok	__type__,_name,_spriteFrames	0	
assets/res/import/ef/ef587cc4-ad53-4f66-b943-a9b9f81420d8.json	63	be8ff221f8b838f9a7faec9c1249b8bfc8c94f8743e6218107c63e355b3dbd85	ok	__type__,_name,_native	0	
assets/res/import/ef/efe52ed5-16c9-4540-81c4-fad8708eba49.json	187	01f10c3a501beefaa8552b9390050551d66d578a7a08283937ef764836327506	ok	__type__,content	0	
assets/res/import/ef/efe92b52-2b2b-4389-9d11-ae67e0c743fd.json	186	9ca0fd6811555ed9bfb48972854e9c63c5f86f962700856aee6b91fcad6585f1	ok	__type__,content	0	
assets/res/import/f0/f0048c10-f03e-4c97-b9d3-3506e1d58952.json	187	38448294f000b6d121eb233c6af2c2f70cb5e5f75674be3d65b6b00ee16e16d9	ok	__type__,content	0	
assets/res/import/f0/f0292fd8-9f29-4cec-be3f-f694ba5f1831.json	170	c522ee29e70cba138a1fcc7f4bd175813d068e3186ebe0399cc9c8f2071968fa	ok	__type__,content	0	
assets/res/import/f0/f052fd1e-38f0-41a9-8d0d-802c239cac14.json	60	05e913ffa62a79881075d3993b86c0d7e217ea637497e2bfb88535c1ec4ebf5d	ok	__type__,_name,_native	0	
assets/res/import/f0/f08bb9e7-aecf-4e15-b50c-c8efa4dca527.json	63	be8ff221f8b838f9a7faec9c1249b8bfc8c94f8743e6218107c63e355b3dbd85	ok	__type__,_name,_native	0	
assets/res/import/f0/f0973625-fc97-4007-b785-e3e1edb06138.json	173	d4b3d2647076521b7f177dee09fef484e4411691dab406af15e1ad058a912752	ok	__type__,content	0	
assets/res/import/f0/f09b8e7a-8019-4192-b245-dede65c50eea.json	188	d6c3b0825a15d6049331ac453374f20030289993ee0f21f7edf5a7b20aa7ccf8	ok	__type__,content	0	
assets/res/import/f1/f1266658-2b3d-421e-932b-57666db094ea.json	63	be8ff221f8b838f9a7faec9c1249b8bfc8c94f8743e6218107c63e355b3dbd85	ok	__type__,_name,_native	0	
assets/res/import/f1/f135bbe8-8be0-45c8-8835-4eb8033e808b.json	170	fc0e7df467a33ad3fde38ee56a188db3f0fd10294f92dac2aa60b97d5bd855de	ok	__type__,content	0	
assets/res/import/f1/f1436130-9eec-41bb-99d9-4d80bddfccbe.json	20348	5e3aefd2eda34c92aa956cb5222f626d48b45d4108e490defb2d461c0e05f7c8	ok	list	0	
assets/res/import/f1/f14a3ebb-a065-462b-a9b3-e63e30b43740.json	179	0105688b2044e25a06c7c535b1eb1ad69c15dc783af3885b788639cbb3fdcbf5	ok	__type__,content	0	
assets/res/import/f1/f18132b5-77a0-4a5b-a52d-802f49861ee8.json	177	019c566ad872a9072b98864a450d7f8b39b458744dddf75b551d02c9a382a5ec	ok	__type__,content	0	
assets/res/import/f1/f1a853a4-4a92-4ec2-81ef-39ebb24d8f41.json	573	893a29212d5b71cd4bf34d45ce08b3a205bc5f5350ee7f588d765bfb3bdb9e04	ok	__type__,_name,_spriteFrames	0	
assets/res/import/f1/f1aaf42d-2bb1-437a-8197-f14a0aaa9753.json	63	be8ff221f8b838f9a7faec9c1249b8bfc8c94f8743e6218107c63e355b3dbd85	ok	__type__,_name,_native	0	
assets/res/import/f2/f2230349-3337-4625-ad6e-722ef381f0e8.json	1413	315a5556d16a7fac1cba634703b8de200d696f46f5cea70f4e640f24399553fe	ok	__type__,_name,spriteFrame,fontSize,_fntConfig	0	
assets/res/import/f2/f2d2aa11-3613-45ed-b8fa-34e0cc6eeccc.json	178	76d756ff0e0568b1f79bafd957ecdffecae7aec0384b1250be8139baa12c05e8	ok	__type__,content	0	
assets/res/import/f2/f2d32d73-6233-400b-ba45-8b7ae4ddf582.json	69	2cfa940932b2c0a25916bdb6b9bd8b8ffa50ed3f8d1bd9b99376779a9d4d25ad	ok	__type__,content	0	
assets/res/import/f2/f2fd1bd3-c30a-4f03-af1d-c9479d8ab6c2.json	181	099b1c43c8365db1771aee89f9ff15ef5c4c93ae46001740af147b4bdd52e0b2	ok	__type__,content	0	
assets/res/import/f2/f2ffce72-3c85-43f4-9eda-978f629ee492.json	69	2cfa940932b2c0a25916bdb6b9bd8b8ffa50ed3f8d1bd9b99376779a9d4d25ad	ok	__type__,content	0	
assets/res/import/f3/f3493acf-6fa4-457d-b330-ccbc95b04e28.json	171	07d3049064e951cd0502f36199f6e9739f83d4090861a6064cb35328f438f3fb	ok	__type__,content	0	
assets/res/import/f3/f34c8622-598a-437d-baf1-0099bbc368aa.json	63	be8ff221f8b838f9a7faec9c1249b8bfc8c94f8743e6218107c63e355b3dbd85	ok	__type__,_name,_native	0	
assets/res/import/f3/f3ab472a-b55e-4386-9728-ee363083f591.json	63	be8ff221f8b838f9a7faec9c1249b8bfc8c94f8743e6218107c63e355b3dbd85	ok	__type__,_name,_native	0	
assets/res/import/f3/f3b51341-10fa-46f2-b76f-374dcdc062e9.json	171	ac4ef0965c692b6227e3926b8e836d5b32a888b50b077184565c3e3ddf27f003	ok	__type__,content	0	
assets/res/import/f4/f41c2176-0690-4225-afd7-7149258069bf.json	69	2cfa940932b2c0a25916bdb6b9bd8b8ffa50ed3f8d1bd9b99376779a9d4d25ad	ok	__type__,content	0	
assets/res/import/f4/f42edf99-b74b-4143-a946-0bc1c2688ce4.json	176	6753d31fffa45bdb526f7eafa40b94fa2364e553fb2054c344103c8a4ee891f4	ok	__type__,content	0	
assets/res/import/f4/f4c06640-9fdc-4e34-8303-a1cdb3c10e9b.json	63	be8ff221f8b838f9a7faec9c1249b8bfc8c94f8743e6218107c63e355b3dbd85	ok	__type__,_name,_native	0	
assets/res/import/f4/f4c09f13-926f-49fd-8baa-e2661f21e3f2.json	174	081c8b27046db31b21144fdee7c7c02721bc663f4135f6f3bed7de89232f862c	ok	__type__,content	0	
assets/res/import/f4/f4f74228-c4df-4f97-b547-55618b1d0719.json	63	be8ff221f8b838f9a7faec9c1249b8bfc8c94f8743e6218107c63e355b3dbd85	ok	__type__,_name,_native	0	
assets/res/import/f5/f503646d-6e08-4f01-ac35-405b26e09e26.json	175	4fd8fb8b481109ab39e89b781179e88ad47bcc9ad421a55e5823c81e59c52531	ok	__type__,content	0	
assets/res/import/f5/f56c697a-bdc2-4a40-be59-ea484b87367e.json	189	56f59150a5ca526996a2b82edfd87913bdc265d42723a676aa104355bc1fdeb1	ok	__type__,content	0	
assets/res/import/f5/f56e20c8-19c7-4cf1-9252-eedfae4e361b.json	62	ed3b7bb1f9c16d557252af0797e173bc15eef4e60ef2ddddc605f914edf1d750	ok	__type__,_name,_native	0	
assets/res/import/f5/f5b0b6d2-ace7-4141-bc3d-d43daae2e133.json	179	e32192734cd46257dbbd2da278a49e3d47b8303d136b4a2eed3b96966ef42641	ok	__type__,content	0	
assets/res/import/f5/f5d4fc22-45c0-42f6-b157-cd41ea9e7eae.json	1000	bba6208a8c9f81940fae8eaaeafd39b4d5f137287a2421aa0deeb51a03efbf1f	ok	__type__,_name,_spriteFrames	0	
assets/res/import/f5/f5e213d3-af27-4c9a-8775-0502fa4b0bb8.json	540	f81dd6d47f51d9f1cefac204a99dedb80af6021c7fcefc98a3425a700982b797	ok	list	0	
assets/res/import/f6/f692ca6b-e0fb-4251-9b8a-ae124bc0cc7a.json	4909	a5b1304c28738b622b3545dda6b9415f14bbbd323b6015b47e770f0cfe64e6be	ok	__type__,_name,_skeletonJson,_atlasText,textures,textureNames	0	
assets/res/import/f6/f6e71d7d-9cc7-4f6f-8794-1d745747ddb1.json	180	844fb9e19154d313927bbda656a5d4db105dad45ea5a6b6c1c95ceafff312771	ok	__type__,content	0	
assets/res/import/f6/f6eaa76e-cbfb-4fba-8a4e-c4822c4c0b98.json	63	be8ff221f8b838f9a7faec9c1249b8bfc8c94f8743e6218107c63e355b3dbd85	ok	__type__,_name,_native	0	
assets/res/import/f7/f7c1e9bb-22d9-4b36-936e-ebb1d009ac62.json	58792	dae12893c56bbe4b4bd74ee68a9269680edabb7c51a403ee277ce6f3dbbd06f9	ok	list	0	
assets/res/import/f8/f80993d3-9403-43d4-8686-3fa1660def85.json	178	22ba4a8b15cf57b8fa420f6b2bfb2d772a8c02a7e034cfb41c68f6d70f0181e4	ok	__type__,content	0	
assets/res/import/f8/f836ca13-a720-4da3-b132-878f3d336b01.json	63	be8ff221f8b838f9a7faec9c1249b8bfc8c94f8743e6218107c63e355b3dbd85	ok	__type__,_name,_native	0	
assets/res/import/f8/f87a203c-803e-4440-ae94-cb6b66592911.json	63	be8ff221f8b838f9a7faec9c1249b8bfc8c94f8743e6218107c63e355b3dbd85	ok	__type__,_name,_native	0	
assets/res/import/f8/f87f1410-22bb-475c-9514-9e8a0ab95c39.json	63	be8ff221f8b838f9a7faec9c1249b8bfc8c94f8743e6218107c63e355b3dbd85	ok	__type__,_name,_native	0	
assets/res/import/f9/f9152319-cb19-46fa-a1cf-333cac87072f.json	63	be8ff221f8b838f9a7faec9c1249b8bfc8c94f8743e6218107c63e355b3dbd85	ok	__type__,_name,_native	0	
assets/res/import/f9/f92ea7c7-1438-46b5-9e02-3d876912b89e.json	69	2cfa940932b2c0a25916bdb6b9bd8b8ffa50ed3f8d1bd9b99376779a9d4d25ad	ok	__type__,content	0	
assets/res/import/f9/f996657d-952c-46e4-bf56-af30cbd8e0e0.json	178	0085828e9d696b49bd43f842abef1ef75ec719ec4a7373ca0d79bbabfeec4ba3	ok	__type__,content	0	
assets/res/import/f9/f99abf2e-5915-4fb5-8547-8179a2646914.json	63	be8ff221f8b838f9a7faec9c1249b8bfc8c94f8743e6218107c63e355b3dbd85	ok	__type__,_name,_native	0	
assets/res/import/fa/fa5c662b-c0db-4175-bdd3-bb5f4bb98014.json	69	2cfa940932b2c0a25916bdb6b9bd8b8ffa50ed3f8d1bd9b99376779a9d4d25ad	ok	__type__,content	0	
assets/res/import/fa/fa7b54f6-70a6-482d-a050-1c7296682f84.json	187	b76446c9fb4698df1c562c33652013c68cbcb3c63c79081f308090c8d1e0256f	ok	__type__,content	0	
assets/res/import/fa/fa8d1714-675b-4606-90c3-210be108f4fb.json	69	ede50c9f07bc15d7daea2a916469d408dd22bce877b2dc402b8503f9c4c1de9d	ok	__type__,_name,_native	0	
assets/res/import/fa/fa958951-2a13-4fae-b2b3-074838af3421.json	183	91594f5ab38ffd12a9f43cfb132d38c28d36e8d36a8b8edaf91c55a07a67d690	ok	__type__,content	0	
assets/res/import/fa/fad1c25b-4cac-401c-a214-131d6edffb95.json	69	2cfa940932b2c0a25916bdb6b9bd8b8ffa50ed3f8d1bd9b99376779a9d4d25ad	ok	__type__,content	0	
assets/res/import/fa/fae81c59-2e3c-4e8b-8d28-fb592f93aba0.json	69	2cfa940932b2c0a25916bdb6b9bd8b8ffa50ed3f8d1bd9b99376779a9d4d25ad	ok	__type__,content	0	
assets/res/import/fa/fae9f870-f600-461e-9334-6577a695508f.json	176	e34f7a96df0e35f101d971ff399791ae77699adc29a605fc17d62ad09210e858	ok	__type__,content	0	
assets/res/import/fa/faecb613-9067-4fe3-9a12-56c532dc067a.json	176	3fea21dfba506cee53bee25f51f3700b66c2f7d1a1a28cee23a4139c0f6581ca	ok	__type__,content	0	
assets/res/import/fb/fb1d2b6b-f0bd-4f02-8acd-792fe6196440.json	63	be8ff221f8b838f9a7faec9c1249b8bfc8c94f8743e6218107c63e355b3dbd85	ok	__type__,_name,_native	0	
assets/res/import/fb/fba68dfd-1365-4f95-9f66-1940b31ab064.json	5542	793f7cce439ac0aabfc145ac4f1126fe7d85391e0a03a074c278b6777e7e3579	ok	__type__,_name,_skeletonJson,_atlasText,textures,textureNames	0	
assets/res/import/fb/fbc82027-8a9a-4a9f-bd71-a42c02a1d18d.json	69	2cfa940932b2c0a25916bdb6b9bd8b8ffa50ed3f8d1bd9b99376779a9d4d25ad	ok	__type__,content	0	
assets/res/import/fb/fbc98253-da71-4c37-8e09-9ed65df9e52a.json	175	ab5a4207d1c8213baa23d90ee76228115deaf62642647064154362d3bd9c4738	ok	__type__,content	0	
assets/res/import/fb/fbe58e6a-7cfa-46ce-aa56-181d6730af67.json	684	7804caae5da459913fb7079f4072c1b925bfa572fc00a6443c60c5b0ac2570b6	ok	__type__,_name,_spriteFrames	0	
assets/res/import/fc/fc33fafe-b4f1-4cbd-b004-b3090ed76300.json	177	9363c172a84b0e8fdd473b9cd2dd1297d2bba3016dab6446e7aeafa9f4558fd2	ok	__type__,content	0	
assets/res/import/fc/fc8921b9-b509-4aa9-8d9d-0e3f2444c60d.json	63	be8ff221f8b838f9a7faec9c1249b8bfc8c94f8743e6218107c63e355b3dbd85	ok	__type__,_name,_native	0	
assets/res/import/fc/fccc4402-cba0-4032-b136-d3dcbc151879.json	19653	ef0e63770755e1e5950cc7dfc83dc430b6179a73723f9b8d24d2ec1a3457330d	ok	__type__,_name,_skeletonJson,_atlasText,textures,textureNames	0	
assets/res/import/fc/fce6d79e-7806-4a18-92f3-a576fbbc5da2.json	63	be8ff221f8b838f9a7faec9c1249b8bfc8c94f8743e6218107c63e355b3dbd85	ok	__type__,_name,_native	0	
assets/res/import/fd/fd16dd45-57c6-4e56-a255-97b2d5027b67.json	63	be8ff221f8b838f9a7faec9c1249b8bfc8c94f8743e6218107c63e355b3dbd85	ok	__type__,_name,_native	0	
assets/res/import/fd/fd2e5673-dfe0-4a77-b6fe-1efba09acc02.json	192	6328791b4abd501feddcc2c53a20188d171e743c8f0528923991c65051989e32	ok	__type__,content	0	
assets/res/import/fd/fd5d19ef-5f66-4e8a-a58e-d96ce5146e26.json	69	2cfa940932b2c0a25916bdb6b9bd8b8ffa50ed3f8d1bd9b99376779a9d4d25ad	ok	__type__,content	0	
assets/res/import/fd/fd665b2f-f145-43a1-aa85-407c1afda901.json	6745	46cc0bd94b25ab13b1f31da6b6b12f34160c01b9458833ba0424ec907f6ab5c2	ok	list	0	
assets/res/import/fd/fd6a332a-8045-42e5-a415-dd843fd1974e.json	64	c554cb55e34acb9e653dd46bda89816b16a1edc97a6549eb7e7cebddb324f021	ok	__type__,_name,_native	0	
assets/res/import/fd/fd7b9042-b352-4bec-8b52-b6760203903f.json	173	78e58fa42c869a329e60939fdb0a0a199e65feb3242726033a9c87922a2a427e	ok	__type__,content	0	
assets/res/import/fd/fd9a45f1-7dc1-4b45-9956-85ac883f35ef.json	63	be8ff221f8b838f9a7faec9c1249b8bfc8c94f8743e6218107c63e355b3dbd85	ok	__type__,_name,_native	0	
assets/res/import/fd/fdadbf14-a065-433b-8603-e411a5e96541.json	198	dbfa4bdd7c8b327f6b7026c7339839335b9fb39829585a53d6bd90b021bbb9ea	ok	__type__,content	0	
assets/res/import/fd/fdcf23c1-a10a-4e64-91f9-cc14848b3e63.json	69	2cfa940932b2c0a25916bdb6b9bd8b8ffa50ed3f8d1bd9b99376779a9d4d25ad	ok	__type__,content	0	
assets/res/import/fd/fddeb37d-5e4c-477c-af2f-d75d747c3e01.json	12091	92383bd14c06acfa0315207e3cf12162c9c5992a4760ae16fce4f021100a5d66	ok	list	0	
assets/res/import/fd/fde67b2f-e002-4f5e-b607-ba19da25a449.json	169	f19ea7367c826cb54d20fa3ef6c20b07f31ddb98104f0df5adbe8ca620b64d6f	ok	__type__,_name,_duration,sample,wrapMode,curveData	0	
assets/res/import/fd/fdf2e094-0020-414b-b99b-1388eee9f9f5.json	167	1a3308028a076165bf37e2572a39d75b89be1fa37bb179d812c16367ded52704	ok	__type__,content	0	
assets/res/import/fd/fdfb80d5-2634-4a54-a5f0-f7840b911148.json	178	893dbe155c5d1cab9ac657d9eb37a20ff5a52f3117c8b8805ed784d36ace976b	ok	__type__,content	0	
assets/res/import/fd/fdfd3b2f-b199-40c7-8a81-9fffdcda4127.json	69	12109238c4ad39df9361da15664a4ae7bfa590d7512ba06224f08ed60f1abaae	ok	__type__,_name,_native	0	
assets/res/import/fd/fdff19a3-25dc-41ce-ae46-f280010fcd48.json	173	b47f2906687cb8f7be57cc1fe92884ef66a59df133f4cc297894ec2e09b35948	ok	__type__,content	0	
assets/res/import/fe/fe6c277b-5f1b-4ea2-b078-02f7d2c3aa6c.json	60092	5b8ffbe01d9959986eb92b5e5bd311f594575b0df515efe7d28213cdbd9aa01f	ok	list	0	
assets/res/import/fe/fe76b3e3-32b6-4a6a-bcf8-669b3776ce0b.json	180	75b67d99ad52a86c373138ee666b148f5680120dd40dd352c42f92aca8b8cae9	ok	__type__,content	0	
assets/res/import/fe/fe892b77-a7c2-4121-bb45-d4ffaf740fbd.json	63	be8ff221f8b838f9a7faec9c1249b8bfc8c94f8743e6218107c63e355b3dbd85	ok	__type__,_name,_native	0	
assets/res/import/fe/fea05297-0671-4956-ae09-ed5ac2be6a36.json	60	371a206e964265ef0280ce6ef32391a5f704c3fcbf1de8e844aee024edd8fd93	ok	__type__,_name,_native	0	
assets/res/import/fe/feabc761-f772-4431-9d02-713b6b9a5bfa.json	177	3be378cede134165bbde84f495d1e478ceb6969dae6d6d2a937afc02b902d753	ok	__type__,content	0	
assets/res/import/fe/fec53d0a-ddda-474b-853a-2fb043a2dfcb.json	63	be8ff221f8b838f9a7faec9c1249b8bfc8c94f8743e6218107c63e355b3dbd85	ok	__type__,_name,_native	0	
assets/res/import/fe/fee9d6cd-9dc7-4bcc-a927-10ce291a37ec.json	182	31630a207cf729f6b98e0f93223028d293687e9e4adedd4064042543803154a0	ok	__type__,content	0	
assets/res/import/ff/ff0e91c7-55c6-4086-a39f-cb6e457b8c3b.json	187	d0e85ccb774ad9891a89f14124231255af39cabfa7efd458e5bd2e822d563522	ok	__type__,content	0	
assets/res/import/ff/ff300957-62be-43ec-b422-60ec076ee818.json	69	2cfa940932b2c0a25916bdb6b9bd8b8ffa50ed3f8d1bd9b99376779a9d4d25ad	ok	__type__,content	0	
assets/res/import/ff/ff6e36cd-d770-47b7-95f5-74136edb0604.json	178	5fa250e4550f90722a78f0249481c3c92afb648094ce17b9f34a456db63101c4	ok	__type__,content	0	
assets/res/import/ff/fffa6b64-db9d-479f-a342-0868d67c11b8.json	18318	7c147517dbd50e6a1ffc4b75da6adbce5b3e0446d25a6e5059727f2048b46836	ok	__type__,_name,_skeletonJson,_atlasText,textures,textureNames	0	
assets/res/raw-assets/01/011232ef-e3c0-4f34-a88d-8ff5c19d8d23.manifest	202	3f48b7e7fa2ab5ad012e7e89eaf0dce1985e07632cb374908b56d8db4b77766d	ok	version,name,zhName,packageUrl,remoteManifestUrl	0	
assets/res/raw-assets/03/03e97b5e-6642-4e78-9826-8796c2abe447.manifest	194	7a76e4c74b321b89f48df82c0bbdad403c93125573f7a9235d9b7cba8d143d79	ok	version,name,zhName,packageUrl,remoteManifestUrl	0	
assets/res/raw-assets/04/04bd0ae4-36c6-4251-9992-3284d8afdf6e.manifest	214	afe91070056b565f143767c9bd1a689a657acc1f0c38150ffd708be694d113eb	ok	version,name,zhName,packageUrl,remoteManifestUrl	0	
assets/res/raw-assets/04/04c69595-cc9e-4592-9016-03cdbeb933df.manifest	230	f318a49d3cb617f1362782559a5755ed06f40c5c2ee9e5dd054c9a4e76b3c7f6	ok	version,name,zhName,packageUrl,remoteManifestUrl	0	
assets/res/raw-assets/05/0511e1fe-d164-4460-b4e9-59f9e96fe10e.manifest	198	0968c609393c9120df60fee3ecd7dba2966799270baf093d56fccfbb6e6f7505	ok	version,name,zhName,packageUrl,remoteManifestUrl	0	
assets/res/raw-assets/07/0711cd30-ea49-4d56-9d08-1da548d84428.manifest	214	fd717a01ca6d37298077a02f4bcd29d4e0b52ffc89bdabed1a4ff57e2f563621	ok	version,name,zhName,packageUrl,remoteManifestUrl	0	
assets/res/raw-assets/08/0811261c-acbf-44a7-9afd-e9c668033d79.manifest	194	cfe2e711015d716ea4e33f9aeb72cd07fd26037f4b6616df1c410179d9b38741	ok	version,name,zhName,packageUrl,remoteManifestUrl	0	
assets/res/raw-assets/09/090cb904-84bf-4b58-a945-e2015964307e.manifest	198	298947479218b45e9a54fb5dfe3ecbfe03c34ef15edf7a1ca09cfb9b307cb97e	ok	version,name,zhName,packageUrl,remoteManifestUrl	0	
assets/res/raw-assets/09/091d1f5c-6c37-4315-a4ab-64b94398d10c.manifest	218	c10d261608c9d44ec91b8ead05744ad324e0d08091414de78a7d65022de0c57e	ok	version,name,zhName,packageUrl,remoteManifestUrl	0	
assets/res/raw-assets/09/09ae25cf-d258-41cf-b79a-4aced891c40c.manifest	214	e43f4fb28c436308e6c1f43ccf59205f2d09ef89145e0e41a5e792df25620eda	ok	version,name,zhName,packageUrl,remoteManifestUrl	0	
assets/res/raw-assets/0b/0b58adf3-ea34-42f0-85b0-ceaf21e1f743.manifest	224	06305ee443918655121523fa1cf9e7eb279ccdca0ad1f6753b4f89d3ebc1f9eb	ok	version,name,zhName,packageUrl,remoteManifestUrl	0	
assets/res/raw-assets/0c/0cb038e5-724f-4200-99ce-6e704e7afd63.manifest	220	b258fd2301aba581bd053aece732bb8115601029a63c8790bdd4ca157947e55f	ok	version,name,zhName,packageUrl,remoteManifestUrl	0	
assets/res/raw-assets/0c/0cb93d42-116b-4204-afaf-9b5e136ef7a1.manifest	210	60277e1f127c8fcc7b794ddfe81fbe52195bdf9150f6b9d3e9b337d07ba64704	ok	version,name,zhName,packageUrl,remoteManifestUrl	0	
assets/res/raw-assets/0e/0e5576f0-de9a-4da2-9524-6d6221af5925.manifest	234	cdf798266e7d3e5bc836422bed8cfec2c9d255e14e91dbc2f7a28354d74bb83e	ok	version,name,zhName,packageUrl,remoteManifestUrl	0	
assets/res/raw-assets/12/128bfc19-fd1a-46c7-adbc-29f79846d0b1.manifest	202	da69e2ddb184825169005446a4ecc47a61a81113b7fe1b5c894e5704d2203593	ok	version,name,zhName,packageUrl,remoteManifestUrl	0	
assets/res/raw-assets/14/14756889-0a15-4f12-9408-be3d3ae09d7c.manifest	186	15fab3bb8db3a4662c19fc68064bc7ff64d6b3f970f0cf11dea828168eb7b620	ok	version,name,zhName,packageUrl,remoteManifestUrl	0	
assets/res/raw-assets/14/1482b4fc-8b72-44df-a753-67291621c296.manifest	246	e3663fa9c83e07135882367a57d5ecce976b7717b11c5df73a33589916ac0c2b	ok	version,name,zhName,packageUrl,remoteManifestUrl	0	
assets/res/raw-assets/17/17f7f037-2ae2-4234-b6d1-7ffda73f912e.manifest	238	bce2e8b4cbd3cb224c45dd99a2452ba16b6cccd5affc637134b27c03819a0b7f	ok	version,name,zhName,packageUrl,remoteManifestUrl	0	
assets/res/raw-assets/18/185f25c6-d539-4ea7-8091-a98c97bd3681.manifest	234	fe54d0987250dab165b9afb76965448c87a8873729244f2ae90b1f2a5d38ced3	ok	version,name,zhName,packageUrl,remoteManifestUrl	0	
assets/res/raw-assets/18/18a2b13e-6efe-4331-9180-03c912d528a5.manifest	218	9964fffe4e94da28270cea0dcc78da81126cfaa8b69c876714fe2d1cd8ed1ab2	ok	version,name,zhName,packageUrl,remoteManifestUrl	0	
assets/res/raw-assets/18/18e06777-e500-425c-bd73-efbf4644209d.manifest	214	59a9904261561d7aa427e975945261aeb459ed500614774342807aaeaa150007	ok	version,name,zhName,packageUrl,remoteManifestUrl	0	
assets/res/raw-assets/19/19767f34-e96e-4fd0-bdac-7914f3d0c9cf.manifest	198	c5250da13563ec07fab0adf974b02a59443b4d9054cf9b2842c6ee603d0ca83a	ok	version,name,zhName,packageUrl,remoteManifestUrl	0	
assets/res/raw-assets/1a/1a261599-d513-4043-81dd-435d77e358c1.manifest	210	e417e8eb65c1f0b794131c3f253cb9f783e461aac91e48fdc60b0c8051c91647	ok	version,name,zhName,packageUrl,remoteManifestUrl	0	
assets/res/raw-assets/1a/1ae9c855-ebcc-425c-8a0e-682e5d4f9d0e.manifest	220	ad812f63e6a683ca61817db109da48e9ab94da85eee0ef58dc6e62c5f9db5e14	ok	version,name,zhName,packageUrl,remoteManifestUrl	0	
assets/res/raw-assets/1b/1b337676-8bdc-4d51-9504-b1a2cd3b73ca.manifest	198	25dc7a62518eb1061c33e52c7390ed770892975d1869ede27313aca058724ee8	ok	version,name,zhName,packageUrl,remoteManifestUrl	0	
assets/res/raw-assets/1e/1e96b3d9-d626-4a2b-bd37-2aa0a266746f.manifest	222	5127608f17a728d62e293ffb779c0aef7cd5b13909cdff73bcfdf6c479e46a62	ok	version,name,zhName,packageUrl,remoteManifestUrl	0	
assets/res/raw-assets/1f/1f23fbe6-ae34-4840-80a0-1aa78ea396dc.manifest	202	f9f60e100a65a4c7f1a6db6bb7e38ca3ae75332a9b87dc3a63891ce4d83f0b9c	ok	version,name,zhName,packageUrl,remoteManifestUrl	0	
assets/res/raw-assets/1f/1f6d64e2-aaf5-4327-bbc8-4179f1b6457e.manifest	210	7c60bd13465647afa082b6370e914e019c9cf959592fcdbf123b8100384f7b53	ok	version,name,zhName,packageUrl,remoteManifestUrl	0	
assets/res/raw-assets/21/21eeb02a-c428-4c1d-ac6e-3e0bee2b823b.manifest	222	14775a4290df94497a4ce1f0a6a40b0ea1c0c59f154f23f3c2d15dc46b8a294a	ok	version,name,zhName,packageUrl,remoteManifestUrl	0	
assets/res/raw-assets/22/22169d7d-24d7-4620-9e62-8e842f755377.manifest	218	4aaad955afd986de010bc5d1d89cb0cb54d23ea73630c0974aad579c98a0483b	ok	version,name,zhName,packageUrl,remoteManifestUrl	0	
assets/res/raw-assets/23/2351dedb-5764-4862-bcaf-0bef5bf9ff48.manifest	206	57841cc150ba39009f71d6a50382b9531e7684ff4b1b9aacb192635e374f067e	ok	version,name,zhName,packageUrl,remoteManifestUrl	0	
assets/res/raw-assets/24/24783305-0d5e-43d6-a3ca-58e4dced91ca.manifest	218	bf122f3c379e917d75f43f6ea1fa2b0507048d6949882935d8c3f05611076a56	ok	version,name,zhName,packageUrl,remoteManifestUrl	0	
assets/res/raw-assets/24/24bf34b7-116f-43fb-9972-a56d131c595f.manifest	196	d3ef563381f6cd9276ba3381b4ef5aea1938d6b6e4ffaa61cc1e5142b240d22c	ok	version,name,zhName,packageUrl,remoteManifestUrl	0	
assets/res/raw-assets/25/255ed77e-7022-4e77-9506-37e6847fdc28.manifest	218	dbbc54f9a7707a686e7b878be5990bd5ce06b90843a5b2e3b08f2068bdffd769	ok	version,name,zhName,packageUrl,remoteManifestUrl	0	
assets/res/raw-assets/25/2585352b-b1a7-4022-8976-fea744af42f8.manifest	198	dce8a9e5a6663174e9bf6e571dd3a683b561478a1b12c74f44e2a6ed613e9b51	ok	version,name,zhName,packageUrl,remoteManifestUrl	0	
assets/res/raw-assets/26/2606a540-62c0-44c8-9a9c-d5c9ea48d44e.manifest	210	c307ceac00057268d9526713686991e1f05c6c4155fa73b0b91fcf008ea4550a	ok	version,name,zhName,packageUrl,remoteManifestUrl	0	
assets/res/raw-assets/29/2922c908-df92-4c6b-92f9-2b98c4abb307.manifest	214	36da8a4296a21f70ce53ff54ec00a157d8379ffdb886cc63b865de960c313a4d	ok	version,name,zhName,packageUrl,remoteManifestUrl	0	
assets/res/raw-assets/29/297a79ee-c658-4437-aec6-2e7f7e4da7cf.manifest	202	01a7abf4f60e5822cf2cb4d6f3a29b242f9cc60d84dce56d5a4936a6bb8e27aa	ok	version,name,zhName,packageUrl,remoteManifestUrl	0	
assets/res/raw-assets/29/29de62c1-b561-4fdf-ac9a-d5a4d1a6a002.manifest	205	e38d29f79bf7467cdb75c644961f3243c8ff391697712b58bdad347f3456ea8e	ok	version,name,zhName,packageUrl,remoteManifestUrl	0	
assets/res/raw-assets/2a/2a98c32b-e3e5-4d9f-8105-206e81029e4e.manifest	198	282dc4d758d08fd3068974b76b83c2453a86abf10dfcee9509a992fe2ff9af2d	ok	version,name,zhName,packageUrl,remoteManifestUrl	0	
assets/res/raw-assets/2a/2ac81cf3-af8d-49a0-acde-f789af716d62.manifest	214	4cb941762564d9598c6753fe874e314df7f1fe7d10f97e44eee6f53e7efbc6ad	ok	version,name,zhName,packageUrl,remoteManifestUrl	0	
assets/res/raw-assets/2a/2aef23db-15ee-497f-9349-c4c9dbc386f6.manifest	202	5a12a52bbdd08469805da75ff2761a50902774b51aebff847e5c2e59faef1364	ok	version,name,zhName,packageUrl,remoteManifestUrl	0	
assets/res/raw-assets/2b/2bab6332-5b1d-4577-af97-e7bd26f2c297.manifest	206	24a1744fb8b21d7b9e5d4103a96fa5279a7a380406b82adeac7e30865fb48d71	ok	version,name,zhName,packageUrl,remoteManifestUrl	0	
assets/res/raw-assets/2c/2cd315e4-ec84-471c-96f5-b4b9aa100a0d.manifest	226	1a0920201486aa6819aad0845b25c04bb89941ee3e04423179e12b000f62c820	ok	version,name,zhName,packageUrl,remoteManifestUrl	0	
assets/res/raw-assets/2d/2dee90a9-0ec5-4524-9643-530b2cf252d9.manifest	214	a937d61f33a56de7ed8b69b62388ea3cbe35ebe018e3dcdf568ac8f8ddc4d1fd	ok	version,name,zhName,packageUrl,remoteManifestUrl	0	
assets/res/raw-assets/2e/2e11e3d6-49bc-467d-b64c-d58a8f6a905b.manifest	214	d0fd66c74811d9c26d670309684fd0d35e29064325cf7a1812dc1e692cb375c2	ok	version,name,zhName,packageUrl,remoteManifestUrl	0	
assets/res/raw-assets/2e/2e8c4a71-9d35-4f6b-b812-0a7c3e5d9f28.manifest	202	c69df2a1f233d7742db2cc9e94d2ece4c2faf96bce9766eb601e6a0c66cd87ea	ok	version,name,zhName,packageUrl,remoteManifestUrl	0	
assets/res/raw-assets/30/30354e79-aecc-44b8-a1f1-ea362ba57753.manifest	206	6e15de3a88c860d0856c9c366a6a3789fdb3a414404d5b2294941cf72ed1562e	ok	version,name,zhName,packageUrl,remoteManifestUrl	0	
assets/res/raw-assets/32/325b4ae4-f758-4303-9598-4cb43f4c59e8.manifest	214	20be017a74f78956345c41d5e2de08d51441a12b534d27074b31d0b23c3df8d8	ok	version,name,zhName,packageUrl,remoteManifestUrl	0	
assets/res/raw-assets/32/32f52bee-2df9-49f7-b775-8c7fed59030c.manifest	182	1af8e63580c016f0e712329aaf907e1654f4346036307930b18d4231494a7aa0	ok	version,name,zhName,packageUrl,remoteManifestUrl	0	
assets/res/raw-assets/34/34499a9b-fc7c-4b20-b9bb-c3ae0c140b3c.manifest	218	bd85d4673581b10272d4f59a2a458f187375d459a7e8d0b8e28e03897c2fb150	ok	version,name,zhName,packageUrl,remoteManifestUrl	0	
assets/res/raw-assets/34/34bc17fe-9842-4c45-a671-8ea7dba2e6f2.manifest	198	a1682300a6d5e1c525c66b1e3d8e61aafda8d8522419e80eef6da7b1dadf41e5	ok	version,name,zhName,packageUrl,remoteManifestUrl	0	
assets/res/raw-assets/35/352fafd5-f901-41a9-a478-9e4edd919886.manifest	217	f25bece36f8bf1b7acb0f1233ce7d5d1dbcb98e2b87f7acab4ed761a4c7503c4	ok	version,name,zhName,packageUrl,remoteManifestUrl	0	
assets/res/raw-assets/35/354ae739-3313-46cc-a06b-62de79837821.manifest	234	e74003f4f73d5a691d4cd1baa7475f211356f6c49eaa85f96d94fe44134a7c97	ok	version,name,zhName,packageUrl,remoteManifestUrl	0	
assets/res/raw-assets/35/354b9f46-9621-44e8-bc09-9fd6fdc3b151.manifest	206	a575bc58ba5d59bf7b99ce363ef424916e5eeb6cd9612b910588fcf1513ba748	ok	version,name,zhName,packageUrl,remoteManifestUrl	0	
assets/res/raw-assets/37/374a7609-831a-468c-a7ce-0c00960bb7a0.manifest	210	497ff8c8cd4dcdab5d1570e802689d7a685988bb95b7ab25697e13d35fdd3f46	ok	version,name,zhName,packageUrl,remoteManifestUrl	0	
assets/res/raw-assets/38/387f172f-dda1-44c5-ae2b-0d6f7f6cff36.manifest	218	a4bbf38d519f63af2e37f8b18d416e4a84e7fae08ed75991bf2a7d402e059739	ok	version,name,zhName,packageUrl,remoteManifestUrl	0	
assets/res/raw-assets/3a/3a7f8cda-5288-49e2-8e34-6ca7232d8ef4.manifest	214	7f5d5da9dc50d90d091fe08f918703e204da32260f4b1db4cb4f71a3ebe11cb8	ok	version,name,zhName,packageUrl,remoteManifestUrl	0	
assets/res/raw-assets/3a/3af95820-5b4e-441a-948a-2e249ab24521.manifest	190	abb75d9f69cfaa73916374f5e97f77b00da6285573417eafe37563c10283a330	ok	version,name,zhName,packageUrl,remoteManifestUrl	0	
assets/res/raw-assets/3b/3b6e6deb-e57f-4c86-b522-ec7423a2dcfd.manifest	202	9a308bacd5b3f2dbe45b3952627275a3b99f296b4042c999ee921d1279ec1c01	ok	version,name,zhName,packageUrl,remoteManifestUrl	0	
assets/res/raw-assets/3c/3c437837-ff11-4ade-ba1f-f4f11cdac7d5.manifest	210	6902af209d0eb88e5be97c99941257b4b43fc27d74e045530fab8f1481661807	ok	version,name,zhName,packageUrl,remoteManifestUrl	0	
assets/res/raw-assets/3d/3d2bee9e-056b-4382-931f-c1c1591aea99.manifest	186	9df9f9e39c6475d415d98bb9b37f8bcb296f0869766f1df894416092e0dfdf69	ok	version,name,zhName,packageUrl,remoteManifestUrl	0	
assets/res/raw-assets/3d/3db8967a-c614-49d7-9621-637e22f53981.manifest	214	850aeb6094c2bbb961ac7d869dcbf1d3ce7757d2974cad13f904a10f4aac0371	ok	version,name,zhName,packageUrl,remoteManifestUrl	0	
assets/res/raw-assets/41/41204fcd-4c6d-4360-bb3b-680ef82eb190.manifest	222	453b64c29b398d624a68494b230575cdbb5acf9ef5d6702ec6c875406681ae3c	ok	version,name,zhName,packageUrl,remoteManifestUrl	0	
assets/res/raw-assets/41/41ace276-8da3-4782-99f2-d6869dacbac7.manifest	206	f8b36b6a367498df4bd33a9e1ae049f348cb6dd9c35560f55fe7fde6a0c17132	ok	version,name,zhName,packageUrl,remoteManifestUrl	0	
assets/res/raw-assets/42/42997e88-71df-4997-9e18-1aa9766fd46f.manifest	222	8ac96a745884c06f1de4c4c71ed2dfd86da830ca138b8eb4958152984eae4056	ok	version,name,zhName,packageUrl,remoteManifestUrl	0	
assets/res/raw-assets/44/44b90a42-715a-4bb0-9833-edfae698fde1.manifest	218	2f344d3478a1507db2adbdb9d0aa675621663af26057cd43b84313fb955dac66	ok	version,name,zhName,packageUrl,remoteManifestUrl	0	
assets/res/raw-assets/45/45d692ee-0055-4c49-9dee-3fcc0093f921.manifest	210	a85731df3bb29dcc9ba5f7fdbd06aea41964e5200afb5cc285f424b49f0797da	ok	version,name,zhName,packageUrl,remoteManifestUrl	0	
assets/res/raw-assets/46/46f5d64c-bd40-431c-9d0d-f14ad2058dda.manifest	190	e3422924ce6d5dc895306b34bb04374f46eaa2b47302a3b257d7ca16953a5669	ok	version,name,zhName,packageUrl,remoteManifestUrl	0	
assets/res/raw-assets/4b/4b8a7547-042e-4881-bd0b-7a2f412c8eca.manifest	217	bbae674837f6507d0727d551c85a3b88f54f5a417b2354056e325384442aacac	ok	version,name,zhName,packageUrl,remoteManifestUrl	0	
assets/res/raw-assets/4c/4cd8d927-6a13-4f72-84d5-af82dbcbcae7.manifest	202	769df8a926462298cc7fe750a4aeadd4b5af244b92b9f00ada61d4a047066e40	ok	version,name,zhName,packageUrl,remoteManifestUrl	0	
assets/res/raw-assets/4e/4e953485-1ec5-49b5-b457-6ba4edee19dd.manifest	226	635f01f265f772b5140614cf6853d5e68513899949ba9bca6e3d0453ca17d037	ok	version,name,zhName,packageUrl,remoteManifestUrl	0	
assets/res/raw-assets/50/502fcf61-e223-4113-b06a-490aa058b58e.manifest	198	8d2aa90af8677f666c85eeb9e5d1da0a79d6cdb17c5775b899a0c1ea7f8a75eb	ok	version,name,zhName,packageUrl,remoteManifestUrl	0	
assets/res/raw-assets/50/50486608-f15e-44d3-92cb-7ac4a4c376a3.manifest	214	89e8d926a63e97a094016e2cb15c2d0a94116a23be03a97d014f396aa87911eb	ok	version,name,zhName,packageUrl,remoteManifestUrl	0	
assets/res/raw-assets/51/511ae428-52cd-4111-b42e-c35196835c1e.manifest	238	0080443f317e5702916d7e50fe39deee02bc802032e12ff9b8a52ee7eb44167d	ok	version,name,zhName,packageUrl,remoteManifestUrl	0	
assets/res/raw-assets/51/519c422e-6ca2-422b-9482-4847e9b42983.manifest	222	7e63e574c88d4227f9574de915841026fc9b1996a6ee0c340ded6a1faffd2c2a	ok	version,name,zhName,packageUrl,remoteManifestUrl	0	
assets/res/raw-assets/52/5212d6d7-5d01-462a-b7dc-b304e2da0c22.manifest	214	7ba4c53aea0e532563775333a7e7813f7feb1609223751a24b59d1907be6c268	ok	version,name,zhName,packageUrl,remoteManifestUrl	0	
assets/res/raw-assets/54/54e8a3bf-4941-4a10-95e8-425c71a5aa54.manifest	218	fca8222b77cb6f336150e2014c92a201649b530f276f172d664ead02f629e840	ok	version,name,zhName,packageUrl,remoteManifestUrl	0	
assets/res/raw-assets/57/57454a56-f290-4f5f-a1cf-325935bd9e3f.manifest	214	a561f2ed8dc4ae47db31987d9a8c3b066ac63c7655fda4048c11e6a30e6ee8fc	ok	version,name,zhName,packageUrl,remoteManifestUrl	0	
assets/res/raw-assets/57/57a25e79-72ea-46df-b870-a8c834fb7c7d.manifest	210	e9cacc9ab20beea4bc98126fdfbf0cfd57f49bc95a3fbca43da130d00030b152	ok	version,name,zhName,packageUrl,remoteManifestUrl	0	
assets/res/raw-assets/58/580ed5da-d1f0-4e38-be9c-27786939c46a.manifest	226	253fd66a328c5ca2da4a97ac9a0bd60ea5d0407a15496c3e0513224e06361d4d	ok	version,name,zhName,packageUrl,remoteManifestUrl	0	
assets/res/raw-assets/5a/5a26085e-62a9-4f33-8bdf-413ca1bb4e14.manifest	186	f15901af8dff8a3c4eac78e71fc438f700e5635ce20e3d9d9ab748b9cff6b7a9	ok	version,name,zhName,packageUrl,remoteManifestUrl	0	
assets/res/raw-assets/5a/5a5fda75-a532-40c4-9ffc-2f7d26596c84.manifest	230	d534e1530b6721556d282d64ac67cb76b15874f8d69745c3bfecd44d37520f94	ok	version,name,zhName,packageUrl,remoteManifestUrl	0	
assets/res/raw-assets/5e/5e3307e2-511c-4d1a-906c-b6faf1170498.manifest	220	ed406322181dff724e988b2f280271b762644fefb68b36323e1e3639b3f23527	ok	version,name,zhName,packageUrl,remoteManifestUrl	0	
assets/res/raw-assets/5e/5eb2e997-11d0-4016-a2f7-40b4d29d3a41.manifest	230	ab6d5ec30570b7cd1665d45f4b7c283d6fe71d7306d6217d86c3441d45df73b6	ok	version,name,zhName,packageUrl,remoteManifestUrl	0	
assets/res/raw-assets/61/61334a3d-88e8-4dd3-900c-2843d4cd7871.manifest	202	b68d489a8f6b9579342bbcd6a8c2fe75a3d0afff0f2e1bc44288516ca1b6287d	ok	version,name,zhName,packageUrl,remoteManifestUrl	0	
assets/res/raw-assets/62/628d58ad-1770-47c8-b23e-555e1a850e14.manifest	206	93343c77e3ee9198630cb2b295c745c571d03b124bf26ca32e01379e7e2db7b4	ok	version,name,zhName,packageUrl,remoteManifestUrl	0	
assets/res/raw-assets/63/637c7230-9012-4ec1-89e4-8f4f41082f07.manifest	222	8785366ef1fbf40d2db343640b2901007422aacb6b1887bcbb3639087d1ca792	ok	version,name,zhName,packageUrl,remoteManifestUrl	0	
assets/res/raw-assets/64/64cf9ed9-01d6-481e-9ef8-49f1277dc4a8.manifest	198	6bf462ce177595dbefe7841780fd3b0b62f7cb14a02bef6f9cd33fc621856438	ok	version,name,zhName,packageUrl,remoteManifestUrl	0	
assets/res/raw-assets/66/66c47899-5e14-42eb-a8a5-a0a311cf1273.manifest	186	147a1647b82737149952e40a928d3174fb655a378c16dcc35ec119cac70f0019	ok	version,name,zhName,packageUrl,remoteManifestUrl	0	
assets/res/raw-assets/6e/6e959e52-746b-4422-acc4-96196fad05fa.manifest	186	3ea9167aced60d022dc44e0acb50f1c8ae92e0846ec1917cccd5f772f416dacc	ok	version,name,zhName,packageUrl,remoteManifestUrl	0	
assets/res/raw-assets/6f/6f8b26d3-2773-4551-9baa-4878493d864a.manifest	226	25bcb5fdd5f4dfb293f7346cb73f6dc8b1e537a326d39a0d65584851bd54e8b0	ok	version,name,zhName,packageUrl,remoteManifestUrl	0	
assets/res/raw-assets/6f/6feea0b8-905e-463a-b2fc-d03a708d975f.manifest	210	6d214d9e9a1d8db53b9e21036f72597caa9f0368a857903342bae7544c0914cd	ok	version,name,zhName,packageUrl,remoteManifestUrl	0	
assets/res/raw-assets/70/702efd35-df4e-4505-941c-5a8a5f36946b.manifest	206	3b8eb6f00baf1fbb0be8083e73666a656332e9bbe54fc60288deb8f422cd387b	ok	version,name,zhName,packageUrl,remoteManifestUrl	0	
assets/res/raw-assets/70/70ad8aa6-0d5e-44c0-80f8-7ddfc8f1cc80.manifest	206	806b10bdcb23ba550e39195d3e03db3bd4423ae0a18a0b07d7b772097d49b585	ok	version,name,zhName,packageUrl,remoteManifestUrl	0	
assets/res/raw-assets/70/70f3e0df-280e-43fe-bf30-79f68f0f6a33.manifest	194	70a3772a341b06185f769002ca56ba5a843b98bb864356911f7320d46e9cdf03	ok	version,name,zhName,packageUrl,remoteManifestUrl	0	
assets/res/raw-assets/70/70f91277-5a95-44b1-9ecf-71600e58e2ac.manifest	206	b877466e414392c2e0e4f841f5a6a1b20035c2716356e393399c139a5372f14d	ok	version,name,zhName,packageUrl,remoteManifestUrl	0	
assets/res/raw-assets/71/7182c53e-6100-4a01-9e8b-24d1c3450d6f.manifest	198	31e7740872253f705658128ed1161be218aad20b7167d1aee6f842bd4ac9cfea	ok	version,name,zhName,packageUrl,remoteManifestUrl	0	
assets/res/raw-assets/75/754b8944-adf6-4d41-8f10-528e411a5e7f.manifest	182	f7f5919068e2df7e7a4986858a36b496169ff56896ffc89e95408aeb5217c311	ok	version,name,zhName,packageUrl,remoteManifestUrl	0	
assets/res/raw-assets/76/762185ae-726f-4ddc-afa6-fe3f8c073429.manifest	210	5e679b5cda8c12f7e09995e17e15ae0a0c381ec7d20d084f2930b5a73b068d65	ok	version,name,zhName,packageUrl,remoteManifestUrl	0	
assets/res/raw-assets/76/76e34013-d861-4bb2-8dde-f3b504908f21.manifest	210	168f81b592308d96b40ccff6e6729273144b66f500cb5d69979c3264cd9c18f4	ok	version,name,zhName,packageUrl,remoteManifestUrl	0	
assets/res/raw-assets/79/79b115cf-4df9-46f4-852e-0b8a2573dc4b.manifest	214	d48a6cdd386248c2a4eaf92a8b788bce2c5eb5cbaf944b777a6705bb4be1b95e	ok	version,name,zhName,packageUrl,remoteManifestUrl	0	
assets/res/raw-assets/79/79e0625b-a4d4-44e2-bacd-4170d507a002.manifest	226	2676717982ab354052129020fa11bdb39070e2dd3e3b6039dda4493a2c3de5c7	ok	version,name,zhName,packageUrl,remoteManifestUrl	0	
assets/res/raw-assets/7a/7a32619f-24bf-43f8-9b67-58c2ca0020f5.manifest	226	88b48f6f0cb3407c1241e39be0254600ca32404e3907c0cd771f12c8c2880cd5	ok	version,name,zhName,packageUrl,remoteManifestUrl	0	
assets/res/raw-assets/7a/7a94e381-9776-4d07-af84-b59e8cf3edcf.manifest	190	6009dbb49ba85e2c2c2fad13a31ab1367537f838ff64fbf79145e5fc25fceec1	ok	version,name,zhName,packageUrl,remoteManifestUrl	0	
assets/res/raw-assets/7a/7ad5a6f8-d605-4ed3-9f75-21ac4afee16f.manifest	212	9efb94ece6f63e5713899dffff727d94bdbd4e75cd9057841dea9836f5c9eb5e	ok	version,name,zhName,packageUrl,remoteManifestUrl	0	
assets/res/raw-assets/7c/7c54c32b-ee82-4bde-92b6-7fec0615a6db.manifest	214	1c98320f8cf4ec08f8335f01d712e50e1210461dbb7111d495f223033e04c261	ok	version,name,zhName,packageUrl,remoteManifestUrl	0	
assets/res/raw-assets/7c/7ce0a00a-1b63-4f44-873b-450d11b83327.manifest	218	da1b25529ddd79c01de7a625d6dbf0a02eee3948c05fd1c563993e3039120ded	ok	version,name,zhName,packageUrl,remoteManifestUrl	0	
assets/res/raw-assets/7d/7d36e207-0678-4229-bb8f-5e0befa27582.manifest	214	6a0355226426310b8e24006980a8dd405ed3cb93ef854f1defbfb9ec140259ec	ok	version,name,zhName,packageUrl,remoteManifestUrl	0	
assets/res/raw-assets/80/809f9773-b8b0-409f-8f39-be17bc13dc8a.manifest	194	b97ee3a49245afec310ccae5b01a566423b77952208dca56dced8615151bf6e8	ok	version,name,zhName,packageUrl,remoteManifestUrl	0	
assets/res/raw-assets/82/822ed93b-78b0-4574-99a7-1bdb4c62f2ff.manifest	218	cf8d159a5770f254110a9241c72b0e80a0f04722916261051ca91df71625678a	ok	version,name,zhName,packageUrl,remoteManifestUrl	0	
assets/res/raw-assets/83/83380dfc-a208-4667-af97-3382d937838d.manifest	210	2d297a9b02bba32cb630e4c296d4d15be9d8269c7076aab035557de44ec91247	ok	version,name,zhName,packageUrl,remoteManifestUrl	0	
assets/res/raw-assets/83/83d327af-d0c1-439f-ae17-f97e63f8e55b.manifest	218	0120fb91fc47648ddcc40ead6f5e097bb1245655f57adde4b1e29cb6a4189bf5	ok	version,name,zhName,packageUrl,remoteManifestUrl	0	
assets/res/raw-assets/84/84c5570d-56fe-4b22-a544-49157ec94792.manifest	218	a9b99beebae8527b0d22f1437122555f892146c65ac07b8fd5b58416c3fa450e	ok	version,name,zhName,packageUrl,remoteManifestUrl	0	
assets/res/raw-assets/85/85cb3283-df0b-4bb7-8215-a25956c33980.manifest	211	3cfa334daaa982917d24f86918e2415f809ef471b0bc70f7fc2814e36902a31c	ok	version,name,zhName,packageUrl,remoteManifestUrl	0	
assets/res/raw-assets/86/86095591-5af7-4184-9527-335f40773578.manifest	178	0f4450793f887744c0cfc95b50a8d32711725b566865f5e97de47c8a26d1961e	ok	version,name,zhName,packageUrl,remoteManifestUrl	0	
assets/res/raw-assets/86/8663b78e-e211-4a5b-9a4d-b60ae6af8f7c.manifest	190	7cf043bc893f88524dd1b4c5101f5e64cbd7080fe6318e521166ca0bce0d70e8	ok	version,name,zhName,packageUrl,remoteManifestUrl	0	
assets/res/raw-assets/87/87bc35fd-4cfa-4549-9342-eee034e1531b.manifest	206	a3434e767e310ff555de4e3f50fd922450caa136eee019acc9ba10e33f0d2002	ok	version,name,zhName,packageUrl,remoteManifestUrl	0	
assets/res/raw-assets/8a/8a0effe2-ab17-45c2-bca2-eaafd489b633.manifest	198	77f541a0e8975c079aa74b37ae5dcc315a77e58c59e5fb904ca7260d6429db78	ok	version,name,zhName,packageUrl,remoteManifestUrl	0	
assets/res/raw-assets/8a/8a1a3d4b-24d4-49d9-b4ef-451703941f76.manifest	182	2de4a45d0268bfa9da15203fc34364e05c47292229ea8d9de2d2e276e72c1704	ok	version,name,zhName,packageUrl,remoteManifestUrl	0	
assets/res/raw-assets/8a/8ac81666-33af-40c0-a4c3-99a0c2eccc74.manifest	214	78f729289559f3299ca2fa5fcde667e2a23bd4cde9a320509b1a42610e377cdc	ok	version,name,zhName,packageUrl,remoteManifestUrl	0	
assets/res/raw-assets/8a/8adb20da-2ccf-401c-a289-34b1b0e633d4.manifest	186	2758ef34c329085af788854343f53545eed9edefea8b79bcb7c76c605d526a28	ok	version,name,zhName,packageUrl,remoteManifestUrl	0	
assets/res/raw-assets/8b/8bd89559-6a3d-4213-9983-e76d00644521.manifest	198	ab81722d7ec70357183db81df3580b9626f85cb75a28a4823a9469a8a5095e15	ok	version,name,zhName,packageUrl,remoteManifestUrl	0	
assets/res/raw-assets/8c/8c31d8bb-449a-49f5-8bd4-88961d118cde.manifest	214	87c263f42c4a59c8c0bfff173233c2f6a6f1787c5e3db9806de9731afe8e870d	ok	version,name,zhName,packageUrl,remoteManifestUrl	0	
assets/res/raw-assets/8c/8c7ae5ed-ac6e-4cad-951f-d4708e60fca6.manifest	182	1c6fe0e242d6e944d71fff5d2e2a85d10be49d933386dde5daf7e043413c6876	ok	version,name,zhName,packageUrl,remoteManifestUrl	0	
assets/res/raw-assets/8c/8cec98a3-d1b2-4a09-ac11-4fe2e703f8f7.manifest	202	a68596c070848884573fa7affcb5d83a41a795182f29c736c245b0e0b3f49f13	ok	version,name,zhName,packageUrl,remoteManifestUrl	0	
assets/res/raw-assets/8d/8d7393a7-6b57-48da-a28d-0bb9cf34477e.manifest	193	877980690c699fcbdaa8012ce4c3720bae2a133a49600358014996f8e14b6a48	ok	version,name,zhName,packageUrl,remoteManifestUrl	0	
assets/res/raw-assets/8e/8e135bca-c3ca-4e12-b9b3-8512c70b3f24.manifest	202	b2e1f13543fa73e0d1b5c5eeb34546b503dd6b669f7b5590cf245db9008adabb	ok	version,name,zhName,packageUrl,remoteManifestUrl	0	
assets/res/raw-assets/8e/8e21633b-dffa-4bdf-a72d-7a8df83f95fa.manifest	190	e4d7cc34c21c9f2a4f61a5b7b46f3447d1c6d60572f91f60e675ce6858e88d15	ok	version,name,zhName,packageUrl,remoteManifestUrl	0	
assets/res/raw-assets/8f/8f1adfac-a41e-4b1b-989f-402610f23d5b.manifest	210	c637e2f275c9f195ddd0405d08d5f4b9abc1d65467174046019bcfa6aceccde9	ok	version,name,zhName,packageUrl,remoteManifestUrl	0	
assets/res/raw-assets/8f/8f7816a8-5b97-4e45-97fa-5de0419c9ed6.manifest	222	4b8d714e8b2d52bdbf4c3fd762784756127b98dd5c3fe9e085398607a7004517	ok	version,name,zhName,packageUrl,remoteManifestUrl	0	
assets/res/raw-assets/8f/8fdda90e-9515-4ee8-9302-d59cf50833f2.manifest	194	57e7b8214015aed5c6f2987dc58c6111d5c79d9b1bccc111771a8492bcce218f	ok	version,name,zhName,packageUrl,remoteManifestUrl	0	
assets/res/raw-assets/8f/8ffdc729-6c03-479a-a1bf-baeb7d618bcf.manifest	12639	851f54a584b8c32d5f5813eed7b2fc8537bdbb0f50fd53f1573e396d015aeb45	ok	version,name,zhName,packageUrl,remoteVersionUrl,remoteManifestUrl,ios_review_version,android_app_version,ios_app_version,androidAppUrl,iosAppUrl,subVer	0	
assets/res/raw-assets/90/90e5bb5c-f6b2-494f-9bb3-82f05685ddf1.manifest	198	e1e0f63ece5fc0e4ee2a9059ebc603080065f08f41384a509405d8469b39b21b	ok	version,name,zhName,packageUrl,remoteManifestUrl	0	
assets/res/raw-assets/92/9238f021-59c1-4b7b-a3ac-3be0c776fbb0.manifest	184	4f279b8b1df18003ea7c03bf6bc7088bd8994ed95564583ac2173dc980239e07	ok	version,name,zhName,packageUrl,remoteManifestUrl	0	
assets/res/raw-assets/92/929ddff0-fe22-4e5f-9284-a8cd3b3b8782.manifest	210	7678887b5395edb96000ef801894955182208893049099e8207627ce6a820a95	ok	version,name,zhName,packageUrl,remoteManifestUrl	0	
assets/res/raw-assets/93/931406ea-9df4-406f-a5d3-953ae1234089.manifest	210	48fe181901ce4ec9da306656bf465ed75354fe56754cd46481f701d998fe3c99	ok	version,name,zhName,packageUrl,remoteManifestUrl	0	
assets/res/raw-assets/93/932f7649-59df-417a-9e78-e1b6998aa491.manifest	190	b4cae141d6d7853736ef9702651aab358f3993077ef3c59e5913fa877fc9c0fe	ok	version,name,zhName,packageUrl,remoteManifestUrl	0	
assets/res/raw-assets/93/93758ba6-04e0-4b08-abb2-f72a0319aa50.manifest	194	2bd4e869732d83f995f265e9b11061a9642f35e5d88e6db2f6971b3b0e8f8420	ok	version,name,zhName,packageUrl,remoteManifestUrl	0	
assets/res/raw-assets/96/96b24541-d844-41dc-8e72-45a69adcbf06.manifest	206	f3c8a584dbd22ce73c1626d952069601be1c52fc0e2f32d63d1ea8d6e84054b9	ok	version,name,zhName,packageUrl,remoteManifestUrl	0	
assets/res/raw-assets/97/971223db-a03d-4b2e-84b6-9dae9cc28a91.manifest	198	27b93e6b7278c0ecba9c2a26f53fdcb9d6f5de09c28beaaf8404122b6e734ee6	ok	version,name,zhName,packageUrl,remoteManifestUrl	0	
assets/res/raw-assets/97/975591d2-878f-4c37-9d9c-61f6dcaad6ef.manifest	206	c9933a2c164c657b4c7df9944486d3bf64e821e9c02a03f8550739f1ac9207a2	ok	version,name,zhName,packageUrl,remoteManifestUrl	0	
assets/res/raw-assets/99/99d32e12-d611-45c5-b46b-90c424234d30.manifest	182	ab2fce49749314330f4191a72e2489773b9f5140463e5395e3e44e919e3770f8	ok	version,name,zhName,packageUrl,remoteManifestUrl	0	
assets/res/raw-assets/9a/9a22b2f2-f6a4-4152-a08d-1e172e8dc4df.manifest	198	e75d39750baad0fb8a3b3cb98ec046e9227ffb63201e4b21dee7ea8e695e7001	ok	version,name,zhName,packageUrl,remoteManifestUrl	0	
assets/res/raw-assets/9a/9a8eb2c2-1d99-460a-bc93-b12c70a9baf6.manifest	194	7ae3bf2bd3884a4e534f621d0b78666c6c64d22a292a5f28e2e05118bf99ac15	ok	version,name,zhName,packageUrl,remoteManifestUrl	0	
assets/res/raw-assets/9b/9b380ced-6ecc-42dc-907f-e1e82693be40.manifest	202	7b023c298a93d081a9dc1f36d4407aa92012e9d979a7d4bc7b38bb91d23ff7d6	ok	version,name,zhName,packageUrl,remoteManifestUrl	0	
assets/res/raw-assets/9c/9c61bdf6-013f-4c96-841d-b487ecb0882b.manifest	217	b72b3d9f4b2268005d65b49a120f3901e71edef7c14cf2110e2ed618c25463cd	ok	version,name,zhName,packageUrl,remoteManifestUrl	0	
assets/res/raw-assets/9d/9d7023ff-6130-4712-bd31-beff7cfa0a78.manifest	198	e1f6b438cca440d4e1b7cd330335f45556686884dc7f40168b040b651562d3a1	ok	version,name,zhName,packageUrl,remoteManifestUrl	0	
assets/res/raw-assets/9f/9f6b9128-6e8b-46f5-929e-1b79101bc844.manifest	194	c2e49b160029165638f520876a9f46092bd929329f0f7246ed17e9d261cd47d6	ok	version,name,zhName,packageUrl,remoteManifestUrl	0	
assets/res/raw-assets/a1/a12240e6-446b-49c9-b58e-a2f280b084ae.manifest	211	1229d1fbcd331af4347b012d2edbd4d766e81dc1b10ab874225dcdaca844dbf9	ok	version,name,zhName,packageUrl,remoteManifestUrl	0	
assets/res/raw-assets/a1/a18a65e3-8522-4c71-907a-44d7abe0cf2c.manifest	204	47520e38f2d54d233a9c1dc287a2d93cadce9e72985f2a59b05ad6427f86e85c	ok	version,name,zhName,packageUrl,remoteManifestUrl	0	
assets/res/raw-assets/a2/a25f2592-77db-4efd-8f8b-5668ac4f94fe.manifest	198	e9ae5ed4e98e1599e9ff1a609c800d059be48f62992ab4ea391f20af6592da13	ok	version,name,zhName,packageUrl,remoteManifestUrl	0	
assets/res/raw-assets/a3/a32ca070-9835-453c-a040-d55d49659203.manifest	200	fa0b157ce83ee51b85cd0659d50abd6e42a48a52c17031057c3754b5cc45528f	ok	version,name,zhName,packageUrl,remoteManifestUrl	0	
assets/res/raw-assets/a3/a3a04cf1-e82b-47a3-aa4e-0192686d416d.manifest	218	7eedfbaec9c4dbe19d636d5523c5a2463bfc65e61dbd260931c2665562f7070c	ok	version,name,zhName,packageUrl,remoteManifestUrl	0	
assets/res/raw-assets/a4/a4e22a9b-5f64-4385-a4b1-ad4d7c01c560.manifest	214	b96e0319ab55ec2e41c4a57fb34abed331f2aa391ac89855591f24afb9c0acb2	ok	version,name,zhName,packageUrl,remoteManifestUrl	0	
assets/res/raw-assets/a7/a72cd3f4-cf62-4c71-a474-eff5f16185b7.manifest	214	89ba4aa343d8c61b3ec762b60a01e2ae6cbe13e4a409b34d321c82e7273b236b	ok	version,name,zhName,packageUrl,remoteManifestUrl	0	
assets/res/raw-assets/a7/a7334bc8-69f6-42f9-bbf9-7cacb720d31e.manifest	202	5eba0d6ec258ba3f009155dc8426810fbcd47aa6ddc819aeb414e05d85f5b319	ok	version,name,zhName,packageUrl,remoteManifestUrl	0	
assets/res/raw-assets/a8/a88b5780-04b4-47e7-ab4c-0e8236682439.manifest	230	da6c7850f00346227f56da8ded03dfb173954d5881ccfd2dc6d95398d54209cf	ok	version,name,zhName,packageUrl,remoteManifestUrl	0	
assets/res/raw-assets/a9/a90fb572-44b0-4bf9-b82a-783a6404451f.manifest	208	56d17e57d0844303a98f9ed1b716294c50c2742be2490c1e7be46062aeac308d	ok	version,name,zhName,packageUrl,remoteManifestUrl	0	
assets/res/raw-assets/a9/a93a4b6f-f0f6-4c27-805e-fdf726669e6c.manifest	214	a097463d0dfc1c70a7182563395af38254dd61ed4127da345ba68b94ee99cd82	ok	version,name,zhName,packageUrl,remoteManifestUrl	0	
assets/res/raw-assets/aa/aaa4f37b-49ac-4725-b535-4c9c724ebfd6.manifest	71551	80747c832b50ad6aadcaf4c088d7159352f02d101845d2d0228dd392e220aa3d	ok	version,name,zhName,packageUrl,remoteVersionUrl,remoteManifestUrl,assets	0	
assets/res/raw-assets/aa/aad24d50-524f-41c9-8c83-82bad5f77472.manifest	214	f7885e45bb057c434135568faec8f3e7e6234dbda2ac81696b925d9ba7295dee	ok	version,name,zhName,packageUrl,remoteManifestUrl	0	
assets/res/raw-assets/ab/abce688d-54ed-4545-bc4b-6a82167ffe21.manifest	218	84158cf59c15090d42e22c70a9eba0e4553cb21025b987f2c2f806de193fbf40	ok	version,name,zhName,packageUrl,remoteManifestUrl	0	
assets/res/raw-assets/ac/ac56970c-6c73-4be6-b32a-36be63c1b559.manifest	218	ad7dedbbaf57deb821f0a1ed8c429b063dc63eae27b341bb8911dd44c2f020f4	ok	version,name,zhName,packageUrl,remoteManifestUrl	0	
assets/res/raw-assets/ac/acec176b-2fc3-45df-a888-8c189beaf082.manifest	218	6c43947ef22ae6ff088761d12ebc7129042c7c2ccafbe04059f0a6927ebf8f37	ok	version,name,zhName,packageUrl,remoteManifestUrl	0	
assets/res/raw-assets/ad/ada4fdb8-689e-4a03-af5c-67e0b1da944e.manifest	210	87aad0be15701f3afb8c84a2964ed5e678e404fac64d2530719cb4b75bfa55d5	ok	version,name,zhName,packageUrl,remoteManifestUrl	0	
assets/res/raw-assets/ad/ade9e6f2-fc31-4eec-955c-6319b7005318.manifest	194	2331e0b8d70c8691eac8f525ce3d98c47d35ad68a2a195504806f80b1bd4ddd0	ok	version,name,zhName,packageUrl,remoteManifestUrl	0	
assets/res/raw-assets/ae/ae4f5108-bce3-4de0-a117-f11f523a0fbb.manifest	186	5cdf5bd1719e309c3b3bc3aae6b7eef480b50e3811fb8e24cc4a31b39bd67873	ok	version,name,zhName,packageUrl,remoteManifestUrl	0	
assets/res/raw-assets/ae/aeef4b55-9036-4366-9b74-b1682157f73c.manifest	214	89db929cc6dd35c412db83c543fef58f1d4732f7ce3aaa33ce400a1ee207abf7	ok	version,name,zhName,packageUrl,remoteManifestUrl	0	
assets/res/raw-assets/b4/b4873f64-3294-483f-9fa4-aaa58e62a55d.manifest	210	33fe907174495e6357f2ec74b3f49f9c1eefd622afbe0390fcdef69a789aed9d	ok	version,name,zhName,packageUrl,remoteManifestUrl	0	
assets/res/raw-assets/b4/b48de42b-282d-471a-9964-4da542c8ff10.manifest	210	3de51ee60675b8a865371256400e7a272f216a148c326ebc8d204f54a79433fb	ok	version,name,zhName,packageUrl,remoteManifestUrl	0	
assets/res/raw-assets/b5/b5cd9cae-dce4-427f-95bb-6cf032b22732.manifest	210	17cba2a44d6856758a80eccfdcfa7e329bf9cda628065c2f26dbfffd22968bef	ok	version,name,zhName,packageUrl,remoteManifestUrl	0	
assets/res/raw-assets/b6/b66e6a44-f9fa-41cb-b0c9-09b036516965.manifest	234	12c7aa16769c357185aa91a22040b4b4a7f6ee50eec9a578f74b63876e89326a	ok	version,name,zhName,packageUrl,remoteManifestUrl	0	
assets/res/raw-assets/b6/b6d33a47-c4f8-4b6b-acd4-2c18a741aa8d.manifest	182	c03ae23bcd7b904e2fcea9512cb148f7cda77edf684bd7aec3e1eeea366b930d	ok	version,name,zhName,packageUrl,remoteManifestUrl	0	
assets/res/raw-assets/b9/b951a1ed-f34d-403a-91f0-7b166da12a68.manifest	214	0338871947225ff61b53a9e13d6288a60c4823db6ee673329b475113b845eb0b	ok	version,name,zhName,packageUrl,remoteManifestUrl	0	
assets/res/raw-assets/b9/b9565bb1-10dc-4c89-ad7c-adaf1241900b.manifest	214	f798439d1bc8968fe00538470a8138901d851aa4c268705806b331b4a543373c	ok	version,name,zhName,packageUrl,remoteManifestUrl	0	
assets/res/raw-assets/bb/bb94b1f2-81fa-41af-9a12-e282341c252a.manifest	202	340fff523794a25231e9ef24e78ed9d6fb7d4b1ca18c6465586fa05469e689c0	ok	version,name,zhName,packageUrl,remoteManifestUrl	0	
assets/res/raw-assets/bd/bd016f27-7ffa-4f56-b1ac-942626760b26.manifest	190	352bf0190a51724a260837e2f9c4d9fdddf797aeb6923d75ae275446775944fa	ok	version,name,zhName,packageUrl,remoteManifestUrl	0	
assets/res/raw-assets/bd/bd9c620a-b5c8-4101-8e40-905ed55a7409.manifest	186	72e0439916d1a9c0bfed67bf813151cf805572e7309506825bfc1711d4552258	ok	version,name,zhName,packageUrl,remoteManifestUrl	0	
assets/res/raw-assets/be/be70571a-8bba-449f-8fdc-60b30cfced5e.manifest	218	c86b2643f22736eb1ed036177876a8c41447211aab32bb604b9971aa10f91487	ok	version,name,zhName,packageUrl,remoteManifestUrl	0	
assets/res/raw-assets/bf/bf33b481-3440-42a8-97f6-db195660135b.manifest	190	2cde5ee1b3c9e056e61e73babc16585ef37cd6dd61ca0f836560371f0b5281c9	ok	version,name,zhName,packageUrl,remoteManifestUrl	0	
assets/res/raw-assets/c0/c0345a96-84df-4ac8-b0ba-802581a0025b.manifest	238	be43256d74131ad46b75febeccc8fcd91c0c7a09813d33c9baff11138e9a4c4c	ok	version,name,zhName,packageUrl,remoteManifestUrl	0	
assets/res/raw-assets/c1/c134e293-8daa-4afe-9753-c79dc3f71e3a.manifest	210	7adccd9b50e0321d306e851ed839eead9a4212c2e82625f6c0ddfb7bcdb685e7	ok	version,name,zhName,packageUrl,remoteManifestUrl	0	
assets/res/raw-assets/c1/c17c1d5c-c23d-4ae9-9741-8699b4596f49.manifest	214	b238f452190ca8fa63afdf0649f63b0c185df911a7bee6ab5ef36801eb146d6d	ok	version,name,zhName,packageUrl,remoteManifestUrl	0	
assets/res/raw-assets/c2/c221ff76-7296-4948-b076-e49cc6f8dea7.manifest	224	67b7292bd7a8dc8f7996e12b7b8a174f23c4ee4ebc00ab9d7b5e586d273564b9	ok	version,name,zhName,packageUrl,remoteManifestUrl	0	
assets/res/raw-assets/c2/c234305b-d9aa-46c7-b942-edd2b6c9ba59.manifest	214	214d3aafc785e3cb77cf888ba9d38dc3c1e8b7a6d82687f5d55bf3896426ca4e	ok	version,name,zhName,packageUrl,remoteManifestUrl	0	
assets/res/raw-assets/c3/c31a53ba-ccd0-480a-b891-caed8d78762d.manifest	210	946c0c49ff99a75ba86d0bb8685f990fa82eb5fa64fdd92bc32cf5c19e781420	ok	version,name,zhName,packageUrl,remoteManifestUrl	0	
assets/res/raw-assets/c3/c34b3036-795d-4ad0-ae1a-75c93229c1d1.manifest	214	c72325ca8e7851936284b2da0cf839c6379594a087849b32965716093f608b95	ok	version,name,zhName,packageUrl,remoteManifestUrl	0	
assets/res/raw-assets/c4/c41c531c-bdd7-4f9d-9140-20e0ade2459c.manifest	210	4b5f23367f879c0fbd785253bc0f0c14f8f47a163576f872ca4bcc059c7db23b	ok	version,name,zhName,packageUrl,remoteManifestUrl	0	
assets/res/raw-assets/c4/c44a9508-f4cb-4fe5-aa30-bed997aeb711.manifest	202	a1e1fcc5a465db2ae9b566fe32025a7fb76d0ee343c67707ea818b398e1d6fe7	ok	version,name,zhName,packageUrl,remoteManifestUrl	0	
assets/res/raw-assets/c5/c56a5c2c-d6f2-41a9-8bd6-20a59f67308e.manifest	234	956e9d6e887ce3d9ec96582e343bd05749089b2eeaf858f11030eb082bcc6a2f	ok	version,name,zhName,packageUrl,remoteManifestUrl	0	
assets/res/raw-assets/c6/c67626ed-6295-499e-a6c0-a1b0e9e8a0e5.manifest	193	4636ff008b0828b2d84a3d169c4156c107596b0cb0916f981f271acd2a0dea00	ok	version,name,zhName,packageUrl,remoteManifestUrl	0	
assets/res/raw-assets/cb/cb17241a-31bc-4487-b919-c8591d0d907a.manifest	202	2422e8ba76cb9666b4d657ad57c1460268faa577bbc2a60319c9db2ed6c65d28	ok	version,name,zhName,packageUrl,remoteManifestUrl	0	
assets/res/raw-assets/cb/cb231d43-0f96-4a18-8c47-e255db8843a7.manifest	210	d0360419959ac13b8455ed11d1d87e68f70056374ac58c2742b95dc6f362ce33	ok	version,name,zhName,packageUrl,remoteManifestUrl	0	
assets/res/raw-assets/cb/cb8ba1ab-df2a-43e4-88cb-1b76a2e34c0f.manifest	226	bef00519bab36b9252ead9b69f90455baa0727b62466197169b6347c6e6e947c	ok	version,name,zhName,packageUrl,remoteManifestUrl	0	
assets/res/raw-assets/cb/cba1a2a5-1c83-4dd6-b938-e5ab6a6cc087.manifest	206	bfebb2ee8477a3043ead1be0820b77329d11328ddecec3f33a3955c5fcdff721	ok	version,name,zhName,packageUrl,remoteManifestUrl	0	
assets/res/raw-assets/cc/cc0b5a76-3dd2-4965-a796-baae198b3239.manifest	194	e745df1fad231adec7e3704d6bb30be380a250afd377c123551e1abe80cf2422	ok	version,name,zhName,packageUrl,remoteManifestUrl	0	
assets/res/raw-assets/cd/cd179bcb-31c5-493c-aaea-22ab13607876.manifest	238	6f5f174a2ed6fe1ca4acf4741dcae2e93167f74aec0e6394db89628c0c229100	ok	version,name,zhName,packageUrl,remoteManifestUrl	0	
assets/res/raw-assets/ce/ce851282-9d98-415b-a5df-607bd4e97a9c.manifest	190	fadaa01fa1669336dd19ca8ee16892c064a91baeffb0c6905aa433efa5738317	ok	version,name,zhName,packageUrl,remoteManifestUrl	0	
assets/res/raw-assets/ce/ce8e57a3-0c38-4fe8-b9f5-d6db2d986477.manifest	210	5649048ce9f39fa663a77a4583ed63854f27db266af5ef803673b4c5b2a854a5	ok	version,name,zhName,packageUrl,remoteManifestUrl	0	
assets/res/raw-assets/cf/cfe3c9fd-92ca-443b-9312-b277ae276f54.manifest	206	554a18882b393bfecb42d2467d837ac1e4fd20bf23768ba95717e0f5c2d760a3	ok	version,name,zhName,packageUrl,remoteManifestUrl	0	
assets/res/raw-assets/d0/d0113187-6f35-461d-a2e6-fad9932a4239.manifest	210	02059546dc7c87d004b98740b75fdd9995424f18ce917f31b8beb4aa5822df52	ok	version,name,zhName,packageUrl,remoteManifestUrl	0	
assets/res/raw-assets/d0/d0f8ed4c-b274-463a-8322-4f88871cf1cc.manifest	198	4c3ea2e19c735961eb176d691cf105379d0afef45eb0a9ea1fd340b7b565f9cb	ok	version,name,zhName,packageUrl,remoteManifestUrl	0	
assets/res/raw-assets/d1/d1cf7c6e-75f7-4c37-a084-45f7e6337a15.manifest	222	0fa90a04e5bbf24bbf727a20e4fa01d833768e00790206999895c035c96b8b00	ok	version,name,zhName,packageUrl,remoteManifestUrl	0	
assets/res/raw-assets/d1/d1fd1073-a32e-435d-a6f1-7cd1c628a610.manifest	206	ad7ed3ba29cd1fef5b7c9a1314a1756fccc61ad660c630ab5cb147cf30ffd725	ok	version,name,zhName,packageUrl,remoteManifestUrl	0	
assets/res/raw-assets/d2/d26c3009-f50b-4db6-8f07-7294c104363b.manifest	214	6bbf4c9f65ccd2ed4297a707983fe5758742e4eef7131e77b36c7fb96c03375e	ok	version,name,zhName,packageUrl,remoteManifestUrl	0	
assets/res/raw-assets/d2/d2ddaf46-0eb2-4225-99db-675190840717.manifest	202	b5bfd4c26e92c56d827c84022d4372c0e9f8576235c838863a6249f19d032b30	ok	version,name,zhName,packageUrl,remoteManifestUrl	0	
assets/res/raw-assets/da/da2030d2-fa24-4313-be72-a2a369de7585.manifest	206	bfe2754d55050ae84721d1c78722b8ef9647e0c1dff6c0d22f6b403ef7a3d33f	ok	version,name,zhName,packageUrl,remoteManifestUrl	0	
assets/res/raw-assets/da/da50a3b4-0783-4c5e-8a2c-8db3495a15ef.manifest	218	f2b588e366adcb8b9389847f77b21f3f05f695fb9de0ca22fe041fea06258be4	ok	version,name,zhName,packageUrl,remoteManifestUrl	0	
assets/res/raw-assets/da/daf4cfa4-bcb9-44b2-bddd-94414bc2fa97.manifest	186	e0998cd25cb6143554139ba3fdbda4f698417d86baaed5036bf75bd87e722b1e	ok	version,name,zhName,packageUrl,remoteManifestUrl	0	
assets/res/raw-assets/db/db5dd133-2c65-4038-9526-80b184d71315.manifest	234	8e92c829cc82fa80a8d0ee3430a51073b2850c4115f3e30d5a736159978ac5f5	ok	version,name,zhName,packageUrl,remoteManifestUrl	0	
assets/res/raw-assets/dc/dc88a649-004e-40e7-8417-7660ab6f9b3b.manifest	222	c919a3a8cafa743cfaea1aab8d9c7bedb2ed87ccefa8fe62da3cdcf2bfcd4365	ok	version,name,zhName,packageUrl,remoteManifestUrl	0	
assets/res/raw-assets/dc/dcb52222-124b-4eb2-9ee8-a07283054923.manifest	194	c96c5ae8e84642714e7896bab89f489ba760e6467674a7908e29862f918c7eb7	ok	version,name,zhName,packageUrl,remoteManifestUrl	0	
assets/res/raw-assets/de/de4d2d68-6ce9-4981-8c35-e8f7b66c34f9.manifest	198	66b6d8a5a123a09abbf3e3724a283982e9241da6c373a394d306eb13b3e40936	ok	version,name,zhName,packageUrl,remoteManifestUrl	0	
assets/res/raw-assets/df/dfda441b-35d8-4799-8f65-74da8de1b091.manifest	222	da28d74825d391fa43df2f9514499d07fdea131797cf25d922020cf54c3b1d0c	ok	version,name,zhName,packageUrl,remoteManifestUrl	0	
assets/res/raw-assets/df/dfeaefd1-8b8d-465e-bc18-095ef68d647a.manifest	198	6b61746cf9baea32936e47860922caa1e631bdacfe226656ffb4a342ac6d9497	ok	version,name,zhName,packageUrl,remoteManifestUrl	0	
assets/res/raw-assets/e0/e0003ff9-7af0-4219-ab74-8e683823e79a.manifest	214	4b15bd837ec177d49455f2d40201036d91b9daf3edefdae7d69f76a8ded4eacf	ok	version,name,zhName,packageUrl,remoteManifestUrl	0	
assets/res/raw-assets/e0/e0240628-5885-4952-a3e0-9142c667ad82.manifest	210	ce5b3c123c9e04204bae1bf0df938ba9a08b6170fc3dee82b6261686a108ca22	ok	version,name,zhName,packageUrl,remoteManifestUrl	0	
assets/res/raw-assets/e0/e08fcf90-fc11-4c71-93af-97225bebc2ae.manifest	200	5f0adb8d2482a7fe8e8cc22e2e53627cdbfb08398d05b36c24fa2fce5f691491	ok	version,name,zhName,packageUrl,remoteManifestUrl	0	
assets/res/raw-assets/e1/e19be600-e1f7-4910-8684-042f6250afff.manifest	206	9e1b1aff896985cfe708a7b9c75e71db5a82b6a0c7a5061dbd9024dde6581b4d	ok	version,name,zhName,packageUrl,remoteManifestUrl	0	
assets/res/raw-assets/e2/e231f34b-3496-4e2e-baa6-34b8b027c51c.manifest	222	fcc615c72acdc2d6fb78e53b2be5b80124b7124ec838bd48e9cd4be92789d723	ok	version,name,zhName,packageUrl,remoteManifestUrl	0	
assets/res/raw-assets/e4/e41b5469-e5ea-4866-83df-8c1c224e070a.manifest	198	fc14a72168c37ea06576d5a4e60ee04fec2385895f63d178048c3c0f5ef13fef	ok	version,name,zhName,packageUrl,remoteManifestUrl	0	
assets/res/raw-assets/e4/e451d7ec-18f1-4722-8c2e-b2839b708f7f.manifest	190	c8ab1805349fabb691df4556b0a768cc4cdf79e035fce42de745fcc553de7c1a	ok	version,name,zhName,packageUrl,remoteManifestUrl	0	
assets/res/raw-assets/e5/e5a1b11e-2b88-4c09-a77c-cf2e4276cfc0.manifest	198	649e599c7244b0a904442b92147059e781e0751a5f5a9df166c9839060b00487	ok	version,name,zhName,packageUrl,remoteManifestUrl	0	
assets/res/raw-assets/e5/e5b4029b-7282-4002-8eac-4a042e653c37.manifest	206	0c26d2fa651897ad9cae31811efe9aaf96461318f49f931fe93b6762dfefa7ba	ok	version,name,zhName,packageUrl,remoteManifestUrl	0	
assets/res/raw-assets/e5/e5f64353-1b5d-4f26-8170-1b9303dae020.manifest	198	06f7b44c656b81a710c222d16c44619abfc8c269fa5a8b31417d0a9ad9936b98	ok	version,name,zhName,packageUrl,remoteManifestUrl	0	
assets/res/raw-assets/e7/e74be989-1d0a-45e8-8ef6-82dae200afc1.manifest	223	67b69c8279acb684592064c1062acb9eefb73096ea1145bf7055e92b836f48e6	ok	version,name,zhName,packageUrl,remoteManifestUrl	0	
assets/res/raw-assets/e8/e831a809-0157-4191-ae29-b42b4c6b88b6.manifest	193	8ad068b7234ceec455ba58f70d9854de16abe2f74084140970bf28fb8f4be56e	ok	version,name,zhName,packageUrl,remoteManifestUrl	0	
assets/res/raw-assets/ea/ea4f08f9-5bf9-4eb7-8d3a-cf3651ab0d15.manifest	206	2ae80f09b98b8a01068edb62c0c171a8024512638b206d0680f2d1cf1d3cd4d2	ok	version,name,zhName,packageUrl,remoteManifestUrl	0	
assets/res/raw-assets/ec/ec097336-7c17-4fe1-a370-15f5c49a7aaa.manifest	206	9316d81c610dc0f2fdb36b175ff3f89ea5f12539a3796ce629076d3877e8283f	ok	version,name,zhName,packageUrl,remoteManifestUrl	0	
assets/res/raw-assets/ec/ece1bf8c-2ca1-4612-8222-5c8d0ab419e2.manifest	210	123567a6c8d8c33f185fcf3986f00203ed3aa6387326d2e6deb43a90a2be3484	ok	version,name,zhName,packageUrl,remoteManifestUrl	0	
assets/res/raw-assets/ed/ed252393-b6db-49ca-b016-4d8c39453993.manifest	210	9ab786335bc5494735c9621c6cfceede89dd806452562239e29d80dadb87de84	ok	version,name,zhName,packageUrl,remoteManifestUrl	0	
assets/res/raw-assets/ee/eed12067-e073-4d0c-8309-de56cb9af58b.manifest	218	a4cfcd649d415fdb875dff69e34d4b14f2ba9958ddfad745e3e42365c12de7c3	ok	version,name,zhName,packageUrl,remoteManifestUrl	0	
assets/res/raw-assets/ef/ef587cc4-ad53-4f66-b943-a9b9f81420d8.manifest	202	dbd84db65d96da42a6725224e80a0ced43b87a63603537eb658d7e5a72ef891e	ok	version,name,zhName,packageUrl,remoteManifestUrl	0	
assets/res/raw-assets/f0/f08bb9e7-aecf-4e15-b50c-c8efa4dca527.manifest	212	726137907e77f4922cca84ff122bdaedada983e32cc538dc10a99eecb25c7390	ok	version,name,zhName,packageUrl,remoteManifestUrl	0	
assets/res/raw-assets/f1/f1266658-2b3d-421e-932b-57666db094ea.manifest	210	0359e6a907a9ecb395a9608435b556927b681a4a5d8c7f9e077a21710f49f4bb	ok	version,name,zhName,packageUrl,remoteManifestUrl	0	
assets/res/raw-assets/f1/f1aaf42d-2bb1-437a-8197-f14a0aaa9753.manifest	206	8e08ae08aaf4422c889a15e10e5b17ea98ec757c2b781f747e59a2f03132e33d	ok	version,name,zhName,packageUrl,remoteManifestUrl	0	
assets/res/raw-assets/f3/f34c8622-598a-437d-baf1-0099bbc368aa.manifest	211	8943a6324ff6e28fa8090aae6ea0310fc2d97ab4d2fb56a3fdc34a4fa1f7993b	ok	version,name,zhName,packageUrl,remoteManifestUrl	0	
assets/res/raw-assets/f3/f3ab472a-b55e-4386-9728-ee363083f591.manifest	206	91e723420a17daefff650c8fb4dbb8501711d4249e432191b5b4e760c82b97d1	ok	version,name,zhName,packageUrl,remoteManifestUrl	0	
assets/res/raw-assets/f4/f4c06640-9fdc-4e34-8303-a1cdb3c10e9b.manifest	230	185ddc61722bf03baa58c6cafccffdb0152982a3b3759ebb815bc35729ca6cd0	ok	version,name,zhName,packageUrl,remoteManifestUrl	0	
assets/res/raw-assets/f4/f4f74228-c4df-4f97-b547-55618b1d0719.manifest	222	399645ec7efd53e8e97fda87a06522cb4e78083a7bfd876680023a592c0c540f	ok	version,name,zhName,packageUrl,remoteManifestUrl	0	
assets/res/raw-assets/f6/f6eaa76e-cbfb-4fba-8a4e-c4822c4c0b98.manifest	230	e87e7d002cc50090cb585a0bc8769a0a8afeec491c758858921554c5d96de669	ok	version,name,zhName,packageUrl,remoteManifestUrl	0	
assets/res/raw-assets/f8/f836ca13-a720-4da3-b132-878f3d336b01.manifest	226	085078326d28c25afb3a451caa2f009384eecb953fdb1517bde25b91f2a4fe7c	ok	version,name,zhName,packageUrl,remoteManifestUrl	0	
assets/res/raw-assets/f8/f87a203c-803e-4440-ae94-cb6b66592911.manifest	214	6baf79388aa181f712f0c641af5ee97192770be407c7eecac4b09aaa9e6b9731	ok	version,name,zhName,packageUrl,remoteManifestUrl	0	
assets/res/raw-assets/f8/f87f1410-22bb-475c-9514-9e8a0ab95c39.manifest	214	96fae0d0fe6c4f5fa88f73f06f5213637ec5b34d427b31365baec530af0eab6e	ok	version,name,zhName,packageUrl,remoteManifestUrl	0	
assets/res/raw-assets/f9/f9152319-cb19-46fa-a1cf-333cac87072f.manifest	222	05ae3bd2abf0faca69fbd4cc0604ca5f71864d5bb2ee3569ece377753246e49a	ok	version,name,zhName,packageUrl,remoteManifestUrl	0	
assets/res/raw-assets/f9/f99abf2e-5915-4fb5-8547-8179a2646914.manifest	218	78cac6c98bf9438dedb6819a0d50c45e35af44bb7e5b323a2d9828460b8cc4c6	ok	version,name,zhName,packageUrl,remoteManifestUrl	0	
assets/res/raw-assets/fb/fb1d2b6b-f0bd-4f02-8acd-792fe6196440.manifest	186	20b4ba717e8be61481e2af8130ed66845036dc3d0ca5894d47213ab0acd77b36	ok	version,name,zhName,packageUrl,remoteManifestUrl	0	
assets/res/raw-assets/fc/fc8921b9-b509-4aa9-8d9d-0e3f2444c60d.manifest	202	91fdf1b7ddcdf3a07ea790868054b88cdbd4c5671bfd245862945d706bd64463	ok	version,name,zhName,packageUrl,remoteManifestUrl	0	
assets/res/raw-assets/fc/fce6d79e-7806-4a18-92f3-a576fbbc5da2.manifest	218	4e404ad67e17f76f18ea79153c66539aeca752657c25b08fc12adf07d88413df	ok	version,name,zhName,packageUrl,remoteManifestUrl	0	
assets/res/raw-assets/fd/fd16dd45-57c6-4e56-a255-97b2d5027b67.manifest	210	464a637c5b103731de4efb9ed8a5d9e554c1edd0d2430de45f5acd02483f3fdd	ok	version,name,zhName,packageUrl,remoteManifestUrl	0	
assets/res/raw-assets/fd/fd9a45f1-7dc1-4b45-9956-85ac883f35ef.manifest	214	2fbe32bdfc7032f22a5682f44877f6d4daa183c3bfa773151fb0403f3b9f4d53	ok	version,name,zhName,packageUrl,remoteManifestUrl	0	
assets/res/raw-assets/fe/fe892b77-a7c2-4121-bb45-d4ffaf740fbd.manifest	210	4481be8d872ecc448d22d17d2a78cb18ab9b22a1b30bd87e403a5417b120bc03	ok	version,name,zhName,packageUrl,remoteManifestUrl	0	
assets/res/raw-assets/fe/fec53d0a-ddda-474b-853a-2fb043a2dfcb.manifest	186	771d4d9cdd5af18ea74d04e149743292c6191b69b102a36fbb43ef507d9b878f	ok	version,name,zhName,packageUrl,remoteManifestUrl	0	
