raw_asset	import_metadata	match_kind	metadata_prefix
assets/res/raw-assets/e4/e41b5469-e5ea-4866-83df-8c1c224e070a.manifest	assets/res/import/e4/e41b5469-e5ea-4866-83df-8c1c224e070a.json	same_uuid	"{""__type__"":""cc.Asset"",""_name"":""project"",""_native"":"".manifest""}"
assets/res/raw-assets/3c/3cdeb669-744c-4d1c-9054-b291b9ef5452.atlas	assets/res/import/3c/3cdeb669-744c-4d1c-9054-b291b9ef5452.json	same_uuid	"{""__type__"":""cc.Asset"",""_name"":""spine"",""_native"":"".atlas""}"
assets/res/raw-assets/b9/b9458477-fee6-4d33-9476-4238fdef20df.atlas	assets/res/import/b9/b9458477-fee6-4d33-9476-4238fdef20df.json	same_uuid	"{""__type__"":""cc.Asset"",""_name"":""spine"",""_native"":"".atlas""}"
assets/res/raw-assets/7b/7b2d49b3-db70-4c86-8619-1426c13f2cce.png	assets/res/import/7b/7b2d49b3-db70-4c86-8619-1426c13f2cce.json	same_uuid	"{""__type__"":""cc.Texture2D"",""content"":""0,9729,9729,33071,33071,0,0,1""}"
assets/res/raw-assets/d5/d5240e3c-6802-4af5-9abb-948044d03cb4.atlas	assets/res/import/d5/d5240e3c-6802-4af5-9abb-948044d03cb4.json	same_uuid	"{""__type__"":""cc.Asset"",""_name"":""spine"",""_native"":"".atlas""}"
assets/res/raw-assets/8c/8cec98a3-d1b2-4a09-ac11-4fe2e703f8f7.manifest	assets/res/import/8c/8cec98a3-d1b2-4a09-ac11-4fe2e703f8f7.json	same_uuid	"{""__type__"":""cc.Asset"",""_name"":""project"",""_native"":"".manifest""}"
assets/res/raw-assets/b0/b071d29e-c201-4adb-b97a-7b2f5a35f228.mp3	assets/res/import/b0/b071d29e-c201-4adb-b97a-7b2f5a35f228.json	same_uuid	"{""__type__"":""cc.AudioClip"",""_name"":""bet4"",""_native"":"".mp3""}"
assets/res/raw-assets/e4/e4e5e9a1-958e-4b41-9a61-52e2041fa4d7.atlas	assets/res/import/e4/e4e5e9a1-958e-4b41-9a61-52e2041fa4d7.json	same_uuid	"{""__type__"":""cc.Asset"",""_name"":""bigwin"",""_native"":"".atlas""}"
assets/res/raw-assets/5b/5b2c6d7e-eed9-44f0-9d90-fac4eb445101.mp3	assets/res/import/5b/5b2c6d7e-eed9-44f0-9d90-fac4eb445101.json	same_uuid	"{""__type__"":""cc.AudioClip"",""_name"":""bet23"",""_native"":"".mp3""}"
assets/res/raw-assets/0a/0a346691-3b75-4be0-b422-7dc3fa4e9f50.png	assets/res/import/0a/0a346691-3b75-4be0-b422-7dc3fa4e9f50.json	same_uuid	"{""__type__"":""cc.Texture2D"",""content"":""0,9729,9729,33071,33071,0,0,1""}"
assets/res/raw-assets/20/206b8163-d2b9-4ce7-a864-e9ac16ed88d6.mp3	assets/res/import/20/206b8163-d2b9-4ce7-a864-e9ac16ed88d6.json	same_uuid	"{""__type__"":""cc.AudioClip"",""_name"":""human_big_win"",""_native"":"".mp3""}"
assets/res/raw-assets/3b/3b6e6deb-e57f-4c86-b522-ec7423a2dcfd.manifest	assets/res/import/3b/3b6e6deb-e57f-4c86-b522-ec7423a2dcfd.json	same_uuid	"{""__type__"":""cc.Asset"",""_name"":""project"",""_native"":"".manifest""}"
assets/res/raw-assets/73/73518c6d-138a-4727-ba1d-48715fc457b3.mp3	assets/res/import/73/73518c6d-138a-4727-ba1d-48715fc457b3.json	same_uuid	"{""__type__"":""cc.AudioClip"",""_name"":""win_massivewin_HD"",""_native"":"".mp3""}"
assets/res/raw-assets/9a/9a22b2f2-f6a4-4152-a08d-1e172e8dc4df.manifest	assets/res/import/9a/9a22b2f2-f6a4-4152-a08d-1e172e8dc4df.json	same_uuid	"{""__type__"":""cc.Asset"",""_name"":""project"",""_native"":"".manifest""}"
assets/res/raw-assets/d4/d49c668a-28de-421c-acd6-67a9899d1f04.png	assets/res/import/d4/d49c668a-28de-421c-acd6-67a9899d1f04.json	same_uuid	"{""__type__"":""cc.Texture2D"",""content"":""0,9729,9729,33071,33071,0,0,1""}"
assets/res/raw-assets/41/41204fcd-4c6d-4360-bb3b-680ef82eb190.manifest	assets/res/import/41/41204fcd-4c6d-4360-bb3b-680ef82eb190.json	same_uuid	"{""__type__"":""cc.Asset"",""_name"":""project"",""_native"":"".manifest""}"
assets/res/raw-assets/79/79b115cf-4df9-46f4-852e-0b8a2573dc4b.manifest	assets/res/import/79/79b115cf-4df9-46f4-852e-0b8a2573dc4b.json	same_uuid	"{""__type__"":""cc.Asset"",""_name"":""project"",""_native"":"".manifest""}"
assets/res/raw-assets/26/2606a540-62c0-44c8-9a9c-d5c9ea48d44e.manifest	assets/res/import/26/2606a540-62c0-44c8-9a9c-d5c9ea48d44e.json	same_uuid	"{""__type__"":""cc.Asset"",""_name"":""project"",""_native"":"".manifest""}"
assets/res/raw-assets/a7/a72cd3f4-cf62-4c71-a474-eff5f16185b7.manifest	assets/res/import/a7/a72cd3f4-cf62-4c71-a474-eff5f16185b7.json	same_uuid	"{""__type__"":""cc.Asset"",""_name"":""project"",""_native"":"".manifest""}"
assets/res/raw-assets/8d/8d7393a7-6b57-48da-a28d-0bb9cf34477e.manifest	assets/res/import/8d/8d7393a7-6b57-48da-a28d-0bb9cf34477e.json	same_uuid	"{""__type__"":""cc.Asset"",""_name"":""project"",""_native"":"".manifest""}"
assets/res/raw-assets/d0/d0113187-6f35-461d-a2e6-fad9932a4239.manifest	assets/res/import/d0/d0113187-6f35-461d-a2e6-fad9932a4239.json	same_uuid	"{""__type__"":""cc.Asset"",""_name"":""project"",""_native"":"".manifest""}"
assets/res/raw-assets/d9/d9167664-0718-41fd-ad78-b5c479ec05e9.atlas	assets/res/import/d9/d9167664-0718-41fd-ad78-b5c479ec05e9.json	same_uuid	"{""__type__"":""cc.Asset"",""_name"":""avatarframe_1000"",""_native"":"".atlas""}"
assets/res/raw-assets/49/4938c469-f59b-484b-8a01-cc4da60c3658.mp3	assets/res/import/49/4938c469-f59b-484b-8a01-cc4da60c3658.json	same_uuid	"{""__type__"":""cc.AudioClip"",""_name"":""win4_end"",""_native"":"".mp3""}"
assets/res/raw-assets/36/36f47b6e-ffa7-47c3-ae02-3df44eaceac1.atlas	assets/res/import/36/36f47b6e-ffa7-47c3-ae02-3df44eaceac1.json	same_uuid	"{""__type__"":""cc.Asset"",""_name"":""avatarframe_v_12"",""_native"":"".atlas""}"
assets/res/raw-assets/9a/9a0475fe-44ba-4439-95ae-813be5af0179.mp3	assets/res/import/9a/9a0475fe-44ba-4439-95ae-813be5af0179.json	same_uuid	"{""__type__"":""cc.AudioClip"",""_name"":""info_page_open"",""_native"":"".mp3""}"
assets/res/raw-assets/7f/7f1024bb-3513-434a-92a8-ef03f7f75dc2.png	assets/res/import/7f/7f1024bb-3513-434a-92a8-ef03f7f75dc2.json	same_uuid	"{""__type__"":""cc.Texture2D"",""content"":""0,9729,9729,33071,33071,0,0,1""}"
assets/res/raw-assets/21/21eeb02a-c428-4c1d-ac6e-3e0bee2b823b.manifest	assets/res/import/21/21eeb02a-c428-4c1d-ac6e-3e0bee2b823b.json	same_uuid	"{""__type__"":""cc.Asset"",""_name"":""project"",""_native"":"".manifest""}"
assets/res/raw-assets/f4/f41c2176-0690-4225-afd7-7149258069bf.png	assets/res/import/f4/f41c2176-0690-4225-afd7-7149258069bf.json	same_uuid	"{""__type__"":""cc.Texture2D"",""content"":""0,9729,9729,33071,33071,0,0,1""}"
assets/res/raw-assets/bb/bb525ea6-fc29-4c99-85b4-d83e39402555.png	assets/res/import/bb/bb525ea6-fc29-4c99-85b4-d83e39402555.json	same_uuid	"{""__type__"":""cc.Texture2D"",""content"":""0,9729,9729,33071,33071,0,0,1""}"
assets/res/raw-assets/76/7675c344-e8d6-4103-ad9f-04f4b8c4b4ab.mp3	assets/res/import/76/7675c344-e8d6-4103-ad9f-04f4b8c4b4ab.json	same_uuid	"{""__type__"":""cc.AudioClip"",""_name"":""win2"",""_native"":"".mp3""}"
assets/res/raw-assets/dc/dc91f57c-243f-47ca-8323-0f5812eb9a28.mp3	assets/res/import/dc/dc91f57c-243f-47ca-8323-0f5812eb9a28.json	same_uuid	"{""__type__"":""cc.AudioClip"",""_name"":""common_win3end_HD"",""_native"":"".mp3""}"
assets/res/raw-assets/23/2351dedb-5764-4862-bcaf-0bef5bf9ff48.manifest	assets/res/import/23/2351dedb-5764-4862-bcaf-0bef5bf9ff48.json	same_uuid	"{""__type__"":""cc.Asset"",""_name"":""project"",""_native"":"".manifest""}"
assets/res/raw-assets/f9/f9152319-cb19-46fa-a1cf-333cac87072f.manifest	assets/res/import/f9/f9152319-cb19-46fa-a1cf-333cac87072f.json	same_uuid	"{""__type__"":""cc.Asset"",""_name"":""project"",""_native"":"".manifest""}"
assets/res/raw-assets/5b/5bb279fe-c5d7-41f8-a1e3-08dc3185ab16.atlas	assets/res/import/5b/5bb279fe-c5d7-41f8-a1e3-08dc3185ab16.json	same_uuid	"{""__type__"":""cc.Asset"",""_name"":""avatarframe_2004"",""_native"":"".atlas""}"
assets/res/raw-assets/48/48c29a9a-1668-4848-a262-419643ab9504.png	assets/res/import/48/48c29a9a-1668-4848-a262-419643ab9504.json	same_uuid	"{""__type__"":""cc.Texture2D"",""content"":""0,9729,9729,33071,33071,0,0,1""}"
assets/res/raw-assets/c0/c0345a96-84df-4ac8-b0ba-802581a0025b.manifest	assets/res/import/c0/c0345a96-84df-4ac8-b0ba-802581a0025b.json	same_uuid	"{""__type__"":""cc.Asset"",""_name"":""project"",""_native"":"".manifest""}"
assets/res/raw-assets/35/355a928e-261b-454c-9697-4dbcbac0deea.png	assets/res/import/35/355a928e-261b-454c-9697-4dbcbac0deea.json	same_uuid	"{""__type__"":""cc.Texture2D"",""content"":""0,9729,9729,33071,33071,0,0,1""}"
assets/res/raw-assets/05/056dad85-b338-4a7a-bbe4-591b765c0b80.png	assets/res/import/05/056dad85-b338-4a7a-bbe4-591b765c0b80.json	same_uuid	"{""__type__"":""cc.Texture2D"",""content"":""0,9729,9729,33071,33071,0,0,1""}"
assets/res/raw-assets/4b/4b8a7547-042e-4881-bd0b-7a2f412c8eca.manifest	assets/res/import/4b/4b8a7547-042e-4881-bd0b-7a2f412c8eca.json	same_uuid	"{""__type__"":""cc.Asset"",""_name"":""project"",""_native"":"".manifest""}"
assets/res/raw-assets/92/9238f021-59c1-4b7b-a3ac-3be0c776fbb0.manifest	assets/res/import/92/9238f021-59c1-4b7b-a3ac-3be0c776fbb0.json	same_uuid	"{""__type__"":""cc.Asset"",""_name"":""project"",""_native"":"".manifest""}"
assets/res/raw-assets/bf/bf33b481-3440-42a8-97f6-db195660135b.manifest	assets/res/import/bf/bf33b481-3440-42a8-97f6-db195660135b.json	same_uuid	"{""__type__"":""cc.Asset"",""_name"":""project"",""_native"":"".manifest""}"
assets/res/raw-assets/62/62d471a5-1320-4a57-806a-d0237e7f84d6.png	assets/res/import/62/62d471a5-1320-4a57-806a-d0237e7f84d6.json	same_uuid	"{""__type__"":""cc.Texture2D"",""content"":""0,9729,9729,33071,33071,0,0,1""}"
assets/res/raw-assets/1a/1a261599-d513-4043-81dd-435d77e358c1.manifest	assets/res/import/1a/1a261599-d513-4043-81dd-435d77e358c1.json	same_uuid	"{""__type__"":""cc.Asset"",""_name"":""project"",""_native"":"".manifest""}"
assets/res/raw-assets/35/354ae739-3313-46cc-a06b-62de79837821.manifest	assets/res/import/35/354ae739-3313-46cc-a06b-62de79837821.json	same_uuid	"{""__type__"":""cc.Asset"",""_name"":""project"",""_native"":"".manifest""}"
assets/res/raw-assets/6b/6b4560b9-ea56-4094-a7b8-30370fc2caf2.png	assets/res/import/6b/6b4560b9-ea56-4094-a7b8-30370fc2caf2.json	same_uuid	"{""__type__"":""cc.Texture2D"",""content"":""0,9729,9729,33071,33071,0,0,1""}"
assets/res/raw-assets/fd/fd5d19ef-5f66-4e8a-a58e-d96ce5146e26.png	assets/res/import/fd/fd5d19ef-5f66-4e8a-a58e-d96ce5146e26.json	same_uuid	"{""__type__"":""cc.Texture2D"",""content"":""0,9729,9729,33071,33071,0,0,1""}"
assets/res/raw-assets/58/58c8d359-c132-41bc-8123-3121448277aa.atlas	assets/res/import/58/58c8d359-c132-41bc-8123-3121448277aa.json	same_uuid	"{""__type__"":""cc.Asset"",""_name"":""avatarframe_1001"",""_native"":"".atlas""}"
assets/res/raw-assets/c1/c18df571-46dc-46cb-886c-b0f0606a14c1.png	assets/res/import/c1/c18df571-46dc-46cb-886c-b0f0606a14c1.json	same_uuid	"{""__type__"":""cc.Texture2D"",""content"":""0,9729,9729,33071,33071,0,0,1""}"
assets/res/raw-assets/cb/cb231d43-0f96-4a18-8c47-e255db8843a7.manifest	assets/res/import/cb/cb231d43-0f96-4a18-8c47-e255db8843a7.json	same_uuid	"{""__type__"":""cc.Asset"",""_name"":""project"",""_native"":"".manifest""}"
assets/res/raw-assets/e4/e4dea3cf-607f-428f-8c6a-e8d41bc1b15b.png	assets/res/import/e4/e4dea3cf-607f-428f-8c6a-e8d41bc1b15b.json	same_uuid	"{""__type__"":""cc.Texture2D"",""content"":""0,9729,9729,33071,33071,0,0,1""}"
assets/res/raw-assets/45/45d692ee-0055-4c49-9dee-3fcc0093f921.manifest	assets/res/import/45/45d692ee-0055-4c49-9dee-3fcc0093f921.json	same_uuid	"{""__type__"":""cc.Asset"",""_name"":""project"",""_native"":"".manifest""}"
assets/res/raw-assets/cd/cd11d4b1-2b3f-4e52-8ce6-1625c091d928.mp3	assets/res/import/cd/cd11d4b1-2b3f-4e52-8ce6-1625c091d928.json	same_uuid	"{""__type__"":""cc.AudioClip"",""_name"":""bet10"",""_native"":"".mp3""}"
assets/res/raw-assets/af/af920e9f-5ca9-4ca9-b585-eb1dee008541.png	assets/res/import/af/af920e9f-5ca9-4ca9-b585-eb1dee008541.json	same_uuid	"{""__type__"":""cc.Texture2D"",""content"":""0,9729,9729,33071,33071,0,0,1""}"
assets/res/raw-assets/2a/2abf6818-9331-4a5e-b50e-d9b43167bf47.atlas	assets/res/import/2a/2abf6818-9331-4a5e-b50e-d9b43167bf47.json	same_uuid	"{""__type__"":""cc.Asset"",""_name"":""emoji_0_5"",""_native"":"".atlas""}"
assets/res/raw-assets/8e/8e135bca-c3ca-4e12-b9b3-8512c70b3f24.manifest	assets/res/import/8e/8e135bca-c3ca-4e12-b9b3-8512c70b3f24.json	same_uuid	"{""__type__"":""cc.Asset"",""_name"":""project"",""_native"":"".manifest""}"
assets/res/raw-assets/7d/7d36e207-0678-4229-bb8f-5e0befa27582.manifest	assets/res/import/7d/7d36e207-0678-4229-bb8f-5e0befa27582.json	same_uuid	"{""__type__"":""cc.Asset"",""_name"":""project"",""_native"":"".manifest""}"
assets/res/raw-assets/de/de4d55cc-d8c5-4360-a7e1-0358bc7f208e.png	assets/res/import/de/de4d55cc-d8c5-4360-a7e1-0358bc7f208e.json	same_uuid	"{""__type__"":""cc.Texture2D"",""content"":""0,9729,9729,33071,33071,0,0,1""}"
assets/res/raw-assets/6b/6b409659-0ea5-42bc-bff3-ff827ecf4f75.png	assets/res/import/6b/6b409659-0ea5-42bc-bff3-ff827ecf4f75.json	same_uuid	"{""__type__"":""cc.Texture2D"",""content"":""0,9729,9729,33071,33071,0,0,1""}"
assets/res/raw-assets/24/2404dc24-6a00-478c-a59a-f826d8d2a7ea.mp3	assets/res/import/24/2404dc24-6a00-478c-a59a-f826d8d2a7ea.json	same_uuid	"{""__type__"":""cc.AudioClip"",""_name"":""bet22"",""_native"":"".mp3""}"
assets/res/raw-assets/72/722f633c-2246-4a30-bd8a-fd399e3fb72f.png	assets/res/import/72/722f633c-2246-4a30-bd8a-fd399e3fb72f.json	same_uuid	"{""__type__"":""cc.Texture2D"",""content"":""0,9729,9729,33071,33071,0,0,1""}"
assets/res/raw-assets/85/85657699-5790-4caf-8142-9e2d848eb9d9.atlas	assets/res/import/85/85657699-5790-4caf-8142-9e2d848eb9d9.json	same_uuid	"{""__type__"":""cc.Asset"",""_name"":""avatarframe_v_0"",""_native"":"".atlas""}"
assets/res/raw-assets/93/93758ba6-04e0-4b08-abb2-f72a0319aa50.manifest	assets/res/import/93/93758ba6-04e0-4b08-abb2-f72a0319aa50.json	same_uuid	"{""__type__"":""cc.Asset"",""_name"":""project"",""_native"":"".manifest""}"
assets/res/raw-assets/cc/cc10eefa-0c0c-4cc5-a6dd-dea67e83d01a.png	assets/res/import/cc/cc10eefa-0c0c-4cc5-a6dd-dea67e83d01a.json	same_uuid	"{""__type__"":""cc.Texture2D"",""content"":""0,9729,9729,33071,33071,0,0,1""}"
assets/res/raw-assets/8f/8f34229b-9d6f-437d-b67e-8a98b18a85bb.png	assets/res/import/8f/8f34229b-9d6f-437d-b67e-8a98b18a85bb.json	same_uuid	"{""__type__"":""cc.Texture2D"",""content"":""0,9729,9729,33071,33071,0,0,1""}"
assets/res/raw-assets/54/5464965c-60aa-480d-8ff3-e8e97fbe405e.png	assets/res/import/54/5464965c-60aa-480d-8ff3-e8e97fbe405e.json	same_uuid	"{""__type__"":""cc.Texture2D"",""content"":""0,9729,9729,33071,33071,0,0,1""}"
assets/res/raw-assets/00/00fc3b3a-81ce-475b-9605-7cffbd3da17a.png	assets/res/import/00/00fc3b3a-81ce-475b-9605-7cffbd3da17a.json	same_uuid	"{""__type__"":""cc.Texture2D"",""content"":""0,9729,9729,33071,33071,0,0,1""}"
assets/res/raw-assets/f3/f3ab472a-b55e-4386-9728-ee363083f591.manifest	assets/res/import/f3/f3ab472a-b55e-4386-9728-ee363083f591.json	same_uuid	"{""__type__"":""cc.Asset"",""_name"":""project"",""_native"":"".manifest""}"
assets/res/raw-assets/47/472019d8-81d8-431a-9657-2fde9ce65d88.png	assets/res/import/47/472019d8-81d8-431a-9657-2fde9ce65d88.json	same_uuid	"{""__type__"":""cc.Texture2D"",""content"":""0,9729,9729,33071,33071,0,0,1""}"
assets/res/raw-assets/1f/1f23fbe6-ae34-4840-80a0-1aa78ea396dc.manifest	assets/res/import/1f/1f23fbe6-ae34-4840-80a0-1aa78ea396dc.json	same_uuid	"{""__type__"":""cc.Asset"",""_name"":""project"",""_native"":"".manifest""}"
assets/res/raw-assets/14/145e3deeb.png	assets/res/import/14/145e3deeb.json	same_uuid	"{""__type__"":""cc.Texture2D"",""content"":""0,9729,9729,33071,33071,0,0,0""}"
assets/res/raw-assets/c3/c31a53ba-ccd0-480a-b891-caed8d78762d.manifest	assets/res/import/c3/c31a53ba-ccd0-480a-b891-caed8d78762d.json	same_uuid	"{""__type__"":""cc.Asset"",""_name"":""project"",""_native"":"".manifest""}"
assets/res/raw-assets/cd/cd179bcb-31c5-493c-aaea-22ab13607876.manifest	assets/res/import/cd/cd179bcb-31c5-493c-aaea-22ab13607876.json	same_uuid	"{""__type__"":""cc.Asset"",""_name"":""project"",""_native"":"".manifest""}"
assets/res/raw-assets/f9/f99abf2e-5915-4fb5-8547-8179a2646914.manifest	assets/res/import/f9/f99abf2e-5915-4fb5-8547-8179a2646914.json	same_uuid	"{""__type__"":""cc.Asset"",""_name"":""project"",""_native"":"".manifest""}"
assets/res/raw-assets/10/10c0cd7a-1cca-4cf2-b62c-9f9b84fedaaf.png	assets/res/import/10/10c0cd7a-1cca-4cf2-b62c-9f9b84fedaaf.json	same_uuid	"{""__type__"":""cc.Texture2D"",""content"":""0,9729,9729,33071,33071,0,0,1""}"
assets/res/raw-assets/e1/e19be600-e1f7-4910-8684-042f6250afff.manifest	assets/res/import/e1/e19be600-e1f7-4910-8684-042f6250afff.json	same_uuid	"{""__type__"":""cc.Asset"",""_name"":""project"",""_native"":"".manifest""}"
assets/res/raw-assets/5b/5ba67114-af07-4c3d-82f8-1fcfafdb1aa4.mp3	assets/res/import/5b/5ba67114-af07-4c3d-82f8-1fcfafdb1aa4.json	same_uuid	"{""__type__"":""cc.AudioClip"",""_name"":""win1"",""_native"":"".mp3""}"
assets/res/raw-assets/bd/bd9c620a-b5c8-4101-8e40-905ed55a7409.manifest	assets/res/import/bd/bd9c620a-b5c8-4101-8e40-905ed55a7409.json	same_uuid	"{""__type__"":""cc.Asset"",""_name"":""project"",""_native"":"".manifest""}"
assets/res/raw-assets/a5/a55804c2-12af-4a0d-94c7-64557c4172a2.atlas	assets/res/import/a5/a55804c2-12af-4a0d-94c7-64557c4172a2.json	same_uuid	"{""__type__"":""cc.Asset"",""_name"":""avatarframe_2003"",""_native"":"".atlas""}"
assets/res/raw-assets/40/40802965-9576-4167-be6d-58c932d24aab.mp3	assets/res/import/40/40802965-9576-4167-be6d-58c932d24aab.json	same_uuid	"{""__type__"":""cc.AudioClip"",""_name"":""common_win3_HD"",""_native"":"".mp3""}"
assets/res/raw-assets/99/991777b8-cd38-4d30-a239-c0b4ec9697e4.png	assets/res/import/99/991777b8-cd38-4d30-a239-c0b4ec9697e4.json	same_uuid	"{""__type__"":""cc.Texture2D"",""content"":""0,9729,9729,33071,33071,0,0,1""}"
assets/res/raw-assets/ae/ae4f5108-bce3-4de0-a117-f11f523a0fbb.manifest	assets/res/import/ae/ae4f5108-bce3-4de0-a117-f11f523a0fbb.json	same_uuid	"{""__type__"":""cc.Asset"",""_name"":""project"",""_native"":"".manifest""}"
assets/res/raw-assets/9b/9b0824b8-b628-4a5f-89f4-9b443272e7b7.atlas	assets/res/import/9b/9b0824b8-b628-4a5f-89f4-9b443272e7b7.json	same_uuid	"{""__type__"":""cc.Asset"",""_name"":""spine"",""_native"":"".atlas""}"
assets/res/raw-assets/71/71561142-4c83-4933-afca-cb7a17f67053.png	assets/res/import/71/71561142-4c83-4933-afca-cb7a17f67053.json	same_uuid	"{""__type__"":""cc.Texture2D"",""content"":""0,9729,9729,33071,33071,0,0,1""}"
assets/res/raw-assets/cc/cc334795-ac12-4918-8440-b3d1d67bb83b.png	assets/res/import/cc/cc334795-ac12-4918-8440-b3d1d67bb83b.json	same_uuid	"{""__type__"":""cc.Texture2D"",""content"":""0,9729,9729,33071,33071,0,0,1""}"
assets/res/raw-assets/8e/8e21633b-dffa-4bdf-a72d-7a8df83f95fa.manifest	assets/res/import/8e/8e21633b-dffa-4bdf-a72d-7a8df83f95fa.json	same_uuid	"{""__type__"":""cc.Asset"",""_name"":""project"",""_native"":"".manifest""}"
assets/res/raw-assets/e8/e831a809-0157-4191-ae29-b42b4c6b88b6.manifest	assets/res/import/e8/e831a809-0157-4191-ae29-b42b4c6b88b6.json	same_uuid	"{""__type__"":""cc.Asset"",""_name"":""project"",""_native"":"".manifest""}"
assets/res/raw-assets/d9/d9cb6124-4a47-4eef-a0c0-0cf12c362715.png	assets/res/import/d9/d9cb6124-4a47-4eef-a0c0-0cf12c362715.json	same_uuid	"{""__type__"":""cc.Texture2D"",""content"":""0,9729,9729,33071,33071,0,0,1""}"
assets/res/raw-assets/42/425ba3ac-1e96-49d8-907e-82b23b061459.mp3	assets/res/import/42/425ba3ac-1e96-49d8-907e-82b23b061459.json	same_uuid	"{""__type__"":""cc.AudioClip"",""_name"":""human_huge_win"",""_native"":"".mp3""}"
assets/res/raw-assets/9c/9c2346cd-7d29-4162-9e93-518682ee7400.atlas	assets/res/import/9c/9c2346cd-7d29-4162-9e93-518682ee7400.json	same_uuid	"{""__type__"":""cc.Asset"",""_name"":""back_to_game01"",""_native"":"".atlas""}"
assets/res/raw-assets/82/82574817-7a4f-4fb2-b4e8-c2754e1a25c1.png	assets/res/import/82/82574817-7a4f-4fb2-b4e8-c2754e1a25c1.json	same_uuid	"{""__type__"":""cc.Texture2D"",""content"":""0,9729,9729,33071,33071,0,0,1""}"
assets/res/raw-assets/83/83f0fb9a-69a2-4210-86f5-f6cbba19a5b9.png	assets/res/import/83/83f0fb9a-69a2-4210-86f5-f6cbba19a5b9.json	same_uuid	"{""__type__"":""cc.Texture2D"",""content"":""0,9729,9729,33071,33071,0,0,1""}"
assets/res/raw-assets/b4/b4873f64-3294-483f-9fa4-aaa58e62a55d.manifest	assets/res/import/b4/b4873f64-3294-483f-9fa4-aaa58e62a55d.json	same_uuid	"{""__type__"":""cc.Asset"",""_name"":""project"",""_native"":"".manifest""}"
assets/res/raw-assets/aa/aad24d50-524f-41c9-8c83-82bad5f77472.manifest	assets/res/import/aa/aad24d50-524f-41c9-8c83-82bad5f77472.json	same_uuid	"{""__type__"":""cc.Asset"",""_name"":""project"",""_native"":"".manifest""}"
assets/res/raw-assets/5a/5a26085e-62a9-4f33-8bdf-413ca1bb4e14.manifest	assets/res/import/5a/5a26085e-62a9-4f33-8bdf-413ca1bb4e14.json	same_uuid	"{""__type__"":""cc.Asset"",""_name"":""project"",""_native"":"".manifest""}"
assets/res/raw-assets/ea/ead386f4-c82f-4357-b610-1e62f5192995.mp3	assets/res/import/ea/ead386f4-c82f-4357-b610-1e62f5192995.json	same_uuid	"{""__type__"":""cc.AudioClip"",""_name"":""bet24"",""_native"":"".mp3""}"
assets/res/raw-assets/4a/4a38a519-c170-4dd1-9bc1-41f80826a8c2.png	assets/res/import/4a/4a38a519-c170-4dd1-9bc1-41f80826a8c2.json	same_uuid	"{""__type__"":""cc.Texture2D"",""content"":""0,9729,9729,33071,33071,0,0,1""}"
assets/res/raw-assets/79/79e0625b-a4d4-44e2-bacd-4170d507a002.manifest	assets/res/import/79/79e0625b-a4d4-44e2-bacd-4170d507a002.json	same_uuid	"{""__type__"":""cc.Asset"",""_name"":""project"",""_native"":"".manifest""}"
assets/res/raw-assets/8a/8a1a3d4b-24d4-49d9-b4ef-451703941f76.manifest	assets/res/import/8a/8a1a3d4b-24d4-49d9-b4ef-451703941f76.json	same_uuid	"{""__type__"":""cc.Asset"",""_name"":""project"",""_native"":"".manifest""}"
assets/res/raw-assets/66/66c47899-5e14-42eb-a8a5-a0a311cf1273.manifest	assets/res/import/66/66c47899-5e14-42eb-a8a5-a0a311cf1273.json	same_uuid	"{""__type__"":""cc.Asset"",""_name"":""project"",""_native"":"".manifest""}"
assets/res/raw-assets/2b/2b0e4354-0f81-436f-acff-ff6979858c6d.png	assets/res/import/2b/2b0e4354-0f81-436f-acff-ff6979858c6d.json	same_uuid	"{""__type__"":""cc.Texture2D"",""content"":""0,9729,9729,33071,33071,0,0,1""}"
assets/res/raw-assets/61/61334a3d-88e8-4dd3-900c-2843d4cd7871.manifest	assets/res/import/61/61334a3d-88e8-4dd3-900c-2843d4cd7871.json	same_uuid	"{""__type__"":""cc.Asset"",""_name"":""project"",""_native"":"".manifest""}"
assets/res/raw-assets/e2/e2e2206c-98e3-4df0-ac4a-a3b46a89a124.mp3	assets/res/import/e2/e2e2206c-98e3-4df0-ac4a-a3b46a89a124.json	same_uuid	"{""__type__"":""cc.AudioClip"",""_name"":""human_massive_win"",""_native"":"".mp3""}"
assets/res/raw-assets/db/db5dd133-2c65-4038-9526-80b184d71315.manifest	assets/res/import/db/db5dd133-2c65-4038-9526-80b184d71315.json	same_uuid	"{""__type__"":""cc.Asset"",""_name"":""project"",""_native"":"".manifest""}"
assets/res/raw-assets/7b/7b0f368d-07a4-4db4-abd2-558522c29409.atlas	assets/res/import/7b/7b0f368d-07a4-4db4-abd2-558522c29409.json	same_uuid	"{""__type__"":""cc.Asset"",""_name"":""Winning_Gold"",""_native"":"".atlas""}"
assets/res/raw-assets/a4/a4e22a9b-5f64-4385-a4b1-ad4d7c01c560.manifest	assets/res/import/a4/a4e22a9b-5f64-4385-a4b1-ad4d7c01c560.json	same_uuid	"{""__type__"":""cc.Asset"",""_name"":""project"",""_native"":"".manifest""}"
assets/res/raw-assets/f1/f1266658-2b3d-421e-932b-57666db094ea.manifest	assets/res/import/f1/f1266658-2b3d-421e-932b-57666db094ea.json	same_uuid	"{""__type__"":""cc.Asset"",""_name"":""project"",""_native"":"".manifest""}"
assets/res/raw-assets/7a/7a1e7143-10c7-407d-a40f-b62630da8322.png	assets/res/import/7a/7a1e7143-10c7-407d-a40f-b62630da8322.json	same_uuid	"{""__type__"":""cc.Texture2D"",""content"":""0,9729,9729,33071,33071,0,0,1""}"
assets/res/raw-assets/70/70ad8aa6-0d5e-44c0-80f8-7ddfc8f1cc80.manifest	assets/res/import/70/70ad8aa6-0d5e-44c0-80f8-7ddfc8f1cc80.json	same_uuid	"{""__type__"":""cc.Asset"",""_name"":""project"",""_native"":"".manifest""}"
assets/res/raw-assets/e4/e4cef059-8212-43c8-b4d0-2946bce4251d.mp3	assets/res/import/e4/e4cef059-8212-43c8-b4d0-2946bce4251d.json	same_uuid	"{""__type__"":""cc.AudioClip"",""_name"":""bet18"",""_native"":"".mp3""}"
assets/res/raw-assets/39/3972b123-461e-4070-85b5-260d234e1ce3.png	assets/res/import/39/3972b123-461e-4070-85b5-260d234e1ce3.json	same_uuid	"{""__type__"":""cc.Texture2D"",""content"":""0,9729,9729,33071,33071,0,0,1""}"
assets/res/raw-assets/9e/9eb098ef-c99d-416b-a581-b1b3719e6f92.png	assets/res/import/9e/9eb098ef-c99d-416b-a581-b1b3719e6f92.json	same_uuid	"{""__type__"":""cc.Texture2D"",""content"":""0,9729,9729,33071,33071,0,0,1""}"
assets/res/raw-assets/6f/6f4a86b4-4d37-4b2e-a435-fb974a54b5ca.png	assets/res/import/6f/6f4a86b4-4d37-4b2e-a435-fb974a54b5ca.json	same_uuid	"{""__type__"":""cc.Texture2D"",""content"":""0,9729,9729,33071,33071,0,0,1""}"
assets/res/raw-assets/a0/a01f8a68-6e25-47cd-b01b-707d81763646.jpg	assets/res/import/a0/a01f8a68-6e25-47cd-b01b-707d81763646.json	same_uuid	"{""__type__"":""cc.Texture2D"",""content"":""1,9729,9729,33071,33071,0,0,1""}"
assets/res/raw-assets/6a/6aafc8c5-d119-4c2e-8346-e9e23a4d3a83.atlas	assets/res/import/6a/6aafc8c5-d119-4c2e-8346-e9e23a4d3a83.json	same_uuid	"{""__type__"":""cc.Asset"",""_name"":""reward_g_01"",""_native"":"".atlas""}"
assets/res/raw-assets/64/64cf9ed9-01d6-481e-9ef8-49f1277dc4a8.manifest	assets/res/import/64/64cf9ed9-01d6-481e-9ef8-49f1277dc4a8.json	same_uuid	"{""__type__"":""cc.Asset"",""_name"":""project"",""_native"":"".manifest""}"
assets/res/raw-assets/cf/cfe3c9fd-92ca-443b-9312-b277ae276f54.manifest	assets/res/import/cf/cfe3c9fd-92ca-443b-9312-b277ae276f54.json	same_uuid	"{""__type__"":""cc.Asset"",""_name"":""project"",""_native"":"".manifest""}"
assets/res/raw-assets/c3/c3817814-3c33-49f2-b9d9-225d3f822b2a.png	assets/res/import/c3/c3817814-3c33-49f2-b9d9-225d3f822b2a.json	same_uuid	"{""__type__"":""cc.Texture2D"",""content"":""0,9729,9729,33071,33071,0,0,1""}"
assets/res/raw-assets/87/87a00793-3299-4efe-9f6f-bc9f02922c5e.png	assets/res/import/87/87a00793-3299-4efe-9f6f-bc9f02922c5e.json	same_uuid	"{""__type__"":""cc.Texture2D"",""content"":""0,9729,9729,33071,33071,0,0,1""}"
assets/res/raw-assets/da/daf4cfa4-bcb9-44b2-bddd-94414bc2fa97.manifest	assets/res/import/da/daf4cfa4-bcb9-44b2-bddd-94414bc2fa97.json	same_uuid	"{""__type__"":""cc.Asset"",""_name"":""project"",""_native"":"".manifest""}"
assets/res/raw-assets/f1/f1aaf42d-2bb1-437a-8197-f14a0aaa9753.manifest	assets/res/import/f1/f1aaf42d-2bb1-437a-8197-f14a0aaa9753.json	same_uuid	"{""__type__"":""cc.Asset"",""_name"":""project"",""_native"":"".manifest""}"
assets/res/raw-assets/36/364d129e-f532-41b0-95bc-565aefe689d9.png	assets/res/import/36/364d129e-f532-41b0-95bc-565aefe689d9.json	same_uuid	"{""__type__"":""cc.Texture2D"",""content"":""0,9729,9729,33071,33071,0,0,1""}"
assets/res/raw-assets/7b/7bd1fa47-eb2b-4100-a0ce-ec5bdfe8e127.atlas	assets/res/import/7b/7bd1fa47-eb2b-4100-a0ce-ec5bdfe8e127.json	same_uuid	"{""__type__"":""cc.Asset"",""_name"":""emoji_0_8"",""_native"":"".atlas""}"
assets/res/raw-assets/f2/f2ffce72-3c85-43f4-9eda-978f629ee492.png	assets/res/import/f2/f2ffce72-3c85-43f4-9eda-978f629ee492.json	same_uuid	"{""__type__"":""cc.Texture2D"",""content"":""0,9729,9729,33071,33071,0,0,1""}"
assets/res/raw-assets/ad/ade9e6f2-fc31-4eec-955c-6319b7005318.manifest	assets/res/import/ad/ade9e6f2-fc31-4eec-955c-6319b7005318.json	same_uuid	"{""__type__"":""cc.Asset"",""_name"":""project"",""_native"":"".manifest""}"
assets/res/raw-assets/be/be3817ab-e442-4357-ae46-dd22cd2b11f8.png	assets/res/import/be/be3817ab-e442-4357-ae46-dd22cd2b11f8.json	same_uuid	"{""__type__"":""cc.Texture2D"",""content"":""0,9729,9729,33071,33071,0,0,1""}"
assets/res/raw-assets/c6/c67626ed-6295-499e-a6c0-a1b0e9e8a0e5.manifest	assets/res/import/c6/c67626ed-6295-499e-a6c0-a1b0e9e8a0e5.json	same_uuid	"{""__type__"":""cc.Asset"",""_name"":""project"",""_native"":"".manifest""}"
assets/res/raw-assets/7d/7d75fbc6-77f6-40da-b415-89ca0acdf574.png	assets/res/import/7d/7d75fbc6-77f6-40da-b415-89ca0acdf574.json	same_uuid	"{""__type__"":""cc.Texture2D"",""content"":""0,9729,9729,33071,33071,0,0,1""}"
assets/res/raw-assets/2a/2ac81cf3-af8d-49a0-acde-f789af716d62.manifest	assets/res/import/2a/2ac81cf3-af8d-49a0-acde-f789af716d62.json	same_uuid	"{""__type__"":""cc.Asset"",""_name"":""project"",""_native"":"".manifest""}"
assets/res/raw-assets/c2/c221ff76-7296-4948-b076-e49cc6f8dea7.manifest	assets/res/import/c2/c221ff76-7296-4948-b076-e49cc6f8dea7.json	same_uuid	"{""__type__"":""cc.Asset"",""_name"":""project"",""_native"":"".manifest""}"
assets/res/raw-assets/f4/f4c06640-9fdc-4e34-8303-a1cdb3c10e9b.manifest	assets/res/import/f4/f4c06640-9fdc-4e34-8303-a1cdb3c10e9b.json	same_uuid	"{""__type__"":""cc.Asset"",""_name"":""project"",""_native"":"".manifest""}"
assets/res/raw-assets/89/89854930-002c-44c7-bf3a-e4efe70d7269.png	assets/res/import/89/89854930-002c-44c7-bf3a-e4efe70d7269.json	same_uuid	"{""__type__"":""cc.Texture2D"",""content"":""0,9729,9729,33071,33071,0,0,1""}"
assets/res/raw-assets/99/999bd4d9-db8f-4a07-801a-780c9bb1575a.png	assets/res/import/99/999bd4d9-db8f-4a07-801a-780c9bb1575a.json	same_uuid	"{""__type__"":""cc.Texture2D"",""content"":""0,9729,9729,33071,33071,0,0,1""}"
assets/res/raw-assets/9a/9a30cf08-ceaa-4433-bc49-8c3f472ab697.png	assets/res/import/9a/9a30cf08-ceaa-4433-bc49-8c3f472ab697.json	same_uuid	"{""__type__"":""cc.Texture2D"",""content"":""0,9729,9729,33071,33071,0,0,1""}"
assets/res/raw-assets/86/8663b78e-e211-4a5b-9a4d-b60ae6af8f7c.manifest	assets/res/import/86/8663b78e-e211-4a5b-9a4d-b60ae6af8f7c.json	same_uuid	"{""__type__"":""cc.Asset"",""_name"":""project"",""_native"":"".manifest""}"
assets/res/raw-assets/da/da50a3b4-0783-4c5e-8a2c-8db3495a15ef.manifest	assets/res/import/da/da50a3b4-0783-4c5e-8a2c-8db3495a15ef.json	same_uuid	"{""__type__"":""cc.Asset"",""_name"":""project"",""_native"":"".manifest""}"
assets/res/raw-assets/6e/6e056173-d285-473c-b206-40a7fff5386e.png	assets/res/import/6e/6e056173-d285-473c-b206-40a7fff5386e.json	same_uuid	"{""__type__"":""cc.Texture2D"",""content"":""0,9729,9729,33071,33071,0,0,1""}"
assets/res/raw-assets/a8/a8df4d98-ba70-45b6-88f3-3067980463b2.png	assets/res/import/a8/a8df4d98-ba70-45b6-88f3-3067980463b2.json	same_uuid	"{""__type__"":""cc.Texture2D"",""content"":""0,9729,9729,33071,33071,0,0,1""}"
assets/res/raw-assets/42/42997e88-71df-4997-9e18-1aa9766fd46f.manifest	assets/res/import/42/42997e88-71df-4997-9e18-1aa9766fd46f.json	same_uuid	"{""__type__"":""cc.Asset"",""_name"":""project"",""_native"":"".manifest""}"
assets/res/raw-assets/1e/1e22ab07-959e-4ed8-999d-5279afdd37a7.png	assets/res/import/1e/1e22ab07-959e-4ed8-999d-5279afdd37a7.json	same_uuid	"{""__type__"":""cc.Texture2D"",""content"":""0,9729,9729,33071,33071,0,0,1""}"
assets/res/raw-assets/66/666bb002-cdc3-41c4-beb9-91f05efdd64e.png	assets/res/import/66/666bb002-cdc3-41c4-beb9-91f05efdd64e.json	same_uuid	"{""__type__"":""cc.Texture2D"",""content"":""0,9729,9729,33071,33071,0,0,1""}"
assets/res/raw-assets/f9/f92ea7c7-1438-46b5-9e02-3d876912b89e.png	assets/res/import/f9/f92ea7c7-1438-46b5-9e02-3d876912b89e.json	same_uuid	"{""__type__"":""cc.Texture2D"",""content"":""0,9729,9729,33071,33071,0,0,1""}"
assets/res/raw-assets/7e/7e729cdb-9f65-423f-b107-4b4ab437317a.png	assets/res/import/7e/7e729cdb-9f65-423f-b107-4b4ab437317a.json	same_uuid	"{""__type__"":""cc.Texture2D"",""content"":""0,9729,9729,33071,33071,0,0,1""}"
assets/res/raw-assets/68/6865b2bf-8673-4eb3-99c3-9d4ff1adb2ff.png	assets/res/import/68/6865b2bf-8673-4eb3-99c3-9d4ff1adb2ff.json	same_uuid	"{""__type__"":""cc.Texture2D"",""content"":""0,9729,9729,33071,33071,0,0,1""}"
assets/res/raw-assets/4e/4e953485-1ec5-49b5-b457-6ba4edee19dd.manifest	assets/res/import/4e/4e953485-1ec5-49b5-b457-6ba4edee19dd.json	same_uuid	"{""__type__"":""cc.Asset"",""_name"":""project"",""_native"":"".manifest""}"
assets/res/raw-assets/07/07eae887-1022-4cb7-803e-6d6912a3b5e8.atlas	assets/res/import/07/07eae887-1022-4cb7-803e-6d6912a3b5e8.json	same_uuid	"{""__type__"":""cc.Asset"",""_name"":""hugewin"",""_native"":"".atlas""}"
assets/res/raw-assets/5e/5e3307e2-511c-4d1a-906c-b6faf1170498.manifest	assets/res/import/5e/5e3307e2-511c-4d1a-906c-b6faf1170498.json	same_uuid	"{""__type__"":""cc.Asset"",""_name"":""project"",""_native"":"".manifest""}"
assets/res/raw-assets/63/63d5d870-ca46-40b8-8155-1221efd399c0.atlas	assets/res/import/63/63d5d870-ca46-40b8-8155-1221efd399c0.json	same_uuid	"{""__type__"":""cc.Asset"",""_name"":""spine"",""_native"":"".atlas""}"
assets/res/raw-assets/c6/c696f209-5ae1-4f86-bf59-10f04d2c8c12.plist	assets/res/import/c6/c696f209-5ae1-4f86-bf59-10f04d2c8c12.json	same_uuid	"{""__type__"":""cc.ParticleAsset"",""_name"":""big_win_particle"",""_native"":"".plist""}"
assets/res/raw-assets/de/de4d2d68-6ce9-4981-8c35-e8f7b66c34f9.manifest	assets/res/import/de/de4d2d68-6ce9-4981-8c35-e8f7b66c34f9.json	same_uuid	"{""__type__"":""cc.Asset"",""_name"":""project"",""_native"":"".manifest""}"
assets/res/raw-assets/73/730e1bec-48ac-466a-a362-6574c5deaa5c.png	assets/res/import/73/730e1bec-48ac-466a-a362-6574c5deaa5c.json	same_uuid	"{""__type__"":""cc.Texture2D"",""content"":""0,9729,9729,33071,33071,0,0,1""}"
assets/res/raw-assets/a0/a06b7e78-e772-43e2-ad2d-e6b729501a5c.png	assets/res/import/a0/a06b7e78-e772-43e2-ad2d-e6b729501a5c.json	same_uuid	"{""__type__"":""cc.Texture2D"",""content"":""0,9729,9729,33071,33071,0,0,1""}"
assets/res/raw-assets/e2/e2aee4e2-801c-4eb9-9721-a7716119d88a.png	assets/res/import/e2/e2aee4e2-801c-4eb9-9721-a7716119d88a.json	same_uuid	"{""__type__"":""cc.Texture2D"",""content"":""0,9729,9729,33071,33071,0,0,1""}"
assets/res/raw-assets/42/42972b68-d128-4e1e-8744-9075a22e689f.mp3	assets/res/import/42/42972b68-d128-4e1e-8744-9075a22e689f.json	same_uuid	"{""__type__"":""cc.AudioClip"",""_name"":""bet17"",""_native"":"".mp3""}"
assets/res/raw-assets/9f/9f262a8e-7d7e-4a6e-86e2-893abb3d26ed.mp3	assets/res/import/9f/9f262a8e-7d7e-4a6e-86e2-893abb3d26ed.json	same_uuid	"{""__type__"":""cc.AudioClip"",""_name"":""bet1"",""_native"":"".mp3""}"
assets/res/raw-assets/8f/8fdda90e-9515-4ee8-9302-d59cf50833f2.manifest	assets/res/import/8f/8fdda90e-9515-4ee8-9302-d59cf50833f2.json	same_uuid	"{""__type__"":""cc.Asset"",""_name"":""project"",""_native"":"".manifest""}"
assets/res/raw-assets/43/43fd5620-aa5d-4e70-b785-287b539570ea.png	assets/res/import/43/43fd5620-aa5d-4e70-b785-287b539570ea.json	same_uuid	"{""__type__"":""cc.Texture2D"",""content"":""0,9729,9729,33071,33071,0,0,1""}"
assets/res/raw-assets/f5/f56e20c8-19c7-4cf1-9252-eedfae4e361b.atlas	assets/res/import/f5/f56e20c8-19c7-4cf1-9252-eedfae4e361b.json	same_uuid	"{""__type__"":""cc.Asset"",""_name"":""emoji_0_6"",""_native"":"".atlas""}"
assets/res/raw-assets/21/216bb05d-c3ab-433e-b979-1250aa9f9b68.atlas	assets/res/import/21/216bb05d-c3ab-433e-b979-1250aa9f9b68.json	same_uuid	"{""__type__"":""cc.Asset"",""_name"":""emoji_0_7"",""_native"":"".atlas""}"
assets/res/raw-assets/fb/fbc82027-8a9a-4a9f-bd71-a42c02a1d18d.png	assets/res/import/fb/fbc82027-8a9a-4a9f-bd71-a42c02a1d18d.json	same_uuid	"{""__type__"":""cc.Texture2D"",""content"":""0,9729,9729,33071,33071,0,0,1""}"
assets/res/raw-assets/4e/4e593b44-26d8-4bb2-af1d-e59006a11135.png	assets/res/import/4e/4e593b44-26d8-4bb2-af1d-e59006a11135.json	same_uuid	"{""__type__"":""cc.Texture2D"",""content"":""0,9729,9729,33071,33071,0,0,1""}"
assets/res/raw-assets/28/281db701-ddcd-4ea7-8278-8f0e5086010f.mp3	assets/res/import/28/281db701-ddcd-4ea7-8278-8f0e5086010f.json	same_uuid	"{""__type__"":""cc.AudioClip"",""_name"":""bet14"",""_native"":"".mp3""}"
assets/res/raw-assets/1a/1ae9c855-ebcc-425c-8a0e-682e5d4f9d0e.manifest	assets/res/import/1a/1ae9c855-ebcc-425c-8a0e-682e5d4f9d0e.json	same_uuid	"{""__type__"":""cc.Asset"",""_name"":""project"",""_native"":"".manifest""}"
assets/res/raw-assets/c3/c3f0a0e8-b38f-46f6-986c-c93a8cfd18d1.png	assets/res/import/c3/c3f0a0e8-b38f-46f6-986c-c93a8cfd18d1.json	same_uuid	"{""__type__"":""cc.Texture2D"",""content"":""0,9729,9729,33071,33071,0,0,1""}"
assets/res/raw-assets/fd/fd9a45f1-7dc1-4b45-9956-85ac883f35ef.manifest	assets/res/import/fd/fd9a45f1-7dc1-4b45-9956-85ac883f35ef.json	same_uuid	"{""__type__"":""cc.Asset"",""_name"":""project"",""_native"":"".manifest""}"
assets/res/raw-assets/a1/a18a65e3-8522-4c71-907a-44d7abe0cf2c.manifest	assets/res/import/a1/a18a65e3-8522-4c71-907a-44d7abe0cf2c.json	same_uuid	"{""__type__"":""cc.Asset"",""_name"":""project"",""_native"":"".manifest""}"
assets/res/raw-assets/c3/c34b3036-795d-4ad0-ae1a-75c93229c1d1.manifest	assets/res/import/c3/c34b3036-795d-4ad0-ae1a-75c93229c1d1.json	same_uuid	"{""__type__"":""cc.Asset"",""_name"":""project"",""_native"":"".manifest""}"
assets/res/raw-assets/99/99d32e12-d611-45c5-b46b-90c424234d30.manifest	assets/res/import/99/99d32e12-d611-45c5-b46b-90c424234d30.json	same_uuid	"{""__type__"":""cc.Asset"",""_name"":""project"",""_native"":"".manifest""}"
assets/res/raw-assets/49/49c66c7f-9ad5-45ac-a97f-5a0603e87380.png	assets/res/import/49/49c66c7f-9ad5-45ac-a97f-5a0603e87380.json	same_uuid	"{""__type__"":""cc.Texture2D"",""content"":""0,9729,9729,33071,33071,0,0,1""}"
assets/res/raw-assets/2a/2a98c32b-e3e5-4d9f-8105-206e81029e4e.manifest	assets/res/import/2a/2a98c32b-e3e5-4d9f-8105-206e81029e4e.json	same_uuid	"{""__type__"":""cc.Asset"",""_name"":""project"",""_native"":"".manifest""}"
assets/res/raw-assets/3b/3bbdb0f6-c5f6-45de-9f33-8b5cbafb4d6d.bin	assets/res/import/3b/3bbdb0f6-c5f6-45de-9f33-8b5cbafb4d6d.json	same_uuid	"{""__type__"":""cc.Mesh"",""_native"":"".bin"",""_vertexBundles"":[{""__type__"":""cc.mesh.VertexBundle"",""data"":{""__type__"":""cc.BufferRange"",""length"":34848},""formats"":[{""__type__"":""cc.mesh.VertexFormat"",""name"":""a_normal"",""type"":5126,""num"":3},{""__type__"":""cc.mesh.VertexFormat"",""name"":""a_position"",""type"":5126,""num"":3},{""__type__"":""cc.mesh.VertexFormat"",""name"":""a_uv0"",""type"":5126,""num"":2}],""verticesCount"":1089}],""_primitives"":[{""__type__"":""cc.mesh.Primitive"",""vertexBundleIndices"":[0],""data"":{""__type__"":""cc.BufferRange"",""offset"":34848,""length"":12288}}],""_minPos"":{""__type__"":""cc.Vec3"",""x"":-0.5,""y"":-0.5,""z"":-0.5},""_maxPos"":{""__type__"":""cc.Vec3"",""x"":0.5,""y"":0.5,""z"":0.5}}"
assets/res/raw-assets/c1/c134e293-8daa-4afe-9753-c79dc3f71e3a.manifest	assets/res/import/c1/c134e293-8daa-4afe-9753-c79dc3f71e3a.json	same_uuid	"{""__type__"":""cc.Asset"",""_name"":""project"",""_native"":"".manifest""}"
assets/res/raw-assets/de/deaa336c-97f3-488f-868f-b7064d5e0c58.png	assets/res/import/de/deaa336c-97f3-488f-868f-b7064d5e0c58.json	same_uuid	"{""__type__"":""cc.Texture2D"",""content"":""0,9729,9729,33071,33071,0,0,1""}"
assets/res/raw-assets/fa/fad1c25b-4cac-401c-a214-131d6edffb95.png	assets/res/import/fa/fad1c25b-4cac-401c-a214-131d6edffb95.json	same_uuid	"{""__type__"":""cc.Texture2D"",""content"":""0,9729,9729,33071,33071,0,0,1""}"
assets/res/raw-assets/3d/3d336aa4-910c-45be-9cfa-0a3956f9ba26.mp3	assets/res/import/3d/3d336aa4-910c-45be-9cfa-0a3956f9ba26.json	same_uuid	"{""__type__"":""cc.AudioClip"",""_name"":""win4"",""_native"":"".mp3""}"
assets/res/raw-assets/69/6924c498-cf3d-4dac-bdd6-38828fd7b43c.mp3	assets/res/import/69/6924c498-cf3d-4dac-bdd6-38828fd7b43c.json	same_uuid	"{""__type__"":""cc.AudioClip"",""_name"":""slot_show_autoselect"",""_native"":"".mp3""}"
assets/res/raw-assets/e6/e6862cf6-6209-4560-b1b1-23371caa232f.png	assets/res/import/e6/e6862cf6-6209-4560-b1b1-23371caa232f.json	same_uuid	"{""__type__"":""cc.Texture2D"",""content"":""0,9729,9729,33071,33071,0,0,1""}"
assets/res/raw-assets/7c/7ce0a00a-1b63-4f44-873b-450d11b83327.manifest	assets/res/import/7c/7ce0a00a-1b63-4f44-873b-450d11b83327.json	same_uuid	"{""__type__"":""cc.Asset"",""_name"":""project"",""_native"":"".manifest""}"
assets/res/raw-assets/a1/a12240e6-446b-49c9-b58e-a2f280b084ae.manifest	assets/res/import/a1/a12240e6-446b-49c9-b58e-a2f280b084ae.json	same_uuid	"{""__type__"":""cc.Asset"",""_name"":""project"",""_native"":"".manifest""}"
assets/res/raw-assets/09/09b2cb5e-1698-4381-9493-e8f93ce7280c.png	assets/res/import/09/09b2cb5e-1698-4381-9493-e8f93ce7280c.json	same_uuid	"{""__type__"":""cc.Texture2D"",""content"":""0,9729,9729,33071,33071,0,0,1""}"
assets/res/raw-assets/c4/c44a9508-f4cb-4fe5-aa30-bed997aeb711.manifest	assets/res/import/c4/c44a9508-f4cb-4fe5-aa30-bed997aeb711.json	same_uuid	"{""__type__"":""cc.Asset"",""_name"":""project"",""_native"":"".manifest""}"
assets/res/raw-assets/76/76e34013-d861-4bb2-8dde-f3b504908f21.manifest	assets/res/import/76/76e34013-d861-4bb2-8dde-f3b504908f21.json	same_uuid	"{""__type__"":""cc.Asset"",""_name"":""project"",""_native"":"".manifest""}"
assets/res/raw-assets/04/046f172c-1574-488b-bbb8-6415a9adb96d.bin	assets/res/import/04/046f172c-1574-488b-bbb8-6415a9adb96d.json	same_uuid	"{""__type__"":""cc.Mesh"",""_native"":"".bin"",""_vertexBundles"":[{""__type__"":""cc.mesh.VertexBundle"",""data"":{""__type__"":""cc.BufferRange"",""length"":768},""formats"":[{""__type__"":""cc.mesh.VertexFormat"",""name"":""a_normal"",""type"":5126,""num"":3},{""__type__"":""cc.mesh.VertexFormat"",""name"":""a_position"",""type"":5126,""num"":3},{""__type__"":""cc.mesh.VertexFormat"",""name"":""a_uv0"",""type"":5126,""num"":2}],""verticesCount"":24}],""_primitives"":[{""__type__"":""cc.mesh.Primitive"",""vertexBundleIndices"":[0],""data"":{""__type__"":""cc.BufferRange"",""offset"":768,""length"":72}}],""_minPos"":{""__type__"":""cc.Vec3"",""x"":-0.5,""y"":-0.5,""z"":-0.5},""_maxPos"":{""__type__"":""cc.Vec3"",""x"":0.5,""y"":0.5,""z"":0.5}}"
assets/res/raw-assets/cf/cfef78f1-c8df-49b7-8ed0-4c953ace2621.png	assets/res/import/cf/cfef78f1-c8df-49b7-8ed0-4c953ace2621.json	same_uuid	"{""__type__"":""cc.Texture2D"",""content"":""0,9729,9729,33071,33071,0,0,1""}"
assets/res/raw-assets/32/32f52bee-2df9-49f7-b775-8c7fed59030c.manifest	assets/res/import/32/32f52bee-2df9-49f7-b775-8c7fed59030c.json	same_uuid	"{""__type__"":""cc.Asset"",""_name"":""project"",""_native"":"".manifest""}"
assets/res/raw-assets/aa/aaa4f37b-49ac-4725-b535-4c9c724ebfd6.manifest	assets/res/import/aa/aaa4f37b-49ac-4725-b535-4c9c724ebfd6.json	same_uuid	"{""__type__"":""cc.Asset"",""_name"":""project"",""_native"":"".manifest""}"
assets/res/raw-assets/1b/1b337676-8bdc-4d51-9504-b1a2cd3b73ca.manifest	assets/res/import/1b/1b337676-8bdc-4d51-9504-b1a2cd3b73ca.json	same_uuid	"{""__type__"":""cc.Asset"",""_name"":""project"",""_native"":"".manifest""}"
assets/res/raw-assets/83/83d327af-d0c1-439f-ae17-f97e63f8e55b.manifest	assets/res/import/83/83d327af-d0c1-439f-ae17-f97e63f8e55b.json	same_uuid	"{""__type__"":""cc.Asset"",""_name"":""project"",""_native"":"".manifest""}"
assets/res/raw-assets/60/600301aa-3357-4a10-b086-84f011fa32ba.png	assets/res/import/60/600301aa-3357-4a10-b086-84f011fa32ba.json	same_uuid	"{""__type__"":""cc.Texture2D"",""content"":""0,9729,9729,33071,33071,1,0,0""}"
assets/res/raw-assets/50/502fcf61-e223-4113-b06a-490aa058b58e.manifest	assets/res/import/50/502fcf61-e223-4113-b06a-490aa058b58e.json	same_uuid	"{""__type__"":""cc.Asset"",""_name"":""project"",""_native"":"".manifest""}"
assets/res/raw-assets/e5/e5b4029b-7282-4002-8eac-4a042e653c37.manifest	assets/res/import/e5/e5b4029b-7282-4002-8eac-4a042e653c37.json	same_uuid	"{""__type__"":""cc.Asset"",""_name"":""project"",""_native"":"".manifest""}"
assets/res/raw-assets/c5/c56a5c2c-d6f2-41a9-8bd6-20a59f67308e.manifest	assets/res/import/c5/c56a5c2c-d6f2-41a9-8bd6-20a59f67308e.json	same_uuid	"{""__type__"":""cc.Asset"",""_name"":""project"",""_native"":"".manifest""}"
assets/res/raw-assets/16/16f7ac2b-1458-4901-8bbe-18984e4b705f.png	assets/res/import/16/16f7ac2b-1458-4901-8bbe-18984e4b705f.json	same_uuid	"{""__type__"":""cc.Texture2D"",""content"":""0,9729,9729,33071,33071,0,0,1""}"
assets/res/raw-assets/3d/3db8967a-c614-49d7-9621-637e22f53981.manifest	assets/res/import/3d/3db8967a-c614-49d7-9621-637e22f53981.json	same_uuid	"{""__type__"":""cc.Asset"",""_name"":""project"",""_native"":"".manifest""}"
assets/res/raw-assets/e4/e451d7ec-18f1-4722-8c2e-b2839b708f7f.manifest	assets/res/import/e4/e451d7ec-18f1-4722-8c2e-b2839b708f7f.json	same_uuid	"{""__type__"":""cc.Asset"",""_name"":""project"",""_native"":"".manifest""}"
assets/res/raw-assets/63/637c7230-9012-4ec1-89e4-8f4f41082f07.manifest	assets/res/import/63/637c7230-9012-4ec1-89e4-8f4f41082f07.json	same_uuid	"{""__type__"":""cc.Asset"",""_name"":""project"",""_native"":"".manifest""}"
assets/res/raw-assets/57/57fce1a7-2151-4ec5-ae9e-c7a5c1168100.png	assets/res/import/57/57fce1a7-2151-4ec5-ae9e-c7a5c1168100.json	same_uuid	"{""__type__"":""cc.Texture2D"",""content"":""0,9729,9729,33071,33071,0,0,1""}"
assets/res/raw-assets/49/4920d172-2cbb-4013-8722-11456c209f11.png	assets/res/import/49/4920d172-2cbb-4013-8722-11456c209f11.json	same_uuid	"{""__type__"":""cc.Texture2D"",""content"":""0,9729,9729,33071,33071,0,0,1""}"
assets/res/raw-assets/84/84869634-c4ac-476b-82f2-31986db34547.png	assets/res/import/84/84869634-c4ac-476b-82f2-31986db34547.json	same_uuid	"{""__type__"":""cc.Texture2D"",""content"":""0,9729,9729,33071,33071,0,0,1""}"
assets/res/raw-assets/dc/dcb52222-124b-4eb2-9ee8-a07283054923.manifest	assets/res/import/dc/dcb52222-124b-4eb2-9ee8-a07283054923.json	same_uuid	"{""__type__"":""cc.Asset"",""_name"":""project"",""_native"":"".manifest""}"
assets/res/raw-assets/3f/3f3106c0-c034-4833-8ca5-a33000c40c16.png	assets/res/import/3f/3f3106c0-c034-4833-8ca5-a33000c40c16.json	same_uuid	"{""__type__"":""cc.Texture2D"",""content"":""0,9729,9729,33071,33071,0,0,1""}"
assets/res/raw-assets/3f/3ff03a29-5cd1-49f0-aaf1-babbb3893928.png	assets/res/import/3f/3ff03a29-5cd1-49f0-aaf1-babbb3893928.json	same_uuid	"{""__type__"":""cc.Texture2D"",""content"":""0,9729,9729,33071,33071,0,0,1""}"
assets/res/raw-assets/3f/3f183c96-a1c7-4da6-9fa0-ae8a4b0ee343.png	assets/res/import/3f/3f183c96-a1c7-4da6-9fa0-ae8a4b0ee343.json	same_uuid	"{""__type__"":""cc.Texture2D"",""content"":""0,9729,9729,33071,33071,0,0,1""}"
assets/res/raw-assets/be/be14347d-e3d1-4da2-bc1f-2db4177f3dc7.png	assets/res/import/be/be14347d-e3d1-4da2-bc1f-2db4177f3dc7.json	same_uuid	"{""__type__"":""cc.Texture2D"",""content"":""0,9729,9729,33071,33071,0,0,1""}"
assets/res/raw-assets/d3/d35dfacb-82a1-42c2-92cb-51ce0c3e918b.png	assets/res/import/d3/d35dfacb-82a1-42c2-92cb-51ce0c3e918b.json	same_uuid	"{""__type__"":""cc.Texture2D"",""content"":""0,9729,9729,33071,33071,0,0,1""}"
assets/res/raw-assets/16/1680fa1e0.png	assets/res/import/16/1680fa1e0.json	same_uuid	"{""__type__"":""cc.Texture2D"",""content"":""0,9729,9729,33071,33071,0,0,0""}"
assets/res/raw-assets/a9/a93a4b6f-f0f6-4c27-805e-fdf726669e6c.manifest	assets/res/import/a9/a93a4b6f-f0f6-4c27-805e-fdf726669e6c.json	same_uuid	"{""__type__"":""cc.Asset"",""_name"":""project"",""_native"":"".manifest""}"
assets/res/raw-assets/f8/f87f1410-22bb-475c-9514-9e8a0ab95c39.manifest	assets/res/import/f8/f87f1410-22bb-475c-9514-9e8a0ab95c39.json	same_uuid	"{""__type__"":""cc.Asset"",""_name"":""project"",""_native"":"".manifest""}"
assets/res/raw-assets/7d/7dc3b32e-392f-4915-89da-2ce9d02560a8.png	assets/res/import/7d/7dc3b32e-392f-4915-89da-2ce9d02560a8.json	same_uuid	"{""__type__"":""cc.Texture2D"",""content"":""0,9729,9729,33071,33071,0,0,1""}"
assets/res/raw-assets/9a/9aac7cd0-bc03-4516-aacb-c41019fe69cf.mp3	assets/res/import/9a/9aac7cd0-bc03-4516-aacb-c41019fe69cf.json	same_uuid	"{""__type__"":""cc.AudioClip"",""_name"":""slot_reel_click"",""_native"":"".mp3""}"
assets/res/raw-assets/f0/f08bb9e7-aecf-4e15-b50c-c8efa4dca527.manifest	assets/res/import/f0/f08bb9e7-aecf-4e15-b50c-c8efa4dca527.json	same_uuid	"{""__type__"":""cc.Asset"",""_name"":""project"",""_native"":"".manifest""}"
assets/res/raw-assets/8f/8f1cb4b4-907e-44e3-b3b0-2f38f5e66b67.jpg	assets/res/import/8f/8f1cb4b4-907e-44e3-b3b0-2f38f5e66b67.json	same_uuid	"{""__type__"":""cc.Texture2D"",""content"":""1,9729,9729,33071,33071,0,0,1""}"
assets/res/raw-assets/24/24bf34b7-116f-43fb-9972-a56d131c595f.manifest	assets/res/import/24/24bf34b7-116f-43fb-9972-a56d131c595f.json	same_uuid	"{""__type__"":""cc.Asset"",""_name"":""project"",""_native"":"".manifest""}"
assets/res/raw-assets/28/284c14ba-b668-4abe-9cde-64a717e46144.png	assets/res/import/28/284c14ba-b668-4abe-9cde-64a717e46144.json	same_uuid	"{""__type__"":""cc.Texture2D"",""content"":""0,9729,9729,33071,33071,0,0,1""}"
assets/res/raw-assets/08/0856cedc-fc04-40c0-90dc-ee6081306937.png	assets/res/import/08/0856cedc-fc04-40c0-90dc-ee6081306937.json	same_uuid	"{""__type__"":""cc.Texture2D"",""content"":""0,9729,9729,33071,33071,0,0,1""}"
assets/res/raw-assets/70/70f3e0df-280e-43fe-bf30-79f68f0f6a33.manifest	assets/res/import/70/70f3e0df-280e-43fe-bf30-79f68f0f6a33.json	same_uuid	"{""__type__"":""cc.Asset"",""_name"":""project"",""_native"":"".manifest""}"
assets/res/raw-assets/9c/9c08f79d-ff4c-4c64-8e88-0ef6619fb73c.png	assets/res/import/9c/9c08f79d-ff4c-4c64-8e88-0ef6619fb73c.json	same_uuid	"{""__type__"":""cc.Texture2D"",""content"":""0,9729,9729,33071,33071,0,0,1""}"
assets/res/raw-assets/b6/b605b42f-5fca-4d21-b466-a443de834883.png	assets/res/import/b6/b605b42f-5fca-4d21-b466-a443de834883.json	same_uuid	"{""__type__"":""cc.Texture2D"",""content"":""0,9729,9729,33071,33071,0,0,1""}"
assets/res/raw-assets/ce/ce851282-9d98-415b-a5df-607bd4e97a9c.manifest	assets/res/import/ce/ce851282-9d98-415b-a5df-607bd4e97a9c.json	same_uuid	"{""__type__"":""cc.Asset"",""_name"":""project"",""_native"":"".manifest""}"
assets/res/raw-assets/30/30354e79-aecc-44b8-a1f1-ea362ba57753.manifest	assets/res/import/30/30354e79-aecc-44b8-a1f1-ea362ba57753.json	same_uuid	"{""__type__"":""cc.Asset"",""_name"":""project"",""_native"":"".manifest""}"
assets/res/raw-assets/29/29de62c1-b561-4fdf-ac9a-d5a4d1a6a002.manifest	assets/res/import/29/29de62c1-b561-4fdf-ac9a-d5a4d1a6a002.json	same_uuid	"{""__type__"":""cc.Asset"",""_name"":""project"",""_native"":"".manifest""}"
assets/res/raw-assets/df/dfeaefd1-8b8d-465e-bc18-095ef68d647a.manifest	assets/res/import/df/dfeaefd1-8b8d-465e-bc18-095ef68d647a.json	same_uuid	"{""__type__"":""cc.Asset"",""_name"":""project"",""_native"":"".manifest""}"
assets/res/raw-assets/5c/5ccca336-2121-4b3e-bee8-324d87a6f091.png	assets/res/import/5c/5ccca336-2121-4b3e-bee8-324d87a6f091.json	same_uuid	"{""__type__"":""cc.Texture2D"",""content"":""0,9729,9729,33071,33071,0,0,1""}"
assets/res/raw-assets/45/45065e04-fa0c-4419-9f85-22da7e661844.mp3	assets/res/import/45/45065e04-fa0c-4419-9f85-22da7e661844.json	same_uuid	"{""__type__"":""cc.AudioClip"",""_name"":""info_page_scroll"",""_native"":"".mp3""}"
assets/res/raw-assets/2b/2be24ebf-8391-463b-b5e9-d52f05d6b577.png	assets/res/import/2b/2be24ebf-8391-463b-b5e9-d52f05d6b577.json	same_uuid	"{""__type__"":""cc.Texture2D"",""content"":""0,9729,9729,33071,33071,0,0,1""}"
assets/res/raw-assets/87/87bc35fd-4cfa-4549-9342-eee034e1531b.manifest	assets/res/import/87/87bc35fd-4cfa-4549-9342-eee034e1531b.json	same_uuid	"{""__type__"":""cc.Asset"",""_name"":""project"",""_native"":"".manifest""}"
assets/res/raw-assets/f0/f052fd1e-38f0-41a9-8d0d-802c239cac14.mp3	assets/res/import/f0/f052fd1e-38f0-41a9-8d0d-802c239cac14.json	same_uuid	"{""__type__"":""cc.AudioClip"",""_name"":""bet12"",""_native"":"".mp3""}"
assets/res/raw-assets/de/de33989e-77ab-4a9d-b459-f52259eb97d0.png	assets/res/import/de/de33989e-77ab-4a9d-b459-f52259eb97d0.json	same_uuid	"{""__type__"":""cc.Texture2D"",""content"":""0,9729,9729,33071,33071,0,0,1""}"
assets/res/raw-assets/40/405146ae-e5fe-4e06-8ee7-dd2d1e9ea3ba.mp3	assets/res/import/40/405146ae-e5fe-4e06-8ee7-dd2d1e9ea3ba.json	same_uuid	"{""__type__"":""cc.AudioClip"",""_name"":""bet7"",""_native"":"".mp3""}"
assets/res/raw-assets/95/956b3cf9-2f13-4850-9ba5-7b90a630c8b2.png	assets/res/import/95/956b3cf9-2f13-4850-9ba5-7b90a630c8b2.json	same_uuid	"{""__type__"":""cc.Texture2D"",""content"":""0,9729,9729,33071,33071,0,0,1""}"
assets/res/raw-assets/da/da2030d2-fa24-4313-be72-a2a369de7585.manifest	assets/res/import/da/da2030d2-fa24-4313-be72-a2a369de7585.json	same_uuid	"{""__type__"":""cc.Asset"",""_name"":""project"",""_native"":"".manifest""}"
assets/res/raw-assets/09/0941eeff-65ef-46ec-8ac9-0cdbe6bd71b5.png	assets/res/import/09/0941eeff-65ef-46ec-8ac9-0cdbe6bd71b5.json	same_uuid	"{""__type__"":""cc.Texture2D"",""content"":""0,9729,9729,33071,33071,0,0,1""}"
assets/res/raw-assets/94/943d3783-e4d3-4219-b945-8e2133e48229.png	assets/res/import/94/943d3783-e4d3-4219-b945-8e2133e48229.json	same_uuid	"{""__type__"":""cc.Texture2D"",""content"":""0,9729,9729,33071,33071,0,0,1""}"
assets/res/raw-assets/57/57a25e79-72ea-46df-b870-a8c834fb7c7d.manifest	assets/res/import/57/57a25e79-72ea-46df-b870-a8c834fb7c7d.json	same_uuid	"{""__type__"":""cc.Asset"",""_name"":""project"",""_native"":"".manifest""}"
assets/res/raw-assets/8c/8c7ae5ed-ac6e-4cad-951f-d4708e60fca6.manifest	assets/res/import/8c/8c7ae5ed-ac6e-4cad-951f-d4708e60fca6.json	same_uuid	"{""__type__"":""cc.Asset"",""_name"":""project"",""_native"":"".manifest""}"
assets/res/raw-assets/58/580ed5da-d1f0-4e38-be9c-27786939c46a.manifest	assets/res/import/58/580ed5da-d1f0-4e38-be9c-27786939c46a.json	same_uuid	"{""__type__"":""cc.Asset"",""_name"":""project"",""_native"":"".manifest""}"
assets/res/raw-assets/12/128bfc19-fd1a-46c7-adbc-29f79846d0b1.manifest	assets/res/import/12/128bfc19-fd1a-46c7-adbc-29f79846d0b1.json	same_uuid	"{""__type__"":""cc.Asset"",""_name"":""project"",""_native"":"".manifest""}"
assets/res/raw-assets/34/34fd2ffe-aa83-43e9-98d9-a345b6f1e72b/default-font.ttf	assets/res/import/34/34fd2ffe-aa83-43e9-98d9-a345b6f1e72b.json	nested_uuid	"{""__type__"":""cc.TTFFont"",""_name"":""default-font"",""_native"":""default-font.ttf""}"
assets/res/raw-assets/3e/3e8f2922-b590-467f-a0a3-662a018c4006.plist	assets/res/import/3e/3e8f2922-b590-467f-a0a3-662a018c4006.json	same_uuid	"{""__type__"":""cc.ParticleAsset"",""_name"":""max_bet_liziwenjian01_1"",""_native"":"".plist""}"
assets/res/raw-assets/51/519c422e-6ca2-422b-9482-4847e9b42983.manifest	assets/res/import/51/519c422e-6ca2-422b-9482-4847e9b42983.json	same_uuid	"{""__type__"":""cc.Asset"",""_name"":""project"",""_native"":"".manifest""}"
assets/res/raw-assets/5c/5c7fa4ee-3373-4f65-99af-b1ff82aae31e.png	assets/res/import/5c/5c7fa4ee-3373-4f65-99af-b1ff82aae31e.json	same_uuid	"{""__type__"":""cc.Texture2D"",""content"":""0,9729,9729,33071,33071,0,0,1""}"
assets/res/raw-assets/17/17f7f037-2ae2-4234-b6d1-7ffda73f912e.manifest	assets/res/import/17/17f7f037-2ae2-4234-b6d1-7ffda73f912e.json	same_uuid	"{""__type__"":""cc.Asset"",""_name"":""project"",""_native"":"".manifest""}"
assets/res/raw-assets/9d/9d4278a9-1084-4a1e-8398-0c5ba2d9b710.png	assets/res/import/9d/9d4278a9-1084-4a1e-8398-0c5ba2d9b710.json	same_uuid	"{""__type__"":""cc.Texture2D"",""content"":""0,9729,9729,33071,33071,0,0,1""}"
assets/res/raw-assets/ea/ea4f08f9-5bf9-4eb7-8d3a-cf3651ab0d15.manifest	assets/res/import/ea/ea4f08f9-5bf9-4eb7-8d3a-cf3651ab0d15.json	same_uuid	"{""__type__"":""cc.Asset"",""_name"":""project"",""_native"":"".manifest""}"
assets/res/raw-assets/f6/f6eaa76e-cbfb-4fba-8a4e-c4822c4c0b98.manifest	assets/res/import/f6/f6eaa76e-cbfb-4fba-8a4e-c4822c4c0b98.json	same_uuid	"{""__type__"":""cc.Asset"",""_name"":""project"",""_native"":"".manifest""}"
assets/res/raw-assets/ab/abce688d-54ed-4545-bc4b-6a82167ffe21.manifest	assets/res/import/ab/abce688d-54ed-4545-bc4b-6a82167ffe21.json	same_uuid	"{""__type__"":""cc.Asset"",""_name"":""project"",""_native"":"".manifest""}"
assets/res/raw-assets/2c/2cd315e4-ec84-471c-96f5-b4b9aa100a0d.manifest	assets/res/import/2c/2cd315e4-ec84-471c-96f5-b4b9aa100a0d.json	same_uuid	"{""__type__"":""cc.Asset"",""_name"":""project"",""_native"":"".manifest""}"
assets/res/raw-assets/46/46f5d64c-bd40-431c-9d0d-f14ad2058dda.manifest	assets/res/import/46/46f5d64c-bd40-431c-9d0d-f14ad2058dda.json	same_uuid	"{""__type__"":""cc.Asset"",""_name"":""project"",""_native"":"".manifest""}"
assets/res/raw-assets/38/387f172f-dda1-44c5-ae2b-0d6f7f6cff36.manifest	assets/res/import/38/387f172f-dda1-44c5-ae2b-0d6f7f6cff36.json	same_uuid	"{""__type__"":""cc.Asset"",""_name"":""project"",""_native"":"".manifest""}"
assets/res/raw-assets/95/9510383b-cab3-4dbb-a331-5e8e96b1f7f8.atlas	assets/res/import/95/9510383b-cab3-4dbb-a331-5e8e96b1f7f8.json	same_uuid	"{""__type__"":""cc.Asset"",""_name"":""emoji_0_2"",""_native"":"".atlas""}"
assets/res/raw-assets/d0/d0db6819-cc9f-4b88-9dc9-4a53ff9d169a.png	assets/res/import/d0/d0db6819-cc9f-4b88-9dc9-4a53ff9d169a.json	same_uuid	"{""__type__"":""cc.Texture2D"",""content"":""0,9729,9729,33071,33071,0,0,1""}"
assets/res/raw-assets/0b/0b5f5118-7a33-4549-ace5-4c412f842dc2.png	assets/res/import/0b/0b5f5118-7a33-4549-ace5-4c412f842dc2.json	same_uuid	"{""__type__"":""cc.Texture2D"",""content"":""0,9729,9729,33071,33071,0,0,1""}"
assets/res/raw-assets/ee/ee903b4f-61dc-47e6-8c9d-b1ee21b4022d.png	assets/res/import/ee/ee903b4f-61dc-47e6-8c9d-b1ee21b4022d.json	same_uuid	"{""__type__"":""cc.Texture2D"",""content"":""0,9729,9729,33071,33071,0,0,1""}"
assets/res/raw-assets/e8/e87e25d9-4c2e-4f28-9a99-26d064b60361.png	assets/res/import/e8/e87e25d9-4c2e-4f28-9a99-26d064b60361.json	same_uuid	"{""__type__"":""cc.Texture2D"",""content"":""0,9729,9729,33071,33071,0,0,1""}"
assets/res/raw-assets/cc/cc319b12-3f5a-4cc8-a745-81f923fb11d7.atlas	assets/res/import/cc/cc319b12-3f5a-4cc8-a745-81f923fb11d7.json	same_uuid	"{""__type__"":""cc.Asset"",""_name"":""spine"",""_native"":"".atlas""}"
assets/res/raw-assets/b9/b9252683-f8f9-4d75-9597-766056c20bbd.atlas	assets/res/import/b9/b9252683-f8f9-4d75-9597-766056c20bbd.json	same_uuid	"{""__type__"":""cc.Asset"",""_name"":""avatarframe_1003"",""_native"":"".atlas""}"
assets/res/raw-assets/73/731dbb29-0473-475a-b5b2-3b45c36b713f.png	assets/res/import/73/731dbb29-0473-475a-b5b2-3b45c36b713f.json	same_uuid	"{""__type__"":""cc.Texture2D"",""content"":""0,9729,9729,33071,33071,0,0,1""}"
assets/res/raw-assets/2e/2e8c4a71-9d35-4f6b-b812-0a7c3e5d9f28.manifest	assets/res/import/2e/2e8c4a71-9d35-4f6b-b812-0a7c3e5d9f28.json	same_uuid	"{""__type__"":""cc.Asset"",""_name"":""project"",""_native"":"".manifest""}"
assets/res/raw-assets/5e/5eb2e997-11d0-4016-a2f7-40b4d29d3a41.manifest	assets/res/import/5e/5eb2e997-11d0-4016-a2f7-40b4d29d3a41.json	same_uuid	"{""__type__"":""cc.Asset"",""_name"":""project"",""_native"":"".manifest""}"
assets/res/raw-assets/fb/fb1d2b6b-f0bd-4f02-8acd-792fe6196440.manifest	assets/res/import/fb/fb1d2b6b-f0bd-4f02-8acd-792fe6196440.json	same_uuid	"{""__type__"":""cc.Asset"",""_name"":""project"",""_native"":"".manifest""}"
assets/res/raw-assets/75/752e6c8e-79d7-4c8d-ac13-b858c30ff60b.mp3	assets/res/import/75/752e6c8e-79d7-4c8d-ac13-b858c30ff60b.json	same_uuid	"{""__type__"":""cc.AudioClip"",""_name"":""global_max_bet"",""_native"":"".mp3""}"
assets/res/raw-assets/7c/7c54c32b-ee82-4bde-92b6-7fec0615a6db.manifest	assets/res/import/7c/7c54c32b-ee82-4bde-92b6-7fec0615a6db.json	same_uuid	"{""__type__"":""cc.Asset"",""_name"":""project"",""_native"":"".manifest""}"
assets/res/raw-assets/f8/f87a203c-803e-4440-ae94-cb6b66592911.manifest	assets/res/import/f8/f87a203c-803e-4440-ae94-cb6b66592911.json	same_uuid	"{""__type__"":""cc.Asset"",""_name"":""project"",""_native"":"".manifest""}"
assets/res/raw-assets/50/50fcfc5e-fa04-43f6-a530-518d7f06aa8a.png	assets/res/import/50/50fcfc5e-fa04-43f6-a530-518d7f06aa8a.json	same_uuid	"{""__type__"":""cc.Texture2D"",""content"":""0,9729,9729,33071,33071,0,0,1""}"
assets/res/raw-assets/b1/b1a7c847-dcbf-42c9-9990-93518e29e2a1.png	assets/res/import/b1/b1a7c847-dcbf-42c9-9990-93518e29e2a1.json	same_uuid	"{""__type__"":""cc.Texture2D"",""content"":""0,9729,9729,33071,33071,0,0,1""}"
assets/res/raw-assets/85/85de80f7-a503-4c2e-b58d-942d234bc251.pem	assets/res/import/85/85de80f7-a503-4c2e-b58d-942d234bc251.json	same_uuid	"{""__type__"":""cc.Asset"",""_name"":""cert"",""_native"":"".pem""}"
assets/res/raw-assets/49/49b59613-69af-4034-b44c-90f9cf7c91ba.png	assets/res/import/49/49b59613-69af-4034-b44c-90f9cf7c91ba.json	same_uuid	"{""__type__"":""cc.Texture2D"",""content"":""0,9729,9729,33071,33071,0,0,1""}"
assets/res/raw-assets/8f/8fec4428-032b-4550-9d37-2498008fd8ce.png	assets/res/import/8f/8fec4428-032b-4550-9d37-2498008fd8ce.json	same_uuid	"{""__type__"":""cc.Texture2D"",""content"":""0,9729,9729,33071,33071,0,0,1""}"
assets/res/raw-assets/64/648a1be1-29db-4f7a-9734-3059fffda013.png	assets/res/import/64/648a1be1-29db-4f7a-9734-3059fffda013.json	same_uuid	"{""__type__"":""cc.Texture2D"",""content"":""0,9729,9729,33071,33071,0,0,1""}"
assets/res/raw-assets/83/83380dfc-a208-4667-af97-3382d937838d.manifest	assets/res/import/83/83380dfc-a208-4667-af97-3382d937838d.json	same_uuid	"{""__type__"":""cc.Asset"",""_name"":""project"",""_native"":"".manifest""}"
assets/res/raw-assets/05/0511e1fe-d164-4460-b4e9-59f9e96fe10e.manifest	assets/res/import/05/0511e1fe-d164-4460-b4e9-59f9e96fe10e.json	same_uuid	"{""__type__"":""cc.Asset"",""_name"":""project"",""_native"":"".manifest""}"
assets/res/raw-assets/61/617323dd-11f4-4dd3-8eec-0caf6b3b45b9.png	assets/res/import/61/617323dd-11f4-4dd3-8eec-0caf6b3b45b9.json	same_uuid	"{""__type__"":""cc.Texture2D"",""content"":""0,9729,9729,33071,33071,0,0,1""}"
assets/res/raw-assets/85/85a8f0a1-9f5d-4acd-a3bd-2fbbdd189ec5.png	assets/res/import/85/85a8f0a1-9f5d-4acd-a3bd-2fbbdd189ec5.json	same_uuid	"{""__type__"":""cc.Texture2D"",""content"":""0,9729,9729,33071,33071,0,0,1""}"
assets/res/raw-assets/90/90e5bb5c-f6b2-494f-9bb3-82f05685ddf1.manifest	assets/res/import/90/90e5bb5c-f6b2-494f-9bb3-82f05685ddf1.json	same_uuid	"{""__type__"":""cc.Asset"",""_name"":""project"",""_native"":"".manifest""}"
assets/res/raw-assets/39/399aef27-0301-4536-8086-c0c4c42377fd.png	assets/res/import/39/399aef27-0301-4536-8086-c0c4c42377fd.json	same_uuid	"{""__type__"":""cc.Texture2D"",""content"":""0,9729,9729,33071,33071,0,0,1""}"
assets/res/raw-assets/cb/cba1a2a5-1c83-4dd6-b938-e5ab6a6cc087.manifest	assets/res/import/cb/cba1a2a5-1c83-4dd6-b938-e5ab6a6cc087.json	same_uuid	"{""__type__"":""cc.Asset"",""_name"":""project"",""_native"":"".manifest""}"
assets/res/raw-assets/02/0275e94c-56a7-410f-bd1a-fc7483f7d14a.png	assets/res/import/02/0275e94c-56a7-410f-bd1a-fc7483f7d14a.json	same_uuid	"{""__type__"":""cc.Texture2D"",""content"":""0,9729,9729,33071,33071,0,0,1""}"
assets/res/raw-assets/ae/ae642d90-8e2a-4fdb-9f30-56d5b2d1ea0b.atlas	assets/res/import/ae/ae642d90-8e2a-4fdb-9f30-56d5b2d1ea0b.json	same_uuid	"{""__type__"":""cc.Asset"",""_name"":""avatarframe_2002"",""_native"":"".atlas""}"
assets/res/raw-assets/75/754b8944-adf6-4d41-8f10-528e411a5e7f.manifest	assets/res/import/75/754b8944-adf6-4d41-8f10-528e411a5e7f.json	same_uuid	"{""__type__"":""cc.Asset"",""_name"":""project"",""_native"":"".manifest""}"
assets/res/raw-assets/f8/f836ca13-a720-4da3-b132-878f3d336b01.manifest	assets/res/import/f8/f836ca13-a720-4da3-b132-878f3d336b01.json	same_uuid	"{""__type__"":""cc.Asset"",""_name"":""project"",""_native"":"".manifest""}"
assets/res/raw-assets/a8/a88b5780-04b4-47e7-ab4c-0e8236682439.manifest	assets/res/import/a8/a88b5780-04b4-47e7-ab4c-0e8236682439.json	same_uuid	"{""__type__"":""cc.Asset"",""_name"":""project"",""_native"":"".manifest""}"
assets/res/raw-assets/e4/e47082d1-7475-44fb-b22d-5bafad594e00.png	assets/res/import/e4/e47082d1-7475-44fb-b22d-5bafad594e00.json	same_uuid	"{""__type__"":""cc.Texture2D"",""content"":""0,9729,9729,33071,33071,0,0,1""}"
assets/res/raw-assets/26/2687d2c1-ef2f-4e7f-8fe3-5a700c93df87.mp3	assets/res/import/26/2687d2c1-ef2f-4e7f-8fe3-5a700c93df87.json	same_uuid	"{""__type__"":""cc.AudioClip"",""_name"":""bet2"",""_native"":"".mp3""}"
assets/res/raw-assets/44/44c6e595-87de-4ee2-84c6-fa8afcde3811.atlas	assets/res/import/44/44c6e595-87de-4ee2-84c6-fa8afcde3811.json	same_uuid	"{""__type__"":""cc.Asset"",""_name"":""avatarframe_v_9"",""_native"":"".atlas""}"
assets/res/raw-assets/2a/2a3d3668-f6a5-44e7-87ee-bb9cc4d9f89f.mp3	assets/res/import/2a/2a3d3668-f6a5-44e7-87ee-bb9cc4d9f89f.json	same_uuid	"{""__type__"":""cc.AudioClip"",""_name"":""common_click"",""_native"":"".mp3""}"
assets/res/raw-assets/54/54e8a3bf-4941-4a10-95e8-425c71a5aa54.manifest	assets/res/import/54/54e8a3bf-4941-4a10-95e8-425c71a5aa54.json	same_uuid	"{""__type__"":""cc.Asset"",""_name"":""project"",""_native"":"".manifest""}"
assets/res/raw-assets/04/04c69595-cc9e-4592-9016-03cdbeb933df.manifest	assets/res/import/04/04c69595-cc9e-4592-9016-03cdbeb933df.json	same_uuid	"{""__type__"":""cc.Asset"",""_name"":""project"",""_native"":"".manifest""}"
assets/res/raw-assets/08/0811261c-acbf-44a7-9afd-e9c668033d79.manifest	assets/res/import/08/0811261c-acbf-44a7-9afd-e9c668033d79.json	same_uuid	"{""__type__"":""cc.Asset"",""_name"":""project"",""_native"":"".manifest""}"
assets/res/raw-assets/a5/a5ccd464-39bf-40fc-a4f1-a967e091e3f1.png	assets/res/import/a5/a5ccd464-39bf-40fc-a4f1-a967e091e3f1.json	same_uuid	"{""__type__"":""cc.Texture2D"",""content"":""0,9729,9729,33071,33071,0,0,1""}"
assets/res/raw-assets/9f/9fc6cd89-69db-4aed-8e6a-06c1476c5158.mp3	assets/res/import/9f/9fc6cd89-69db-4aed-8e6a-06c1476c5158.json	same_uuid	"{""__type__"":""cc.AudioClip"",""_name"":""bet9"",""_native"":"".mp3""}"
assets/res/raw-assets/65/654c283a-6584-4f13-915e-234c23978912.png	assets/res/import/65/654c283a-6584-4f13-915e-234c23978912.json	same_uuid	"{""__type__"":""cc.Texture2D"",""content"":""0,9729,9729,33071,33071,0,0,1""}"
assets/res/raw-assets/21/2151eca4-6dfc-45b6-80e0-028ea660ff93.png	assets/res/import/21/2151eca4-6dfc-45b6-80e0-028ea660ff93.json	same_uuid	"{""__type__"":""cc.Texture2D"",""content"":""0,9729,9729,33071,33071,0,0,1""}"
assets/res/raw-assets/09/091d1f5c-6c37-4315-a4ab-64b94398d10c.manifest	assets/res/import/09/091d1f5c-6c37-4315-a4ab-64b94398d10c.json	same_uuid	"{""__type__"":""cc.Asset"",""_name"":""project"",""_native"":"".manifest""}"
assets/res/raw-assets/19/19767f34-e96e-4fd0-bdac-7914f3d0c9cf.manifest	assets/res/import/19/19767f34-e96e-4fd0-bdac-7914f3d0c9cf.json	same_uuid	"{""__type__"":""cc.Asset"",""_name"":""project"",""_native"":"".manifest""}"
assets/res/raw-assets/35/354b9f46-9621-44e8-bc09-9fd6fdc3b151.manifest	assets/res/import/35/354b9f46-9621-44e8-bc09-9fd6fdc3b151.json	same_uuid	"{""__type__"":""cc.Asset"",""_name"":""project"",""_native"":"".manifest""}"
assets/res/raw-assets/24/246628f4-2416-4200-a1bd-43cf704821fc.png	assets/res/import/24/246628f4-2416-4200-a1bd-43cf704821fc.json	same_uuid	"{""__type__"":""cc.Texture2D"",""content"":""0,9729,9729,33071,33071,0,0,1""}"
assets/res/raw-assets/d2/d26c3009-f50b-4db6-8f07-7294c104363b.manifest	assets/res/import/d2/d26c3009-f50b-4db6-8f07-7294c104363b.json	same_uuid	"{""__type__"":""cc.Asset"",""_name"":""project"",""_native"":"".manifest""}"
assets/res/raw-assets/2c/2c9c7d50-cce0-4ed4-b86d-59ebadc01a18.png	assets/res/import/2c/2c9c7d50-cce0-4ed4-b86d-59ebadc01a18.json	same_uuid	"{""__type__"":""cc.Texture2D"",""content"":""0,9729,9729,33071,33071,0,0,1""}"
assets/res/raw-assets/fe/fec53d0a-ddda-474b-853a-2fb043a2dfcb.manifest	assets/res/import/fe/fec53d0a-ddda-474b-853a-2fb043a2dfcb.json	same_uuid	"{""__type__"":""cc.Asset"",""_name"":""project"",""_native"":"".manifest""}"
assets/res/raw-assets/2e/2e11e3d6-49bc-467d-b64c-d58a8f6a905b.manifest	assets/res/import/2e/2e11e3d6-49bc-467d-b64c-d58a8f6a905b.json	same_uuid	"{""__type__"":""cc.Asset"",""_name"":""project"",""_native"":"".manifest""}"
assets/res/raw-assets/25/255ed77e-7022-4e77-9506-37e6847fdc28.manifest	assets/res/import/25/255ed77e-7022-4e77-9506-37e6847fdc28.json	same_uuid	"{""__type__"":""cc.Asset"",""_name"":""project"",""_native"":"".manifest""}"
assets/res/raw-assets/70/702efd35-df4e-4505-941c-5a8a5f36946b.manifest	assets/res/import/70/702efd35-df4e-4505-941c-5a8a5f36946b.json	same_uuid	"{""__type__"":""cc.Asset"",""_name"":""project"",""_native"":"".manifest""}"
assets/res/raw-assets/5e/5e110549-e287-4182-bcdc-804898bd2f99.png	assets/res/import/5e/5e110549-e287-4182-bcdc-804898bd2f99.json	same_uuid	"{""__type__"":""cc.Texture2D"",""content"":""0,9729,9729,33071,33071,0,0,1""}"
assets/res/raw-assets/b0/b0449e19-2cb1-425f-9bc1-7623f12939d8.mp3	assets/res/import/b0/b0449e19-2cb1-425f-9bc1-7623f12939d8.json	same_uuid	"{""__type__"":""cc.AudioClip"",""_name"":""win_apocalypticwin_HD"",""_native"":"".mp3""}"
assets/res/raw-assets/df/df2b2682-475f-4e9b-afe7-fc2b9e766f13.png	assets/res/import/df/df2b2682-475f-4e9b-afe7-fc2b9e766f13.json	same_uuid	"{""__type__"":""cc.Texture2D"",""content"":""0,9729,9729,33071,33071,0,0,1""}"
assets/res/raw-assets/50/50de9776-ed22-4044-87ee-dd33670609b9.mp3	assets/res/import/50/50de9776-ed22-4044-87ee-dd33670609b9.json	same_uuid	"{""__type__"":""cc.AudioClip"",""_name"":""bet6"",""_native"":"".mp3""}"
assets/res/raw-assets/f2/f2d32d73-6233-400b-ba45-8b7ae4ddf582.png	assets/res/import/f2/f2d32d73-6233-400b-ba45-8b7ae4ddf582.json	same_uuid	"{""__type__"":""cc.Texture2D"",""content"":""0,9729,9729,33071,33071,0,0,1""}"
assets/res/raw-assets/d1/d1cf7c6e-75f7-4c37-a084-45f7e6337a15.manifest	assets/res/import/d1/d1cf7c6e-75f7-4c37-a084-45f7e6337a15.json	same_uuid	"{""__type__"":""cc.Asset"",""_name"":""project"",""_native"":"".manifest""}"
assets/res/raw-assets/18/185f25c6-d539-4ea7-8091-a98c97bd3681.manifest	assets/res/import/18/185f25c6-d539-4ea7-8091-a98c97bd3681.json	same_uuid	"{""__type__"":""cc.Asset"",""_name"":""project"",""_native"":"".manifest""}"
assets/res/raw-assets/1e/1e96b3d9-d626-4a2b-bd37-2aa0a266746f.manifest	assets/res/import/1e/1e96b3d9-d626-4a2b-bd37-2aa0a266746f.json	same_uuid	"{""__type__"":""cc.Asset"",""_name"":""project"",""_native"":"".manifest""}"
assets/res/raw-assets/3a/3a7f8cda-5288-49e2-8e34-6ca7232d8ef4.manifest	assets/res/import/3a/3a7f8cda-5288-49e2-8e34-6ca7232d8ef4.json	same_uuid	"{""__type__"":""cc.Asset"",""_name"":""project"",""_native"":"".manifest""}"
assets/res/raw-assets/e7/e7dd6327-3107-43ac-88bb-0b54522ce513.png	assets/res/import/e7/e7dd6327-3107-43ac-88bb-0b54522ce513.json	same_uuid	"{""__type__"":""cc.Texture2D"",""content"":""0,9729,9729,33071,33071,0,0,1""}"
assets/res/raw-assets/82/821cbf1f-5892-43d2-8c14-eb22811bcf47.mp3	assets/res/import/82/821cbf1f-5892-43d2-8c14-eb22811bcf47.json	same_uuid	"{""__type__"":""cc.AudioClip"",""_name"":""human_legendary_win"",""_native"":"".mp3""}"
assets/res/raw-assets/37/37044175-e779-40dc-b36d-e548b0425c74.mp3	assets/res/import/37/37044175-e779-40dc-b36d-e548b0425c74.json	same_uuid	"{""__type__"":""cc.AudioClip"",""_name"":""bet16"",""_native"":"".mp3""}"
assets/res/raw-assets/d1/d1b17023-a25c-4aa9-b2b0-8b27190561fe.atlas	assets/res/import/d1/d1b17023-a25c-4aa9-b2b0-8b27190561fe.json	same_uuid	"{""__type__"":""cc.Asset"",""_name"":""spine"",""_native"":"".atlas""}"
assets/res/raw-assets/70/70f91277-5a95-44b1-9ecf-71600e58e2ac.manifest	assets/res/import/70/70f91277-5a95-44b1-9ecf-71600e58e2ac.json	same_uuid	"{""__type__"":""cc.Asset"",""_name"":""project"",""_native"":"".manifest""}"
assets/res/raw-assets/1f/1f15a05da.png	assets/res/import/1f/1f15a05da.json	same_uuid	"{""__type__"":""cc.Texture2D"",""content"":""0,9729,9729,33071,33071,0,0,0""}"
assets/res/raw-assets/dc/dc88a649-004e-40e7-8417-7660ab6f9b3b.manifest	assets/res/import/dc/dc88a649-004e-40e7-8417-7660ab6f9b3b.json	same_uuid	"{""__type__"":""cc.Asset"",""_name"":""project"",""_native"":"".manifest""}"
assets/res/raw-assets/6f/6fa22766-cfe3-457c-b820-ba6581001ec1.mp3	assets/res/import/6f/6fa22766-cfe3-457c-b820-ba6581001ec1.json	same_uuid	"{""__type__"":""cc.AudioClip"",""_name"":""slot_openBetSelector"",""_native"":"".mp3""}"
assets/res/raw-assets/ed/ed252393-b6db-49ca-b016-4d8c39453993.manifest	assets/res/import/ed/ed252393-b6db-49ca-b016-4d8c39453993.json	same_uuid	"{""__type__"":""cc.Asset"",""_name"":""project"",""_native"":"".manifest""}"
assets/res/raw-assets/e8/e8765cb2-9bb8-498a-a632-4942c46f26b9.png	assets/res/import/e8/e8765cb2-9bb8-498a-a632-4942c46f26b9.json	same_uuid	"{""__type__"":""cc.Texture2D"",""content"":""0,9729,9729,33071,33071,0,0,1""}"
assets/res/raw-assets/62/628d58ad-1770-47c8-b23e-555e1a850e14.manifest	assets/res/import/62/628d58ad-1770-47c8-b23e-555e1a850e14.json	same_uuid	"{""__type__"":""cc.Asset"",""_name"":""project"",""_native"":"".manifest""}"
assets/res/raw-assets/80/809f9773-b8b0-409f-8f39-be17bc13dc8a.manifest	assets/res/import/80/809f9773-b8b0-409f-8f39-be17bc13dc8a.json	same_uuid	"{""__type__"":""cc.Asset"",""_name"":""project"",""_native"":"".manifest""}"
assets/res/raw-assets/9d/9d7023ff-6130-4712-bd31-beff7cfa0a78.manifest	assets/res/import/9d/9d7023ff-6130-4712-bd31-beff7cfa0a78.json	same_uuid	"{""__type__"":""cc.Asset"",""_name"":""project"",""_native"":"".manifest""}"
assets/res/raw-assets/70/70eb5788-0637-473d-ae29-ad4f077fbeae.png	assets/res/import/70/70eb5788-0637-473d-ae29-ad4f077fbeae.json	same_uuid	"{""__type__"":""cc.Texture2D"",""content"":""0,9729,9729,33071,33071,0,0,1""}"
assets/res/raw-assets/03/0378a287-95a6-4a62-995d-9a7364460f20.atlas	assets/res/import/03/0378a287-95a6-4a62-995d-9a7364460f20.json	same_uuid	"{""__type__"":""cc.Asset"",""_name"":""emoji_0_1"",""_native"":"".atlas""}"
assets/res/raw-assets/b1/b12fb9be-c864-4ad5-b0ba-5af6f53c2f62.atlas	assets/res/import/b1/b12fb9be-c864-4ad5-b0ba-5af6f53c2f62.json	same_uuid	"{""__type__"":""cc.Asset"",""_name"":""emoji_0_3"",""_native"":"".atlas""}"
assets/res/raw-assets/8b/8bd89559-6a3d-4213-9983-e76d00644521.manifest	assets/res/import/8b/8bd89559-6a3d-4213-9983-e76d00644521.json	same_uuid	"{""__type__"":""cc.Asset"",""_name"":""project"",""_native"":"".manifest""}"
assets/res/raw-assets/13/139efa19-9217-4b08-a3a7-12ae61bfb183.png	assets/res/import/13/139efa19-9217-4b08-a3a7-12ae61bfb183.json	same_uuid	"{""__type__"":""cc.Texture2D"",""content"":""0,9729,9729,33071,33071,0,0,1""}"
assets/res/raw-assets/25/2585352b-b1a7-4022-8976-fea744af42f8.manifest	assets/res/import/25/2585352b-b1a7-4022-8976-fea744af42f8.json	same_uuid	"{""__type__"":""cc.Asset"",""_name"":""project"",""_native"":"".manifest""}"
assets/res/raw-assets/17/1732d6c30.png	assets/res/import/17/1732d6c30.json	same_uuid	"{""__type__"":""cc.Texture2D"",""content"":""0,9729,9729,33071,33071,0,0,0""}"
assets/res/raw-assets/4b/4bab67cb-18e6-4099-b840-355f0473f890.png	assets/res/import/4b/4bab67cb-18e6-4099-b840-355f0473f890.json	same_uuid	"{""__type__"":""cc.Texture2D"",""content"":""0,9729,9729,33071,33071,0,0,1""}"
assets/res/raw-assets/0e/0e5576f0-de9a-4da2-9524-6d6221af5925.manifest	assets/res/import/0e/0e5576f0-de9a-4da2-9524-6d6221af5925.json	same_uuid	"{""__type__"":""cc.Asset"",""_name"":""project"",""_native"":"".manifest""}"
assets/res/raw-assets/50/50486608-f15e-44d3-92cb-7ac4a4c376a3.manifest	assets/res/import/50/50486608-f15e-44d3-92cb-7ac4a4c376a3.json	same_uuid	"{""__type__"":""cc.Asset"",""_name"":""project"",""_native"":"".manifest""}"
assets/res/raw-assets/cb/cb8ba1ab-df2a-43e4-88cb-1b76a2e34c0f.manifest	assets/res/import/cb/cb8ba1ab-df2a-43e4-88cb-1b76a2e34c0f.json	same_uuid	"{""__type__"":""cc.Asset"",""_name"":""project"",""_native"":"".manifest""}"
assets/res/raw-assets/dc/dcbbd31e-9fa7-445d-88d6-6432f0c434de.mp3	assets/res/import/dc/dcbbd31e-9fa7-445d-88d6-6432f0c434de.json	same_uuid	"{""__type__"":""cc.AudioClip"",""_name"":""win_hugewin_HD"",""_native"":"".mp3""}"
assets/res/raw-assets/0f/0f54f657-f3c7-4953-bc24-0ee027f3f995.png	assets/res/import/0f/0f54f657-f3c7-4953-bc24-0ee027f3f995.json	same_uuid	"{""__type__"":""cc.Texture2D"",""content"":""0,9729,9729,33071,33071,0,0,1""}"
assets/res/raw-assets/90/903b873f-dc01-4ece-8c63-93ab3a6d4e54.jpeg	assets/res/import/90/903b873f-dc01-4ece-8c63-93ab3a6d4e54.json	same_uuid	"{""__type__"":""cc.Texture2D"",""content"":""2,9729,9729,33071,33071,0,0,1""}"
assets/res/raw-assets/7a/7a94e381-9776-4d07-af84-b59e8cf3edcf.manifest	assets/res/import/7a/7a94e381-9776-4d07-af84-b59e8cf3edcf.json	same_uuid	"{""__type__"":""cc.Asset"",""_name"":""project"",""_native"":"".manifest""}"
assets/res/raw-assets/74/74531c05-b12a-4e1d-a985-237819f9f4b4.mp3	assets/res/import/74/74531c05-b12a-4e1d-a985-237819f9f4b4.json	same_uuid	"{""__type__"":""cc.AudioClip"",""_name"":""bet19"",""_native"":"".mp3""}"
assets/res/raw-assets/b0/b01c73af-7dd5-47f6-b90e-d38924e5fd58.png	assets/res/import/b0/b01c73af-7dd5-47f6-b90e-d38924e5fd58.json	same_uuid	"{""__type__"":""cc.Texture2D"",""content"":""0,9729,9729,33071,33071,0,0,1""}"
assets/res/raw-assets/d1/d1fd1073-a32e-435d-a6f1-7cd1c628a610.manifest	assets/res/import/d1/d1fd1073-a32e-435d-a6f1-7cd1c628a610.json	same_uuid	"{""__type__"":""cc.Asset"",""_name"":""project"",""_native"":"".manifest""}"
assets/res/raw-assets/8c/8c31d8bb-449a-49f5-8bd4-88961d118cde.manifest	assets/res/import/8c/8c31d8bb-449a-49f5-8bd4-88961d118cde.json	same_uuid	"{""__type__"":""cc.Asset"",""_name"":""project"",""_native"":"".manifest""}"
assets/res/raw-assets/57/57c0fb2c-54ee-455c-b6c0-ea26fb056578.png	assets/res/import/57/57c0fb2c-54ee-455c-b6c0-ea26fb056578.json	same_uuid	"{""__type__"":""cc.Texture2D"",""content"":""0,9729,9729,33071,33071,0,0,1""}"
assets/res/raw-assets/da/daea1933-6981-4541-a137-e60cf86cbddb.png	assets/res/import/da/daea1933-6981-4541-a137-e60cf86cbddb.json	same_uuid	"{""__type__"":""cc.Texture2D"",""content"":""0,9729,9729,33071,33071,0,0,1""}"
assets/res/raw-assets/ac/acec176b-2fc3-45df-a888-8c189beaf082.manifest	assets/res/import/ac/acec176b-2fc3-45df-a888-8c189beaf082.json	same_uuid	"{""__type__"":""cc.Asset"",""_name"":""project"",""_native"":"".manifest""}"
assets/res/raw-assets/2a/2aef23db-15ee-497f-9349-c4c9dbc386f6.manifest	assets/res/import/2a/2aef23db-15ee-497f-9349-c4c9dbc386f6.json	same_uuid	"{""__type__"":""cc.Asset"",""_name"":""project"",""_native"":"".manifest""}"
assets/res/raw-assets/57/57454a56-f290-4f5f-a1cf-325935bd9e3f.manifest	assets/res/import/57/57454a56-f290-4f5f-a1cf-325935bd9e3f.json	same_uuid	"{""__type__"":""cc.Asset"",""_name"":""project"",""_native"":"".manifest""}"
assets/res/raw-assets/4c/4cd8d927-6a13-4f72-84d5-af82dbcbcae7.manifest	assets/res/import/4c/4cd8d927-6a13-4f72-84d5-af82dbcbcae7.json	same_uuid	"{""__type__"":""cc.Asset"",""_name"":""project"",""_native"":"".manifest""}"
assets/res/raw-assets/98/989a623e-1a44-44f7-8dbd-65b87d656a1a.png	assets/res/import/98/989a623e-1a44-44f7-8dbd-65b87d656a1a.json	same_uuid	"{""__type__"":""cc.Texture2D"",""content"":""0,9729,9729,33071,33071,0,0,1""}"
assets/res/raw-assets/bc/bc5027ab-5976-4e8c-8309-66969b2de86e.png	assets/res/import/bc/bc5027ab-5976-4e8c-8309-66969b2de86e.json	same_uuid	"{""__type__"":""cc.Texture2D"",""content"":""0,9729,9729,33071,33071,0,0,1""}"
assets/res/raw-assets/ae/aeef4b55-9036-4366-9b74-b1682157f73c.manifest	assets/res/import/ae/aeef4b55-9036-4366-9b74-b1682157f73c.json	same_uuid	"{""__type__"":""cc.Asset"",""_name"":""project"",""_native"":"".manifest""}"
assets/res/raw-assets/7a/7a32619f-24bf-43f8-9b67-58c2ca0020f5.manifest	assets/res/import/7a/7a32619f-24bf-43f8-9b67-58c2ca0020f5.json	same_uuid	"{""__type__"":""cc.Asset"",""_name"":""project"",""_native"":"".manifest""}"
assets/res/raw-assets/4a/4ac65d5e-58c7-4d4e-8761-8cb1caeef7b0.png	assets/res/import/4a/4ac65d5e-58c7-4d4e-8761-8cb1caeef7b0.json	same_uuid	"{""__type__"":""cc.Texture2D"",""content"":""0,9729,9729,33071,33071,0,0,1""}"
assets/res/raw-assets/16/16386d0b8.png	assets/res/import/16/16386d0b8.json	same_uuid	"{""__type__"":""cc.Texture2D"",""content"":""0,9729,9729,33071,33071,0,0,0""}"
assets/res/raw-assets/5c/5ce7825b-16d3-4d16-b7b8-f53344b64e04.atlas	assets/res/import/5c/5ce7825b-16d3-4d16-b7b8-f53344b64e04.json	same_uuid	"{""__type__"":""cc.Asset"",""_name"":""Massivewin"",""_native"":"".atlas""}"
assets/res/raw-assets/a7/a7334bc8-69f6-42f9-bbf9-7cacb720d31e.manifest	assets/res/import/a7/a7334bc8-69f6-42f9-bbf9-7cacb720d31e.json	same_uuid	"{""__type__"":""cc.Asset"",""_name"":""project"",""_native"":"".manifest""}"
assets/res/raw-assets/8a/8a0effe2-ab17-45c2-bca2-eaafd489b633.manifest	assets/res/import/8a/8a0effe2-ab17-45c2-bca2-eaafd489b633.json	same_uuid	"{""__type__"":""cc.Asset"",""_name"":""project"",""_native"":"".manifest""}"
assets/res/raw-assets/93/932f7649-59df-417a-9e78-e1b6998aa491.manifest	assets/res/import/93/932f7649-59df-417a-9e78-e1b6998aa491.json	same_uuid	"{""__type__"":""cc.Asset"",""_name"":""project"",""_native"":"".manifest""}"
assets/res/raw-assets/8b/8bbf0b33-6b38-468d-9341-801563280a19.png	assets/res/import/8b/8bbf0b33-6b38-468d-9341-801563280a19.json	same_uuid	"{""__type__"":""cc.Texture2D"",""content"":""0,9729,9729,33071,33071,0,0,1""}"
assets/res/raw-assets/ec/ec097336-7c17-4fe1-a370-15f5c49a7aaa.manifest	assets/res/import/ec/ec097336-7c17-4fe1-a370-15f5c49a7aaa.json	same_uuid	"{""__type__"":""cc.Asset"",""_name"":""project"",""_native"":"".manifest""}"
assets/res/raw-assets/96/96144146-e10a-471b-b893-ef01aaa21669.png	assets/res/import/96/96144146-e10a-471b-b893-ef01aaa21669.json	same_uuid	"{""__type__"":""cc.Texture2D"",""content"":""0,9729,9729,33071,33071,0,0,1""}"
assets/res/raw-assets/ef/ef587cc4-ad53-4f66-b943-a9b9f81420d8.manifest	assets/res/import/ef/ef587cc4-ad53-4f66-b943-a9b9f81420d8.json	same_uuid	"{""__type__"":""cc.Asset"",""_name"":""project"",""_native"":"".manifest""}"
assets/res/raw-assets/3a/3a300bb4-3d87-4aa6-b012-ad5f9bbe868e.mp3	assets/res/import/3a/3a300bb4-3d87-4aa6-b012-ad5f9bbe868e.json	same_uuid	"{""__type__"":""cc.AudioClip"",""_name"":""bet5"",""_native"":"".mp3""}"
assets/res/raw-assets/7a/7ad5a6f8-d605-4ed3-9f75-21ac4afee16f.manifest	assets/res/import/7a/7ad5a6f8-d605-4ed3-9f75-21ac4afee16f.json	same_uuid	"{""__type__"":""cc.Asset"",""_name"":""project"",""_native"":"".manifest""}"
assets/res/raw-assets/e2/e2fc92a6-34dd-468a-9e15-3101ad9a1405.png	assets/res/import/e2/e2fc92a6-34dd-468a-9e15-3101ad9a1405.json	same_uuid	"{""__type__"":""cc.Texture2D"",""content"":""0,9729,9729,33071,33071,0,0,1""}"
assets/res/raw-assets/30/3068275e-bf04-448d-93bc-09706142ee5c.png	assets/res/import/30/3068275e-bf04-448d-93bc-09706142ee5c.json	same_uuid	"{""__type__"":""cc.Texture2D"",""content"":""0,9729,9729,33071,33071,0,0,1""}"
assets/res/raw-assets/a9/a95a2b21-8ba1-4492-90ba-7d02fc1f5aec.atlas	assets/res/import/a9/a95a2b21-8ba1-4492-90ba-7d02fc1f5aec.json	same_uuid	"{""__type__"":""cc.Asset"",""_name"":""spine"",""_native"":"".atlas""}"
assets/res/raw-assets/ea/ea19e3aa-91a4-451c-8670-d0af26e3e364.atlas	assets/res/import/ea/ea19e3aa-91a4-451c-8670-d0af26e3e364.json	same_uuid	"{""__type__"":""cc.Asset"",""_name"":""emoji_0_4"",""_native"":"".atlas""}"
assets/res/raw-assets/2b/2bab6332-5b1d-4577-af97-e7bd26f2c297.manifest	assets/res/import/2b/2bab6332-5b1d-4577-af97-e7bd26f2c297.json	same_uuid	"{""__type__"":""cc.Asset"",""_name"":""project"",""_native"":"".manifest""}"
assets/res/raw-assets/82/822ed93b-78b0-4574-99a7-1bdb4c62f2ff.manifest	assets/res/import/82/822ed93b-78b0-4574-99a7-1bdb4c62f2ff.json	same_uuid	"{""__type__"":""cc.Asset"",""_name"":""project"",""_native"":"".manifest""}"
assets/res/raw-assets/e7/e74be989-1d0a-45e8-8ef6-82dae200afc1.manifest	assets/res/import/e7/e74be989-1d0a-45e8-8ef6-82dae200afc1.json	same_uuid	"{""__type__"":""cc.Asset"",""_name"":""project"",""_native"":"".manifest""}"
assets/res/raw-assets/c2/c204947a-699f-4637-996d-3643a1b10da3.atlas	assets/res/import/c2/c204947a-699f-4637-996d-3643a1b10da3.json	same_uuid	"{""__type__"":""cc.Asset"",""_name"":""menu"",""_native"":"".atlas""}"
assets/res/raw-assets/76/762185ae-726f-4ddc-afa6-fe3f8c073429.manifest	assets/res/import/76/762185ae-726f-4ddc-afa6-fe3f8c073429.json	same_uuid	"{""__type__"":""cc.Asset"",""_name"":""project"",""_native"":"".manifest""}"
assets/res/raw-assets/3a/3af95820-5b4e-441a-948a-2e249ab24521.manifest	assets/res/import/3a/3af95820-5b4e-441a-948a-2e249ab24521.json	same_uuid	"{""__type__"":""cc.Asset"",""_name"":""project"",""_native"":"".manifest""}"
assets/res/raw-assets/4c/4c7d1aa3-bc4f-43cb-9629-effcf565c4eb.png	assets/res/import/4c/4c7d1aa3-bc4f-43cb-9629-effcf565c4eb.json	same_uuid	"{""__type__"":""cc.Texture2D"",""content"":""0,9729,9729,33071,33071,0,0,1""}"
assets/res/raw-assets/01/011232ef-e3c0-4f34-a88d-8ff5c19d8d23.manifest	assets/res/import/01/011232ef-e3c0-4f34-a88d-8ff5c19d8d23.json	same_uuid	"{""__type__"":""cc.Asset"",""_name"":""project"",""_native"":"".manifest""}"
assets/res/raw-assets/85/850ff4a8-4ee3-4276-9a40-dc7109762d24.png	assets/res/import/85/850ff4a8-4ee3-4276-9a40-dc7109762d24.json	same_uuid	"{""__type__"":""cc.Texture2D"",""content"":""0,9729,9729,33071,33071,0,0,1""}"
assets/res/raw-assets/b4/b48de42b-282d-471a-9964-4da542c8ff10.manifest	assets/res/import/b4/b48de42b-282d-471a-9964-4da542c8ff10.json	same_uuid	"{""__type__"":""cc.Asset"",""_name"":""project"",""_native"":"".manifest""}"
assets/res/raw-assets/d9/d9d2540d-f48c-4982-babc-6a4e36f20528.mp3	assets/res/import/d9/d9d2540d-f48c-4982-babc-6a4e36f20528.json	same_uuid	"{""__type__"":""cc.AudioClip"",""_name"":""win_bigwin_HD"",""_native"":"".mp3""}"
assets/res/raw-assets/73/73a0903d-d80e-4e3c-aa67-f999543c08f5.png	assets/res/import/73/73a0903d-d80e-4e3c-aa67-f999543c08f5.json	same_uuid	"{""__type__"":""cc.Texture2D"",""content"":""0,9729,9729,33071,33071,0,0,1""}"
assets/res/raw-assets/0f/0f6f447d-ab66-4468-afb5-8dc77661f79f.plist	assets/res/import/0f/0f6f447d-ab66-4468-afb5-8dc77661f79f.json	same_uuid	"{""__type__"":""cc.ParticleAsset"",""_name"":""hall"",""_native"":"".plist""}"
assets/res/raw-assets/b8/b832a34b-37cb-46ee-9623-3e1e42079a7f.mp3	assets/res/import/b8/b832a34b-37cb-46ee-9623-3e1e42079a7f.json	same_uuid	"{""__type__"":""cc.AudioClip"",""_name"":""win2end"",""_native"":"".mp3""}"
assets/res/raw-assets/92/929ddff0-fe22-4e5f-9284-a8cd3b3b8782.manifest	assets/res/import/92/929ddff0-fe22-4e5f-9284-a8cd3b3b8782.json	same_uuid	"{""__type__"":""cc.Asset"",""_name"":""project"",""_native"":"".manifest""}"
assets/res/raw-assets/29/2922c908-df92-4c6b-92f9-2b98c4abb307.manifest	assets/res/import/29/2922c908-df92-4c6b-92f9-2b98c4abb307.json	same_uuid	"{""__type__"":""cc.Asset"",""_name"":""project"",""_native"":"".manifest""}"
assets/res/raw-assets/6f/6f8b26d3-2773-4551-9baa-4878493d864a.manifest	assets/res/import/6f/6f8b26d3-2773-4551-9baa-4878493d864a.json	same_uuid	"{""__type__"":""cc.Asset"",""_name"":""project"",""_native"":"".manifest""}"
assets/res/raw-assets/9c/9c61bdf6-013f-4c96-841d-b487ecb0882b.manifest	assets/res/import/9c/9c61bdf6-013f-4c96-841d-b487ecb0882b.json	same_uuid	"{""__type__"":""cc.Asset"",""_name"":""project"",""_native"":"".manifest""}"
assets/res/raw-assets/8a/8adb20da-2ccf-401c-a289-34b1b0e633d4.manifest	assets/res/import/8a/8adb20da-2ccf-401c-a289-34b1b0e633d4.json	same_uuid	"{""__type__"":""cc.Asset"",""_name"":""project"",""_native"":"".manifest""}"
assets/res/raw-assets/b7/b760b684-c793-45b0-b2be-546dc694ae5c.mp3	assets/res/import/b7/b760b684-c793-45b0-b2be-546dc694ae5c.json	same_uuid	"{""__type__"":""cc.AudioClip"",""_name"":""spin_press"",""_native"":"".mp3""}"
assets/res/raw-assets/ce/ce8e57a3-0c38-4fe8-b9f5-d6db2d986477.manifest	assets/res/import/ce/ce8e57a3-0c38-4fe8-b9f5-d6db2d986477.json	same_uuid	"{""__type__"":""cc.Asset"",""_name"":""project"",""_native"":"".manifest""}"
assets/res/raw-assets/c5/c56f543c-39ee-4022-93c2-e8bc1db156ef.mp3	assets/res/import/c5/c56f543c-39ee-4022-93c2-e8bc1db156ef.json	same_uuid	"{""__type__"":""cc.AudioClip"",""_name"":""bet13"",""_native"":"".mp3""}"
assets/res/raw-assets/b6/b66e6a44-f9fa-41cb-b0c9-09b036516965.manifest	assets/res/import/b6/b66e6a44-f9fa-41cb-b0c9-09b036516965.json	same_uuid	"{""__type__"":""cc.Asset"",""_name"":""project"",""_native"":"".manifest""}"
assets/res/raw-assets/ab/ab4f0706-ee3c-46c2-9244-3804da18be5c.png	assets/res/import/ab/ab4f0706-ee3c-46c2-9244-3804da18be5c.json	same_uuid	"{""__type__"":""cc.Texture2D"",""content"":""0,9729,9729,33071,33071,0,0,1""}"
assets/res/raw-assets/e7/e7345331-4e0a-42ef-ac6a-fe8a324fbba1.png	assets/res/import/e7/e7345331-4e0a-42ef-ac6a-fe8a324fbba1.json	same_uuid	"{""__type__"":""cc.Texture2D"",""content"":""0,9729,9729,33071,33071,0,0,1""}"
assets/res/raw-assets/3b/3bdd6854-0146-4c88-bd28-ad94c5997422.png	assets/res/import/3b/3bdd6854-0146-4c88-bd28-ad94c5997422.json	same_uuid	"{""__type__"":""cc.Texture2D"",""content"":""0,9729,9729,33071,33071,0,0,1""}"
assets/res/raw-assets/23/237968af-6e9f-417f-b8ac-9824a26b1e80.png	assets/res/import/23/237968af-6e9f-417f-b8ac-9824a26b1e80.json	same_uuid	"{""__type__"":""cc.Texture2D"",""content"":""0,9729,9729,33071,33071,0,0,1""}"
assets/res/raw-assets/a2/a25f2592-77db-4efd-8f8b-5668ac4f94fe.manifest	assets/res/import/a2/a25f2592-77db-4efd-8f8b-5668ac4f94fe.json	same_uuid	"{""__type__"":""cc.Asset"",""_name"":""project"",""_native"":"".manifest""}"
assets/res/raw-assets/86/86095591-5af7-4184-9527-335f40773578.manifest	assets/res/import/86/86095591-5af7-4184-9527-335f40773578.json	same_uuid	"{""__type__"":""cc.Asset"",""_name"":""project"",""_native"":"".manifest""}"
assets/res/raw-assets/34/34499a9b-fc7c-4b20-b9bb-c3ae0c140b3c.manifest	assets/res/import/34/34499a9b-fc7c-4b20-b9bb-c3ae0c140b3c.json	same_uuid	"{""__type__"":""cc.Asset"",""_name"":""project"",""_native"":"".manifest""}"
assets/res/raw-assets/ff/ff300957-62be-43ec-b422-60ec076ee818.png	assets/res/import/ff/ff300957-62be-43ec-b422-60ec076ee818.json	same_uuid	"{""__type__"":""cc.Texture2D"",""content"":""0,9729,9729,33071,33071,0,0,1""}"
assets/res/raw-assets/e8/e851e89b-faa2-4484-bea6-5c01dd9f06e2.png	assets/res/import/e8/e851e89b-faa2-4484-bea6-5c01dd9f06e2.json	same_uuid	"{""__type__"":""cc.Texture2D"",""content"":""0,9729,9729,33071,33071,0,0,1""}"
assets/res/raw-assets/cf/cf971876-6bfb-4ac1-864a-03295f543866.plist	assets/res/import/cf/cf971876-6bfb-4ac1-864a-03295f543866.json	same_uuid	"{""__type__"":""cc.ParticleAsset"",""_name"":""winParticle"",""_native"":"".plist""}"
assets/res/raw-assets/0d/0d662cce-9724-4d0d-957c-96ac4ecd18b5.mp3	assets/res/import/0d/0d662cce-9724-4d0d-957c-96ac4ecd18b5.json	same_uuid	"{""__type__"":""cc.AudioClip"",""_name"":""bet15"",""_native"":"".mp3""}"
assets/res/raw-assets/fd/fd16dd45-57c6-4e56-a255-97b2d5027b67.manifest	assets/res/import/fd/fd16dd45-57c6-4e56-a255-97b2d5027b67.json	same_uuid	"{""__type__"":""cc.Asset"",""_name"":""project"",""_native"":"".manifest""}"
assets/res/raw-assets/ed/edd215b9-2796-4a05-aaf5-81f96c9281ce.png	assets/res/import/ed/edd215b9-2796-4a05-aaf5-81f96c9281ce.json	same_uuid	"{""__type__"":""cc.Texture2D"",""content"":""0,9729,9729,33071,33071,0,0,1""}"
assets/res/raw-assets/5a/5a5fda75-a532-40c4-9ffc-2f7d26596c84.manifest	assets/res/import/5a/5a5fda75-a532-40c4-9ffc-2f7d26596c84.json	same_uuid	"{""__type__"":""cc.Asset"",""_name"":""project"",""_native"":"".manifest""}"
assets/res/raw-assets/c1/c107f314-25a5-4ab8-8a6b-96ad6467727b.atlas	assets/res/import/c1/c107f314-25a5-4ab8-8a6b-96ad6467727b.json	same_uuid	"{""__type__"":""cc.Asset"",""_name"":""spine"",""_native"":"".atlas""}"
assets/res/raw-assets/ac/ac56970c-6c73-4be6-b32a-36be63c1b559.manifest	assets/res/import/ac/ac56970c-6c73-4be6-b32a-36be63c1b559.json	same_uuid	"{""__type__"":""cc.Asset"",""_name"":""project"",""_native"":"".manifest""}"
assets/res/raw-assets/b6/b6d33a47-c4f8-4b6b-acd4-2c18a741aa8d.manifest	assets/res/import/b6/b6d33a47-c4f8-4b6b-acd4-2c18a741aa8d.json	same_uuid	"{""__type__"":""cc.Asset"",""_name"":""project"",""_native"":"".manifest""}"
assets/res/raw-assets/97/975591d2-878f-4c37-9d9c-61f6dcaad6ef.manifest	assets/res/import/97/975591d2-878f-4c37-9d9c-61f6dcaad6ef.json	same_uuid	"{""__type__"":""cc.Asset"",""_name"":""project"",""_native"":"".manifest""}"
assets/res/raw-assets/6e/6e959e52-746b-4422-acc4-96196fad05fa.manifest	assets/res/import/6e/6e959e52-746b-4422-acc4-96196fad05fa.json	same_uuid	"{""__type__"":""cc.Asset"",""_name"":""project"",""_native"":"".manifest""}"
assets/res/raw-assets/84/84c5570d-56fe-4b22-a544-49157ec94792.manifest	assets/res/import/84/84c5570d-56fe-4b22-a544-49157ec94792.json	same_uuid	"{""__type__"":""cc.Asset"",""_name"":""project"",""_native"":"".manifest""}"
assets/res/raw-assets/6d/6df35e4e-1e94-4c6a-9c3d-5b94455ad568.png	assets/res/import/6d/6df35e4e-1e94-4c6a-9c3d-5b94455ad568.json	same_uuid	"{""__type__"":""cc.Texture2D"",""content"":""0,9729,9729,33071,33071,0,0,1""}"
assets/res/raw-assets/b2/b2687ac4-099e-403c-a192-ff477686f4f5.plist	assets/res/import/b2/b2687ac4-099e-403c-a192-ff477686f4f5.json	same_uuid	"{""__type__"":""cc.ParticleAsset"",""_name"":""atom"",""_native"":"".plist"",""spriteFrame"":{""__uuid__"":""47LfXTNedBhJ5sf0G+5l7j""}}"
assets/res/raw-assets/ee/eeba7468-abad-459e-8600-ff60241b977a.png	assets/res/import/ee/eeba7468-abad-459e-8600-ff60241b977a.json	same_uuid	"{""__type__"":""cc.Texture2D"",""content"":""0,9729,9729,33071,33071,0,0,1""}"
assets/res/raw-assets/98/9814c355-d620-4a7f-8b2d-20e5db282e5a.atlas	assets/res/import/98/9814c355-d620-4a7f-8b2d-20e5db282e5a.json	same_uuid	"{""__type__"":""cc.Asset"",""_name"":""wait"",""_native"":"".atlas""}"
assets/res/raw-assets/35/352fafd5-f901-41a9-a478-9e4edd919886.manifest	assets/res/import/35/352fafd5-f901-41a9-a478-9e4edd919886.json	same_uuid	"{""__type__"":""cc.Asset"",""_name"":""project"",""_native"":"".manifest""}"
assets/res/raw-assets/56/567dcd80-8bf4-4535-8a5a-313f1caf078a.png	assets/res/import/56/567dcd80-8bf4-4535-8a5a-313f1caf078a.json	same_uuid	"{""__type__"":""cc.Texture2D"",""content"":""0,9729,9729,33071,33071,0,0,1""}"
assets/res/raw-assets/78/789838ad-e35e-4579-822f-fd41e2cc9a07.png	assets/res/import/78/789838ad-e35e-4579-822f-fd41e2cc9a07.json	same_uuid	"{""__type__"":""cc.Texture2D"",""content"":""0,9729,9729,33071,33071,0,0,1""}"
assets/res/raw-assets/fd/fdcf23c1-a10a-4e64-91f9-cc14848b3e63.png	assets/res/import/fd/fdcf23c1-a10a-4e64-91f9-cc14848b3e63.json	same_uuid	"{""__type__"":""cc.Texture2D"",""content"":""0,9729,9729,33071,33071,0,0,1""}"
assets/res/raw-assets/41/41ace276-8da3-4782-99f2-d6869dacbac7.manifest	assets/res/import/41/41ace276-8da3-4782-99f2-d6869dacbac7.json	same_uuid	"{""__type__"":""cc.Asset"",""_name"":""project"",""_native"":"".manifest""}"
assets/res/raw-assets/12/1280d36c8.png	assets/res/import/12/1280d36c8.json	same_uuid	"{""__type__"":""cc.Texture2D"",""content"":""0,9729,9729,33071,33071,0,0,0""}"
assets/res/raw-assets/9c/9c53e074-20e2-47c4-a91d-85d3b10d9f47.png	assets/res/import/9c/9c53e074-20e2-47c4-a91d-85d3b10d9f47.json	same_uuid	"{""__type__"":""cc.Texture2D"",""content"":""0,9729,9729,33071,33071,0,0,1""}"
assets/res/raw-assets/3d/3d2bee9e-056b-4382-931f-c1c1591aea99.manifest	assets/res/import/3d/3d2bee9e-056b-4382-931f-c1c1591aea99.json	same_uuid	"{""__type__"":""cc.Asset"",""_name"":""project"",""_native"":"".manifest""}"
assets/res/raw-assets/e5/e5f64353-1b5d-4f26-8170-1b9303dae020.manifest	assets/res/import/e5/e5f64353-1b5d-4f26-8170-1b9303dae020.json	same_uuid	"{""__type__"":""cc.Asset"",""_name"":""project"",""_native"":"".manifest""}"
assets/res/raw-assets/7b/7bed5dd0-5eb7-4f0b-8d21-1f6ddd79b767.png	assets/res/import/7b/7bed5dd0-5eb7-4f0b-8d21-1f6ddd79b767.json	same_uuid	"{""__type__"":""cc.Texture2D"",""content"":""0,9729,9729,33071,33071,0,0,1""}"
assets/res/raw-assets/e0/e0003ff9-7af0-4219-ab74-8e683823e79a.manifest	assets/res/import/e0/e0003ff9-7af0-4219-ab74-8e683823e79a.json	same_uuid	"{""__type__"":""cc.Asset"",""_name"":""project"",""_native"":"".manifest""}"
assets/res/raw-assets/8f/8f1adfac-a41e-4b1b-989f-402610f23d5b.manifest	assets/res/import/8f/8f1adfac-a41e-4b1b-989f-402610f23d5b.json	same_uuid	"{""__type__"":""cc.Asset"",""_name"":""project"",""_native"":"".manifest""}"
assets/res/raw-assets/bb/bb94b1f2-81fa-41af-9a12-e282341c252a.manifest	assets/res/import/bb/bb94b1f2-81fa-41af-9a12-e282341c252a.json	same_uuid	"{""__type__"":""cc.Asset"",""_name"":""project"",""_native"":"".manifest""}"
assets/res/raw-assets/f3/f34c8622-598a-437d-baf1-0099bbc368aa.manifest	assets/res/import/f3/f34c8622-598a-437d-baf1-0099bbc368aa.json	same_uuid	"{""__type__"":""cc.Asset"",""_name"":""project"",""_native"":"".manifest""}"
assets/res/raw-assets/92/9299f60d-2cd9-4a9d-8291-d6d18e005c73.png	assets/res/import/92/9299f60d-2cd9-4a9d-8291-d6d18e005c73.json	same_uuid	"{""__type__"":""cc.Texture2D"",""content"":""0,9729,9729,33071,33071,0,0,1""}"
assets/res/raw-assets/bd/bd016f27-7ffa-4f56-b1ac-942626760b26.manifest	assets/res/import/bd/bd016f27-7ffa-4f56-b1ac-942626760b26.json	same_uuid	"{""__type__"":""cc.Asset"",""_name"":""project"",""_native"":"".manifest""}"
assets/res/raw-assets/fe/fe892b77-a7c2-4121-bb45-d4ffaf740fbd.manifest	assets/res/import/fe/fe892b77-a7c2-4121-bb45-d4ffaf740fbd.json	same_uuid	"{""__type__"":""cc.Asset"",""_name"":""project"",""_native"":"".manifest""}"
assets/res/raw-assets/d0/d0cf8c7f-33f7-4e9e-a42c-63901f8c44ea.png	assets/res/import/d0/d0cf8c7f-33f7-4e9e-a42c-63901f8c44ea.json	same_uuid	"{""__type__"":""cc.Texture2D"",""content"":""0,9729,9729,33071,33071,0,0,1""}"
assets/res/raw-assets/18/18f892239.png	assets/res/import/18/18f892239.json	same_uuid	"{""__type__"":""cc.Texture2D"",""content"":""0,9729,9729,33071,33071,0,0,0""}"
assets/res/raw-assets/13/131fb5c3-1396-474e-a9b7-daf1692359a3.png	assets/res/import/13/131fb5c3-1396-474e-a9b7-daf1692359a3.json	same_uuid	"{""__type__"":""cc.Texture2D"",""content"":""0,9729,9729,33071,33071,0,0,1""}"
assets/res/raw-assets/26/267fb4f9-02bc-41b2-9767-aafbc8de1d9a.png	assets/res/import/26/267fb4f9-02bc-41b2-9767-aafbc8de1d9a.json	same_uuid	"{""__type__"":""cc.Texture2D"",""content"":""0,9729,9729,33071,33071,0,0,1""}"
assets/res/raw-assets/c1/c17c1d5c-c23d-4ae9-9741-8699b4596f49.manifest	assets/res/import/c1/c17c1d5c-c23d-4ae9-9741-8699b4596f49.json	same_uuid	"{""__type__"":""cc.Asset"",""_name"":""project"",""_native"":"".manifest""}"
assets/res/raw-assets/43/43cacac5-9751-4f81-adf6-ab7de18a4751.png	assets/res/import/43/43cacac5-9751-4f81-adf6-ab7de18a4751.json	same_uuid	"{""__type__"":""cc.Texture2D"",""content"":""0,9729,9729,33071,33071,0,0,1""}"
assets/res/raw-assets/51/511ae428-52cd-4111-b42e-c35196835c1e.manifest	assets/res/import/51/511ae428-52cd-4111-b42e-c35196835c1e.json	same_uuid	"{""__type__"":""cc.Asset"",""_name"":""project"",""_native"":"".manifest""}"
assets/res/raw-assets/1a/1ad1a0c0f.png	assets/res/import/1a/1ad1a0c0f.json	same_uuid	"{""__type__"":""cc.Texture2D"",""content"":""0,9729,9729,33071,33071,0,0,0""}"
assets/res/raw-assets/c8/c8ff4fd9-16b9-4161-916c-3e71bb26add3.png	assets/res/import/c8/c8ff4fd9-16b9-4161-916c-3e71bb26add3.json	same_uuid	"{""__type__"":""cc.Texture2D"",""content"":""0,9729,9729,33071,33071,0,0,1""}"
assets/res/raw-assets/3d/3d167ddd-08d4-4f72-999d-6d56ff809c6c.mp3	assets/res/import/3d/3d167ddd-08d4-4f72-999d-6d56ff809c6c.json	same_uuid	"{""__type__"":""cc.AudioClip"",""_name"":""bet25"",""_native"":"".mp3""}"
assets/res/raw-assets/c4/c41c531c-bdd7-4f9d-9140-20e0ade2459c.manifest	assets/res/import/c4/c41c531c-bdd7-4f9d-9140-20e0ade2459c.json	same_uuid	"{""__type__"":""cc.Asset"",""_name"":""project"",""_native"":"".manifest""}"
assets/res/raw-assets/1c/1cf0e127-6fd0-414c-8c39-96464b94fdc1.png	assets/res/import/1c/1cf0e127-6fd0-414c-8c39-96464b94fdc1.json	same_uuid	"{""__type__"":""cc.Texture2D"",""content"":""0,9729,9729,33071,33071,0,0,1""}"
assets/res/raw-assets/03/03e97b5e-6642-4e78-9826-8796c2abe447.manifest	assets/res/import/03/03e97b5e-6642-4e78-9826-8796c2abe447.json	same_uuid	"{""__type__"":""cc.Asset"",""_name"":""project"",""_native"":"".manifest""}"
assets/res/raw-assets/d3/d3b204f6-bf8d-47a2-9ee7-69d2082cf8bf.mp3	assets/res/import/d3/d3b204f6-bf8d-47a2-9ee7-69d2082cf8bf.json	same_uuid	"{""__type__"":""cc.AudioClip"",""_name"":""bet3"",""_native"":"".mp3""}"
assets/res/raw-assets/c9/c93d9724-5c77-4c63-9ffe-9f52ae9ff490.png	assets/res/import/c9/c93d9724-5c77-4c63-9ffe-9f52ae9ff490.json	same_uuid	"{""__type__"":""cc.Texture2D"",""content"":""0,9729,9729,33071,33071,0,0,1""}"
assets/res/raw-assets/9f/9f19a6c5-bb9d-4c9d-95da-4952ceb6b2ff.png	assets/res/import/9f/9f19a6c5-bb9d-4c9d-95da-4952ceb6b2ff.json	same_uuid	"{""__type__"":""cc.Texture2D"",""content"":""0,9729,9729,33071,33071,0,0,1""}"
assets/res/raw-assets/2d/2dee90a9-0ec5-4524-9643-530b2cf252d9.manifest	assets/res/import/2d/2dee90a9-0ec5-4524-9643-530b2cf252d9.json	same_uuid	"{""__type__"":""cc.Asset"",""_name"":""project"",""_native"":"".manifest""}"
assets/res/raw-assets/8a/8ac81666-33af-40c0-a4c3-99a0c2eccc74.manifest	assets/res/import/8a/8ac81666-33af-40c0-a4c3-99a0c2eccc74.json	same_uuid	"{""__type__"":""cc.Asset"",""_name"":""project"",""_native"":"".manifest""}"
assets/res/raw-assets/fa/fae81c59-2e3c-4e8b-8d28-fb592f93aba0.png	assets/res/import/fa/fae81c59-2e3c-4e8b-8d28-fb592f93aba0.json	same_uuid	"{""__type__"":""cc.Texture2D"",""content"":""0,9729,9729,33071,33071,0,0,1""}"
assets/res/raw-assets/34/34bc17fe-9842-4c45-a671-8ea7dba2e6f2.manifest	assets/res/import/34/34bc17fe-9842-4c45-a671-8ea7dba2e6f2.json	same_uuid	"{""__type__"":""cc.Asset"",""_name"":""project"",""_native"":"".manifest""}"
assets/res/raw-assets/a3/a3a04cf1-e82b-47a3-aa4e-0192686d416d.manifest	assets/res/import/a3/a3a04cf1-e82b-47a3-aa4e-0192686d416d.json	same_uuid	"{""__type__"":""cc.Asset"",""_name"":""project"",""_native"":"".manifest""}"
assets/res/raw-assets/b2/b2c1d479-718d-4c04-b79b-0bf783aefe3b.png	assets/res/import/b2/b2c1d479-718d-4c04-b79b-0bf783aefe3b.json	same_uuid	"{""__type__"":""cc.Texture2D"",""content"":""0,9729,9729,33071,33071,0,0,1""}"
assets/res/raw-assets/7d/7dfcc304-ee31-4a99-8e68-43d14e96c700.png	assets/res/import/7d/7dfcc304-ee31-4a99-8e68-43d14e96c700.json	same_uuid	"{""__type__"":""cc.Texture2D"",""content"":""0,9729,9729,33071,33071,0,0,1""}"
assets/res/raw-assets/92/928049f6-b144-4038-a96a-e6c2d3549f76.mp3	assets/res/import/92/928049f6-b144-4038-a96a-e6c2d3549f76.json	same_uuid	"{""__type__"":""cc.AudioClip"",""_name"":""win1end"",""_native"":"".mp3""}"
assets/res/raw-assets/fd/fdfd3b2f-b199-40c7-8a81-9fffdcda4127.atlas	assets/res/import/fd/fdfd3b2f-b199-40c7-8a81-9fffdcda4127.json	same_uuid	"{""__type__"":""cc.Asset"",""_name"":""avatarframe_1004"",""_native"":"".atlas""}"
assets/res/raw-assets/a3/a32ca070-9835-453c-a040-d55d49659203.manifest	assets/res/import/a3/a32ca070-9835-453c-a040-d55d49659203.json	same_uuid	"{""__type__"":""cc.Asset"",""_name"":""project"",""_native"":"".manifest""}"
assets/res/raw-assets/fc/fc8921b9-b509-4aa9-8d9d-0e3f2444c60d.manifest	assets/res/import/fc/fc8921b9-b509-4aa9-8d9d-0e3f2444c60d.json	same_uuid	"{""__type__"":""cc.Asset"",""_name"":""project"",""_native"":"".manifest""}"
assets/res/raw-assets/ec/ece1bf8c-2ca1-4612-8222-5c8d0ab419e2.manifest	assets/res/import/ec/ece1bf8c-2ca1-4612-8222-5c8d0ab419e2.json	same_uuid	"{""__type__"":""cc.Asset"",""_name"":""project"",""_native"":"".manifest""}"
assets/res/raw-assets/b9/b9565bb1-10dc-4c89-ad7c-adaf1241900b.manifest	assets/res/import/b9/b9565bb1-10dc-4c89-ad7c-adaf1241900b.json	same_uuid	"{""__type__"":""cc.Asset"",""_name"":""project"",""_native"":"".manifest""}"
assets/res/raw-assets/22/22169d7d-24d7-4620-9e62-8e842f755377.manifest	assets/res/import/22/22169d7d-24d7-4620-9e62-8e842f755377.json	same_uuid	"{""__type__"":""cc.Asset"",""_name"":""project"",""_native"":"".manifest""}"
assets/res/raw-assets/37/374a7609-831a-468c-a7ce-0c00960bb7a0.manifest	assets/res/import/37/374a7609-831a-468c-a7ce-0c00960bb7a0.json	same_uuid	"{""__type__"":""cc.Asset"",""_name"":""project"",""_native"":"".manifest""}"
assets/res/raw-assets/ab/ab4ba300-96f7-4f26-984c-167c0df4f679.png	assets/res/import/ab/ab4ba300-96f7-4f26-984c-167c0df4f679.json	same_uuid	"{""__type__"":""cc.Texture2D"",""content"":""0,9729,9729,33071,33071,0,0,1""}"
assets/res/raw-assets/14/1442cf659.png	assets/res/import/14/1442cf659.json	same_uuid	"{""__type__"":""cc.Texture2D"",""content"":""0,9729,9729,33071,33071,0,0,0""}"
assets/res/raw-assets/71/71ba0df8-f44e-44b6-b859-4d2f78b14fee.png	assets/res/import/71/71ba0df8-f44e-44b6-b859-4d2f78b14fee.json	same_uuid	"{""__type__"":""cc.Texture2D"",""content"":""0,9729,9729,33071,33071,0,0,1""}"
assets/res/raw-assets/f4/f4f74228-c4df-4f97-b547-55618b1d0719.manifest	assets/res/import/f4/f4f74228-c4df-4f97-b547-55618b1d0719.json	same_uuid	"{""__type__"":""cc.Asset"",""_name"":""project"",""_native"":"".manifest""}"
assets/res/raw-assets/11/11a0f766-4443-4ebe-85b9-0fdfef55157a.mp3	assets/res/import/11/11a0f766-4443-4ebe-85b9-0fdfef55157a.json	same_uuid	"{""__type__"":""cc.AudioClip"",""_name"":""info_page_close"",""_native"":"".mp3""}"
assets/res/raw-assets/39/3977473b-9253-4603-a42d-a3200472eb3c.png	assets/res/import/39/3977473b-9253-4603-a42d-a3200472eb3c.json	same_uuid	"{""__type__"":""cc.Texture2D"",""content"":""0,9729,9729,33071,33071,0,0,1""}"
assets/res/raw-assets/6f/6f96ad26-4c8a-4835-be8e-83ea7a930130.png	assets/res/import/6f/6f96ad26-4c8a-4835-be8e-83ea7a930130.json	same_uuid	"{""__type__"":""cc.Texture2D"",""content"":""0,9729,9729,33071,33071,0,0,1""}"
assets/res/raw-assets/d0/d027c5a9-3567-4bf3-86c1-d8ca69b0f4a1.mp3	assets/res/import/d0/d027c5a9-3567-4bf3-86c1-d8ca69b0f4a1.json	same_uuid	"{""__type__"":""cc.AudioClip"",""_name"":""nice_win"",""_native"":"".mp3""}"
assets/res/raw-assets/39/394eb57f-90dd-4adc-9831-fb773e88d040.png	assets/res/import/39/394eb57f-90dd-4adc-9831-fb773e88d040.json	same_uuid	"{""__type__"":""cc.Texture2D"",""content"":""0,9729,9729,33071,33071,0,0,1""}"
assets/res/raw-assets/96/96b24541-d844-41dc-8e72-45a69adcbf06.manifest	assets/res/import/96/96b24541-d844-41dc-8e72-45a69adcbf06.json	same_uuid	"{""__type__"":""cc.Asset"",""_name"":""project"",""_native"":"".manifest""}"
assets/res/raw-assets/83/83410d64-b184-433b-92a4-da1804c7cb80.png	assets/res/import/83/83410d64-b184-433b-92a4-da1804c7cb80.json	same_uuid	"{""__type__"":""cc.Texture2D"",""content"":""0,9729,9729,33071,33071,0,0,1""}"
assets/res/raw-assets/49/4979facc-983c-417e-8e90-e52f42424c6d.png	assets/res/import/49/4979facc-983c-417e-8e90-e52f42424c6d.json	same_uuid	"{""__type__"":""cc.Texture2D"",""content"":""0,9729,9729,33071,33071,0,0,1""}"
assets/res/raw-assets/a3/a325970c-736a-493c-8c85-9564bcdbab02.png	assets/res/import/a3/a325970c-736a-493c-8c85-9564bcdbab02.json	same_uuid	"{""__type__"":""cc.Texture2D"",""content"":""0,9729,9729,33071,33071,0,0,1""}"
assets/res/raw-assets/71/7182c53e-6100-4a01-9e8b-24d1c3450d6f.manifest	assets/res/import/71/7182c53e-6100-4a01-9e8b-24d1c3450d6f.json	same_uuid	"{""__type__"":""cc.Asset"",""_name"":""project"",""_native"":"".manifest""}"
assets/res/raw-assets/03/03ce8315-f339-4686-973b-4901079be67d.png	assets/res/import/03/03ce8315-f339-4686-973b-4901079be67d.json	same_uuid	"{""__type__"":""cc.Texture2D"",""content"":""0,9729,9729,33071,33071,0,0,1""}"
assets/res/raw-assets/62/626eb18e-c6a5-48ac-a682-e629bc6537bb.png	assets/res/import/62/626eb18e-c6a5-48ac-a682-e629bc6537bb.json	same_uuid	"{""__type__"":""cc.Texture2D"",""content"":""0,9729,9729,33071,33071,0,0,1""}"
assets/res/raw-assets/fc/fce6d79e-7806-4a18-92f3-a576fbbc5da2.manifest	assets/res/import/fc/fce6d79e-7806-4a18-92f3-a576fbbc5da2.json	same_uuid	"{""__type__"":""cc.Asset"",""_name"":""project"",""_native"":"".manifest""}"
assets/res/raw-assets/b5/b5bfaf9b-1faa-466c-953f-a5fc9d3c23e4.png	assets/res/import/b5/b5bfaf9b-1faa-466c-953f-a5fc9d3c23e4.json	same_uuid	"{""__type__"":""cc.Texture2D"",""content"":""0,9729,9729,33071,33071,0,0,1""}"
assets/res/raw-assets/dc/dccb9783-9e9d-465a-94c9-203da94b1a25.mp3	assets/res/import/dc/dccb9783-9e9d-465a-94c9-203da94b1a25.json	same_uuid	"{""__type__"":""cc.AudioClip"",""_name"":""bet11"",""_native"":"".mp3""}"
assets/res/raw-assets/d2/d2ddaf46-0eb2-4225-99db-675190840717.manifest	assets/res/import/d2/d2ddaf46-0eb2-4225-99db-675190840717.json	same_uuid	"{""__type__"":""cc.Asset"",""_name"":""project"",""_native"":"".manifest""}"
assets/res/raw-assets/d8/d81ec8ad-247c-4e62-aa3c-d35c4193c7af.png	assets/res/import/d8/d81ec8ad-247c-4e62-aa3c-d35c4193c7af.json	same_uuid	"{""__type__"":""cc.Texture2D"",""content"":""0,9729,9729,33071,33071,0,0,1""}"
assets/res/raw-assets/d8/d8401f6f-0024-4248-86dc-d6f0afd4ba4e.png	assets/res/import/d8/d8401f6f-0024-4248-86dc-d6f0afd4ba4e.json	same_uuid	"{""__type__"":""cc.Texture2D"",""content"":""0,9729,9729,33071,33071,0,0,1""}"
assets/res/raw-assets/02/0291c134-b3da-4098-b7b5-e397edbe947f.png	assets/res/import/02/0291c134-b3da-4098-b7b5-e397edbe947f.json	same_uuid	"{""__type__"":""cc.Texture2D"",""content"":""0,9729,9729,33071,33071,0,0,1""}"
assets/res/raw-assets/46/468352f5-0049-4e59-a80e-52492838485e.png	assets/res/import/46/468352f5-0049-4e59-a80e-52492838485e.json	same_uuid	"{""__type__"":""cc.Texture2D"",""content"":""0,9729,9729,33071,33071,0,0,1""}"
assets/res/raw-assets/e5/e5a1b11e-2b88-4c09-a77c-cf2e4276cfc0.manifest	assets/res/import/e5/e5a1b11e-2b88-4c09-a77c-cf2e4276cfc0.json	same_uuid	"{""__type__"":""cc.Asset"",""_name"":""project"",""_native"":"".manifest""}"
assets/res/raw-assets/9a/9a8eb2c2-1d99-460a-bc93-b12c70a9baf6.manifest	assets/res/import/9a/9a8eb2c2-1d99-460a-bc93-b12c70a9baf6.json	same_uuid	"{""__type__"":""cc.Asset"",""_name"":""project"",""_native"":"".manifest""}"
assets/res/raw-assets/0e/0eb04900-b041-4f35-9ce4-5c0c92017cbc.png	assets/res/import/0e/0eb04900-b041-4f35-9ce4-5c0c92017cbc.json	same_uuid	"{""__type__"":""cc.Texture2D"",""content"":""0,9729,9729,33071,33071,0,0,1""}"
assets/res/raw-assets/44/44b90a42-715a-4bb0-9833-edfae698fde1.manifest	assets/res/import/44/44b90a42-715a-4bb0-9833-edfae698fde1.json	same_uuid	"{""__type__"":""cc.Asset"",""_name"":""project"",""_native"":"".manifest""}"
assets/res/raw-assets/2a/2a939bfe-d905-4443-a3ef-166aabd8da4d.png	assets/res/import/2a/2a939bfe-d905-4443-a3ef-166aabd8da4d.json	same_uuid	"{""__type__"":""cc.Texture2D"",""content"":""0,9729,9729,33071,33071,0,0,1""}"
assets/res/raw-assets/b9/b951a1ed-f34d-403a-91f0-7b166da12a68.manifest	assets/res/import/b9/b951a1ed-f34d-403a-91f0-7b166da12a68.json	same_uuid	"{""__type__"":""cc.Asset"",""_name"":""project"",""_native"":"".manifest""}"
assets/res/raw-assets/09/090cb904-84bf-4b58-a945-e2015964307e.manifest	assets/res/import/09/090cb904-84bf-4b58-a945-e2015964307e.json	same_uuid	"{""__type__"":""cc.Asset"",""_name"":""project"",""_native"":"".manifest""}"
assets/res/raw-assets/8a/8a96b965-2dc0-4e03-aa90-3b79cb93b5b4.png	assets/res/import/8a/8a96b965-2dc0-4e03-aa90-3b79cb93b5b4.json	same_uuid	"{""__type__"":""cc.Texture2D"",""content"":""0,9729,9729,33071,33071,0,0,1""}"
assets/res/raw-assets/fa/fa5c662b-c0db-4175-bdd3-bb5f4bb98014.png	assets/res/import/fa/fa5c662b-c0db-4175-bdd3-bb5f4bb98014.json	same_uuid	"{""__type__"":""cc.Texture2D"",""content"":""0,9729,9729,33071,33071,0,0,1""}"
assets/res/raw-assets/27/2751922d-df63-4a04-884a-93a84b7ae882.png	assets/res/import/27/2751922d-df63-4a04-884a-93a84b7ae882.json	same_uuid	"{""__type__"":""cc.Texture2D"",""content"":""0,9729,9729,33071,33071,0,0,1""}"
assets/res/raw-assets/e2/e244a94b-527d-4a00-aa45-ddf38e050603.png	assets/res/import/e2/e244a94b-527d-4a00-aa45-ddf38e050603.json	same_uuid	"{""__type__"":""cc.Texture2D"",""content"":""0,9729,9729,33071,33071,0,0,1""}"
assets/res/raw-assets/32/325b4ae4-f758-4303-9598-4cb43f4c59e8.manifest	assets/res/import/32/325b4ae4-f758-4303-9598-4cb43f4c59e8.json	same_uuid	"{""__type__"":""cc.Asset"",""_name"":""project"",""_native"":"".manifest""}"
assets/res/raw-assets/09/09ae25cf-d258-41cf-b79a-4aced891c40c.manifest	assets/res/import/09/09ae25cf-d258-41cf-b79a-4aced891c40c.json	same_uuid	"{""__type__"":""cc.Asset"",""_name"":""project"",""_native"":"".manifest""}"
assets/res/raw-assets/c9/c9cdf861-2a96-43d0-9608-547895121a5a.png	assets/res/import/c9/c9cdf861-2a96-43d0-9608-547895121a5a.json	same_uuid	"{""__type__"":""cc.Texture2D"",""content"":""0,9729,9729,33071,33071,0,0,1""}"
assets/res/raw-assets/4a/4a92f282-7c7c-4d96-a561-55330ad46554.png	assets/res/import/4a/4a92f282-7c7c-4d96-a561-55330ad46554.json	same_uuid	"{""__type__"":""cc.Texture2D"",""content"":""0,9729,9729,33071,33071,0,0,1""}"
assets/res/raw-assets/1f/1f6d64e2-aaf5-4327-bbc8-4179f1b6457e.manifest	assets/res/import/1f/1f6d64e2-aaf5-4327-bbc8-4179f1b6457e.json	same_uuid	"{""__type__"":""cc.Asset"",""_name"":""project"",""_native"":"".manifest""}"
assets/res/raw-assets/0d/0d96e890-c139-4041-a0b7-f72242c1d918.plist	assets/res/import/0d/0d96e890-c139-4041-a0b7-f72242c1d918.json	same_uuid	"{""__type__"":""cc.ParticleAsset"",""_name"":""BUCKYLINK_lzii01_1"",""_native"":"".plist""}"
assets/res/raw-assets/af/af2eee1e-5811-4642-a18a-41ccb504a44c.png	assets/res/import/af/af2eee1e-5811-4642-a18a-41ccb504a44c.json	same_uuid	"{""__type__"":""cc.Texture2D"",""content"":""0,9729,9729,33071,33071,0,0,1""}"
assets/res/raw-assets/1a/1a9bb0b01.png	assets/res/import/1a/1a9bb0b01.json	same_uuid	"{""__type__"":""cc.Texture2D"",""content"":""0,9729,9729,33071,33071,0,0,0""}"
assets/res/raw-assets/04/04bd0ae4-36c6-4251-9992-3284d8afdf6e.manifest	assets/res/import/04/04bd0ae4-36c6-4251-9992-3284d8afdf6e.json	same_uuid	"{""__type__"":""cc.Asset"",""_name"":""project"",""_native"":"".manifest""}"
assets/res/raw-assets/6f/6f8b923f-7826-4d34-b84e-e59cd6ffdc1c.png	assets/res/import/6f/6f8b923f-7826-4d34-b84e-e59cd6ffdc1c.json	same_uuid	"{""__type__"":""cc.Texture2D"",""content"":""0,9729,9729,33071,33071,0,0,1""}"
assets/res/raw-assets/57/57563cda-780a-4acf-aa83-1f4fd9c30a96.png	assets/res/import/57/57563cda-780a-4acf-aa83-1f4fd9c30a96.json	same_uuid	"{""__type__"":""cc.Texture2D"",""content"":""0,9729,9729,33071,33071,0,0,1""}"
assets/res/raw-assets/08/085c920c-b6b6-4e84-a233-e09d0530073e.png	assets/res/import/08/085c920c-b6b6-4e84-a233-e09d0530073e.json	same_uuid	"{""__type__"":""cc.Texture2D"",""content"":""0,9729,9729,33071,33071,0,0,1""}"
assets/res/raw-assets/0d/0dd4243f-55d3-4911-81de-1881fd490dad.png	assets/res/import/0d/0dd4243f-55d3-4911-81de-1881fd490dad.json	same_uuid	"{""__type__"":""cc.Texture2D"",""content"":""0,9729,9729,33071,33071,0,0,1""}"
assets/res/raw-assets/b6/b6a08375-3d12-4e76-9046-64468705291f.png	assets/res/import/b6/b6a08375-3d12-4e76-9046-64468705291f.json	same_uuid	"{""__type__"":""cc.Texture2D"",""content"":""0,9729,9729,33071,33071,0,0,1""}"
assets/res/raw-assets/14/14756889-0a15-4f12-9408-be3d3ae09d7c.manifest	assets/res/import/14/14756889-0a15-4f12-9408-be3d3ae09d7c.json	same_uuid	"{""__type__"":""cc.Asset"",""_name"":""project"",""_native"":"".manifest""}"
assets/res/raw-assets/2d/2d0ef9d2-19b8-4c62-a4a2-2bbbd15dc2c4.mp3	assets/res/import/2d/2d0ef9d2-19b8-4c62-a4a2-2bbbd15dc2c4.json	same_uuid	"{""__type__"":""cc.AudioClip"",""_name"":""slot_win"",""_native"":"".mp3""}"
assets/res/raw-assets/be/be70571a-8bba-449f-8fdc-60b30cfced5e.manifest	assets/res/import/be/be70571a-8bba-449f-8fdc-60b30cfced5e.json	same_uuid	"{""__type__"":""cc.Asset"",""_name"":""project"",""_native"":"".manifest""}"
assets/res/raw-assets/7b/7be8e857-ef0b-471f-a9bc-1ccf670efef0.mp3	assets/res/import/7b/7be8e857-ef0b-471f-a9bc-1ccf670efef0.json	same_uuid	"{""__type__"":""cc.AudioClip"",""_name"":""game_loading"",""_native"":"".mp3""}"
assets/res/raw-assets/a9/a93f3fe8-86ff-4cbe-8261-955d49cd78b2.png	assets/res/import/a9/a93f3fe8-86ff-4cbe-8261-955d49cd78b2.json	same_uuid	"{""__type__"":""cc.Texture2D"",""content"":""0,9729,9729,33071,33071,0,0,1""}"
assets/res/raw-assets/b4/b43ff3c2-02bb-4874-81f7-f2dea6970f18.png	assets/res/import/b4/b43ff3c2-02bb-4874-81f7-f2dea6970f18.json	same_uuid	"{""__type__"":""cc.Texture2D"",""content"":""0,9729,9729,33071,33071,0,0,1""}"
assets/res/raw-assets/12/12cc4cd8-4ded-4344-bd27-3388b2c1e586.png	assets/res/import/12/12cc4cd8-4ded-4344-bd27-3388b2c1e586.json	same_uuid	"{""__type__"":""cc.Texture2D"",""content"":""0,9729,9729,33071,33071,0,0,1""}"
assets/res/raw-assets/29/297a79ee-c658-4437-aec6-2e7f7e4da7cf.manifest	assets/res/import/29/297a79ee-c658-4437-aec6-2e7f7e4da7cf.json	same_uuid	"{""__type__"":""cc.Asset"",""_name"":""project"",""_native"":"".manifest""}"
assets/res/raw-assets/0c/0cb93d42-116b-4204-afaf-9b5e136ef7a1.manifest	assets/res/import/0c/0cb93d42-116b-4204-afaf-9b5e136ef7a1.json	same_uuid	"{""__type__"":""cc.Asset"",""_name"":""project"",""_native"":"".manifest""}"
assets/res/raw-assets/fe/fea05297-0671-4956-ae09-ed5ac2be6a36.mp3	assets/res/import/fe/fea05297-0671-4956-ae09-ed5ac2be6a36.json	same_uuid	"{""__type__"":""cc.AudioClip"",""_name"":""bet20"",""_native"":"".mp3""}"
assets/res/raw-assets/2e/2ef76439-d492-43a0-b430-c245cae9efaf.mp3	assets/res/import/2e/2ef76439-d492-43a0-b430-c245cae9efaf.json	same_uuid	"{""__type__"":""cc.AudioClip"",""_name"":""bet21"",""_native"":"".mp3""}"
assets/res/raw-assets/e0/e0240628-5885-4952-a3e0-9142c667ad82.manifest	assets/res/import/e0/e0240628-5885-4952-a3e0-9142c667ad82.json	same_uuid	"{""__type__"":""cc.Asset"",""_name"":""project"",""_native"":"".manifest""}"
assets/res/raw-assets/07/07393340-465c-4cc7-a3c0-992a770a0254.png	assets/res/import/07/07393340-465c-4cc7-a3c0-992a770a0254.json	same_uuid	"{""__type__"":""cc.Texture2D"",""content"":""0,9729,9729,33071,33071,0,0,1""}"
assets/res/raw-assets/3c/3c437837-ff11-4ade-ba1f-f4f11cdac7d5.manifest	assets/res/import/3c/3c437837-ff11-4ade-ba1f-f4f11cdac7d5.json	same_uuid	"{""__type__"":""cc.Asset"",""_name"":""project"",""_native"":"".manifest""}"
assets/res/raw-assets/07/0711cd30-ea49-4d56-9d08-1da548d84428.manifest	assets/res/import/07/0711cd30-ea49-4d56-9d08-1da548d84428.json	same_uuid	"{""__type__"":""cc.Asset"",""_name"":""project"",""_native"":"".manifest""}"
assets/res/raw-assets/18/189414e7-3003-4422-9907-d32f0919b8b9.png	assets/res/import/18/189414e7-3003-4422-9907-d32f0919b8b9.json	same_uuid	"{""__type__"":""cc.Texture2D"",""content"":""0,9729,9729,33071,33071,0,0,1""}"
assets/res/raw-assets/e2/e231f34b-3496-4e2e-baa6-34b8b027c51c.manifest	assets/res/import/e2/e231f34b-3496-4e2e-baa6-34b8b027c51c.json	same_uuid	"{""__type__"":""cc.Asset"",""_name"":""project"",""_native"":"".manifest""}"
assets/res/raw-assets/a1/a1ef2fc9-9c57-418a-8f69-6bed9a7a0e7f.bin	assets/res/import/a1/a1ef2fc9-9c57-418a-8f69-6bed9a7a0e7f.json	same_uuid	"{""__type__"":""cc.Mesh"",""_native"":"".bin"",""_vertexBundles"":[{""__type__"":""cc.mesh.VertexBundle"",""data"":{""__type__"":""cc.BufferRange"",""length"":3872},""formats"":[{""__type__"":""cc.mesh.VertexFormat"",""name"":""a_normal"",""type"":5126,""num"":3},{""__type__"":""cc.mesh.VertexFormat"",""name"":""a_position"",""type"":5126,""num"":3},{""__type__"":""cc.mesh.VertexFormat"",""name"":""a_uv0"",""type"":5126,""num"":2}],""verticesCount"":121}],""_primitives"":[{""__type__"":""cc.mesh.Primitive"",""vertexBundleIndices"":[0],""data"":{""__type__"":""cc.BufferRange"",""offset"":3872,""length"":1200}}],""_minPos"":{""__type__"":""cc.Vec3"",""x"":-5,""z"":-5},""_maxPos"":{""__type__"":""cc.Vec3"",""x"":5,""z"":5}}"
assets/res/raw-assets/c4/c4398e52-c728-4b70-8c4f-f7ee9ff97996.png	assets/res/import/c4/c4398e52-c728-4b70-8c4f-f7ee9ff97996.json	same_uuid	"{""__type__"":""cc.Texture2D"",""content"":""0,9729,9729,33071,33071,0,0,1""}"
assets/res/raw-assets/0b/0b58adf3-ea34-42f0-85b0-ceaf21e1f743.manifest	assets/res/import/0b/0b58adf3-ea34-42f0-85b0-ceaf21e1f743.json	same_uuid	"{""__type__"":""cc.Asset"",""_name"":""project"",""_native"":"".manifest""}"
assets/res/raw-assets/cb/cb17241a-31bc-4487-b919-c8591d0d907a.manifest	assets/res/import/cb/cb17241a-31bc-4487-b919-c8591d0d907a.json	same_uuid	"{""__type__"":""cc.Asset"",""_name"":""project"",""_native"":"".manifest""}"
assets/res/raw-assets/a9/a90fb572-44b0-4bf9-b82a-783a6404451f.manifest	assets/res/import/a9/a90fb572-44b0-4bf9-b82a-783a6404451f.json	same_uuid	"{""__type__"":""cc.Asset"",""_name"":""project"",""_native"":"".manifest""}"
assets/res/raw-assets/c2/c234305b-d9aa-46c7-b942-edd2b6c9ba59.manifest	assets/res/import/c2/c234305b-d9aa-46c7-b942-edd2b6c9ba59.json	same_uuid	"{""__type__"":""cc.Asset"",""_name"":""project"",""_native"":"".manifest""}"
assets/res/raw-assets/24/24783305-0d5e-43d6-a3ca-58e4dced91ca.manifest	assets/res/import/24/24783305-0d5e-43d6-a3ca-58e4dced91ca.json	same_uuid	"{""__type__"":""cc.Asset"",""_name"":""project"",""_native"":"".manifest""}"
assets/res/raw-assets/ee/eed12067-e073-4d0c-8309-de56cb9af58b.manifest	assets/res/import/ee/eed12067-e073-4d0c-8309-de56cb9af58b.json	same_uuid	"{""__type__"":""cc.Asset"",""_name"":""project"",""_native"":"".manifest""}"
assets/res/raw-assets/c6/c632c579-5e6b-481d-8a25-d66b555fb6c4.png	assets/res/import/c6/c632c579-5e6b-481d-8a25-d66b555fb6c4.json	same_uuid	"{""__type__"":""cc.Texture2D"",""content"":""0,9729,9729,33071,33071,0,0,1""}"
assets/res/raw-assets/d6/d6d3ca85-4681-47c1-b5dd-d036a9d39ea2.png	assets/res/import/d6/d6d3ca85-4681-47c1-b5dd-d036a9d39ea2.json	same_uuid	"{""__type__"":""cc.Texture2D"",""content"":""0,9729,9729,33071,33071,0,0,1""}"
assets/res/raw-assets/8f/8ffdc729-6c03-479a-a1bf-baeb7d618bcf.manifest	assets/res/import/8f/8ffdc729-6c03-479a-a1bf-baeb7d618bcf.json	same_uuid	"{""__type__"":""cc.Asset"",""_name"":""version"",""_native"":"".manifest""}"
assets/res/raw-assets/ad/ada4fdb8-689e-4a03-af5c-67e0b1da944e.manifest	assets/res/import/ad/ada4fdb8-689e-4a03-af5c-67e0b1da944e.json	same_uuid	"{""__type__"":""cc.Asset"",""_name"":""project"",""_native"":"".manifest""}"
assets/res/raw-assets/21/21e86993-22df-4cfc-898a-b9facd69bcdf.png	assets/res/import/21/21e86993-22df-4cfc-898a-b9facd69bcdf.json	same_uuid	"{""__type__"":""cc.Texture2D"",""content"":""0,9729,9729,33071,33071,0,0,1""}"
assets/res/raw-assets/53/53eb90e8-f500-4731-8f9c-088ee022db9e.png	assets/res/import/53/53eb90e8-f500-4731-8f9c-088ee022db9e.json	same_uuid	"{""__type__"":""cc.Texture2D"",""content"":""0,9729,9729,33071,33071,0,0,1""}"
assets/res/raw-assets/18/18a2b13e-6efe-4331-9180-03c912d528a5.manifest	assets/res/import/18/18a2b13e-6efe-4331-9180-03c912d528a5.json	same_uuid	"{""__type__"":""cc.Asset"",""_name"":""project"",""_native"":"".manifest""}"
assets/res/raw-assets/8f/8f7816a8-5b97-4e45-97fa-5de0419c9ed6.manifest	assets/res/import/8f/8f7816a8-5b97-4e45-97fa-5de0419c9ed6.json	same_uuid	"{""__type__"":""cc.Asset"",""_name"":""project"",""_native"":"".manifest""}"
assets/res/raw-assets/4e/4ebf3595-889a-4765-b85b-fdfbd8dc8806.atlas	assets/res/import/4e/4ebf3595-889a-4765-b85b-fdfbd8dc8806.json	same_uuid	"{""__type__"":""cc.Asset"",""_name"":""guang"",""_native"":"".atlas""}"
assets/res/raw-assets/7d/7d7b0e9c-1c97-45a7-a48b-f7475575571d.png	assets/res/import/7d/7d7b0e9c-1c97-45a7-a48b-f7475575571d.json	same_uuid	"{""__type__"":""cc.Texture2D"",""content"":""0,9729,9729,33071,33071,0,0,1""}"
assets/res/raw-assets/91/9140c7d6-d53c-4652-bd77-65acf6fad39b.png	assets/res/import/91/9140c7d6-d53c-4652-bd77-65acf6fad39b.json	same_uuid	"{""__type__"":""cc.Texture2D"",""content"":""0,9729,9729,33071,33071,0,0,1""}"
assets/res/raw-assets/fa/fa8d1714-675b-4606-90c3-210be108f4fb.atlas	assets/res/import/fa/fa8d1714-675b-4606-90c3-210be108f4fb.json	same_uuid	"{""__type__"":""cc.Asset"",""_name"":""avatarframe_2005"",""_native"":"".atlas""}"
assets/res/raw-assets/9f/9f6b9128-6e8b-46f5-929e-1b79101bc844.manifest	assets/res/import/9f/9f6b9128-6e8b-46f5-929e-1b79101bc844.json	same_uuid	"{""__type__"":""cc.Asset"",""_name"":""project"",""_native"":"".manifest""}"
assets/res/raw-assets/96/9604032e-cc98-4e88-ab54-f754990ba749.atlas	assets/res/import/96/9604032e-cc98-4e88-ab54-f754990ba749.json	same_uuid	"{""__type__"":""cc.Asset"",""_name"":""avatarframe_v_6"",""_native"":"".atlas""}"
assets/res/raw-assets/e7/e7829c92-f5a5-409a-af90-b7b3fb4fb886.png	assets/res/import/e7/e7829c92-f5a5-409a-af90-b7b3fb4fb886.json	same_uuid	"{""__type__"":""cc.Texture2D"",""content"":""0,9729,9729,33071,33071,0,0,1""}"
assets/res/raw-assets/10/108acf59-53c2-4995-b0a6-63994f4b50b6.png	assets/res/import/10/108acf59-53c2-4995-b0a6-63994f4b50b6.json	same_uuid	"{""__type__"":""cc.Texture2D"",""content"":""0,9729,9729,33071,33071,0,0,1""}"
assets/res/raw-assets/df/dfda441b-35d8-4799-8f65-74da8de1b091.manifest	assets/res/import/df/dfda441b-35d8-4799-8f65-74da8de1b091.json	same_uuid	"{""__type__"":""cc.Asset"",""_name"":""project"",""_native"":"".manifest""}"
assets/res/raw-assets/18/18e06777-e500-425c-bd73-efbf4644209d.manifest	assets/res/import/18/18e06777-e500-425c-bd73-efbf4644209d.json	same_uuid	"{""__type__"":""cc.Asset"",""_name"":""project"",""_native"":"".manifest""}"
assets/res/raw-assets/7a/7a35d993-ffc4-4602-a3c1-d7781c4d6e25.plist	assets/res/import/7a/7a35d993-ffc4-4602-a3c1-d7781c4d6e25.json	same_uuid	"{""__type__"":""cc.ParticleAsset"",""_name"":""hall2"",""_native"":"".plist""}"
assets/res/raw-assets/13/1313c6a0-a236-4e16-be02-93c4025bd8fd.png	assets/res/import/13/1313c6a0-a236-4e16-be02-93c4025bd8fd.json	same_uuid	"{""__type__"":""cc.Texture2D"",""content"":""0,9729,9729,33071,33071,0,0,1""}"
assets/res/raw-assets/fd/fd6a332a-8045-42e5-a415-dd843fd1974e.mp3	assets/res/import/fd/fd6a332a-8045-42e5-a415-dd843fd1974e.json	same_uuid	"{""__type__"":""cc.AudioClip"",""_name"":""slot_spin"",""_native"":"".mp3""}"
assets/res/raw-assets/ca/ca168d3a-b322-41c9-a90c-4064fb8f45e9.mp3	assets/res/import/ca/ca168d3a-b322-41c9-a90c-4064fb8f45e9.json	same_uuid	"{""__type__"":""cc.AudioClip"",""_name"":""bet8"",""_native"":"".mp3""}"
assets/res/raw-assets/dd/dd367d69-79a0-4d39-9a24-d7b45db7a4e7.png	assets/res/import/dd/dd367d69-79a0-4d39-9a24-d7b45db7a4e7.json	same_uuid	"{""__type__"":""cc.Texture2D"",""content"":""0,9729,9729,33071,33071,0,0,1""}"
assets/res/raw-assets/93/931501b2-d632-4318-9027-0a61e40cf7f9.png	assets/res/import/93/931501b2-d632-4318-9027-0a61e40cf7f9.json	same_uuid	"{""__type__"":""cc.Texture2D"",""content"":""0,9729,9729,33071,33071,0,0,1""}"
assets/res/raw-assets/16/160668e2a.png	assets/res/import/16/160668e2a.json	same_uuid	"{""__type__"":""cc.Texture2D"",""content"":""0,9729,9729,33071,33071,0,0,0""}"
assets/res/raw-assets/e0/e08fcf90-fc11-4c71-93af-97225bebc2ae.manifest	assets/res/import/e0/e08fcf90-fc11-4c71-93af-97225bebc2ae.json	same_uuid	"{""__type__"":""cc.Asset"",""_name"":""project"",""_native"":"".manifest""}"
assets/res/raw-assets/69/690153fd-aa18-4c40-b277-e0c3dcf39e53.atlas	assets/res/import/69/690153fd-aa18-4c40-b277-e0c3dcf39e53.json	same_uuid	"{""__type__"":""cc.Asset"",""_name"":""Apocslypticwin"",""_native"":"".atlas""}"
assets/res/raw-assets/7e/7e52db12-d208-442a-97b4-05cef7c1a693.png	assets/res/import/7e/7e52db12-d208-442a-97b4-05cef7c1a693.json	same_uuid	"{""__type__"":""cc.Texture2D"",""content"":""0,9729,9729,33071,33071,0,0,1""}"
assets/res/raw-assets/52/5212d6d7-5d01-462a-b7dc-b304e2da0c22.manifest	assets/res/import/52/5212d6d7-5d01-462a-b7dc-b304e2da0c22.json	same_uuid	"{""__type__"":""cc.Asset"",""_name"":""project"",""_native"":"".manifest""}"
assets/res/raw-assets/d0/d0a82d39-bede-46c4-b698-c81ff0dedfff.png	assets/res/import/d0/d0a82d39-bede-46c4-b698-c81ff0dedfff.json	same_uuid	"{""__type__"":""cc.Texture2D"",""content"":""0,9729,9729,33071,33071,0,0,1""}"
assets/res/raw-assets/d0/d0f8ed4c-b274-463a-8322-4f88871cf1cc.manifest	assets/res/import/d0/d0f8ed4c-b274-463a-8322-4f88871cf1cc.json	same_uuid	"{""__type__"":""cc.Asset"",""_name"":""project"",""_native"":"".manifest""}"
assets/res/raw-assets/73/732004f9-7731-4034-9a5d-bc5707600a02.mp3	assets/res/import/73/732004f9-7731-4034-9a5d-bc5707600a02.json	same_uuid	"{""__type__"":""cc.AudioClip"",""_name"":""slot_popup"",""_native"":"".mp3""}"
assets/res/raw-assets/73/73ea0597-cf24-4080-b928-54626e47c75a.png	assets/res/import/73/73ea0597-cf24-4080-b928-54626e47c75a.json	same_uuid	"{""__type__"":""cc.Texture2D"",""content"":""0,9729,9729,33071,33071,0,0,1""}"
assets/res/raw-assets/6f/6feea0b8-905e-463a-b2fc-d03a708d975f.manifest	assets/res/import/6f/6feea0b8-905e-463a-b2fc-d03a708d975f.json	same_uuid	"{""__type__"":""cc.Asset"",""_name"":""project"",""_native"":"".manifest""}"
assets/res/raw-assets/b5/b5cd9cae-dce4-427f-95bb-6cf032b22732.manifest	assets/res/import/b5/b5cd9cae-dce4-427f-95bb-6cf032b22732.json	same_uuid	"{""__type__"":""cc.Asset"",""_name"":""project"",""_native"":"".manifest""}"
assets/res/raw-assets/4e/4e1c516f-4b51-4ff9-b19c-3535ad566ce8.png	assets/res/import/4e/4e1c516f-4b51-4ff9-b19c-3535ad566ce8.json	same_uuid	"{""__type__"":""cc.Texture2D"",""content"":""0,9729,9729,33071,33071,0,0,1""}"
assets/res/raw-assets/0c/0cb038e5-724f-4200-99ce-6e704e7afd63.manifest	assets/res/import/0c/0cb038e5-724f-4200-99ce-6e704e7afd63.json	same_uuid	"{""__type__"":""cc.Asset"",""_name"":""project"",""_native"":"".manifest""}"
assets/res/raw-assets/cc/cc0b5a76-3dd2-4965-a796-baae198b3239.manifest	assets/res/import/cc/cc0b5a76-3dd2-4965-a796-baae198b3239.json	same_uuid	"{""__type__"":""cc.Asset"",""_name"":""project"",""_native"":"".manifest""}"
assets/res/raw-assets/93/931406ea-9df4-406f-a5d3-953ae1234089.manifest	assets/res/import/93/931406ea-9df4-406f-a5d3-953ae1234089.json	same_uuid	"{""__type__"":""cc.Asset"",""_name"":""project"",""_native"":"".manifest""}"
assets/res/raw-assets/85/85cb3283-df0b-4bb7-8215-a25956c33980.manifest	assets/res/import/85/85cb3283-df0b-4bb7-8215-a25956c33980.json	same_uuid	"{""__type__"":""cc.Asset"",""_name"":""project"",""_native"":"".manifest""}"
assets/res/raw-assets/21/21aa541c-b806-4cd1-a3d6-ce9eb6770d38.png	assets/res/import/21/21aa541c-b806-4cd1-a3d6-ce9eb6770d38.json	same_uuid	"{""__type__"":""cc.Texture2D"",""content"":""0,9729,9729,33071,33071,0,0,1""}"
assets/res/raw-assets/21/2127ad33-c925-4adb-9cec-50ce42e1d54a.png	assets/res/import/21/2127ad33-c925-4adb-9cec-50ce42e1d54a.json	same_uuid	"{""__type__"":""cc.Texture2D"",""content"":""0,9729,9729,33071,33071,0,0,1""}"
assets/res/raw-assets/e8/e8e6fa07-7519-4a4c-bb37-2298b93cd241.png	assets/res/import/e8/e8e6fa07-7519-4a4c-bb37-2298b93cd241.json	same_uuid	"{""__type__"":""cc.Texture2D"",""content"":""0,9729,9729,33071,33071,0,0,1""}"
assets/res/raw-assets/14/1482b4fc-8b72-44df-a753-67291621c296.manifest	assets/res/import/14/1482b4fc-8b72-44df-a753-67291621c296.json	same_uuid	"{""__type__"":""cc.Asset"",""_name"":""project"",""_native"":"".manifest""}"
assets/res/raw-assets/9b/9b380ced-6ecc-42dc-907f-e1e82693be40.manifest	assets/res/import/9b/9b380ced-6ecc-42dc-907f-e1e82693be40.json	same_uuid	"{""__type__"":""cc.Asset"",""_name"":""project"",""_native"":"".manifest""}"
assets/res/raw-assets/97/971223db-a03d-4b2e-84b6-9dae9cc28a91.manifest	assets/res/import/97/971223db-a03d-4b2e-84b6-9dae9cc28a91.json	same_uuid	"{""__type__"":""cc.Asset"",""_name"":""project"",""_native"":"".manifest""}"
assets/res/raw-assets/eb/eb5613f5-13a5-4427-94ea-3224f02dfb7f.png	assets/res/import/eb/eb5613f5-13a5-4427-94ea-3224f02dfb7f.json	same_uuid	"{""__type__"":""cc.Texture2D"",""content"":""0,9729,9729,33071,33071,0,0,1""}"
assets/res/raw-assets/b5/b5411440-7560-4c88-b5ae-b427274aad7d.png	assets/res/import/b5/b5411440-7560-4c88-b5ae-b427274aad7d.json	same_uuid	"{""__type__"":""cc.Texture2D"",""content"":""0,9729,9729,33071,33071,0,0,1""}"
assets/res/raw-assets/73/73b4d6de-85ac-47e2-ae6a-ef5474b0c899.png	assets/res/import/73/73b4d6de-85ac-47e2-ae6a-ef5474b0c899.json	same_uuid	"{""__type__"":""cc.Texture2D"",""content"":""0,9729,9729,33071,33071,0,0,1""}"
