archive	archive_kind	entry	uncompressed_bytes	compressed_bytes	compression_method	crc32	dos_datetime	external_attr	entry_sha256	entry_kind	nested_archive_entries	nested_class_files	nested_zip_valid
apktool_3.0.3.jar	uploaded ZIP/JAR	LICENSE	15994	5033	8	2865210777	1980,1,1,0,0,0	0	29da1aadc6709dd25462efa679a659c74ca397ed69acb2d6094078eaa6d33c9e	other			
apktool_3.0.3.jar	uploaded ZIP/JAR	META-INF/LICENSE	11358	3949	8	2263004340	1980,1,1,0,0,0	0	cfc7749b96f63bd31c3c42b5c471bf756814053e847c10f3eb003417bc523d30	other			
apktool_3.0.3.jar	uploaded ZIP/JAR	META-INF/LICENSE.txt	11359	3951	8	3718341641	1980,1,1,0,0,0	0	1026f64d432cae95d3ab3a850b8e273bef961682c8259e914ca406e5f9c35b09	text/config			
apktool_3.0.3.jar	uploaded ZIP/JAR	META-INF/MANIFEST.MF	56	56	8	3978414011	1980,1,1,0,0,0	0	32456f260be475fa9eac1403b0620b29faad4db29326ff9948db2f742b6f4edb	other			
apktool_3.0.3.jar	uploaded ZIP/JAR	META-INF/NOTICE.txt	173	124	8	2829847795	1980,1,1,0,0,0	0	51a5abdfc537ff4f07081271ba2938e5146f630c293e22ccd7fa178a32212f02	text/config			
apktool_3.0.3.jar	uploaded ZIP/JAR	META-INF/maven/com.beust/jcommander/pom.properties	108	107	8	814211446	1980,1,1,0,0,0	0	fe073e4ee8c536ac90073636fd5b9358db4e42075280423dd6f6e5cd3ed3ae57	text/config			
apktool_3.0.3.jar	uploaded ZIP/JAR	META-INF/maven/com.beust/jcommander/pom.xml	9293	2283	8	467914077	1980,1,1,0,0,0	0	107e1a027e8ab334b81fb2896060db6baf32e37d2e304e6094236d3e7eb29903	text/config			
apktool_3.0.3.jar	uploaded ZIP/JAR	META-INF/maven/com.google.code.findbugs/jsr305/pom.properties	121	116	8	3227059649	1980,1,1,0,0,0	0	a1bc40920a401d8954cb1368e63e6d36f88fb9cfd4ef1bed8534cbdcecfec127	text/config			
apktool_3.0.3.jar	uploaded ZIP/JAR	META-INF/maven/com.google.code.findbugs/jsr305/pom.xml	4286	1109	8	845278730	1980,1,1,0,0,0	0	19889dbdf1b254b2601a5ee645b8147a974644882297684c798afe5d63d78dfe	text/config			
apktool_3.0.3.jar	uploaded ZIP/JAR	META-INF/maven/com.google.errorprone/error_prone_annotations/pom.properties	80	72	8	937982211	1980,1,1,0,0,0	0	66010f322ca1b3b95b64c53722d84622ef0a6ce255bd3575d81ff74b1d2a23d6	text/config			
apktool_3.0.3.jar	uploaded ZIP/JAR	META-INF/maven/com.google.errorprone/error_prone_annotations/pom.xml	4252	1463	8	3399394753	1980,1,1,0,0,0	0	d80c889a4a6f711f6945fbee79e05ec247b178a567e9d5abf58eb26ebf0a0752	text/config			
apktool_3.0.3.jar	uploaded ZIP/JAR	META-INF/maven/com.google.guava/failureaccess/pom.properties	64	63	8	2392834475	1980,1,1,0,0,0	0	709111227afbd8e991ece32c4c9c8748a281eabd7a2a26074f99841ebc478e12	text/config			
apktool_3.0.3.jar	uploaded ZIP/JAR	META-INF/maven/com.google.guava/failureaccess/pom.xml	5560	1620	8	299473701	1980,1,1,0,0,0	0	c54beff37f6d42d43e14722d54a522c9ad51ef97fc5b79277e62a3ebf882f3bb	text/config			
apktool_3.0.3.jar	uploaded ZIP/JAR	META-INF/maven/com.google.guava/guava/pom.properties	61	57	8	4005420619	1980,1,1,0,0,0	0	3e0c79f69786998bb25790d9ef18eca0b1673de6ceeab3263fae735481451987	text/config			
apktool_3.0.3.jar	uploaded ZIP/JAR	META-INF/maven/com.google.guava/guava/pom.xml	9792	2586	8	1592725556	1980,1,1,0,0,0	0	b45b78944280054311c53da9270809fb40dcabc408ce66ce55730099b4f57d32	text/config			
apktool_3.0.3.jar	uploaded ZIP/JAR	META-INF/maven/com.google.guava/listenablefuture/pom.properties	134	116	8	3665043067	1980,1,1,0,0,0	0	7443dcd4709998f62380c61303d600b29388bc7a931fa2021c44926a80cd6bdf	text/config			
apktool_3.0.3.jar	uploaded ZIP/JAR	META-INF/maven/com.google.guava/listenablefuture/pom.xml	2278	895	8	3299059833	1980,1,1,0,0,0	0	18d4b1db26153d4e55079ce1f76bb1fe05cdb862ef9954a88cbcc4ff38b8679b	text/config			
apktool_3.0.3.jar	uploaded ZIP/JAR	META-INF/maven/com.google.j2objc/j2objc-annotations/pom.properties	68	64	8	1609119393	1980,1,1,0,0,0	0	c3d33bd71c4d5f32a8f25c89e10762aed008cb8da2064622df72639d2c85f44d	text/config			
apktool_3.0.3.jar	uploaded ZIP/JAR	META-INF/maven/com.google.j2objc/j2objc-annotations/pom.xml	5420	1517	8	4041738783	1980,1,1,0,0,0	0	14570838500034fc1b47c8205ce1c9d6b255c1ccdd2d1afdcdcbf75e89b24a33	text/config			
apktool_3.0.3.jar	uploaded ZIP/JAR	META-INF/maven/commons-cli/commons-cli/pom.properties	58	47	8	1545867294	1980,1,1,0,0,0	0	fc0c09645b0089ed3af8b3a6c7ce42d394f57add5957d27422ed72129649fb51	text/config			
apktool_3.0.3.jar	uploaded ZIP/JAR	META-INF/maven/commons-cli/commons-cli/pom.xml	14054	3450	8	1844951948	1980,1,1,0,0,0	0	96651f573e3c080e11052ff08bfc2e4cf04cf6eb1a3e3683010f4979496e0808	text/config			
apktool_3.0.3.jar	uploaded ZIP/JAR	META-INF/maven/commons-io/commons-io/pom.properties	56	46	8	1960334335	1980,1,1,0,0,0	0	eb1945948ce52dd232aa272210038f539c16ffb7da4e76dda9c2968857de6e35	text/config			
apktool_3.0.3.jar	uploaded ZIP/JAR	META-INF/maven/commons-io/commons-io/pom.xml	20275	4543	8	1150344824	1980,1,1,0,0,0	0	6425cec0ea760035efa77277de85f89fa6dbed147ab3dd95b8d2cbc55340accf	text/config			
apktool_3.0.3.jar	uploaded ZIP/JAR	META-INF/maven/org.antlr/ST4/pom.properties	102	100	8	3181716919	1980,1,1,0,0,0	0	1ff305e84a03a4b3036055276a2866ac0df0c5571a80f6e373fdf45d7369db97	text/config			
apktool_3.0.3.jar	uploaded ZIP/JAR	META-INF/maven/org.antlr/ST4/pom.xml	13742	2851	8	2932442572	1980,1,1,0,0,0	0	3c0890dec71174eb3ba3d404ca9e341901ff6b0421808b00713b0dbb1306c17c	text/config			
apktool_3.0.3.jar	uploaded ZIP/JAR	META-INF/maven/org.antlr/antlr-runtime/pom.properties	112	108	8	3201370225	1980,1,1,0,0,0	0	68f77f378999528019b8cb2fc43f50ce20c9e92a0b46018876a90a9c8cd13764	text/config			
apktool_3.0.3.jar	uploaded ZIP/JAR	META-INF/maven/org.antlr/antlr-runtime/pom.xml	2241	785	8	50715801	1980,1,1,0,0,0	0	46a9c2200bb8b12bd7124aa7a5097ff49099908329c851a04cb2051420aa7f25	text/config			
apktool_3.0.3.jar	uploaded ZIP/JAR	META-INF/maven/org.antlr/antlr/pom.properties	104	98	8	348801192	1980,1,1,0,0,0	0	e36fb93735eec7ade707d09408654c889f214f88aa96750b06e236dcd3259da6	text/config			
apktool_3.0.3.jar	uploaded ZIP/JAR	META-INF/maven/org.antlr/antlr/pom.xml	2730	879	8	1639228038	1980,1,1,0,0,0	0	065e5e80662feb858795d3c01f7714247bdd319459705ee13b1a4b1968fa22e4	text/config			
apktool_3.0.3.jar	uploaded ZIP/JAR	META-INF/maven/org.antlr/stringtemplate/pom.properties	114	110	8	1259556572	1980,1,1,0,0,0	0	9909aa8b460e037756bd356e4e9dd643f73495db14a28b5479d998bdff8ea23d	text/config			
apktool_3.0.3.jar	uploaded ZIP/JAR	META-INF/maven/org.antlr/stringtemplate/pom.xml	7461	2215	8	1522002365	1980,1,1,0,0,0	0	b45e82655aa5a48f33d13a43e4345426b156335b35e24b5aea12db5823c16a16	text/config			
apktool_3.0.3.jar	uploaded ZIP/JAR	META-INF/maven/org.apache.commons/commons-lang3/pom.properties	67	63	8	1451773206	1980,1,1,0,0,0	0	5a16065297b2d257c58384a8a129235b790d56b319eb33da98818949681b3994	text/config			
apktool_3.0.3.jar	uploaded ZIP/JAR	META-INF/maven/org.apache.commons/commons-lang3/pom.xml	32571	6795	8	302075366	1980,1,1,0,0,0	0	7ca83b2709c1e7a9e03b576cd41422190379489a80866e542f8c8b955411a2aa	text/config			
apktool_3.0.3.jar	uploaded ZIP/JAR	META-INF/maven/org.apache.commons/commons-text/pom.properties	66	61	8	2189556245	1980,1,1,0,0,0	0	b949c862c6363844255b369c2fc04c84a256db06083a55a52ad1e09d14a48510	text/config			
apktool_3.0.3.jar	uploaded ZIP/JAR	META-INF/maven/org.apache.commons/commons-text/pom.xml	23686	4807	8	327569998	1980,1,1,0,0,0	0	5e5168687bcedaea2aa8556b8b32f5afa08efcbc31d11b947c8676987bc9d239	text/config			
apktool_3.0.3.jar	uploaded ZIP/JAR	META-INF/proguard/base.pro	1388	595	8	1314141399	1980,1,1,0,0,0	0	924108ff1bb9564fbe1ff02384c6f3bf708b9cb7683417a4e5ef44bb472c8e88	other			
apktool_3.0.3.jar	uploaded ZIP/JAR	META-INF/proguard/cache.pro	341	204	8	2575746881	1980,1,1,0,0,0	0	a08fc3b420ca91003745bc63a454e6ede2db969264e29cf8e9eeaa44d0e43095	other			
apktool_3.0.3.jar	uploaded ZIP/JAR	META-INF/proguard/collect.pro	1057	423	8	1792023944	1980,1,1,0,0,0	0	8c814117d05d41d6dcd6fa938dd080b31065caf28112b2e5abc6b394166fc8f6	other			
apktool_3.0.3.jar	uploaded ZIP/JAR	META-INF/proguard/concurrent.pro	1693	642	8	2955847768	1980,1,1,0,0,0	0	0e35edaaf4870506b580c98a9cfec6adb20aeb5ada56c44e6aaa0b5e66209134	other			
apktool_3.0.3.jar	uploaded ZIP/JAR	META-INF/proguard/hash.pro	351	217	8	3912373950	1980,1,1,0,0,0	0	a082bb188a9d048a06d49da0c38a06fa06cfc1a3498ef629c793f47f95507fcc	other			
apktool_3.0.3.jar	uploaded ZIP/JAR	META-INF/proguard/primitives.pro	52	51	8	4050266287	1980,1,1,0,0,0	0	ac5b4a03fd46715a52a92213edff9f1b9402ec4cd770ee2726a6fb9004d7e618	other			
apktool_3.0.3.jar	uploaded ZIP/JAR	META-INF/versions/9/OSGI-INF/MANIFEST.MF	145	129	8	2262412097	1980,1,1,0,0,0	0	a844d62b02a9eefd9d112e74fd660843d91cd8b81dce6ce60a9eaba605fa939c	other			
apktool_3.0.3.jar	uploaded ZIP/JAR	META-INF/versions/9/module-info.class	203	146	8	1551606274	1980,1,1,0,0,0	0	36b04f46548cb8fa96fa812c85fa8188d013d820201039a708805aad764ebe15	other			
apktool_3.0.3.jar	uploaded ZIP/JAR	XMLPULL_1_1_3_1_VERSION	0	2	8	0	1980,1,1,0,0,0	0	e3b0c44298fc1c149afbf4c8996fb92427ae41e4649b934ca495991b7852b855	other			
apktool_3.0.3.jar	uploaded ZIP/JAR	apktool.properties	48	47	8	2635588904	1980,1,1,0,0,0	0	2be613d5eb8695cf509c89b71f66e3b0d52366c2e9c46ad5bfab4638a49a21a6	text/config			
apktool_3.0.3.jar	uploaded ZIP/JAR	baksmali.properties	29	29	8	1858081356	1980,1,1,0,0,0	0	ab99fa08a12adf5c470bad925d01bf88b124a1517df56ebb4cf8432d6f527f88	text/config			
apktool_3.0.3.jar	uploaded ZIP/JAR	brut/androlib/ApkBuilder.class	14070	7077	8	1561440851	1980,1,1,0,0,0	0	cb5c5407974e2cedea8151fb5409b479a650770afb798380039aff5df2996e7e	other			
apktool_3.0.3.jar	uploaded ZIP/JAR	brut/androlib/ApkDecoder.class	17492	8807	8	2495474367	1980,1,1,0,0,0	0	eb1aef66147a016e99bfc75998f9a010d50110c3e2cc39f732a344da717d43e4	other			
apktool_3.0.3.jar	uploaded ZIP/JAR	brut/androlib/Config.class	1511	925	8	3767082154	1980,1,1,0,0,0	0	016ef2408cb8b5d44d7932a7bf24c781c14948bc03f4cc07b3572c2a2fcd8506	other			
apktool_3.0.3.jar	uploaded ZIP/JAR	brut/androlib/exceptions/AndrolibException.class	530	331	8	1063870980	1980,1,1,0,0,0	0	6329bf431471c450db745b0d97b7c120467d32b84fffad495bd170a93542d1f7	other			
apktool_3.0.3.jar	uploaded ZIP/JAR	brut/androlib/exceptions/FrameworkNotFoundException.class	792	516	8	360862522	1980,1,1,0,0,0	0	a1dd66f47d6575401cc42e2eafb94b1044c22a0d87e25eac8bbf182219839cf7	other			
apktool_3.0.3.jar	uploaded ZIP/JAR	brut/androlib/exceptions/InFileNotFoundException.class	598	405	8	332824306	1980,1,1,0,0,0	0	8caafde0d7768ac0415469d4dc0325cefea56509127fef6e2a7575781d60c6cf	other			
apktool_3.0.3.jar	uploaded ZIP/JAR	brut/androlib/exceptions/NinePatchNotFoundException.class	420	317	8	3264267924	1980,1,1,0,0,0	0	8f40e08529c84ba7546a6d7fec4985b1cc1af3c92fcdf55cf6df0803cc017c46	other			
apktool_3.0.3.jar	uploaded ZIP/JAR	brut/androlib/exceptions/OutDirExistsException.class	631	430	8	20659314	1980,1,1,0,0,0	0	b343f822921aecb3139b06a936be8f081d64a7e819d38e7d0e10eae433ab4b95	other			
apktool_3.0.3.jar	uploaded ZIP/JAR	brut/androlib/exceptions/RawXmlEncounteredException.class	470	336	8	834809388	1980,1,1,0,0,0	0	f65f0e4387f2e752b1813e8134b7bf7cd20fe411903f687c1fc6e952d1790c7d	other			
apktool_3.0.3.jar	uploaded ZIP/JAR	brut/androlib/exceptions/UndefinedResObjectException.class	376	285	8	3398858457	1980,1,1,0,0,0	0	6c8f4d6359d71b85f9a2b407d4ecc156fb09be92912744bf6e7458635c57e018	other			
apktool_3.0.3.jar	uploaded ZIP/JAR	brut/androlib/meta/ApkInfo.class	7795	4177	8	3154577024	1980,1,1,0,0,0	0	0b10f737d398a851d34d599ef9083a9644d743c32329052bb4d80d36236fc4a8	other			
apktool_3.0.3.jar	uploaded ZIP/JAR	brut/androlib/meta/ResourcesInfo.class	2624	1468	8	2036874441	1980,1,1,0,0,0	0	040d7d97572dc1636c18a4cc5fc2af4cf7658885299c7f792808c21bd2dcaf97	other			
apktool_3.0.3.jar	uploaded ZIP/JAR	brut/androlib/meta/SdkInfo.class	2670	1531	8	3872617566	1980,1,1,0,0,0	0	ef18853e5660fb508cde50b88c5d0a2ff5d1e6209549d526dfc0f7c6356f4e5b	other			
apktool_3.0.3.jar	uploaded ZIP/JAR	brut/androlib/meta/UsesFramework.class	1435	871	8	1867788541	1980,1,1,0,0,0	0	e7bc64e30052cce09fa49abfcbfc8e3faa15df8dce2160c44d36a2307cb41469	other			
apktool_3.0.3.jar	uploaded ZIP/JAR	brut/androlib/meta/VersionInfo.class	1855	1033	8	2745366161	1980,1,1,0,0,0	0	e709718af69e3739569cf5c2f6f80fd375d651b125ba3c8f6f180aa6c18145ec	other			
apktool_3.0.3.jar	uploaded ZIP/JAR	brut/androlib/res/AaptInvoker.class	6741	3499	8	2823361498	1980,1,1,0,0,0	0	00c30a2ff1d9be0d9599c8190ac18e871be858e1d44069fd716c3c3929d74aa4	other			
apktool_3.0.3.jar	uploaded ZIP/JAR	brut/androlib/res/AaptManager.class	2451	1385	8	1990536794	1980,1,1,0,0,0	0	8ef4a2001ff18b0a35ff893dec94a603acd87844afa0c14f792c327b5d5fb203	other			
apktool_3.0.3.jar	uploaded ZIP/JAR	brut/androlib/res/Framework.class	8539	4588	8	4162117488	1980,1,1,0,0,0	0	0346c36988dc043d791e41045fefbec97e6e35aa7aa32c6424be880f45e78264	other			
apktool_3.0.3.jar	uploaded ZIP/JAR	brut/androlib/res/ResDecoder.class	16536	7960	8	3638297478	1980,1,1,0,0,0	0	2c98a639fefe0f3d841c486e52476d6c6d92e9f7b0daa441ec370d1d528ce976	other			
apktool_3.0.3.jar	uploaded ZIP/JAR	brut/androlib/res/data/LayoutBounds.class	466	367	8	4033754614	1980,1,1,0,0,0	0	4b7cbef5fa4eec89034d368e242093efa469babf5dd8c85ee7197958b2f4877d	other			
apktool_3.0.3.jar	uploaded ZIP/JAR	brut/androlib/res/data/NinePatchData.class	575	433	8	1332473997	1980,1,1,0,0,0	0	d47865a96b675a15b2ab4d891c8bebb271eacf8cbb0eecd4e5ced7e7365dd9e7	other			
apktool_3.0.3.jar	uploaded ZIP/JAR	brut/androlib/res/data/ResChunkHeader.class	436	347	8	1078062562	1980,1,1,0,0,0	0	8e6328cb1fd6e3c68a817eaffb7cf723fefb5d5ec809de9b660b956dd6a18d53	other			
apktool_3.0.3.jar	uploaded ZIP/JAR	brut/androlib/res/data/ResStringPool.class	6374	3560	8	3951808531	1980,1,1,0,0,0	0	47c5d8c7610bddda67788b51c551327fed47778bb712047207b26b96093f14ab	other			
apktool_3.0.3.jar	uploaded ZIP/JAR	brut/androlib/res/data/StyledString$Span.class	1192	737	8	2599749426	1980,1,1,0,0,0	0	0c0b28b5779bdeb1c386728ce308972946a498a94c746c7526d9ed92430ef62a	other			
apktool_3.0.3.jar	uploaded ZIP/JAR	brut/androlib/res/data/StyledString.class	1409	792	8	3171927607	1980,1,1,0,0,0	0	dff934fceafa176664e4b02a2c8c40c5dc92bb09b06b0faf33604e987085b2c7	other			
apktool_3.0.3.jar	uploaded ZIP/JAR	brut/androlib/res/decoder/BinaryResourceParser.class	20447	10295	8	3734562858	1980,1,1,0,0,0	0	ad52201860dcbac70b0d89e988c7c3cd67d6c118871d59c3f3ee5937d9f61f29	other			
apktool_3.0.3.jar	uploaded ZIP/JAR	brut/androlib/res/decoder/BinaryXmlResourceParser$Attribute.class	535	420	8	643161145	1980,1,1,0,0,0	0	f41e74d7904b418ec004a084c9c8561b2233fcc9a4736d8f49c118ce11ba6c7b	other			
apktool_3.0.3.jar	uploaded ZIP/JAR	brut/androlib/res/decoder/BinaryXmlResourceParser$NamespaceStack.class	907	685	8	2535990914	1980,1,1,0,0,0	0	bd80b804e317c62592df95f536f89b0c7a52dd4ab5c90dd3aa4f86032eb3ef4f	other			
apktool_3.0.3.jar	uploaded ZIP/JAR	brut/androlib/res/decoder/BinaryXmlResourceParser.class	15734	8094	8	2669939962	1980,1,1,0,0,0	0	0caa179f923a39ce03141abb024058230fd8a6cbf6438abc58e110c8616c40a3	other			
apktool_3.0.3.jar	uploaded ZIP/JAR	brut/androlib/res/decoder/ManifestPullEventHandler.class	479	353	8	1558146500	1980,1,1,0,0,0	0	3c8b4ed9a9913f6a16c15bb17dcdb052cf43c8c341fb6543a3fc50eb1f4dd3c7	other			
apktool_3.0.3.jar	uploaded ZIP/JAR	brut/androlib/res/decoder/ResChunkPullParser.class	3862	2210	8	230174827	1980,1,1,0,0,0	0	4a44f91a2f7945dd1ebe3560c14df3532f3cad6c8b33331f8668ba59483f4b3f	other			
apktool_3.0.3.jar	uploaded ZIP/JAR	brut/androlib/res/decoder/ResFileDecoder$Type.class	1081	601	8	69428796	1980,1,1,0,0,0	0	5bb600f7659c0ee0875d7fd4a5de94a2078b2658bf18c7f958e2b89f8be6f152	other			
apktool_3.0.3.jar	uploaded ZIP/JAR	brut/androlib/res/decoder/ResFileDecoder.class	5327	2642	8	204890728	1980,1,1,0,0,0	0	2990ad5a47d5a74c94e1833bff3020b74915afc4ad862b870ad5366690a64db1	other			
apktool_3.0.3.jar	uploaded ZIP/JAR	brut/androlib/res/decoder/ResNinePatchStreamDecoder.class	5102	2724	8	4165663638	1980,1,1,0,0,0	0	c081a653868eb706467dddb35ddafdd0f49d364deb57122d18367fdc162742a3	other			
apktool_3.0.3.jar	uploaded ZIP/JAR	brut/androlib/res/decoder/ResRawStreamDecoder.class	748	492	8	2764409325	1980,1,1,0,0,0	0	8cdb367b749e6b264158fd01226f64c21220a2ebc6911923f98100f8267416ab	other			
apktool_3.0.3.jar	uploaded ZIP/JAR	brut/androlib/res/decoder/ResStreamDecoder.class	294	230	8	2299524935	1980,1,1,0,0,0	0	b9b1cb8d3fa37c37ed3284d1936213b11cd5935a60c17bad350c9961f9c2443d	other			
apktool_3.0.3.jar	uploaded ZIP/JAR	brut/androlib/res/decoder/ResXmlPullStreamDecoder.class	1843	809	8	2061661916	1980,1,1,0,0,0	0	ad661f14d891731ea83b996fe365cbda7413f8c5b61efffaab0d2cb9f4567661	other			
apktool_3.0.3.jar	uploaded ZIP/JAR	brut/androlib/res/table/ResConfig.class	6724	3184	8	2674092781	1980,1,1,0,0,0	0	313334aa12c24535241b0867a2fa996a7949ca10989e07446ffd9fce1b5abb14	other			
apktool_3.0.3.jar	uploaded ZIP/JAR	brut/androlib/res/table/ResEntry.class	1857	983	8	1869481133	1980,1,1,0,0,0	0	20c76751c31f81e9ebae7f02c7de39af71ae5e1ac6cb1c442e2b00630a835334	other			
apktool_3.0.3.jar	uploaded ZIP/JAR	brut/androlib/res/table/ResEntrySpec.class	2503	1360	8	3038485377	1980,1,1,0,0,0	0	da923f5997feb9455418b209cccd0566b6d27928d038503efe611f3966bf72a9	other			
apktool_3.0.3.jar	uploaded ZIP/JAR	brut/androlib/res/table/ResId.class	2619	1331	8	2028538786	1980,1,1,0,0,0	0	de558481a0f8bbf10e7a32f9346c2733c22cc4679f853a7babfb0f6bdb46ee01	other			
apktool_3.0.3.jar	uploaded ZIP/JAR	brut/androlib/res/table/ResOverlayable$Policy.class	476	346	8	1959294912	1980,1,1,0,0,0	0	120cd4006ac3564f233ae0a01fd20b296d7e6ca3c154a776f8de7a3fe56d58a0	other			
apktool_3.0.3.jar	uploaded ZIP/JAR	brut/androlib/res/table/ResOverlayable.class	4651	2576	8	2837729506	1980,1,1,0,0,0	0	921fd6c435ea4e72a77a788d8aa65c0f2bfd04723a93c523002d5ee36f08b59d	other			
apktool_3.0.3.jar	uploaded ZIP/JAR	brut/androlib/res/table/ResPackage.class	6195	2791	8	4021573826	1980,1,1,0,0,0	0	eb6dd264b029ae0a778a0e092771ffa90b8c6a45f60eb72e8dfb7d3726ac7dea	other			
apktool_3.0.3.jar	uploaded ZIP/JAR	brut/androlib/res/table/ResPackageGroup$2.class	1447	847	8	3621612315	1980,1,1,0,0,0	0	c6a4fdcd6c4017c24a857991b4530922d829a89320b5216ecfb77ecea0b595eb	other			
apktool_3.0.3.jar	uploaded ZIP/JAR	brut/androlib/res/table/ResPackageGroup.class	2409	1240	8	3239746175	1980,1,1,0,0,0	0	83ac13699c73a6d2111364c7f71d4a19f6d141731314e229b6f227bf348c831c	other			
apktool_3.0.3.jar	uploaded ZIP/JAR	brut/androlib/res/table/ResTable.class	7894	3880	8	2826721783	1980,1,1,0,0,0	0	6227ac46f3d645d157213f4a8104aa9eef7b783ccafcc62198fdcf33f601c98a	other			
apktool_3.0.3.jar	uploaded ZIP/JAR	brut/androlib/res/table/ResType.class	1343	738	8	3244473805	1980,1,1,0,0,0	0	ab38fb5578a624276f8537d6d789e566f6b362f437f6ae4e023e214040e26e54	other			
apktool_3.0.3.jar	uploaded ZIP/JAR	brut/androlib/res/table/ResTypeSpec.class	4835	2364	8	2151893280	1980,1,1,0,0,0	0	31b08cbbd44e686c11a43c4f520946bac5a7172ebea7e830a8a95aa4585b2552	other			
apktool_3.0.3.jar	uploaded ZIP/JAR	brut/androlib/res/table/value/ResArray.class	2992	1444	8	3002119351	1980,1,1,0,0,0	0	62c5274619701b5eda7960a3e432eb1dfaca02842e0c64d6aa6a9750d4472193	other			
apktool_3.0.3.jar	uploaded ZIP/JAR	brut/androlib/res/table/value/ResAttribute$Symbol.class	982	564	8	693280980	1980,1,1,0,0,0	0	2271522948445717206ab363ea522c4971898786cd4e121fe1d9805b5dda9e8d	other			
apktool_3.0.3.jar	uploaded ZIP/JAR	brut/androlib/res/table/value/ResAttribute.class	4361	2241	8	595582217	1980,1,1,0,0,0	0	e592b80b0a5987063dbfedc401c27af467d2a4f1d15d87e93c6d167b62f49193	other			
apktool_3.0.3.jar	uploaded ZIP/JAR	brut/androlib/res/table/value/ResBag$RawItem.class	832	535	8	3935311328	1980,1,1,0,0,0	0	8d7dca897bde66ad35fb4da63a2ad9ebdd332b2481c2b6dced8854019eabed7e	other			
apktool_3.0.3.jar	uploaded ZIP/JAR	brut/androlib/res/table/value/ResBag.class	4666	2049	8	1455876536	1980,1,1,0,0,0	0	098167747309d95c9b8c849c851f05c162e4eef27f8fd634755bf0115cdd1842	other			
apktool_3.0.3.jar	uploaded ZIP/JAR	brut/androlib/res/table/value/ResCustom.class	1902	939	8	3957473964	1980,1,1,0,0,0	0	850f618e707c1252082a7f9991910be1eb8144ba333daa16eadd9ad25cf8f9ac	other			
apktool_3.0.3.jar	uploaded ZIP/JAR	brut/androlib/res/table/value/ResEnum.class	6714	3139	8	3783465748	1980,1,1,0,0,0	0	7c45dc4369436f80a85fd79bb05b31d66cf1aa981ca48a70f7347bab7bf311d7	other			
apktool_3.0.3.jar	uploaded ZIP/JAR	brut/androlib/res/table/value/ResFileReference.class	964	597	8	4188849782	1980,1,1,0,0,0	0	efe4991de8c586b01c82b797b8dcc23774d1364766d50602033f21db1884aa3c	other			
apktool_3.0.3.jar	uploaded ZIP/JAR	brut/androlib/res/table/value/ResFlags.class	8329	3922	8	199167280	1980,1,1,0,0,0	0	f519398ff93d05a07da46d4aab19ca7388fc18746d24eede3175528bc0474b8b	other			
apktool_3.0.3.jar	uploaded ZIP/JAR	brut/androlib/res/table/value/ResItem.class	2447	1359	8	1951383865	1980,1,1,0,0,0	0	1fd36caa5d9773e11a126da89ff0c58cf5dbfb069953b666da9d5b99ddc8e637	other			
apktool_3.0.3.jar	uploaded ZIP/JAR	brut/androlib/res/table/value/ResPlural.class	3832	1969	8	2155942164	1980,1,1,0,0,0	0	a23aeb5eea0069880262462f8a47a6661073736783d9057170a525c9693cd4b3	other			
apktool_3.0.3.jar	uploaded ZIP/JAR	brut/androlib/res/table/value/ResPrimitive.class	5013	2519	8	1518539582	1980,1,1,0,0,0	0	fbc6437663306195f4742a663ec87dc228520dec32fd57012b154a5912354b39	other			
apktool_3.0.3.jar	uploaded ZIP/JAR	brut/androlib/res/table/value/ResReference.class	5119	2508	8	1288765852	1980,1,1,0,0,0	0	f9b2af5bd7b32436f8453f95ba5fea0d01b81423a89bf1e16723f772609a7411	other			
apktool_3.0.3.jar	uploaded ZIP/JAR	brut/androlib/res/table/value/ResString.class	3190	1601	8	1848305972	1980,1,1,0,0,0	0	734a1d0cb5759b96f4f40520512990a421a40a0199a47bf9f9446cdc3e631c1e	other			
apktool_3.0.3.jar	uploaded ZIP/JAR	brut/androlib/res/table/value/ResStyle$Item.class	839	498	8	2799175611	1980,1,1,0,0,0	0	6a9fb673bbe9392cf8f9d2d8280ea9d79489b284362134fd1847026c9ca4cef5	other			
apktool_3.0.3.jar	uploaded ZIP/JAR	brut/androlib/res/table/value/ResStyle.class	6462	3005	8	2976543152	1980,1,1,0,0,0	0	b032b95d6d8c5c82e61400ad059c59066c5adecd8c61dda05ce70a9e9de437fd	other			
apktool_3.0.3.jar	uploaded ZIP/JAR	brut/androlib/res/table/value/ResValue.class	317	261	8	351103491	1980,1,1,0,0,0	0	235298e9cfc069949c8bd67532e988afe170987329c596fbe844d07640ba575b	other			
apktool_3.0.3.jar	uploaded ZIP/JAR	brut/androlib/res/xml/ResStringEncoder.class	5929	3460	8	969751430	1980,1,1,0,0,0	0	31d5779ed12c4be7f0460d9f0a6b1757e781f490ce321a6927aa294a2acb2e36	other			
apktool_3.0.3.jar	uploaded ZIP/JAR	brut/androlib/res/xml/ResXmlSerializer.class	7148	4245	8	355409548	1980,1,1,0,0,0	0	5220152fa049a65970fc8b51e9030683d8086c765f4fd6bde68d5163d0229e6b	other			
apktool_3.0.3.jar	uploaded ZIP/JAR	brut/androlib/res/xml/ResXmlUtils.class	7764	3499	8	3459095084	1980,1,1,0,0,0	0	2aa7b8834e23b7556bcddb995dede9759bef2d1c9c4ecebe9514dace9e76f10e	other			
apktool_3.0.3.jar	uploaded ZIP/JAR	brut/androlib/res/xml/ValuesXmlSerializable.class	340	245	8	138157672	1980,1,1,0,0,0	0	1c17966261a517006f79d54f60325afe60f85a152fd4e71edebddf5a87a19438	other			
apktool_3.0.3.jar	uploaded ZIP/JAR	brut/androlib/smali/SmaliBuilder.class	2805	1394	8	2933126253	1980,1,1,0,0,0	0	c87a6e01d8f00752b45dc8864e70b57c0892e1881eb247f3f162e7136ee15e47	other			
apktool_3.0.3.jar	uploaded ZIP/JAR	brut/androlib/smali/SmaliDecoder.class	4873	2393	8	1544305288	1980,1,1,0,0,0	0	7bff88ee3f4ca5d79f64d445d295ebd565ede6eda857f1df5da1e792bf741930	other			
apktool_3.0.3.jar	uploaded ZIP/JAR	brut/apktool/Main$1.class	1374	763	8	3980955050	1980,1,1,0,0,0	0	54502d23172e07f6f4870e460f542a33967c789062ca300e684a21a844c26dc4	other			
apktool_3.0.3.jar	uploaded ZIP/JAR	brut/apktool/Main$2.class	1037	652	8	2002321025	1980,1,1,0,0,0	0	ef24ccb78393f89bc1a222687425b3a833e29ea7eecd145ad8b5bf293aae69e0	other			
apktool_3.0.3.jar	uploaded ZIP/JAR	brut/apktool/Main$Props.class	1736	990	8	966720446	1980,1,1,0,0,0	0	9119b9508a31986c9500f14e7bfecee8ca9650ca4cd1742fa6b60f624a72a62b	other			
apktool_3.0.3.jar	uploaded ZIP/JAR	brut/apktool/Main.class	22415	11528	8	370818878	1980,1,1,0,0,0	0	604075c232d8ee238a33684a6aa6d6e90cc4018953e2f1095046851f5af96986	other			
apktool_3.0.3.jar	uploaded ZIP/JAR	brut/common/BrutException.class	579	333	8	2535649005	1980,1,1,0,0,0	0	1d45d895cad6ab7ddd4e16789ef3d6e0e043637a5a06b8c77f230c85a8d3bf5f	other			
apktool_3.0.3.jar	uploaded ZIP/JAR	brut/common/Log.class	1615	766	8	770729604	1980,1,1,0,0,0	0	123c15de6931b225600954d3abe97817b082831ecb2bbb9efcf9e5194d0f99cf	other			
apktool_3.0.3.jar	uploaded ZIP/JAR	brut/directory/Directory$ParsedPath.class	447	333	8	1886518132	1980,1,1,0,0,0	0	bca245d8fa6ece3fa56f30d8305ebcd60416bb85abb359defefd83298d99ec57	other			
apktool_3.0.3.jar	uploaded ZIP/JAR	brut/directory/Directory$SubPath.class	478	336	8	1599200691	1980,1,1,0,0,0	0	8880bac60cbb07565cc5cb72cbda24b2b702e280a50e70ba4c6e648f76727140	other			
apktool_3.0.3.jar	uploaded ZIP/JAR	brut/directory/Directory.class	7000	3406	8	2701406898	1980,1,1,0,0,0	0	6680b9a66787e373f42b22706f4f64be0469eeb1f5d3fdd0fa9fa079acebda02	other			
apktool_3.0.3.jar	uploaded ZIP/JAR	brut/directory/DirectoryException.class	593	347	8	3428770708	1980,1,1,0,0,0	0	49a6e12b836313fd150e996559f77f96ce7607c72ef3e3d2e922fcc09f29362e	other			
apktool_3.0.3.jar	uploaded ZIP/JAR	brut/directory/ExtFile.class	1037	635	8	3483766771	1980,1,1,0,0,0	0	838f16e4a3ff2232286f5ee59ff298ecfa47db22dbccbc52d5ef6bce7f514861	other			
apktool_3.0.3.jar	uploaded ZIP/JAR	brut/directory/FileDirectory.class	3538	1677	8	528754918	1980,1,1,0,0,0	0	1d35b86b71d89c7e340a3fb407db618026c5abc47734776484b92a15836b92af	other			
apktool_3.0.3.jar	uploaded ZIP/JAR	brut/directory/PathAlreadyExists.class	347	280	8	652042094	1980,1,1,0,0,0	0	8a98b49c345913a512ee861466f5599f5c6880ed2755fcb86c92ec530d34a3af	other			
apktool_3.0.3.jar	uploaded ZIP/JAR	brut/directory/PathNotExist.class	442	317	8	2147728991	1980,1,1,0,0,0	0	307e1f70fea593daa72f6dcc209ad3668a16982a04fdaa06b1157dbcd362e4e4	other			
apktool_3.0.3.jar	uploaded ZIP/JAR	brut/directory/ZipRODirectory.class	3103	1638	8	467597456	1980,1,1,0,0,0	0	f3e2e95519e2e66fc77d781cf6f1dd4ff7b03d91f28dc32b5c9c938a4c8e674e	other			
apktool_3.0.3.jar	uploaded ZIP/JAR	brut/util/BackgroundWorker.class	1387	847	8	3527801802	1980,1,1,0,0,0	0	b107a44a175331c7b1cbfd5b2ba26d2578249a56e4fb84fef9ed555631bcd529	other			
apktool_3.0.3.jar	uploaded ZIP/JAR	brut/util/BinaryDataInputStream.class	4344	2389	8	3895865782	1980,1,1,0,0,0	0	e9b1f6f8b7ff6296168c9d550be18e98c67017281f17308ccd2a31acbaa0a57d	other			
apktool_3.0.3.jar	uploaded ZIP/JAR	brut/util/BrutIO.class	1519	930	8	852971758	1980,1,1,0,0,0	0	8da4444f107efeacbda76d0e8aec79a5490c594a9635755d0dd9582cf169cc3c	other			
apktool_3.0.3.jar	uploaded ZIP/JAR	brut/util/Jar.class	2552	1402	8	2378030485	1980,1,1,0,0,0	0	b8238ebe5207cef471e025d2b25d036ca4e18967d1e74dfb3bc776fe7e6694f4	other			
apktool_3.0.3.jar	uploaded ZIP/JAR	brut/util/OS$StreamCollector.class	1168	729	8	3311768551	1980,1,1,0,0,0	0	0371e9308503ac21ef133c85310a86f3cb6197165a439b6e23b4526df2928dd1	other			
apktool_3.0.3.jar	uploaded ZIP/JAR	brut/util/OS$StreamForwarder.class	1515	931	8	2742705192	1980,1,1,0,0,0	0	eb8db8b09bb0c489ab94df5c7f50faefd259147264993d100aad2f039d96552e	other			
apktool_3.0.3.jar	uploaded ZIP/JAR	brut/util/OS.class	4094	2091	8	2012741427	1980,1,1,0,0,0	0	d432b6a786946c5db8a90916fc9fa731b407a4a322d5e0849acabb512ef577bd	other			
apktool_3.0.3.jar	uploaded ZIP/JAR	brut/util/OSDetection.class	975	653	8	2595611009	1980,1,1,0,0,0	0	8dc81702542158fb2aeccd81d20c27cb12ef6c57a5865cc017c240961ca67e19	other			
apktool_3.0.3.jar	uploaded ZIP/JAR	brut/util/Pair.class	1137	660	8	1109681478	1980,1,1,0,0,0	0	4dfc5443d1a87364a4391915616f0babf193f31bbc5872edf3e0cd9ae73bd198	other			
apktool_3.0.3.jar	uploaded ZIP/JAR	brut/util/TextUtils.class	6865	4209	8	2128372734	1980,1,1,0,0,0	0	0c279b2e809e25867a5e14229a4a4d80792c6610d67ec52312481be4dce67668	other			
apktool_3.0.3.jar	uploaded ZIP/JAR	brut/util/ZipUtils.class	4439	2350	8	1424739429	1980,1,1,0,0,0	0	1eb44bd13f0ded1911805610c570f43381e9449171e9727a299f4cedb7874ccd	other			
apktool_3.0.3.jar	uploaded ZIP/JAR	brut/xml/XmlUtils$1.class	1012	607	8	3362059429	1980,1,1,0,0,0	0	0972961b911a2eb83fd579f634bb092d16574a8989a0087d5318b5e6153581c8	other			
apktool_3.0.3.jar	uploaded ZIP/JAR	brut/xml/XmlUtils.class	4741	2360	8	4141897547	1980,1,1,0,0,0	0	af1921ddc4416bf852648fa1a7f2705f3eb03cdedc031d46b334320f34295aff	other			
apktool_3.0.3.jar	uploaded ZIP/JAR	brut/xmlpull/XmlPullUtils.class	6326	3153	8	3320760019	1980,1,1,0,0,0	0	37082a72f1649dd8ca2aacbcd9ea338c31038e2438eae9eca63e81da6a7ad9ff	other			
apktool_3.0.3.jar	uploaded ZIP/JAR	brut/yaml/YamlLine.class	2037	1233	8	1504032216	1980,1,1,0,0,0	0	4148f2b8e61dcea4dbfcccd46926c57478bb17149ed495b6530e3973ce91fdc1	other			
apktool_3.0.3.jar	uploaded ZIP/JAR	brut/yaml/YamlReader$Checker.class	256	215	8	1596891292	1980,1,1,0,0,0	0	088e60f012d99de8df59f52c741009411a140b7137c9fb3ec0c1f77b268bde82	other			
apktool_3.0.3.jar	uploaded ZIP/JAR	brut/yaml/YamlReader$Updater.class	277	218	8	1776901057	1980,1,1,0,0,0	0	cf4127a216cae1a72cfc784d2c36cb7ac6aabe5799f5166b48983407de9422d2	other			
apktool_3.0.3.jar	uploaded ZIP/JAR	brut/yaml/YamlReader.class	4120	1987	8	1390067197	1980,1,1,0,0,0	0	48ef0cdc1d9b31105e370e23669569e932b1d2506af7199a900cc88eeb849325	other			
apktool_3.0.3.jar	uploaded ZIP/JAR	brut/yaml/YamlSerializable.class	303	236	8	2840514624	1980,1,1,0,0,0	0	dd8756fdf145b87f5b2ef134348984cfded39c85baa613722f4500ac3f188e4e	other			
apktool_3.0.3.jar	uploaded ZIP/JAR	brut/yaml/YamlStringEscapeUtils.class	1485	911	8	2903239697	1980,1,1,0,0,0	0	33ebb4e8369de158a5ee152ac67d76ac84b901c5ab1105a3303911a2a98a881a	other			
apktool_3.0.3.jar	uploaded ZIP/JAR	brut/yaml/YamlWriter.class	2934	1533	8	1871588094	1980,1,1,0,0,0	0	cfd3a358e7478ca58839725a1b9728b220aeff0599a6561228c5596717373371	other			
apktool_3.0.3.jar	uploaded ZIP/JAR	com/android/tools/smali/baksmali/Adaptors/AnnotationFormatter.class	1735	972	8	3351109831	1980,1,1,0,0,0	0	6dc060fd14a100da31e9333d8cf9b9f5962b2273e2a178dcb29c1794db48a31f	other			
apktool_3.0.3.jar	uploaded ZIP/JAR	com/android/tools/smali/baksmali/Adaptors/BlankMethodItem.class	537	371	8	1587377468	1980,1,1,0,0,0	0	930e07df8a761a4234dca4354079ac96c5c63b4e77bb22247203a79c4b1017ff	other			
apktool_3.0.3.jar	uploaded ZIP/JAR	com/android/tools/smali/baksmali/Adaptors/CatchMethodItem.class	2063	955	8	775869076	1980,1,1,0,0,0	0	68e76e5b8cb0a1cfa4097d494d82aafefd767cb86a8e7952e61e348ba66dedb4	other			
apktool_3.0.3.jar	uploaded ZIP/JAR	com/android/tools/smali/baksmali/Adaptors/ClassDefinition.class	9504	4113	8	2370263588	1980,1,1,0,0,0	0	b86ef70aeda61076f616702c68b4ed939537c4cd30c2cb351c485aa53cab41bd	other			
apktool_3.0.3.jar	uploaded ZIP/JAR	com/android/tools/smali/baksmali/Adaptors/CommentingIndentingWriter.class	585	403	8	3299327863	1980,1,1,0,0,0	0	69c3cce35fee2a04f92e4f9b579fd69e874fd36501070915b06858106e54eafa	other			
apktool_3.0.3.jar	uploaded ZIP/JAR	com/android/tools/smali/baksmali/Adaptors/Debug/BeginEpilogueMethodItem.class	718	462	8	1758968770	1980,1,1,0,0,0	0	6032076336bf2f9ba09999caf3552e382ffe8a20d21cdca80713c0a62eb45382	other			
apktool_3.0.3.jar	uploaded ZIP/JAR	com/android/tools/smali/baksmali/Adaptors/Debug/DebugMethodItem.class	496	350	8	364757820	1980,1,1,0,0,0	0	232c16e5de9c9b9c9b69805649cf737e5b5ee893dd0171861f0a2c919ab88a97	other			
apktool_3.0.3.jar	uploaded ZIP/JAR	com/android/tools/smali/baksmali/Adaptors/Debug/EndLocalMethodItem.class	1867	810	8	3062039957	1980,1,1,0,0,0	0	895aa79e9290907669204fe25bee96f544a519f4867436933f393cbb847ae3dc	other			
apktool_3.0.3.jar	uploaded ZIP/JAR	com/android/tools/smali/baksmali/Adaptors/Debug/EndPrologueMethodItem.class	716	459	8	269907755	1980,1,1,0,0,0	0	1dba37c61ceef77609b9e83f807ee42a7c2a41fafa562344f380a5f7f57ec8e5	other			
apktool_3.0.3.jar	uploaded ZIP/JAR	com/android/tools/smali/baksmali/Adaptors/Debug/LineNumberMethodItem.class	1336	803	8	1302544622	1980,1,1,0,0,0	0	56982d7ff8f6e41ec7d6042a2415ff3aa63b54525d86a0aa0f64fe3b081e92a8	other			
apktool_3.0.3.jar	uploaded ZIP/JAR	com/android/tools/smali/baksmali/Adaptors/Debug/LocalFormatter.class	1239	658	8	3225175455	1980,1,1,0,0,0	0	d065ca22f6f80fee10fdf4714ada496df85373982d987a2dc0913463a8f612e8	other			
apktool_3.0.3.jar	uploaded ZIP/JAR	com/android/tools/smali/baksmali/Adaptors/Debug/RestartLocalMethodItem.class	1891	811	8	1220662938	1980,1,1,0,0,0	0	1a88fc551df3e10aa0a56432aa331d2e954776ac40a454cf898a93e067471ff9	other			
apktool_3.0.3.jar	uploaded ZIP/JAR	com/android/tools/smali/baksmali/Adaptors/Debug/SetSourceFileMethodItem.class	1083	606	8	3302120579	1980,1,1,0,0,0	0	5367fcad1551e72e86087cd49ee626fac51324e89df7b0dce92eab661fb838de	other			
apktool_3.0.3.jar	uploaded ZIP/JAR	com/android/tools/smali/baksmali/Adaptors/Debug/StartLocalMethodItem.class	1869	805	8	3601772735	1980,1,1,0,0,0	0	0d7d30993b8049336b87e22a24772d2f4eefce94853273505243e5a534c9319c	other			
apktool_3.0.3.jar	uploaded ZIP/JAR	com/android/tools/smali/baksmali/Adaptors/EndTryLabelMethodItem.class	702	443	8	3119477784	1980,1,1,0,0,0	0	291169104bf326e443850f5b5ffc650d437c2ebe2f10e176f6cc83266e973bb0	other			
apktool_3.0.3.jar	uploaded ZIP/JAR	com/android/tools/smali/baksmali/Adaptors/FieldDefinition.class	3128	1625	8	3600395401	1980,1,1,0,0,0	0	366326a502300c109c8d0b7152386e0f6292ca5db92a1723de487d621ce20324	other			
apktool_3.0.3.jar	uploaded ZIP/JAR	com/android/tools/smali/baksmali/Adaptors/Format/ArrayDataMethodItem.class	2385	1163	8	52005983	1980,1,1,0,0,0	0	844edf683e7edf0dee2ce0b9689d8f9c0ce09c42b2a9dd5053bf7f98d3f5ec82	other			
apktool_3.0.3.jar	uploaded ZIP/JAR	com/android/tools/smali/baksmali/Adaptors/Format/InstructionMethodItem$Writable.class	287	238	8	4259668307	1980,1,1,0,0,0	0	e7b0aae9a9975b81af3e8e4bad7ba8c27cfc11fb5856b2f5eb8d85f5bf8a7242	other			
apktool_3.0.3.jar	uploaded ZIP/JAR	com/android/tools/smali/baksmali/Adaptors/Format/InstructionMethodItem.class	16421	6638	8	2643574828	1980,1,1,0,0,0	0	3d92e117c98c5b90d0ff08964b6e37e9f46e9d37184e6b9f9a472ccab424d9ff	other			
apktool_3.0.3.jar	uploaded ZIP/JAR	com/android/tools/smali/baksmali/Adaptors/Format/OffsetInstructionFormatMethodItem.class	2698	1137	8	3535907424	1980,1,1,0,0,0	0	e9764f9f1113a7cb8ed1683db502600206abd5e312fc134a04bbcf7a2178a82e	other			
apktool_3.0.3.jar	uploaded ZIP/JAR	com/android/tools/smali/baksmali/Adaptors/Format/PackedSwitchMethodItem$PackedSwitchLabelTarget.class	888	417	8	1224011094	1980,1,1,0,0,0	0	7096f8f3733b82b619b537497906388fec29010a0020fa8283977b24b4a85b6d	other			
apktool_3.0.3.jar	uploaded ZIP/JAR	com/android/tools/smali/baksmali/Adaptors/Format/PackedSwitchMethodItem$PackedSwitchOffsetTarget.class	914	530	8	2577726811	1980,1,1,0,0,0	0	e1d614f3e0f22c541146198c58f7a2f74bfa58135bfc0fecaab761d55499a3b4	other			
apktool_3.0.3.jar	uploaded ZIP/JAR	com/android/tools/smali/baksmali/Adaptors/Format/PackedSwitchMethodItem$PackedSwitchTarget.class	458	333	8	2142386590	1980,1,1,0,0,0	0	a0b4173c96f8309de28aa03821ed0af3fc819c691c54600fb47fa55ad36a4286	other			
apktool_3.0.3.jar	uploaded ZIP/JAR	com/android/tools/smali/baksmali/Adaptors/Format/PackedSwitchMethodItem.class	4319	1703	8	332396077	1980,1,1,0,0,0	0	a4f738fcca7bf472bc6b3ab8e38c14ec97250132ad58a325e397fc5a4724cba0	other			
apktool_3.0.3.jar	uploaded ZIP/JAR	com/android/tools/smali/baksmali/Adaptors/Format/SparseSwitchMethodItem$SparseSwitchLabelTarget.class	891	430	8	2446486410	1980,1,1,0,0,0	0	2cb99c103e60bd29eb398792815d042b061b8ea70aa157151af2edc4bbc9feb4	other			
apktool_3.0.3.jar	uploaded ZIP/JAR	com/android/tools/smali/baksmali/Adaptors/Format/SparseSwitchMethodItem$SparseSwitchOffsetTarget.class	917	534	8	993841126	1980,1,1,0,0,0	0	72e3e1ef7df5f476fcd037f896bfef79eee54664f9997d805656418adfca61f9	other			
apktool_3.0.3.jar	uploaded ZIP/JAR	com/android/tools/smali/baksmali/Adaptors/Format/SparseSwitchMethodItem$SparseSwitchTarget.class	502	373	8	754419857	1980,1,1,0,0,0	0	fe1bc33ab850f2b941fa462246c56594ebd8a75817a3075922c55b07c26f610b	other			
apktool_3.0.3.jar	uploaded ZIP/JAR	com/android/tools/smali/baksmali/Adaptors/Format/SparseSwitchMethodItem.class	4239	1656	8	3087335351	1980,1,1,0,0,0	0	f3c93fa5656ea263ad555730771d33fb26b58d3042fd301e210e871e91a141ab	other			
apktool_3.0.3.jar	uploaded ZIP/JAR	com/android/tools/smali/baksmali/Adaptors/Format/UnresolvedOdexInstructionMethodItem.class	1699	700	8	3013449959	1980,1,1,0,0,0	0	d060e1b6c54f822543e61c40314f365e68bca7c01118c0815a0f3d05d45b4089	other			
apktool_3.0.3.jar	uploaded ZIP/JAR	com/android/tools/smali/baksmali/Adaptors/LabelMethodItem.class	1854	963	8	2497505551	1980,1,1,0,0,0	0	500598e068cb8e13f01a5a0e6e99c88652140468d86dc2382f57973f82cde9cc	other			
apktool_3.0.3.jar	uploaded ZIP/JAR	com/android/tools/smali/baksmali/Adaptors/MethodDefinition$InvalidSwitchPayload.class	605	437	8	2220669414	1980,1,1,0,0,0	0	87052879ddb56a2acfd0af1572c7c140fbb927cc1a78db7acae7d4b744e1b23a	other			
apktool_3.0.3.jar	uploaded ZIP/JAR	com/android/tools/smali/baksmali/Adaptors/MethodDefinition$LabelCache.class	871	496	8	1961617345	1980,1,1,0,0,0	0	1cc8ee69dd52fd87e7b9307a6a48b2f62b8cb52323e02c9d4182ecee88d7a238	other			
apktool_3.0.3.jar	uploaded ZIP/JAR	com/android/tools/smali/baksmali/Adaptors/MethodDefinition.class	18469	7217	8	3500347742	1980,1,1,0,0,0	0	0f9a416dd27d2fd5a26595b9fc2866f948798f3c225bf4c33b2ce352ffcc1bd1	other			
apktool_3.0.3.jar	uploaded ZIP/JAR	com/android/tools/smali/baksmali/Adaptors/MethodItem.class	997	606	8	2073236342	1980,1,1,0,0,0	0	ad5e5a777180e37ac3298848135dce758a971308774e256d63e6c40ee702005b	other			
apktool_3.0.3.jar	uploaded ZIP/JAR	com/android/tools/smali/baksmali/Adaptors/RegisterFormatter.class	1221	711	8	2253415638	1980,1,1,0,0,0	0	132f4748a91ed2bcd8692605cf6758d8390889d0d0ba462244b7bc5cd2ad9929	other			
apktool_3.0.3.jar	uploaded ZIP/JAR	com/android/tools/smali/baksmali/Baksmali$1.class	1174	558	8	2845545221	1980,1,1,0,0,0	0	bd49711c811d53ed246050d7821b6808f6f3eb4771bf02a9410370b5c637a829	other			
apktool_3.0.3.jar	uploaded ZIP/JAR	com/android/tools/smali/baksmali/Baksmali.class	3768	1837	8	474995407	1980,1,1,0,0,0	0	0a0333638340a97b70629f16dd4ae568dfd1584449f30ce7f769c4d6e300e4ad	other			
apktool_3.0.3.jar	uploaded ZIP/JAR	com/android/tools/smali/baksmali/BaksmaliOptions.class	559	424	8	3134646670	1980,1,1,0,0,0	0	c231b60096469be0626c0ed9545a4d28fd878a885871e374f62a4070a185e602	other			
apktool_3.0.3.jar	uploaded ZIP/JAR	com/android/tools/smali/baksmali/formatter/BaksmaliFormatter.class	1405	767	8	252537887	1980,1,1,0,0,0	0	aa55e3e9f86ecd3a6e42f5245c30d66dcba105ddbdf953285d233faaf26e2df6	other			
apktool_3.0.3.jar	uploaded ZIP/JAR	com/android/tools/smali/baksmali/formatter/BaksmaliWriter.class	10215	4624	8	349105832	1980,1,1,0,0,0	0	a2b432f60136e278d1804827bacd09b5b8af745377fe9eedd419d488c672c3f6	other			
apktool_3.0.3.jar	uploaded ZIP/JAR	com/android/tools/smali/dexlib2/AccessFlags.class	2784	1686	8	2403709333	1980,1,1,0,0,0	0	06a3dee9a08441d825968bae1297f72da514adefd4a5a5697907952148f95ad3	other			
apktool_3.0.3.jar	uploaded ZIP/JAR	com/android/tools/smali/dexlib2/AnnotationVisibility.class	901	599	8	684632967	1980,1,1,0,0,0	0	c18861da118f0647f08e8e94e9d7688cba92b6dca326fffab26d97be58f9d59e	other			
apktool_3.0.3.jar	uploaded ZIP/JAR	com/android/tools/smali/dexlib2/Format.class	3385	1702	8	3927206502	1980,1,1,0,0,0	0	4b56dabb7b25ab739820b00da9425d5bc20cb9191e6cd24707150b1e33e87998	other			
apktool_3.0.3.jar	uploaded ZIP/JAR	com/android/tools/smali/dexlib2/HiddenApiRestriction.class	2561	1438	8	2611585852	1980,1,1,0,0,0	0	e5a2ec062ee53949816c3c3dbc0fa72d486baac11878a37a154a8dd91a964912	other			
apktool_3.0.3.jar	uploaded ZIP/JAR	com/android/tools/smali/dexlib2/MethodHandleType$InvalidMethodHandleTypeException.class	606	423	8	1790403953	1980,1,1,0,0,0	0	7bb510000ba16ba7c87abf7587bf895e80cb085a6405b0b218aa76f34347b2f8	other			
apktool_3.0.3.jar	uploaded ZIP/JAR	com/android/tools/smali/dexlib2/MethodHandleType.class	1833	1064	8	351232297	1980,1,1,0,0,0	0	ff8c09ca58f7e6f637fbe06680dc2db0347d8e6e809284b1a6b8fd035e804876	other			
apktool_3.0.3.jar	uploaded ZIP/JAR	com/android/tools/smali/dexlib2/Opcode$VersionConstraint.class	580	389	8	2254461977	1980,1,1,0,0,0	0	90687412ec3e24e43cb9e4d5484c186041044d19b0938da75d3045b7aebd3f53	other			
apktool_3.0.3.jar	uploaded ZIP/JAR	com/android/tools/smali/dexlib2/Opcode.class	26115	12547	8	4044746935	1980,1,1,0,0,0	0	fa5fb75f4fb25b865bb69fc6995aed71f448ad6b5fb721b88f266c2499a10038	other			
apktool_3.0.3.jar	uploaded ZIP/JAR	com/android/tools/smali/dexlib2/Opcodes.class	2828	1570	8	1749038908	1980,1,1,0,0,0	0	3a641c45c6b995f3258bc9068afa206afd58751e2d6a459d9b040803b9e17be4	other			
apktool_3.0.3.jar	uploaded ZIP/JAR	com/android/tools/smali/dexlib2/ReferenceType$InvalidReferenceTypeException.class	643	444	8	2241415524	1980,1,1,0,0,0	0	224943c4860b638a25e872a0bde41fcc1cc72b41a2e1e7525c1813c0a9a0bb5e	other			
apktool_3.0.3.jar	uploaded ZIP/JAR	com/android/tools/smali/dexlib2/ReferenceType.class	231	198	8	509852195	1980,1,1,0,0,0	0	66eb2327c3b5db807ded2d52fb544fe00f11f2836beef1b7cd3351857a81032f	other			
apktool_3.0.3.jar	uploaded ZIP/JAR	com/android/tools/smali/dexlib2/VerificationError.class	1341	777	8	3020675923	1980,1,1,0,0,0	0	439bf9e93a8476aad5b5f478fa6f046b2ee5c978008d30bf281eec93bd7744e4	other			
apktool_3.0.3.jar	uploaded ZIP/JAR	com/android/tools/smali/dexlib2/analysis/UnresolvedOdexInstruction.class	321	234	8	3940189021	1980,1,1,0,0,0	0	fd429d4ce87eac798e23aaa2a63dc0c16711ee894818276e44ff3672da8e0d87	other			
apktool_3.0.3.jar	uploaded ZIP/JAR	com/android/tools/smali/dexlib2/base/BaseAnnotation$1.class	644	432	8	1692682025	1980,1,1,0,0,0	0	cb0148d69b1e4a505ef021970ce1b25bd4decbdcd8303e8e0a3c9e25331ef8ad	other			
apktool_3.0.3.jar	uploaded ZIP/JAR	com/android/tools/smali/dexlib2/base/BaseAnnotation.class	2325	1235	8	204813700	1980,1,1,0,0,0	0	fa951e701e124259045cf13271987cb46d788e99619e1590fdf81178f93e364a	other			
apktool_3.0.3.jar	uploaded ZIP/JAR	com/android/tools/smali/dexlib2/base/BaseAnnotationElement$1.class	657	427	8	39004553	1980,1,1,0,0,0	0	ff930d4f1b60e43890be9e810825bf77965f6092505b6713f30c0b8c087606e5	other			
apktool_3.0.3.jar	uploaded ZIP/JAR	com/android/tools/smali/dexlib2/base/BaseAnnotationElement.class	1209	704	8	1775851023	1980,1,1,0,0,0	0	2a0806ead643574fc128e5a89f9ac057a91081f8750cd153fba12b02f95bd0b0	other			
apktool_3.0.3.jar	uploaded ZIP/JAR	com/android/tools/smali/dexlib2/base/BaseExceptionHandler$1.class	550	370	8	1842288009	1980,1,1,0,0,0	0	a749ebd19171b5ab45052c6a93a90142f5608641f9471ff65f4753919583dceb	other			
apktool_3.0.3.jar	uploaded ZIP/JAR	com/android/tools/smali/dexlib2/base/BaseExceptionHandler.class	1427	797	8	2309879912	1980,1,1,0,0,0	0	a5a7dd6264ddff9b9908af49f1aa8a513e82d73428522b5c7b6945ef3912302f	other			
apktool_3.0.3.jar	uploaded ZIP/JAR	com/android/tools/smali/dexlib2/base/BaseMethodParameter.class	1865	997	8	1854568847	1980,1,1,0,0,0	0	832862e432e226f827f219a9dcb2a632b1a0c7e77103e8928dc9f511feac2674	other			
apktool_3.0.3.jar	uploaded ZIP/JAR	com/android/tools/smali/dexlib2/base/BaseTryBlock.class	674	501	8	3906590645	1980,1,1,0,0,0	0	6cf836e5cb356e1f736dcea1f64db46ee1d69ea2bf226758ab9eda3d082405ba	other			
apktool_3.0.3.jar	uploaded ZIP/JAR	com/android/tools/smali/dexlib2/base/reference/BaseCallSiteReference.class	1841	969	8	3395636025	1980,1,1,0,0,0	0	87a4076515e4c39c083c7ba340263753f9b104bdeaa633c56c296d14ea7ff4a6	other			
apktool_3.0.3.jar	uploaded ZIP/JAR	com/android/tools/smali/dexlib2/base/reference/BaseFieldReference.class	1690	893	8	3149312580	1980,1,1,0,0,0	0	c319d8c8a1e27a7c73d25457297c825536e45b6862aeb22347d2e770f09dd250	other			
apktool_3.0.3.jar	uploaded ZIP/JAR	com/android/tools/smali/dexlib2/base/reference/BaseMethodHandleReference.class	2329	1042	8	1135619295	1980,1,1,0,0,0	0	53f5d78aa90798bd3b34abfed96973ce0355c062e722ab273df5cb258ed8db36	other			
apktool_3.0.3.jar	uploaded ZIP/JAR	com/android/tools/smali/dexlib2/base/reference/BaseMethodProtoReference.class	2225	1198	8	4139434376	1980,1,1,0,0,0	0	64499f90bd080e5d77942fdbdfe6a58ad9d80f5c40be4eed85e0932a6d04e697	other			
apktool_3.0.3.jar	uploaded ZIP/JAR	com/android/tools/smali/dexlib2/base/reference/BaseMethodReference.class	2549	1305	8	712172782	1980,1,1,0,0,0	0	e3e8b7b2c699791c6feeaa105d60b931bdfcdb0d5fc32a352c6c532d8dfdc16e	other			
apktool_3.0.3.jar	uploaded ZIP/JAR	com/android/tools/smali/dexlib2/base/reference/BaseReference.class	451	309	8	952276254	1980,1,1,0,0,0	0	a36c5b4bbd5658164ee19f2a529ef4578bf6e7d367db96f3bc9a2486d3c49b7c	other			
apktool_3.0.3.jar	uploaded ZIP/JAR	com/android/tools/smali/dexlib2/base/reference/BaseStringReference.class	1171	654	8	945481973	1980,1,1,0,0,0	0	83e1134ad6de6910111b9daffaa6a55e3ea4772451b35ccbef7326ccbdd1f9af	other			
apktool_3.0.3.jar	uploaded ZIP/JAR	com/android/tools/smali/dexlib2/base/reference/BaseTypeReference.class	1654	904	8	3897512375	1980,1,1,0,0,0	0	9ef9508930045837bca76b09f83ebb5bf2134bbbea11cdec1efd29b88e5ee0d5	other			
apktool_3.0.3.jar	uploaded ZIP/JAR	com/android/tools/smali/dexlib2/base/value/BaseAnnotationEncodedValue.class	2710	1420	8	118932285	1980,1,1,0,0,0	0	e61dc9985dfad1f4195b428e79c416a1ed9afd67d874970ad2fed3170d353a66	other			
apktool_3.0.3.jar	uploaded ZIP/JAR	com/android/tools/smali/dexlib2/base/value/BaseArrayEncodedValue.class	1847	1029	8	1037515133	1980,1,1,0,0,0	0	95bb3d662e41586fff168528fd715c8d2a4ad3debb2b44bfea39f1d1e516da1b	other			
apktool_3.0.3.jar	uploaded ZIP/JAR	com/android/tools/smali/dexlib2/base/value/BaseBooleanEncodedValue.class	1502	842	8	1638499549	1980,1,1,0,0,0	0	60951b0d67dbc0647be5657cd4829b711f6bf173dbb416fd55d7e895b6fd9393	other			
apktool_3.0.3.jar	uploaded ZIP/JAR	com/android/tools/smali/dexlib2/base/value/BaseByteEncodedValue.class	1564	860	8	1545417411	1980,1,1,0,0,0	0	6b0f23998c1d5d19e8f86cb5c6456360d16e27f39237102eb7425103250db92f	other			
apktool_3.0.3.jar	uploaded ZIP/JAR	com/android/tools/smali/dexlib2/base/value/BaseCharEncodedValue.class	1607	884	8	2643776150	1980,1,1,0,0,0	0	b743f9422188e36f2e473fd362c0e88f69e2dd65c98209b0925982452291cf83	other			
apktool_3.0.3.jar	uploaded ZIP/JAR	com/android/tools/smali/dexlib2/base/value/BaseDoubleEncodedValue.class	1679	940	8	3334261071	1980,1,1,0,0,0	0	042cef5802d9f8be273f89ea5e082157e996a88dff9b650290fb51d176cd6e2c	other			
apktool_3.0.3.jar	uploaded ZIP/JAR	com/android/tools/smali/dexlib2/base/value/BaseEnumEncodedValue.class	1701	888	8	3656918576	1980,1,1,0,0,0	0	1484e58558b0beff48f6fe6a781e2e5c9c0977bdafd9ad3c153745d64b7c38f7	other			
apktool_3.0.3.jar	uploaded ZIP/JAR	com/android/tools/smali/dexlib2/base/value/BaseFieldEncodedValue.class	1703	887	8	3528290594	1980,1,1,0,0,0	0	959ba72384f6c343cde7b3155ae7e0defdaa1db09e3e7c5db40109364cafa6ab	other			
apktool_3.0.3.jar	uploaded ZIP/JAR	com/android/tools/smali/dexlib2/base/value/BaseFloatEncodedValue.class	1666	926	8	450896426	1980,1,1,0,0,0	0	470c5e0d77e818f1adf93663e84b22b64406554e0167c49f93bedea9c9175f62	other			
apktool_3.0.3.jar	uploaded ZIP/JAR	com/android/tools/smali/dexlib2/base/value/BaseIntEncodedValue.class	1561	858	8	824449666	1980,1,1,0,0,0	0	3ea8b42763422f4c55c40d728a71f3146d4544dd907b87016c299df57d7f6db0	other			
apktool_3.0.3.jar	uploaded ZIP/JAR	com/android/tools/smali/dexlib2/base/value/BaseLongEncodedValue.class	1617	903	8	718792559	1980,1,1,0,0,0	0	9598467e9c80e206dbf43b8500e824a75d3a40b1b64dcc89e804ec701452b289	other			
apktool_3.0.3.jar	uploaded ZIP/JAR	com/android/tools/smali/dexlib2/base/value/BaseMethodEncodedValue.class	1708	890	8	204521224	1980,1,1,0,0,0	0	98e58b5e8d82fd3148b4c276424fba8f0cbbcc25abc9c4a3ec7f3fd8a20eb426	other			
apktool_3.0.3.jar	uploaded ZIP/JAR	com/android/tools/smali/dexlib2/base/value/BaseMethodHandleEncodedValue.class	1738	897	8	2923089810	1980,1,1,0,0,0	0	393af2aef5228325c980972e0b919ba39bfa3e64c399528a26818ed604fd6b39	other			
apktool_3.0.3.jar	uploaded ZIP/JAR	com/android/tools/smali/dexlib2/base/value/BaseMethodTypeEncodedValue.class	2108	1125	8	1368018289	1980,1,1,0,0,0	0	00b0e9f4e0ee7a30f401d95230849a5f94bf301db7fb4f0537249a533b1d8b51	other			
apktool_3.0.3.jar	uploaded ZIP/JAR	com/android/tools/smali/dexlib2/base/value/BaseNullEncodedValue.class	1317	735	8	526896302	1980,1,1,0,0,0	0	b6d54b912410e1a67862eda7316e4796ac94a9d58c504299968132867fdda964	other			
apktool_3.0.3.jar	uploaded ZIP/JAR	com/android/tools/smali/dexlib2/base/value/BaseShortEncodedValue.class	1606	884	8	4142727936	1980,1,1,0,0,0	0	28b922cd0f4152ca4147c4eafd83f50d157dc09973993a69a83473c7a47acb33	other			
apktool_3.0.3.jar	uploaded ZIP/JAR	com/android/tools/smali/dexlib2/base/value/BaseStringEncodedValue.class	1528	842	8	3585024586	1980,1,1,0,0,0	0	430db90a6d58d58697fff8456590958ee8ffe7734b6c4d0499119321cc2085ae	other			
apktool_3.0.3.jar	uploaded ZIP/JAR	com/android/tools/smali/dexlib2/base/value/BaseTypeEncodedValue.class	1524	842	8	1587276955	1980,1,1,0,0,0	0	292efcc99d991dc3c5a8289aa054d2d0ae2825a6a530bf9f4026dd59914003fb	other			
apktool_3.0.3.jar	uploaded ZIP/JAR	com/android/tools/smali/dexlib2/builder/BuilderDebugItem.class	882	529	8	2997415126	1980,1,1,0,0,0	0	869cd41181d8526b7f34c7c5867be77fdd433dd39e6070739840dbb18dfdb18c	other			
apktool_3.0.3.jar	uploaded ZIP/JAR	com/android/tools/smali/dexlib2/builder/BuilderExceptionHandler$1.class	1361	583	8	624007453	1980,1,1,0,0,0	0	56f515ced8cfe7dc528b89e156783c601b215279b2e09e3415df705cd3b60049	other			
apktool_3.0.3.jar	uploaded ZIP/JAR	com/android/tools/smali/dexlib2/builder/BuilderExceptionHandler$2.class	890	465	8	1254800694	1980,1,1,0,0,0	0	af6f64a7976d64c710d3213fd23be1c3dbbc169168a37961e05a3a5e2e08f42f	other			
apktool_3.0.3.jar	uploaded ZIP/JAR	com/android/tools/smali/dexlib2/builder/BuilderExceptionHandler.class	523	321	8	3990695556	1980,1,1,0,0,0	0	0b6792503b67f7804d3d1fe012f3c54d20b6fe556aab297999905d780d7b81a1	other			
apktool_3.0.3.jar	uploaded ZIP/JAR	com/android/tools/smali/dexlib2/builder/BuilderInstruction.class	1463	764	8	3804440321	1980,1,1,0,0,0	0	4ec5d6bd6c0c075f93b165a1de8350b45fce2a9d675b72cf1685bb3c21bc12e4	other			
apktool_3.0.3.jar	uploaded ZIP/JAR	com/android/tools/smali/dexlib2/builder/BuilderOffsetInstruction.class	1949	959	8	2633186416	1980,1,1,0,0,0	0	5cc72689ceeb46455477511f1379a1192aca1e5a4f56e71fae1e948c0a392764	other			
apktool_3.0.3.jar	uploaded ZIP/JAR	com/android/tools/smali/dexlib2/builder/BuilderSwitchPayload.class	571	336	8	4127559709	1980,1,1,0,0,0	0	321e383ee1bc2f71b395e8aaf50b3511e69bd224ba40e0162344b19f3453c7fd	other			
apktool_3.0.3.jar	uploaded ZIP/JAR	com/android/tools/smali/dexlib2/builder/BuilderTryBlock.class	2280	897	8	1087747659	1980,1,1,0,0,0	0	f1ba4fd9676c37a34351f8fb513bb29af4acadf9915edf17d44873b4dcddfaaf	other			
apktool_3.0.3.jar	uploaded ZIP/JAR	com/android/tools/smali/dexlib2/builder/ItemWithLocation.class	413	297	8	2850663719	1980,1,1,0,0,0	0	cc3778e6032bafdeecab5324169f18f6d02865b0cfa46c9cce0e5dce047b6daa	other			
apktool_3.0.3.jar	uploaded ZIP/JAR	com/android/tools/smali/dexlib2/builder/Label.class	749	469	8	4262474897	1980,1,1,0,0,0	0	46c80992b35fda65e9563ea8f89bf1a2311b026ba8148ee80e461d877195abd3	other			
apktool_3.0.3.jar	uploaded ZIP/JAR	com/android/tools/smali/dexlib2/builder/LocatedDebugItems.class	582	407	8	1852903276	1980,1,1,0,0,0	0	3dccd1e2488f4cb8e2e29d1f06d5eab7bdc4a0084c5520b0963f4f4476cb631a	other			
apktool_3.0.3.jar	uploaded ZIP/JAR	com/android/tools/smali/dexlib2/builder/LocatedItems$1$1.class	971	577	8	3814136367	1980,1,1,0,0,0	0	af3ecc7ad48174dda660222a684947c06f9b21704fed9032fb59e0bc36f1a246	other			
apktool_3.0.3.jar	uploaded ZIP/JAR	com/android/tools/smali/dexlib2/builder/LocatedItems$1.class	1685	886	8	2234572634	1980,1,1,0,0,0	0	836072a453fdfc3de4baa7caf57c1b949e0b234fcea5113021fd2a0d340dfd86	other			
apktool_3.0.3.jar	uploaded ZIP/JAR	com/android/tools/smali/dexlib2/builder/LocatedItems.class	1225	722	8	3728334516	1980,1,1,0,0,0	0	be5fc6a46164db5923b93c955c35d923aea4c9034ec7cfdb3e7296c405ea5bf1	other			
apktool_3.0.3.jar	uploaded ZIP/JAR	com/android/tools/smali/dexlib2/builder/LocatedLabels.class	556	396	8	2595209933	1980,1,1,0,0,0	0	cb165e810b608218396e89581c1d132c439f2cebf9618608e7078cb45457e8ef	other			
apktool_3.0.3.jar	uploaded ZIP/JAR	com/android/tools/smali/dexlib2/builder/MethodImplementationBuilder.class	2480	1159	8	1296913344	1980,1,1,0,0,0	0	24dedd86fd1b539e8dfae301e3277f4a4adfee48b60a90e3e944af4c8abc0f96	other			
apktool_3.0.3.jar	uploaded ZIP/JAR	com/android/tools/smali/dexlib2/builder/MethodLocation.class	942	502	8	687817604	1980,1,1,0,0,0	0	f41c7a3116bb130ce5afaf949b9b89ceb47fbd84fb03c02348ca73e8b345d72d	other			
apktool_3.0.3.jar	uploaded ZIP/JAR	com/android/tools/smali/dexlib2/builder/MutableMethodImplementation$1.class	905	461	8	2324615699	1980,1,1,0,0,0	0	e13a56f2d332ac8a1df91214890c819e6f0a0253f2bf310eaec365702ac0b54c	other			
apktool_3.0.3.jar	uploaded ZIP/JAR	com/android/tools/smali/dexlib2/builder/MutableMethodImplementation$2.class	1210	669	8	3233917384	1980,1,1,0,0,0	0	f0beab463d56ab55799d57578af649ad88e100e36c915e6c5086b2afd0b004d7	other			
apktool_3.0.3.jar	uploaded ZIP/JAR	com/android/tools/smali/dexlib2/builder/MutableMethodImplementation$SwitchPayloadReferenceLabel.class	487	321	8	2244405643	1980,1,1,0,0,0	0	18b5697d091b482093aa11ca78f646f40afdd7d0523bd581ad9f42d793b8cb87	other			
apktool_3.0.3.jar	uploaded ZIP/JAR	com/android/tools/smali/dexlib2/builder/MutableMethodImplementation.class	27291	9630	8	1793778140	1980,1,1,0,0,0	0	ce58399340134690f39b65ec9f508382b2ff3f044125a41da9ecf5fa0fc9de5a	other			
apktool_3.0.3.jar	uploaded ZIP/JAR	com/android/tools/smali/dexlib2/builder/SwitchLabelElement.class	514	352	8	833361069	1980,1,1,0,0,0	0	e5a60fdc3d01419189006e51b96cb334a3499ac3ef7672889ad06a58fb8cff2b	other			
apktool_3.0.3.jar	uploaded ZIP/JAR	com/android/tools/smali/dexlib2/builder/debug/BuilderEndLocal.class	741	448	8	1209241075	1980,1,1,0,0,0	0	310a38c4edbe299ba1af2cb95709dd5f16b42608cd74031e158d9622341373bf	other			
apktool_3.0.3.jar	uploaded ZIP/JAR	com/android/tools/smali/dexlib2/builder/debug/BuilderEpilogueBegin.class	439	311	8	3360875938	1980,1,1,0,0,0	0	81b8e385c8bebeb10965898e260409affcdb56c10e8a4bd0a5439640fb68a4c0	other			
apktool_3.0.3.jar	uploaded ZIP/JAR	com/android/tools/smali/dexlib2/builder/debug/BuilderLineNumber.class	608	382	8	53848210	1980,1,1,0,0,0	0	7300e48250eb30fa16da187cb5b0d1904487c7a6e159c15a03d83497b044c0b9	other			
apktool_3.0.3.jar	uploaded ZIP/JAR	com/android/tools/smali/dexlib2/builder/debug/BuilderPrologueEnd.class	437	310	8	702723809	1980,1,1,0,0,0	0	006e94aab4e408667dfa6aecf9cde4403906510fa66b2a0f312c5ca19e1a1816	other			
apktool_3.0.3.jar	uploaded ZIP/JAR	com/android/tools/smali/dexlib2/builder/debug/BuilderRestartLocal.class	750	454	8	3971056862	1980,1,1,0,0,0	0	50471f0c0fe249ff3112445d3033ba491d4871b267f278470f2ed1b26dd98df9	other			
apktool_3.0.3.jar	uploaded ZIP/JAR	com/android/tools/smali/dexlib2/builder/debug/BuilderSetSourceFile.class	1051	523	8	456942090	1980,1,1,0,0,0	0	33e0b5bd453a238e53714d3b4f180a3a8dabc09b636be8f8726101a44f9fb9c4	other			
apktool_3.0.3.jar	uploaded ZIP/JAR	com/android/tools/smali/dexlib2/builder/debug/BuilderStartLocal.class	1841	729	8	146616660	1980,1,1,0,0,0	0	85c1e3cbc2e04bee2438fef7f1fe913d2c07d919c9453323125bb1d28012a471	other			
apktool_3.0.3.jar	uploaded ZIP/JAR	com/android/tools/smali/dexlib2/builder/instruction/BuilderArrayPayload.class	1369	719	8	1071635565	1980,1,1,0,0,0	0	92d14388bf51b8fa67e64ff6907e4c0414841e9633dd08d60566fd3de2179c89	other			
apktool_3.0.3.jar	uploaded ZIP/JAR	com/android/tools/smali/dexlib2/builder/instruction/BuilderInstruction10t.class	777	399	8	1278172078	1980,1,1,0,0,0	0	267550550786b44f63e03ef1f316deedee52f077831073fa69c557510b213f0a	other			
apktool_3.0.3.jar	uploaded ZIP/JAR	com/android/tools/smali/dexlib2/builder/instruction/BuilderInstruction10x.class	723	383	8	330544135	1980,1,1,0,0,0	0	3f2a743a5efb159a5dad3f10f021347639b3078ced7dceb0fd99a3f1c684572c	other			
apktool_3.0.3.jar	uploaded ZIP/JAR	com/android/tools/smali/dexlib2/builder/instruction/BuilderInstruction11n.class	1561	827	8	3606112805	1980,1,1,0,0,0	0	9c4477db044fd1c480e9cc3e58ba083015c2bdace34a569e30948e66b563bc61	other			
apktool_3.0.3.jar	uploaded ZIP/JAR	com/android/tools/smali/dexlib2/builder/instruction/BuilderInstruction11x.class	973	499	8	3018333897	1980,1,1,0,0,0	0	6b0c25a5cbb61b25dd2d117217f810222d0cf242bfd642c3085c2c0a71b4a0a4	other			
apktool_3.0.3.jar	uploaded ZIP/JAR	com/android/tools/smali/dexlib2/builder/instruction/BuilderInstruction12x.class	1076	532	8	953599883	1980,1,1,0,0,0	0	2d1398c02446f2a42a5fe6f736b1d19f9c852c6e372d9f7711337134496224c7	other			
apktool_3.0.3.jar	uploaded ZIP/JAR	com/android/tools/smali/dexlib2/builder/instruction/BuilderInstruction20bc.class	2569	1087	8	3086701716	1980,1,1,0,0,0	0	eb847982d95b29f4b264b8fee21c71689d8434ab1c0d804543ff53e3c7a05ba0	other			
apktool_3.0.3.jar	uploaded ZIP/JAR	com/android/tools/smali/dexlib2/builder/instruction/BuilderInstruction20t.class	777	401	8	418336305	1980,1,1,0,0,0	0	c7de15c3c091b2ba7ac57ff0218b86a5e40e02f06211b20a3ef781c68d36363a	other			
apktool_3.0.3.jar	uploaded ZIP/JAR	com/android/tools/smali/dexlib2/builder/instruction/BuilderInstruction21c.class	1452	616	8	4016309035	1980,1,1,0,0,0	0	478f94b186b4ce70973ee59ea50131db0a8e4fb03c1ee4b049f738b9ddbe8a6c	other			
apktool_3.0.3.jar	uploaded ZIP/JAR	com/android/tools/smali/dexlib2/builder/instruction/BuilderInstruction21ih.class	1626	850	8	3997783736	1980,1,1,0,0,0	0	3df59886d3c271fa590a044c1508bee7a4410dbc53de88563d9fd5b889386262	other			
apktool_3.0.3.jar	uploaded ZIP/JAR	com/android/tools/smali/dexlib2/builder/instruction/BuilderInstruction21lh.class	1569	838	8	219397840	1980,1,1,0,0,0	0	e7892e9e4d97174e018f0037c56190d41e743d375bb6c86a67d4caae872531f3	other			
apktool_3.0.3.jar	uploaded ZIP/JAR	com/android/tools/smali/dexlib2/builder/instruction/BuilderInstruction21s.class	1173	592	8	3464417416	1980,1,1,0,0,0	0	8ab2f67b782dc873ea00ae1e0cbed4cf6f7188556a9eb710715fac97bcca74c7	other			
apktool_3.0.3.jar	uploaded ZIP/JAR	com/android/tools/smali/dexlib2/builder/instruction/BuilderInstruction21t.class	1074	520	8	2477887639	1980,1,1,0,0,0	0	9ebb26cc9d9ae70bd146a6d93db7ed664829f1a5867c73497d64f4622ee5d68e	other			
apktool_3.0.3.jar	uploaded ZIP/JAR	com/android/tools/smali/dexlib2/builder/instruction/BuilderInstruction22b.class	1669	866	8	1870046237	1980,1,1,0,0,0	0	01dc046d0736df22084a90d0093ad9d273e0a3c3fb98b361038d49ef6172a57e	other			
apktool_3.0.3.jar	uploaded ZIP/JAR	com/android/tools/smali/dexlib2/builder/instruction/BuilderInstruction22c.class	1556	649	8	2531767772	1980,1,1,0,0,0	0	2ba5210a136451ef0574b20dc2479271d89a21057c80ffeac4f9ee2668da6284	other			
apktool_3.0.3.jar	uploaded ZIP/JAR	com/android/tools/smali/dexlib2/builder/instruction/BuilderInstruction22cs.class	1182	575	8	1091966260	1980,1,1,0,0,0	0	871eea1f82a4629ce383973eadaed316f1b40cd4db6fc756a864e7610475adef	other			
apktool_3.0.3.jar	uploaded ZIP/JAR	com/android/tools/smali/dexlib2/builder/instruction/BuilderInstruction22s.class	1277	624	8	3567049434	1980,1,1,0,0,0	0	fa8cc8a7dd661b7ce040a11a4b6edf0edb71a1fced0d96725dccc78a408d13bf	other			
apktool_3.0.3.jar	uploaded ZIP/JAR	com/android/tools/smali/dexlib2/builder/instruction/BuilderInstruction22t.class	1178	556	8	510482213	1980,1,1,0,0,0	0	a71baefb14c26548700d67295b24489569bb08d79656d8dbf3e2e817b1f0d11b	other			
apktool_3.0.3.jar	uploaded ZIP/JAR	com/android/tools/smali/dexlib2/builder/instruction/BuilderInstruction22x.class	1105	550	8	4116102252	1980,1,1,0,0,0	0	4ab7b5601b1ee2d3d124ab5227027c435ecd85cfa2af7a5dd8af522823c4a3b7	other			
apktool_3.0.3.jar	uploaded ZIP/JAR	com/android/tools/smali/dexlib2/builder/instruction/BuilderInstruction23x.class	1176	564	8	4128179751	1980,1,1,0,0,0	0	fdcb08b46d14463b673f831564fd9f6332eee76fb5c7715ea33d905d0e2fb876	other			
apktool_3.0.3.jar	uploaded ZIP/JAR	com/android/tools/smali/dexlib2/builder/instruction/BuilderInstruction30t.class	777	400	8	726711620	1980,1,1,0,0,0	0	129d90dddfa84d8948aa4b905084b34e5141694a98b7a9307f7f72b97ad0b7c0	other			
apktool_3.0.3.jar	uploaded ZIP/JAR	com/android/tools/smali/dexlib2/builder/instruction/BuilderInstruction31c.class	1452	615	8	83872105	1980,1,1,0,0,0	0	2cf27a0cd282db4e6cfa9e1914770594ef32faa2fc9ee7bef7e3330c5e717300	other			
apktool_3.0.3.jar	uploaded ZIP/JAR	com/android/tools/smali/dexlib2/builder/instruction/BuilderInstruction31i.class	1140	574	8	2136744259	1980,1,1,0,0,0	0	84d0d06b79271166f527a0b2c449ecb1151adc8f1e7d524ce358e904d02c1e3e	other			
apktool_3.0.3.jar	uploaded ZIP/JAR	com/android/tools/smali/dexlib2/builder/instruction/BuilderInstruction31t.class	1074	520	8	2356572053	1980,1,1,0,0,0	0	1b9a82a68f15f61dbc8c863d0b9b13495bfe39f3bea93ba0a81b676851760ebd	other			
apktool_3.0.3.jar	uploaded ZIP/JAR	com/android/tools/smali/dexlib2/builder/instruction/BuilderInstruction32x.class	1075	532	8	2109495357	1980,1,1,0,0,0	0	a54ae4fae8dc3b19453dff502cc7545d7e8f10dc734e0a05fbe584adeb5d529b	other			
apktool_3.0.3.jar	uploaded ZIP/JAR	com/android/tools/smali/dexlib2/builder/instruction/BuilderInstruction35c.class	2359	886	8	2916710624	1980,1,1,0,0,0	0	544b1e2e761ff3a10b1f427390c23defa77348174fb6063900db4e7347fae794	other			
apktool_3.0.3.jar	uploaded ZIP/JAR	com/android/tools/smali/dexlib2/builder/instruction/BuilderInstruction35mi.class	1902	803	8	3691240618	1980,1,1,0,0,0	0	023afa8f0d65c3f478daa0d52f1f85e29fe5feaa920d1877da608e11505aa512	other			
apktool_3.0.3.jar	uploaded ZIP/JAR	com/android/tools/smali/dexlib2/builder/instruction/BuilderInstruction35ms.class	1902	802	8	3831725965	1980,1,1,0,0,0	0	cdca966cc6182fb56e91ca548e1fb9f0a92527bde123e297cb4902a810c27572	other			
apktool_3.0.3.jar	uploaded ZIP/JAR	com/android/tools/smali/dexlib2/builder/instruction/BuilderInstruction3rc.class	1607	678	8	1081387320	1980,1,1,0,0,0	0	a7c7553172143218af0dc910fdc8a203c3f024a391a77058f5055220538825d6	other			
apktool_3.0.3.jar	uploaded ZIP/JAR	com/android/tools/smali/dexlib2/builder/instruction/BuilderInstruction3rmi.class	1233	600	8	3984495430	1980,1,1,0,0,0	0	b0eff26fdfed89474d8df73afc868afa335ae9641168a5f15ceb65d1237426ad	other			
apktool_3.0.3.jar	uploaded ZIP/JAR	com/android/tools/smali/dexlib2/builder/instruction/BuilderInstruction3rms.class	1233	601	8	2670042847	1980,1,1,0,0,0	0	ab3352c5ee2dc3081cd6b20813034bea6eefe774e58578bcf26b608ce235adf4	other			
apktool_3.0.3.jar	uploaded ZIP/JAR	com/android/tools/smali/dexlib2/builder/instruction/BuilderInstruction45cc.class	2644	963	8	2918355370	1980,1,1,0,0,0	0	e9ccd01beb6985c267e69edfadf9f73cbbc3548fef5a87f05f57da0edfe38846	other			
apktool_3.0.3.jar	uploaded ZIP/JAR	com/android/tools/smali/dexlib2/builder/instruction/BuilderInstruction4rcc.class	1862	742	8	1391423229	1980,1,1,0,0,0	0	6c98da8be1f65a70dcfd0dd02a95593092f89d6611099753869d6201fbb42642	other			
apktool_3.0.3.jar	uploaded ZIP/JAR	com/android/tools/smali/dexlib2/builder/instruction/BuilderInstruction51l.class	1081	553	8	3557364090	1980,1,1,0,0,0	0	a9671711cf66e6b9c132004d9deccc609e1ac96b204038d65428099668791633	other			
apktool_3.0.3.jar	uploaded ZIP/JAR	com/android/tools/smali/dexlib2/builder/instruction/BuilderPackedSwitchPayload.class	1846	919	8	3726441048	1980,1,1,0,0,0	0	dc871cf0b149a61c299e3129d184d9ebcb4c40e494eb2d792b7a1fecd0cea095	other			
apktool_3.0.3.jar	uploaded ZIP/JAR	com/android/tools/smali/dexlib2/builder/instruction/BuilderSparseSwitchPayload$1.class	1420	694	8	3498881367	1980,1,1,0,0,0	0	8f8a3a62223dbd555fadbc7277efdc09af82fe098fa39b4e5821c9a59af90d17	other			
apktool_3.0.3.jar	uploaded ZIP/JAR	com/android/tools/smali/dexlib2/builder/instruction/BuilderSparseSwitchPayload.class	1839	875	8	184115483	1980,1,1,0,0,0	0	4be4dec9456f74b57d8ece81474d2c2f02f515dba1ed68c64febd970937ea726	other			
apktool_3.0.3.jar	uploaded ZIP/JAR	com/android/tools/smali/dexlib2/builder/instruction/BuilderSwitchElement.class	1436	710	8	1847504422	1980,1,1,0,0,0	0	48a796e4d52d964b9566c28f0ad63c79feb8a0e31fb41d20bff14e0aafb71c9e	other			
apktool_3.0.3.jar	uploaded ZIP/JAR	com/android/tools/smali/dexlib2/dexbacked/DexBackedAnnotation$0.class	683	371	8	1212580955	1980,1,1,0,0,0	0	6207fd4dcfdb04786348e4d93067eb3a83a13d8b215cf3cd7decfb1d56bfe183	other			
apktool_3.0.3.jar	uploaded ZIP/JAR	com/android/tools/smali/dexlib2/dexbacked/DexBackedAnnotation$1.class	1219	469	8	1917616375	1980,1,1,0,0,0	0	5267d18bed688d3bbe2d54fd7a14c3b8e099dae5c93eacd5d5f22d6fffe608b6	other			
apktool_3.0.3.jar	uploaded ZIP/JAR	com/android/tools/smali/dexlib2/dexbacked/DexBackedAnnotation.class	2020	861	8	1747564314	1980,1,1,0,0,0	0	2e4584b57978fd00e4b54b4ca1008b57d17a54d6f278637ec2151f382086a03e	other			
apktool_3.0.3.jar	uploaded ZIP/JAR	com/android/tools/smali/dexlib2/dexbacked/DexBackedAnnotationElement.class	1595	651	8	2483606061	1980,1,1,0,0,0	0	9094a60e5ae59500d59248690122034761aa19d4c508963ffd346620353905b2	other			
apktool_3.0.3.jar	uploaded ZIP/JAR	com/android/tools/smali/dexlib2/dexbacked/DexBackedCatchAllExceptionHandler.class	755	450	8	1140015259	1980,1,1,0,0,0	0	6b3a6380c969878dbcf16476eefc704c87100e6d032a3126d9bd2ccb25b4f515	other			
apktool_3.0.3.jar	uploaded ZIP/JAR	com/android/tools/smali/dexlib2/dexbacked/DexBackedClassDef$1.class	1336	642	8	3034554297	1980,1,1,0,0,0	0	da224a09954ad76320a736f5cadf2c526b779abece432343f0e866e70614fff2	other			
apktool_3.0.3.jar	uploaded ZIP/JAR	com/android/tools/smali/dexlib2/dexbacked/DexBackedClassDef$2$1.class	3164	1208	8	1256909139	1980,1,1,0,0,0	0	ced3bf6798c0c113c71382afa5ec5d71f7da3307d8df2fc84191d7844838dec1	other			
apktool_3.0.3.jar	uploaded ZIP/JAR	com/android/tools/smali/dexlib2/dexbacked/DexBackedClassDef$2.class	2583	940	8	1992950859	1980,1,1,0,0,0	0	9d0b0bb526f662fca9c555c969263c8791bec5fc5c1e5f1603e45949d48da729	other			
apktool_3.0.3.jar	uploaded ZIP/JAR	com/android/tools/smali/dexlib2/dexbacked/DexBackedClassDef$3$1.class	2880	1141	8	626710749	1980,1,1,0,0,0	0	a4886d0b2c1384c79350b0ae06a9716a114f41496f273c36984ba5faf477737d	other			
apktool_3.0.3.jar	uploaded ZIP/JAR	com/android/tools/smali/dexlib2/dexbacked/DexBackedClassDef$3.class	1904	739	8	163909635	1980,1,1,0,0,0	0	945e9ad2f07865ac0b9f7b78319aebc9aca49c7407bb5c074a74a01ea6732f26	other			
apktool_3.0.3.jar	uploaded ZIP/JAR	com/android/tools/smali/dexlib2/dexbacked/DexBackedClassDef$4$1.class	3134	1182	8	3950283771	1980,1,1,0,0,0	0	a3e2ddcd2ec3e1333eca2033e5622428083d20a416419e6ff5c9eaf52e7ab148	other			
apktool_3.0.3.jar	uploaded ZIP/JAR	com/android/tools/smali/dexlib2/dexbacked/DexBackedClassDef$4.class	2054	775	8	1037306953	1980,1,1,0,0,0	0	2d4cf82aa8f2badb4ecfa75cd494c3437034cbf48911010c5cc1896f0f2ce83d	other			
apktool_3.0.3.jar	uploaded ZIP/JAR	com/android/tools/smali/dexlib2/dexbacked/DexBackedClassDef$5$1.class	2856	1132	8	1052695768	1980,1,1,0,0,0	0	9609435607fbf989df3aac48a6fce449a5f391049cb79e4194341cd29ad685e7	other			
apktool_3.0.3.jar	uploaded ZIP/JAR	com/android/tools/smali/dexlib2/dexbacked/DexBackedClassDef$5.class	1932	765	8	3809542072	1980,1,1,0,0,0	0	3b5f5d5ab2bd2619f5de115ca6ad94cfc12e552b8ba053809a4e8216c5cd7f13	other			
apktool_3.0.3.jar	uploaded ZIP/JAR	com/android/tools/smali/dexlib2/dexbacked/DexBackedClassDef$HiddenApiRestrictionsReader$1.class	1644	738	8	4098143602	1980,1,1,0,0,0	0	26d898a1931c232bd4b14ab9c7464af60f0f7b76e527449b6fa00514aea45d82	other			
apktool_3.0.3.jar	uploaded ZIP/JAR	com/android/tools/smali/dexlib2/dexbacked/DexBackedClassDef$HiddenApiRestrictionsReader$2.class	1645	737	8	3245785498	1980,1,1,0,0,0	0	05ec6aa02a0de50bef362ee0e0614d8ba5960b246d580369637ec762c5f08a57	other			
apktool_3.0.3.jar	uploaded ZIP/JAR	com/android/tools/smali/dexlib2/dexbacked/DexBackedClassDef$HiddenApiRestrictionsReader$3.class	1645	735	8	4232637635	1980,1,1,0,0,0	0	afd9ddf9f1e44a6463e65553f95fb5714a4c5dd156f14e584552e83f62216fc4	other			
apktool_3.0.3.jar	uploaded ZIP/JAR	com/android/tools/smali/dexlib2/dexbacked/DexBackedClassDef$HiddenApiRestrictionsReader$4.class	780	474	8	3034349162	1980,1,1,0,0,0	0	168f54b74542d30181089671c4c0160f59a6b708b84493c4e5ed3d8f672fe7c4	other			
apktool_3.0.3.jar	uploaded ZIP/JAR	com/android/tools/smali/dexlib2/dexbacked/DexBackedClassDef$HiddenApiRestrictionsReader.class	682	422	8	4189290137	1980,1,1,0,0,0	0	abc4f38db47de5fbf939c4ebffceb502ee33fec2f1622f1418d728abfddd5072	other			
apktool_3.0.3.jar	uploaded ZIP/JAR	com/android/tools/smali/dexlib2/dexbacked/DexBackedClassDef.class	9333	3289	8	2166925517	1980,1,1,0,0,0	0	84269ff8a50658cee4c5309fd266c938a6469c51a032132578b64e70c85337ea	other			
apktool_3.0.3.jar	uploaded ZIP/JAR	com/android/tools/smali/dexlib2/dexbacked/DexBackedDexFile$1.class	1032	516	8	3165084189	1980,1,1,0,0,0	0	f4e6a0ac3b133cf5fc8f90db979d534202e9b2f01c1f6cdd660f9b9c6016d125	other			
apktool_3.0.3.jar	uploaded ZIP/JAR	com/android/tools/smali/dexlib2/dexbacked/DexBackedDexFile$10.class	1738	921	8	673919596	1980,1,1,0,0,0	0	049496cdc9f11b71497e961d4977b15b84940e37224d4d2339d873eaf9afcc23	other			
apktool_3.0.3.jar	uploaded ZIP/JAR	com/android/tools/smali/dexlib2/dexbacked/DexBackedDexFile$11.class	1359	633	8	11285783	1980,1,1,0,0,0	0	9a9f3778a1264833fd08738e502b58936b0cc0380288abcef3a5e640528e8b93	other			
apktool_3.0.3.jar	uploaded ZIP/JAR	com/android/tools/smali/dexlib2/dexbacked/DexBackedDexFile$12.class	1363	632	8	2578339831	1980,1,1,0,0,0	0	4dd31c530894c14398de2a7ecf34d246ae3e3991ed4da881d400030c8a342551	other			
apktool_3.0.3.jar	uploaded ZIP/JAR	com/android/tools/smali/dexlib2/dexbacked/DexBackedDexFile$4.class	907	510	8	412607812	1980,1,1,0,0,0	0	ed53220b9c508941635a58f3037c780984ac86c06f7a417f00392b94e1692d70	other			
apktool_3.0.3.jar	uploaded ZIP/JAR	com/android/tools/smali/dexlib2/dexbacked/DexBackedDexFile$5.class	3238	1589	8	1784298612	1980,1,1,0,0,0	0	a572b44680d761ff451e72be68f4ac7c633d868e5022ee864508e89a4c6f13fb	other			
apktool_3.0.3.jar	uploaded ZIP/JAR	com/android/tools/smali/dexlib2/dexbacked/DexBackedDexFile$6.class	1934	917	8	257212474	1980,1,1,0,0,0	0	3e74ef26a04a2b122e92a85ebd2f2a9e8cc5aa290d22b26836b7470f97f36990	other			
apktool_3.0.3.jar	uploaded ZIP/JAR	com/android/tools/smali/dexlib2/dexbacked/DexBackedDexFile$7.class	1471	771	8	3227761657	1980,1,1,0,0,0	0	50fa1817035a50a48546f79ea246e9b651308378b8b44a2e61a2ff37d2e7ecb3	other			
apktool_3.0.3.jar	uploaded ZIP/JAR	com/android/tools/smali/dexlib2/dexbacked/DexBackedDexFile$8.class	1475	769	8	2641373352	1980,1,1,0,0,0	0	6087f28ad85bd656c038268a3209cbb5bf84563b18617da004972b70c163f6d5	other			
apktool_3.0.3.jar	uploaded ZIP/JAR	com/android/tools/smali/dexlib2/dexbacked/DexBackedDexFile$9.class	1477	775	8	799194220	1980,1,1,0,0,0	0	2ffd7d9a4e223fb9c1cd39020277555c3bd10be13cbbef0d430ccf9f98c4b030	other			
apktool_3.0.3.jar	uploaded ZIP/JAR	com/android/tools/smali/dexlib2/dexbacked/DexBackedDexFile$IndexedSection.class	358	285	8	3814475388	1980,1,1,0,0,0	0	3490e66e2f6c982bce52b307ea6aa5bd9d66a3eb12b38c05d46ddb124c411a6c	other			
apktool_3.0.3.jar	uploaded ZIP/JAR	com/android/tools/smali/dexlib2/dexbacked/DexBackedDexFile$NotADexFile.class	378	300	8	2525083328	1980,1,1,0,0,0	0	4e743eaf96491e90118b3ad1d6a226b2715d1f06bef6c5e9c4dac655565b3d11	other			
apktool_3.0.3.jar	uploaded ZIP/JAR	com/android/tools/smali/dexlib2/dexbacked/DexBackedDexFile$OptionalIndexedSection.class	417	282	8	2541711449	1980,1,1,0,0,0	0	24e77fb27acc5136702829470f01aaf3c04937ae8358dfbd22b53c3d958a3a7a	other			
apktool_3.0.3.jar	uploaded ZIP/JAR	com/android/tools/smali/dexlib2/dexbacked/DexBackedDexFile.class	4572	1936	8	1148117565	1980,1,1,0,0,0	0	2e4dc05520950706835bd530f99b9ba36e2cc24afca400f4f314090685a83300	other			
apktool_3.0.3.jar	uploaded ZIP/JAR	com/android/tools/smali/dexlib2/dexbacked/DexBackedExceptionHandler.class	387	279	8	2967847272	1980,1,1,0,0,0	0	7667aa2b8d4719d2ad9d49a196a06d9e0075d794de3b105f5c6875ab5f242291	other			
apktool_3.0.3.jar	uploaded ZIP/JAR	com/android/tools/smali/dexlib2/dexbacked/DexBackedField.class	4282	1598	8	1670458228	1980,1,1,0,0,0	0	e450228e4e0d30c7c308a9d50e767e4b790c21e231ff11606161bd2522b4b31f	other			
apktool_3.0.3.jar	uploaded ZIP/JAR	com/android/tools/smali/dexlib2/dexbacked/DexBackedMethod$1.class	1742	853	8	1354323145	1980,1,1,0,0,0	0	4f765f0ad55a03eeb35cb99fbf2e759b460f087e945d6b0ab0877c6dd0c8366e	other			
apktool_3.0.3.jar	uploaded ZIP/JAR	com/android/tools/smali/dexlib2/dexbacked/DexBackedMethod$2.class	1383	643	8	959314285	1980,1,1,0,0,0	0	313ecdc04385ff7d18fa28d97c3b4188196bfe5d1f98ae66994f1fb10d9b776b	other			
apktool_3.0.3.jar	uploaded ZIP/JAR	com/android/tools/smali/dexlib2/dexbacked/DexBackedMethod.class	5638	2154	8	1446717862	1980,1,1,0,0,0	0	77a364aa00442e5e0e0ba925925c610971a314eb88c387635b508ef8597d802c	other			
apktool_3.0.3.jar	uploaded ZIP/JAR	com/android/tools/smali/dexlib2/dexbacked/DexBackedMethodImplementation$1$1.class	7594	2391	8	582819013	1980,1,1,0,0,0	0	de02d025990c92aac4d8be9eab99f1a758ca2c4a07029701bae5c254f48cf0aa	other			
apktool_3.0.3.jar	uploaded ZIP/JAR	com/android/tools/smali/dexlib2/dexbacked/DexBackedMethodImplementation$1.class	1299	571	8	3989959905	1980,1,1,0,0,0	0	a770dd959cfc548a906d62630984c45ef4dfd39f09a2c42f27386d480120f330	other			
apktool_3.0.3.jar	uploaded ZIP/JAR	com/android/tools/smali/dexlib2/dexbacked/DexBackedMethodImplementation$2.class	1192	587	8	3064750387	1980,1,1,0,0,0	0	e38756510a284dfe1f830a887cd8a17975a511ca08e983974bf5465f05f9ab04	other			
apktool_3.0.3.jar	uploaded ZIP/JAR	com/android/tools/smali/dexlib2/dexbacked/DexBackedMethodImplementation.class	3117	1335	8	2922603996	1980,1,1,0,0,0	0	d2d81ced15d6994ca0005e869b1902f712830c34563f099312e0b57fa0bd26f4	other			
apktool_3.0.3.jar	uploaded ZIP/JAR	com/android/tools/smali/dexlib2/dexbacked/DexBackedTryBlock$1.class	1165	491	8	948989742	1980,1,1,0,0,0	0	806333b02aea92031a5543ba00b430b7c365f0c8625dbd2a6ab0a7989334ab89	other			
apktool_3.0.3.jar	uploaded ZIP/JAR	com/android/tools/smali/dexlib2/dexbacked/DexBackedTryBlock$2.class	1421	592	8	2042440111	1980,1,1,0,0,0	0	467134aaa803bb024ab5d45be5b5967ed790f1366f739e3fd5f9dac6d66b98eb	other			
apktool_3.0.3.jar	uploaded ZIP/JAR	com/android/tools/smali/dexlib2/dexbacked/DexBackedTryBlock.class	1897	834	8	3516192379	1980,1,1,0,0,0	0	c10b81a985f5dd5cc5b19b9e2501a809138ee37f7b453ad20a158a8e3e9b8c30	other			
apktool_3.0.3.jar	uploaded ZIP/JAR	com/android/tools/smali/dexlib2/dexbacked/DexBackedTypedExceptionHandler.class	1252	589	8	2386888954	1980,1,1,0,0,0	0	a23d66de0beb7cdee488e6163d24b1074bccc7aadfd4410aabefef476828c3eb	other			
apktool_3.0.3.jar	uploaded ZIP/JAR	com/android/tools/smali/dexlib2/dexbacked/DexBuffer.class	1560	831	8	127812441	1980,1,1,0,0,0	0	1be3dc70d7da83ee45a9b61162f33fe00c005c6b1b79b93f1df3a6d58c038b14	other			
apktool_3.0.3.jar	uploaded ZIP/JAR	com/android/tools/smali/dexlib2/dexbacked/DexReader.class	4983	2131	8	2139719080	1980,1,1,0,0,0	0	e6063a41d0cb76deeed969c39e5844b8ced476806969ec2664ba319444f04f3d	other			
apktool_3.0.3.jar	uploaded ZIP/JAR	com/android/tools/smali/dexlib2/dexbacked/ZipDexContainer$1.class	504	331	8	4131377590	1980,1,1,0,0,0	0	3b7407cb38101e308e707db4bd957cb3817fb216de79a69aedd9560d3efacb90	other			
apktool_3.0.3.jar	uploaded ZIP/JAR	com/android/tools/smali/dexlib2/dexbacked/ZipDexContainer$NotAZipFileException.class	367	291	8	2508446726	1980,1,1,0,0,0	0	46391655587c58d48d22f577f372a9265fcc4f2f5b55d1eb29ff5bd1cf297560	other			
apktool_3.0.3.jar	uploaded ZIP/JAR	com/android/tools/smali/dexlib2/dexbacked/ZipDexContainer.class	3149	1615	8	144851006	1980,1,1,0,0,0	0	b3c2018220fe8f22d0e25e06f442e85647e320cb419de2f6c1e95ae7952b4531	other			
apktool_3.0.3.jar	uploaded ZIP/JAR	com/android/tools/smali/dexlib2/dexbacked/instruction/DexBackedArrayPayload$1.class	1321	586	8	3197774303	1980,1,1,0,0,0	0	4f0795fdf77cd395f798700f712a48edd02ed544eeb76ed6657e2a7304949536	other			
apktool_3.0.3.jar	uploaded ZIP/JAR	com/android/tools/smali/dexlib2/dexbacked/instruction/DexBackedArrayPayload$1ReturnedList.class	776	412	8	1936562232	1980,1,1,0,0,0	0	6c0db8ba04f9640884592069d6a9bbde315f06f2b44e11acfd6f54d968dde6c6	other			
apktool_3.0.3.jar	uploaded ZIP/JAR	com/android/tools/smali/dexlib2/dexbacked/instruction/DexBackedArrayPayload$2.class	1318	580	8	2946273851	1980,1,1,0,0,0	0	1c10bb56d5f1871856c66371f8ebe3391f1f97638de29cecb93c5b55c8277323	other			
apktool_3.0.3.jar	uploaded ZIP/JAR	com/android/tools/smali/dexlib2/dexbacked/instruction/DexBackedArrayPayload$3.class	1316	577	8	3267600546	1980,1,1,0,0,0	0	828fb2b350dc2dc41289dbbf4bcbd29723c144e4bd316348a4d828c809cf022b	other			
apktool_3.0.3.jar	uploaded ZIP/JAR	com/android/tools/smali/dexlib2/dexbacked/instruction/DexBackedArrayPayload$4.class	1312	580	8	3872167757	1980,1,1,0,0,0	0	ef9d7d35d2bd4a1780ae3407b2eab7785edc8dc9ab9ee337f9e350d198907e05	other			
apktool_3.0.3.jar	uploaded ZIP/JAR	com/android/tools/smali/dexlib2/dexbacked/instruction/DexBackedArrayPayload.class	2617	1210	8	844128731	1980,1,1,0,0,0	0	94c22f1e07713b6fcd4040728978d9a743925a555ae0dbb546b13831245b87ba	other			
apktool_3.0.3.jar	uploaded ZIP/JAR	com/android/tools/smali/dexlib2/dexbacked/instruction/DexBackedInstruction.class	1096	541	8	1732122701	1980,1,1,0,0,0	0	c8071d3df3bd034e31376c81a54253dd538e16174bb809f856a5b36aa04d152f	other			
apktool_3.0.3.jar	uploaded ZIP/JAR	com/android/tools/smali/dexlib2/dexbacked/instruction/DexBackedInstruction10t.class	1031	490	8	2588980511	1980,1,1,0,0,0	0	ba655593ff6f044e8deca8b26db4dce918eb52442c00ed8d28d2e1267484643d	other			
apktool_3.0.3.jar	uploaded ZIP/JAR	com/android/tools/smali/dexlib2/dexbacked/instruction/DexBackedInstruction10x.class	598	326	8	1397926308	1980,1,1,0,0,0	0	4770d8fd0fe5989c4c1414310d69f2880dbce80f3ccd92d0ab56c9936e88f971	other			
apktool_3.0.3.jar	uploaded ZIP/JAR	com/android/tools/smali/dexlib2/dexbacked/instruction/DexBackedInstruction11n.class	1209	573	8	3933926944	1980,1,1,0,0,0	0	261f75be919e6b5394629ffbd6919ebb09f9395f5c6ab66caa80fe2fa995b649	other			
apktool_3.0.3.jar	uploaded ZIP/JAR	com/android/tools/smali/dexlib2/dexbacked/instruction/DexBackedInstruction11x.class	1027	484	8	390213931	1980,1,1,0,0,0	0	1082168890f4f97b40f96d970fe82cec292c2c6d05f8e828ba97ceea81f6a790	other			
apktool_3.0.3.jar	uploaded ZIP/JAR	com/android/tools/smali/dexlib2/dexbacked/instruction/DexBackedInstruction12x.class	1128	526	8	62313236	1980,1,1,0,0,0	0	ccc072a0bc385eafdf99cc37eb528b3eb510b23497da180868aca3f786d16076	other			
apktool_3.0.3.jar	uploaded ZIP/JAR	com/android/tools/smali/dexlib2/dexbacked/instruction/DexBackedInstruction20bc$1.class	1218	626	8	550925580	1980,1,1,0,0,0	0	3ffdc25b0eecd8c6311c248e4c30cd9e2c7408f5ffe15b2d27493c9283fc089c	other			
apktool_3.0.3.jar	uploaded ZIP/JAR	com/android/tools/smali/dexlib2/dexbacked/instruction/DexBackedInstruction20bc.class	1940	808	8	520549512	1980,1,1,0,0,0	0	1bac055aafc5a424defad0d0a0a7650cdd2fb4867fa26ed60e8628e1f500d697	other			
apktool_3.0.3.jar	uploaded ZIP/JAR	com/android/tools/smali/dexlib2/dexbacked/instruction/DexBackedInstruction20t.class	1028	483	8	3618468412	1980,1,1,0,0,0	0	b04a120645ee76575d1b479d525c2a0b827d0cc2f3f252a0973d924db01c2a3c	other			
apktool_3.0.3.jar	uploaded ZIP/JAR	com/android/tools/smali/dexlib2/dexbacked/instruction/DexBackedInstruction21c.class	1636	675	8	906586523	1980,1,1,0,0,0	0	61085fd6b5e10fdcbfcf17923a5edeac40f83efb5c7b3a35cdb978daca161f07	other			
apktool_3.0.3.jar	uploaded ZIP/JAR	com/android/tools/smali/dexlib2/dexbacked/instruction/DexBackedInstruction21ih.class	1282	599	8	2066244458	1980,1,1,0,0,0	0	802ccbd8b5cb0651b3557d4a82cf6388dac3bbc6e9c21b4058d5beb4fc14545c	other			
apktool_3.0.3.jar	uploaded ZIP/JAR	com/android/tools/smali/dexlib2/dexbacked/instruction/DexBackedInstruction21lh.class	1217	574	8	3228688280	1980,1,1,0,0,0	0	2f0ba9ff2752d614107dd932be1c7469568887a8df44c514f2faa76c07d61fc8	other			
apktool_3.0.3.jar	uploaded ZIP/JAR	com/android/tools/smali/dexlib2/dexbacked/instruction/DexBackedInstruction21s.class	1208	564	8	3496673715	1980,1,1,0,0,0	0	ac6f9c1e597c60286fb400ec40348c56b7bacb0c80ca4dd56acff00b635234c7	other			
apktool_3.0.3.jar	uploaded ZIP/JAR	com/android/tools/smali/dexlib2/dexbacked/instruction/DexBackedInstruction21t.class	1128	520	8	3440481219	1980,1,1,0,0,0	0	610a4b09b9517eecc568a5b51c360be2dff7b3892e2de11fbcba1d78a1751ed3	other			
apktool_3.0.3.jar	uploaded ZIP/JAR	com/android/tools/smali/dexlib2/dexbacked/instruction/DexBackedInstruction22b.class	1296	606	8	851401622	1980,1,1,0,0,0	0	15c6246a7551571c69fca60d85501cbc35f910a56f29475b84166df42b5656f0	other			
apktool_3.0.3.jar	uploaded ZIP/JAR	com/android/tools/smali/dexlib2/dexbacked/instruction/DexBackedInstruction22c.class	1744	721	8	1972626094	1980,1,1,0,0,0	0	161631c1986d5b26df50b3446aeb547daede80ac7783c95d748831a407d999b6	other			
apktool_3.0.3.jar	uploaded ZIP/JAR	com/android/tools/smali/dexlib2/dexbacked/instruction/DexBackedInstruction22cs.class	1240	580	8	46939131	1980,1,1,0,0,0	0	41e2ea7e9d19d8bb2429ffdb74332e6cef61d69ddddf9272c38d752a63267655	other			
apktool_3.0.3.jar	uploaded ZIP/JAR	com/android/tools/smali/dexlib2/dexbacked/instruction/DexBackedInstruction22s.class	1316	619	8	1829452967	1980,1,1,0,0,0	0	2acea9412aac3aaacf738a8fa6bf853093de73ee197e7792e21a20e4f14c6e92	other			
apktool_3.0.3.jar	uploaded ZIP/JAR	com/android/tools/smali/dexlib2/dexbacked/instruction/DexBackedInstruction22t.class	1236	576	8	1328489694	1980,1,1,0,0,0	0	c756f61e3640ddde76a74ec44c2626ed147729e0b311bf7b4135ed39c5fecb9d	other			
apktool_3.0.3.jar	uploaded ZIP/JAR	com/android/tools/smali/dexlib2/dexbacked/instruction/DexBackedInstruction22x.class	1128	514	8	809707162	1980,1,1,0,0,0	0	4c96dacffdcc4ce1506a084be3888d854cfd213b5cc6fac0c7091aff81d3a9cc	other			
apktool_3.0.3.jar	uploaded ZIP/JAR	com/android/tools/smali/dexlib2/dexbacked/instruction/DexBackedInstruction23x.class	1183	516	8	790505577	1980,1,1,0,0,0	0	a482d618d6ccf5e7d4bd19838a3181d67d242d5919f8d0cdc5bc0002a33c6a1d	other			
apktool_3.0.3.jar	uploaded ZIP/JAR	com/android/tools/smali/dexlib2/dexbacked/instruction/DexBackedInstruction30t.class	1026	482	8	1433997099	1980,1,1,0,0,0	0	113376f4784fd032c162bed745f98212af94a235f2d032ecdd0880ee3e3ef2fc	other			
apktool_3.0.3.jar	uploaded ZIP/JAR	com/android/tools/smali/dexlib2/dexbacked/instruction/DexBackedInstruction31c.class	1639	677	8	1238972374	1980,1,1,0,0,0	0	29c14f1644ccd70df68ff734449083311e328d69c74324b00292098bce4d0133	other			
apktool_3.0.3.jar	uploaded ZIP/JAR	com/android/tools/smali/dexlib2/dexbacked/instruction/DexBackedInstruction31i.class	1206	564	8	256316461	1980,1,1,0,0,0	0	2adef2edf3a2de2203b2a4c088f491921be85b02dee3fa4348cf4d7174ec2a98	other			
apktool_3.0.3.jar	uploaded ZIP/JAR	com/android/tools/smali/dexlib2/dexbacked/instruction/DexBackedInstruction31t.class	1126	519	8	4243669071	1980,1,1,0,0,0	0	5aa366587a5fb49d4e3dd02adcb2b7c9dcf00f3916a347e7adfd4e93af3a8b62	other			
apktool_3.0.3.jar	uploaded ZIP/JAR	com/android/tools/smali/dexlib2/dexbacked/instruction/DexBackedInstruction32x.class	1106	500	8	698620316	1980,1,1,0,0,0	0	c6d7771d564aa114d935089e8f21b1e95c05970a79c5927bf6550ebbfd71c071	other			
apktool_3.0.3.jar	uploaded ZIP/JAR	com/android/tools/smali/dexlib2/dexbacked/instruction/DexBackedInstruction35c.class	2057	775	8	2415633477	1980,1,1,0,0,0	0	fc96b1d33467193162e62db15112f44f7a04a2f8d5c66b415b1a583dd9a3ee28	other			
apktool_3.0.3.jar	uploaded ZIP/JAR	com/android/tools/smali/dexlib2/dexbacked/instruction/DexBackedInstruction35mi.class	1553	626	8	2794643104	1980,1,1,0,0,0	0	a04f13d7663b32d3f45efc18028637521829a0c24a3bb3848576748fb71a5f82	other			
apktool_3.0.3.jar	uploaded ZIP/JAR	com/android/tools/smali/dexlib2/dexbacked/instruction/DexBackedInstruction35ms.class	1553	625	8	2442425951	1980,1,1,0,0,0	0	c52fd8da746b191aab39a59388ed108da1d1db551be800541c6a91d18252a4ac	other			
apktool_3.0.3.jar	uploaded ZIP/JAR	com/android/tools/smali/dexlib2/dexbacked/instruction/DexBackedInstruction3rc.class	1722	697	8	317549312	1980,1,1,0,0,0	0	66ca444991cb2412bf12455378af385dfd2584420c11aeb262356a52a9053b8c	other			
apktool_3.0.3.jar	uploaded ZIP/JAR	com/android/tools/smali/dexlib2/dexbacked/instruction/DexBackedInstruction3rmi.class	1218	542	8	2070638365	1980,1,1,0,0,0	0	0d2fbf74dcb10b499f051064222980252808f0dd39c4ce065efd1b616d2407cb	other			
apktool_3.0.3.jar	uploaded ZIP/JAR	com/android/tools/smali/dexlib2/dexbacked/instruction/DexBackedInstruction3rms.class	1218	542	8	2913992915	1980,1,1,0,0,0	0	5e1bde1d76710b73700a7c0c11c80bada92d786f608ceb773da66b5d6cd92f73	other			
apktool_3.0.3.jar	uploaded ZIP/JAR	com/android/tools/smali/dexlib2/dexbacked/instruction/DexBackedInstruction45cc.class	2248	830	8	3317941589	1980,1,1,0,0,0	0	4daec525c0878c6f1e2f9ac2ed2cdba02572261345b73a9d7b28e09dc64815a8	other			
apktool_3.0.3.jar	uploaded ZIP/JAR	com/android/tools/smali/dexlib2/dexbacked/instruction/DexBackedInstruction4rcc.class	1913	755	8	2408957326	1980,1,1,0,0,0	0	60fb6ceb52a7d21126105826534e366fa3573e15d6a6602b58283be64e62536e	other			
apktool_3.0.3.jar	uploaded ZIP/JAR	com/android/tools/smali/dexlib2/dexbacked/instruction/DexBackedInstruction51l.class	1141	533	8	3982964431	1980,1,1,0,0,0	0	992ce4eab47ffc5b6b4e0997cc4a34d0b66bc722e7d4e2b83c9dad1939ebe651	other			
apktool_3.0.3.jar	uploaded ZIP/JAR	com/android/tools/smali/dexlib2/dexbacked/instruction/DexBackedPackedSwitchPayload$1$1.class	1488	638	8	1105682353	1980,1,1,0,0,0	0	ea2399fec6903291b2bb783316ae77de6bcafc9d62a0ed16a0511d98439b5839	other			
apktool_3.0.3.jar	uploaded ZIP/JAR	com/android/tools/smali/dexlib2/dexbacked/instruction/DexBackedPackedSwitchPayload$1.class	1109	516	8	2268026626	1980,1,1,0,0,0	0	da86eb35195bacb9b323f63c2c3cdfc554173e4298802b5720d3703a67be08d8	other			
apktool_3.0.3.jar	uploaded ZIP/JAR	com/android/tools/smali/dexlib2/dexbacked/instruction/DexBackedPackedSwitchPayload.class	1596	691	8	301264804	1980,1,1,0,0,0	0	d6faaf5e4ef93f1ea94f2a303c07d9dad706ee80ee038bdfe0a0751a691153ca	other			
apktool_3.0.3.jar	uploaded ZIP/JAR	com/android/tools/smali/dexlib2/dexbacked/instruction/DexBackedSparseSwitchPayload$1$1.class	1613	654	8	3431092092	1980,1,1,0,0,0	0	d8d29c4ffe14c1d4de70e4f50ccd7dc27604d62841544ffce56dba3a98a84e06	other			
apktool_3.0.3.jar	uploaded ZIP/JAR	com/android/tools/smali/dexlib2/dexbacked/instruction/DexBackedSparseSwitchPayload$1.class	1070	489	8	3121473827	1980,1,1,0,0,0	0	3ad44c109974410544c59eff8856bbe5fcfca566ac747495c3bd96567f532004	other			
apktool_3.0.3.jar	uploaded ZIP/JAR	com/android/tools/smali/dexlib2/dexbacked/instruction/DexBackedSparseSwitchPayload.class	1433	622	8	2692099893	1980,1,1,0,0,0	0	acfb4be42d8d01d4bf59e4fb8a80b3a38c2f29f32b9b235ea34f7e6f1e81cb01	other			
apktool_3.0.3.jar	uploaded ZIP/JAR	com/android/tools/smali/dexlib2/dexbacked/instruction/DexBackedUnknownInstruction.class	775	376	8	2757275191	1980,1,1,0,0,0	0	710e66dd21dab9b2f070d51e6f580eda1440e5601896fec5f01f09ad43cf8b56	other			
apktool_3.0.3.jar	uploaded ZIP/JAR	com/android/tools/smali/dexlib2/dexbacked/raw/HeaderItem.class	402	333	8	2360499210	1980,1,1,0,0,0	0	99f0e3abf50ccf11d97448acdd659d9eeabffe70a7919dff82835e6bbf08bbd6	other			
apktool_3.0.3.jar	uploaded ZIP/JAR	com/android/tools/smali/dexlib2/dexbacked/raw/MapItem.class	539	354	8	2107976118	1980,1,1,0,0,0	0	3c9f0c5f67615613e013e4f0ea53ef8d50ec9aaab5b86f5f9e88f29760c281a8	other			
apktool_3.0.3.jar	uploaded ZIP/JAR	com/android/tools/smali/dexlib2/dexbacked/reference/DexBackedCallSiteReference.class	5067	2282	8	1072526740	1980,1,1,0,0,0	0	84f6934b8498c4b0f75205d7a92a645c067328863209c0ad66f749300fcb2b98	other			
apktool_3.0.3.jar	uploaded ZIP/JAR	com/android/tools/smali/dexlib2/dexbacked/reference/DexBackedFieldReference.class	2238	985	8	2431806479	1980,1,1,0,0,0	0	1cd352bad692fed520ce0cdf2bf6fe2f0199c9ff083b089932ccf743204b3979	other			
apktool_3.0.3.jar	uploaded ZIP/JAR	com/android/tools/smali/dexlib2/dexbacked/reference/DexBackedMethodHandleReference.class	3085	1418	8	3444298389	1980,1,1,0,0,0	0	96827ac0d575a7cb6de3ab7df57473cedb95379c29dfeaa83f5935fe225298a5	other			
apktool_3.0.3.jar	uploaded ZIP/JAR	com/android/tools/smali/dexlib2/dexbacked/reference/DexBackedMethodProtoReference$1.class	1479	663	8	2934895803	1980,1,1,0,0,0	0	1d3c2404905e4f99db94680a69aa59fb372acdff56e1e040baf4345689c1d293	other			
apktool_3.0.3.jar	uploaded ZIP/JAR	com/android/tools/smali/dexlib2/dexbacked/reference/DexBackedMethodProtoReference.class	2287	1056	8	1678047297	1980,1,1,0,0,0	0	517d39dcb870f914c2cf558c113805e47f9c929339b75efd0c4f13ea14207cc7	other			
apktool_3.0.3.jar	uploaded ZIP/JAR	com/android/tools/smali/dexlib2/dexbacked/reference/DexBackedMethodReference$1.class	1459	657	8	2589093920	1980,1,1,0,0,0	0	247729a57466ff5a59b6e95cb8b2af0babf5e826c2f715d2dd486c01466dd663	other			
apktool_3.0.3.jar	uploaded ZIP/JAR	com/android/tools/smali/dexlib2/dexbacked/reference/DexBackedMethodReference.class	3040	1282	8	2909116403	1980,1,1,0,0,0	0	ae8ce3dbf50046928a9a366f834fcd1426b0483d6fb1bbec535e8421f71d9afb	other			
apktool_3.0.3.jar	uploaded ZIP/JAR	com/android/tools/smali/dexlib2/dexbacked/reference/DexBackedReference.class	1684	700	8	2614351107	1980,1,1,0,0,0	0	2548bae838a53e9bd7296d2b779bbbb65731fff145280e02659ba788a4369e1f	other			
apktool_3.0.3.jar	uploaded ZIP/JAR	com/android/tools/smali/dexlib2/dexbacked/reference/DexBackedStringReference.class	1416	710	8	4153232944	1980,1,1,0,0,0	0	390f9a640c317f2ae50cd3b2c3ee042fde25d77a59e00cecd924b3c039a0d052	other			
apktool_3.0.3.jar	uploaded ZIP/JAR	com/android/tools/smali/dexlib2/dexbacked/reference/DexBackedTypeReference.class	1402	712	8	409758534	1980,1,1,0,0,0	0	c3fd02ff852023882fb2d73d6af6ea92d581b87b940374ab8870c3b359da8fd0	other			
apktool_3.0.3.jar	uploaded ZIP/JAR	com/android/tools/smali/dexlib2/dexbacked/util/AnnotationsDirectory$1.class	1064	463	8	1306828388	1980,1,1,0,0,0	0	a91d10410a148f30d488ef0ad80bfe2d6b3ec710498009e42573689972c26280	other			
apktool_3.0.3.jar	uploaded ZIP/JAR	com/android/tools/smali/dexlib2/dexbacked/util/AnnotationsDirectory$2.class	1199	591	8	1956240995	1980,1,1,0,0,0	0	2a2f98e68e8908675f7f6d7ad92f15a96ef9af976cf6db55fccf1b5045516aba	other			
apktool_3.0.3.jar	uploaded ZIP/JAR	com/android/tools/smali/dexlib2/dexbacked/util/AnnotationsDirectory$3.class	1275	676	8	81042521	1980,1,1,0,0,0	0	c073201a9d3d87b7064e1bc8e74df6dcee2828161a4ce84ab9ed5185e224ee44	other			
apktool_3.0.3.jar	uploaded ZIP/JAR	com/android/tools/smali/dexlib2/dexbacked/util/AnnotationsDirectory$AnnotationIterator$1.class	505	332	8	1631081727	1980,1,1,0,0,0	0	1db4307a04bb929c01fad620b3620d54977e781d60608e296f904a5c4b53aaa6	other			
apktool_3.0.3.jar	uploaded ZIP/JAR	com/android/tools/smali/dexlib2/dexbacked/util/AnnotationsDirectory$AnnotationIterator.class	619	366	8	1010880401	1980,1,1,0,0,0	0	3ef34da8a9830bc3e2b83f417410bf99d7f8e566789535e1dd27127a604bffb7	other			
apktool_3.0.3.jar	uploaded ZIP/JAR	com/android/tools/smali/dexlib2/dexbacked/util/AnnotationsDirectory$AnnotationsDirectoryImpl$AnnotationIteratorImpl.class	1523	726	8	916848146	1980,1,1,0,0,0	0	b1e8c4d20b3035c41390576eb819050718c5144f640aa17055ba33381f11808b	other			
apktool_3.0.3.jar	uploaded ZIP/JAR	com/android/tools/smali/dexlib2/dexbacked/util/AnnotationsDirectory$AnnotationsDirectoryImpl.class	2331	916	8	1633401785	1980,1,1,0,0,0	0	dff8b26cdb3b4c98fc36a48b171a51b9beaa076d891f1e6ff667d9493746b7e3	other			
apktool_3.0.3.jar	uploaded ZIP/JAR	com/android/tools/smali/dexlib2/dexbacked/util/AnnotationsDirectory.class	845	446	8	3226889601	1980,1,1,0,0,0	0	a132bc870973219dbddbe03714e938569bf4e9dc59ceaeda0042e2cbd02bc427	other			
apktool_3.0.3.jar	uploaded ZIP/JAR	com/android/tools/smali/dexlib2/dexbacked/util/DebugInfo$DebugInfoImpl$1.class	554	368	8	271309521	1980,1,1,0,0,0	0	3a674d1feb4e4a8f27c0fc80ea15fdd04f45d613751118474df011e7f2c88e9a	other			
apktool_3.0.3.jar	uploaded ZIP/JAR	com/android/tools/smali/dexlib2/dexbacked/util/DebugInfo$DebugInfoImpl$2.class	1361	588	8	1115036776	1980,1,1,0,0,0	0	16325509f372eec83111d74bbc1869e7ddbc4bf66873d2cc1c65092b4f5b2b00	other			
apktool_3.0.3.jar	uploaded ZIP/JAR	com/android/tools/smali/dexlib2/dexbacked/util/DebugInfo$DebugInfoImpl$3.class	4183	1801	8	2163567205	1980,1,1,0,0,0	0	bd76b968ad046f253a9980078e5d2b6e0c5b8edb4553bcb1c4b19ec1554eef6e	other			
apktool_3.0.3.jar	uploaded ZIP/JAR	com/android/tools/smali/dexlib2/dexbacked/util/DebugInfo$DebugInfoImpl$4.class	1376	565	8	340860033	1980,1,1,0,0,0	0	6e32d159c1286ef7deeecc4e1fa484c157e0e4b3ab7770685fc9b820297e5038	other			
apktool_3.0.3.jar	uploaded ZIP/JAR	com/android/tools/smali/dexlib2/dexbacked/util/DebugInfo$DebugInfoImpl.class	6229	2660	8	2588576179	1980,1,1,0,0,0	0	a205e05df0f74c5ac868bded4c20bf67af9a8ab236b6c13634718b478f4275d1	other			
apktool_3.0.3.jar	uploaded ZIP/JAR	com/android/tools/smali/dexlib2/dexbacked/util/DebugInfo$EmptyDebugInfo.class	753	435	8	3241230356	1980,1,1,0,0,0	0	b7bd3b5b9f01ca49a04cfc1559bf0a00e6255d0ecf43267c29f1d31292bc7ee7	other			
apktool_3.0.3.jar	uploaded ZIP/JAR	com/android/tools/smali/dexlib2/dexbacked/util/DebugInfo.class	414	322	8	3687119383	1980,1,1,0,0,0	0	299a45eff56539aa06cf0c7179c9bd0623eb57c894e54975624d4259db6c5735	other			
apktool_3.0.3.jar	uploaded ZIP/JAR	com/android/tools/smali/dexlib2/dexbacked/util/EncodedArrayItemIterator$1.class	647	383	8	770168981	1980,1,1,0,0,0	0	381edfa60cd92b4d4b48561a4142195baec3bc8d29f189bd2939fca060c1a049	other			
apktool_3.0.3.jar	uploaded ZIP/JAR	com/android/tools/smali/dexlib2/dexbacked/util/EncodedArrayItemIterator$EncodedArrayItemIteratorImpl.class	2056	834	8	2796241840	1980,1,1,0,0,0	0	ac4f27de800d7bdc55b4742a6a4ad9966297be8f51ec2fced0375532fd18c140	other			
apktool_3.0.3.jar	uploaded ZIP/JAR	com/android/tools/smali/dexlib2/dexbacked/util/EncodedArrayItemIterator.class	759	447	8	624394330	1980,1,1,0,0,0	0	e8166d6e89ee7c3c8395ad1ec7b6ddf3bba6ad5ab384eb08a216daaa3a4ee662	other			
apktool_3.0.3.jar	uploaded ZIP/JAR	com/android/tools/smali/dexlib2/dexbacked/util/FixedSizeList.class	606	456	8	1905763507	1980,1,1,0,0,0	0	e737f375160018d418f1ccf74ed8c98359bb7d817e64b2e90ac02a1ad781f62d	other			
apktool_3.0.3.jar	uploaded ZIP/JAR	com/android/tools/smali/dexlib2/dexbacked/util/FixedSizeSet$1.class	1115	656	8	4227662026	1980,1,1,0,0,0	0	432cd52b5022476b5cf8d30b6da137c33fea6911456bc024495620e12c04b267	other			
apktool_3.0.3.jar	uploaded ZIP/JAR	com/android/tools/smali/dexlib2/dexbacked/util/FixedSizeSet.class	613	381	8	1105298422	1980,1,1,0,0,0	0	6ed37bbf015df653a6fed101b7dcf2d7dca8d4f2e41b4a29f6b329c1ee0045a0	other			
apktool_3.0.3.jar	uploaded ZIP/JAR	com/android/tools/smali/dexlib2/dexbacked/util/ParameterIterator$1.class	798	471	8	1883584805	1980,1,1,0,0,0	0	0aac8c610240c62280555707d544dba86a8f4dbb03d5838c75482a109225f7eb	other			
apktool_3.0.3.jar	uploaded ZIP/JAR	com/android/tools/smali/dexlib2/dexbacked/util/ParameterIterator.class	1421	806	8	2540810483	1980,1,1,0,0,0	0	044c49c0f51521b57a0a25494d4373137a41fd35baa73b283383a1183f285bf8	other			
apktool_3.0.3.jar	uploaded ZIP/JAR	com/android/tools/smali/dexlib2/dexbacked/util/VariableSizeIterator.class	1448	721	8	1828266072	1980,1,1,0,0,0	0	2a93d238df10468bfa47d953e23c701789f2d7b613541a67dc7196cfa7f0366f	other			
apktool_3.0.3.jar	uploaded ZIP/JAR	com/android/tools/smali/dexlib2/dexbacked/util/VariableSizeList$1.class	903	425	8	1734228836	1980,1,1,0,0,0	0	ed9df65bbb0bd945333fd444c34c630fe184c2c00df46cb11092548976d9d494	other			
apktool_3.0.3.jar	uploaded ZIP/JAR	com/android/tools/smali/dexlib2/dexbacked/util/VariableSizeList.class	1337	678	8	3429934625	1980,1,1,0,0,0	0	b55b011d43c8da743db78053033e5a70cd3c3d0870866cfb75f0493ba1db2e3f	other			
apktool_3.0.3.jar	uploaded ZIP/JAR	com/android/tools/smali/dexlib2/dexbacked/util/VariableSizeListIterator.class	1949	957	8	3519736107	1980,1,1,0,0,0	0	f29259c8fd6426fa939e7ba3b08210f3f30fe4bd27cf598e91c2f9cd90c30055	other			
apktool_3.0.3.jar	uploaded ZIP/JAR	com/android/tools/smali/dexlib2/dexbacked/util/VariableSizeLookaheadIterator.class	1310	695	8	3897396925	1980,1,1,0,0,0	0	c685984bdad275566dbc76754726aeb7312c2466aa096cf75d271f19d1d4df2d	other			
apktool_3.0.3.jar	uploaded ZIP/JAR	com/android/tools/smali/dexlib2/dexbacked/util/VariableSizeSet$1.class	1022	446	8	4282277430	1980,1,1,0,0,0	0	9a828e25f46bb94b257def052b1608869a7df27b8ecde2a9fa012af3bfed47ec	other			
apktool_3.0.3.jar	uploaded ZIP/JAR	com/android/tools/smali/dexlib2/dexbacked/util/VariableSizeSet.class	1078	542	8	1274181455	1980,1,1,0,0,0	0	de8e474f497a33aaaecd1917a962d69319c94a18b41b89d02c69eeed0ad37c1a	other			
apktool_3.0.3.jar	uploaded ZIP/JAR	com/android/tools/smali/dexlib2/dexbacked/value/DexBackedAnnotationEncodedValue$1.class	1291	485	8	3126789760	1980,1,1,0,0,0	0	3c8f7f9c7cd07f4314a0445593ee691cddd1db530073f1204b1758aa68d48272	other			
apktool_3.0.3.jar	uploaded ZIP/JAR	com/android/tools/smali/dexlib2/dexbacked/value/DexBackedAnnotationEncodedValue.class	2073	899	8	531343253	1980,1,1,0,0,0	0	1d746a8542519706ac817d5ed9128d6e3fe16456efee7159001cbd16a2c2abdf	other			
apktool_3.0.3.jar	uploaded ZIP/JAR	com/android/tools/smali/dexlib2/dexbacked/value/DexBackedArrayEncodedValue$1.class	1286	509	8	3778025283	1980,1,1,0,0,0	0	73bff1d70b663844bd82479b0bb88e644e920c13e47b0937fc7fea71e1af9440	other			
apktool_3.0.3.jar	uploaded ZIP/JAR	com/android/tools/smali/dexlib2/dexbacked/value/DexBackedArrayEncodedValue.class	1532	687	8	1131078010	1980,1,1,0,0,0	0	e72bd32ed28a046c2399d80497269b7efec247661df30b0c2f69e5a17581f41a	other			
apktool_3.0.3.jar	uploaded ZIP/JAR	com/android/tools/smali/dexlib2/dexbacked/value/DexBackedEncodedValue.class	5576	2262	8	2758222679	1980,1,1,0,0,0	0	1dac3dce6b02d8acb1c4c440e01d16caf82ba4c14f26318c257c3b1b2951ec1b	other			
apktool_3.0.3.jar	uploaded ZIP/JAR	com/android/tools/smali/dexlib2/dexbacked/value/DexBackedEnumEncodedValue.class	1059	518	8	414309254	1980,1,1,0,0,0	0	77fabb26b09d8695638764e4cd8a97f44c08fb85ad1e2c0eb25146f7b83d3868	other			
apktool_3.0.3.jar	uploaded ZIP/JAR	com/android/tools/smali/dexlib2/dexbacked/value/DexBackedFieldEncodedValue.class	1061	519	8	2179375602	1980,1,1,0,0,0	0	8c8b64780f29b1e5a638e2f6d45d987451aca954b6e3cb05e880e54fcf4724ab	other			
apktool_3.0.3.jar	uploaded ZIP/JAR	com/android/tools/smali/dexlib2/dexbacked/value/DexBackedMethodEncodedValue.class	1066	518	8	2947109862	1980,1,1,0,0,0	0	87b0863fb02bb634a122948cc1eee8861efd59367e371b404a8e1550527280b0	other			
apktool_3.0.3.jar	uploaded ZIP/JAR	com/android/tools/smali/dexlib2/dexbacked/value/DexBackedMethodHandleEncodedValue.class	1096	524	8	1950450237	1980,1,1,0,0,0	0	7bea795186836f6562950cc23d80fc35ac578567d8c507537caf3a05dceed683	other			
apktool_3.0.3.jar	uploaded ZIP/JAR	com/android/tools/smali/dexlib2/dexbacked/value/DexBackedMethodTypeEncodedValue.class	1092	528	8	2760230878	1980,1,1,0,0,0	0	0b5eb293b4ef10d2a0454e4f0a898d5dd17496a056de2bb59aff77d6a8ae289c	other			
apktool_3.0.3.jar	uploaded ZIP/JAR	com/android/tools/smali/dexlib2/dexbacked/value/DexBackedStringEncodedValue.class	1129	542	8	1541206816	1980,1,1,0,0,0	0	21e8cfbfc498a2f722543ff39bb94d9cf732220021c3712702474fca26290b27	other			
apktool_3.0.3.jar	uploaded ZIP/JAR	com/android/tools/smali/dexlib2/dexbacked/value/DexBackedTypeEncodedValue.class	1121	543	8	1235639078	1980,1,1,0,0,0	0	b6ba6b3999449232f1a088abe43522aad2ff3951e911afa34b04ad679ab69534	other			
apktool_3.0.3.jar	uploaded ZIP/JAR	com/android/tools/smali/dexlib2/formatter/DexFormattedWriter.class	11292	4588	8	3654099208	1980,1,1,0,0,0	0	ce14e0bf28b33ac85a0d6ddedac700411e98e2bb617db86f1472ad71d050bc7f	other			
apktool_3.0.3.jar	uploaded ZIP/JAR	com/android/tools/smali/dexlib2/iface/Annotation.class	375	292	8	3788645545	1980,1,1,0,0,0	0	7d8d8ef9006f44f69cd78cba89382ccddd0eb7d7930a08da47f4abe74e19f9ba	other			
apktool_3.0.3.jar	uploaded ZIP/JAR	com/android/tools/smali/dexlib2/iface/ClassDef.class	627	392	8	1707689585	1980,1,1,0,0,0	0	3f9b75aa531e93c33b54eb47f78cd7acf72278e7255445ec5feab09f9b7c8e1f	other			
apktool_3.0.3.jar	uploaded ZIP/JAR	com/android/tools/smali/dexlib2/iface/ExceptionHandler.class	460	308	8	905887645	1980,1,1,0,0,0	0	d02ed3011c86b38ddf5fef7f4588aee81964258546f62166ce4c7ccecca3e7f3	other			
apktool_3.0.3.jar	uploaded ZIP/JAR	com/android/tools/smali/dexlib2/iface/Field.class	499	326	8	454601669	1980,1,1,0,0,0	0	29610f7a3a2ce47311d1180bafd295aeee639d989044f1e17d4127fb71784a03	other			
apktool_3.0.3.jar	uploaded ZIP/JAR	com/android/tools/smali/dexlib2/iface/Method.class	550	338	8	1074080741	1980,1,1,0,0,0	0	ac53e3a17c0bd53ebb63e21d34b96434b6416cda46dd7f1db70872a1d24f6fe9	other			
apktool_3.0.3.jar	uploaded ZIP/JAR	com/android/tools/smali/dexlib2/iface/MethodImplementation.class	396	306	8	2793476744	1980,1,1,0,0,0	0	16c310c702b2f0b161d4883cd7b774602ae759523fe912bb50a5e1ec17970574	other			
apktool_3.0.3.jar	uploaded ZIP/JAR	com/android/tools/smali/dexlib2/iface/debug/DebugItem.class	297	240	8	1881924346	1980,1,1,0,0,0	0	dae351ddb8dcfbbbda933fc035e3eaff62520deeaaf003c74f2795e3c495d35b	other			
apktool_3.0.3.jar	uploaded ZIP/JAR	com/android/tools/smali/dexlib2/iface/debug/EndLocal.class	388	255	8	1752099994	1980,1,1,0,0,0	0	32cc37d8d9f30477493d4fdeed4fc7ec9e0ed55342337aa910e2692f451c62b4	other			
apktool_3.0.3.jar	uploaded ZIP/JAR	com/android/tools/smali/dexlib2/iface/debug/LineNumber.class	331	242	8	1715712810	1980,1,1,0,0,0	0	7bf766031df925634003c79a2f7306b6bd525932ab8e553e27370e14e4b0d02b	other			
apktool_3.0.3.jar	uploaded ZIP/JAR	com/android/tools/smali/dexlib2/iface/debug/LocalInfo.class	321	257	8	1006101980	1980,1,1,0,0,0	0	bf478dfc888e49ba13873f18a7304081b07917bd76d085ed6607bc90463f127d	other			
apktool_3.0.3.jar	uploaded ZIP/JAR	com/android/tools/smali/dexlib2/iface/debug/RestartLocal.class	392	258	8	4115994767	1980,1,1,0,0,0	0	2a8055bb615c185cf3104738b53e75dbbcbf0048df2ae5497c7f9c71dbfcfa1a	other			
apktool_3.0.3.jar	uploaded ZIP/JAR	com/android/tools/smali/dexlib2/iface/debug/SetSourceFile.class	457	285	8	4259632880	1980,1,1,0,0,0	0	6ed1b18795041eb33bebe31600d7f2b6c5365e04601f4e0a6060f17dc0d5563b	other			
apktool_3.0.3.jar	uploaded ZIP/JAR	com/android/tools/smali/dexlib2/iface/debug/StartLocal.class	617	341	8	975020033	1980,1,1,0,0,0	0	efadb36dea8ce169461f64c93e9933d453fe6d98e74466e2fff0b4f400ad2c80	other			
apktool_3.0.3.jar	uploaded ZIP/JAR	com/android/tools/smali/dexlib2/iface/instruction/DualReferenceInstruction.class	460	273	8	1264074851	1980,1,1,0,0,0	0	d003290a75d4c6a4d7b2d2a7c6d70e07a8c64b56f91ea1205e2ffb88b66b5306	other			
apktool_3.0.3.jar	uploaded ZIP/JAR	com/android/tools/smali/dexlib2/iface/instruction/FiveRegisterInstruction.class	465	277	8	3342939303	1980,1,1,0,0,0	0	e0b3653423a0e1ec2ca02ea80c863f0c763fdaf8c0f54ac58e9633f89696aca0	other			
apktool_3.0.3.jar	uploaded ZIP/JAR	com/android/tools/smali/dexlib2/iface/instruction/HatLiteralInstruction.class	356	245	8	552527859	1980,1,1,0,0,0	0	2d17206faba02322db07ab657c7ddf333ee8c47b58c84ea4c38993d7e8c6455d	other			
apktool_3.0.3.jar	uploaded ZIP/JAR	com/android/tools/smali/dexlib2/iface/instruction/InlineIndexInstruction.class	358	244	8	3348141784	1980,1,1,0,0,0	0	66e583353959d7553c9f11962adc3d1edf71ea53257977a4e3a4388a8b7a8d3e	other			
apktool_3.0.3.jar	uploaded ZIP/JAR	com/android/tools/smali/dexlib2/iface/instruction/Instruction.class	341	254	8	736654717	1980,1,1,0,0,0	0	73a0f34e50832454911c4214c4b4b5a3e75b253ef57d6b60e9df51fd894a3fe6	other			
apktool_3.0.3.jar	uploaded ZIP/JAR	com/android/tools/smali/dexlib2/iface/instruction/NarrowLiteralInstruction.class	373	251	8	1080175203	1980,1,1,0,0,0	0	86f68973e25714dc0352389fb970d4399bd927fe46dcd30df9ede7ee7cc785f1	other			
apktool_3.0.3.jar	uploaded ZIP/JAR	com/android/tools/smali/dexlib2/iface/instruction/OffsetInstruction.class	352	245	8	576607438	1980,1,1,0,0,0	0	c50aad59ace4f2eea322b793958b4e91bc7eed74e31d3520b2ea54336953d4e3	other			
apktool_3.0.3.jar	uploaded ZIP/JAR	com/android/tools/smali/dexlib2/iface/instruction/OneRegisterInstruction.class	356	248	8	157789063	1980,1,1,0,0,0	0	fd2cfede254297eb13e6ec2527156d9dbff193d79e287c46c000d81b522e92fa	other			
apktool_3.0.3.jar	uploaded ZIP/JAR	com/android/tools/smali/dexlib2/iface/instruction/ReferenceInstruction.class	445	269	8	3107195166	1980,1,1,0,0,0	0	149f4bc25acbfdf1062fe9c60d940352b0c6a6dc7a25a2d0b324ac2bba22b8ff	other			
apktool_3.0.3.jar	uploaded ZIP/JAR	com/android/tools/smali/dexlib2/iface/instruction/RegisterRangeInstruction.class	378	256	8	1038359992	1980,1,1,0,0,0	0	3c992c93fd5a3f09c3eca379bd1b9192a6c9e6a5903e183ec7ed8a2922b5e536	other			
apktool_3.0.3.jar	uploaded ZIP/JAR	com/android/tools/smali/dexlib2/iface/instruction/SwitchElement.class	292	241	8	934505154	1980,1,1,0,0,0	0	19db172bf5eacd59c853c1a9d699dd5c17dbd7462e5c7e50596649bce03beb34	other			
apktool_3.0.3.jar	uploaded ZIP/JAR	com/android/tools/smali/dexlib2/iface/instruction/SwitchPayload.class	367	263	8	4079165163	1980,1,1,0,0,0	0	c98706dac9021542321c4e2209d497334a5a303035a7b0c1f9635f52a2e3e5af	other			
apktool_3.0.3.jar	uploaded ZIP/JAR	com/android/tools/smali/dexlib2/iface/instruction/TwoRegisterInstruction.class	367	247	8	3655759900	1980,1,1,0,0,0	0	2dc63cbe4eedc63c488350946d74136fe41324f7dbbeea85b31c27b08e5a4132	other			
apktool_3.0.3.jar	uploaded ZIP/JAR	com/android/tools/smali/dexlib2/iface/instruction/VariableRegisterInstruction.class	365	253	8	2725933432	1980,1,1,0,0,0	0	605ca73521f9f4305dd1b322ab3ce2078acb0adedf7eda35728b8a4f123eac34	other			
apktool_3.0.3.jar	uploaded ZIP/JAR	com/android/tools/smali/dexlib2/iface/instruction/VtableIndexInstruction.class	358	245	8	3205682433	1980,1,1,0,0,0	0	dff33c470b9081f91d5e9dcb07cf437e801ca1b70a3a6ca20537cd2220814499	other			
apktool_3.0.3.jar	uploaded ZIP/JAR	com/android/tools/smali/dexlib2/iface/instruction/WideLiteralInstruction.class	358	246	8	2598827208	1980,1,1,0,0,0	0	692199e6c4cec92b249abbf82f9cc1f945beefc5c3901ba79deea00d0f8ba9b1	other			
apktool_3.0.3.jar	uploaded ZIP/JAR	com/android/tools/smali/dexlib2/iface/instruction/formats/ArrayPayload.class	405	286	8	2142016158	1980,1,1,0,0,0	0	c5c682c15bbcb52ff67d54aa03c498291f2af9b8aa703e0caa5f3cc0bbfc9f5b	other			
apktool_3.0.3.jar	uploaded ZIP/JAR	com/android/tools/smali/dexlib2/iface/instruction/formats/Instruction10t.class	333	228	8	1603480772	1980,1,1,0,0,0	0	c349ce8c3437b498b41d25a123b3fb10fedbc5dfc2be9892aaaec4875173a7cf	other			
apktool_3.0.3.jar	uploaded ZIP/JAR	com/android/tools/smali/dexlib2/iface/instruction/formats/Instruction10x.class	327	226	8	1558817555	1980,1,1,0,0,0	0	9dfc2e151295aa6ac0136a053eec36861b09ceaefdc1918c79345591a6ced401	other			
apktool_3.0.3.jar	uploaded ZIP/JAR	com/android/tools/smali/dexlib2/iface/instruction/formats/Instruction11n.class	420	252	8	3012775702	1980,1,1,0,0,0	0	854156c5d8d4c38c310425722cbac8f3762ee21093378e8f329a542edfd4ca40	other			
apktool_3.0.3.jar	uploaded ZIP/JAR	com/android/tools/smali/dexlib2/iface/instruction/formats/Instruction11x.class	338	230	8	924887155	1980,1,1,0,0,0	0	8e189e265e26d53c70adfb4bd44d191387a85a4f6b5ff7ffbecc037be0d741f9	other			
apktool_3.0.3.jar	uploaded ZIP/JAR	com/android/tools/smali/dexlib2/iface/instruction/formats/Instruction12x.class	338	232	8	383764319	1980,1,1,0,0,0	0	26e43c48e4ca4382ab6ea32ba5c081225df48e6d9412978d56b182f1a4562b1b	other			
apktool_3.0.3.jar	uploaded ZIP/JAR	com/android/tools/smali/dexlib2/iface/instruction/formats/Instruction20bc.class	443	274	8	2961304810	1980,1,1,0,0,0	0	8dbcdf43d4c1aa769e3e7badba0cb659cc6d6ffb1763e291d84b052efbc0f98d	other			
apktool_3.0.3.jar	uploaded ZIP/JAR	com/android/tools/smali/dexlib2/iface/instruction/formats/Instruction20t.class	333	228	8	80841174	1980,1,1,0,0,0	0	bb852a9b58a4fca9809dc8e5a95b5c8316e977c9adddf4eecda8ae3119750ac2	other			
apktool_3.0.3.jar	uploaded ZIP/JAR	com/android/tools/smali/dexlib2/iface/instruction/formats/Instruction21c.class	416	247	8	1249961292	1980,1,1,0,0,0	0	b4f8b567aaf8d74fb368dded9bfefd6b927cc45518f26345b4d249ae27cf3eb8	other			
apktool_3.0.3.jar	uploaded ZIP/JAR	com/android/tools/smali/dexlib2/iface/instruction/formats/Instruction21ih.class	500	266	8	1202445163	1980,1,1,0,0,0	0	4b13757844c46c4d713d3c7b0ccdde5c585200740f563a53d0e27e95d117225e	other			
apktool_3.0.3.jar	uploaded ZIP/JAR	com/android/tools/smali/dexlib2/iface/instruction/formats/Instruction21lh.class	498	264	8	2582081416	1980,1,1,0,0,0	0	970a69003816ab7328b6a48e54b968a725e582bb79adf6f62360e0c9fad99cec	other			
apktool_3.0.3.jar	uploaded ZIP/JAR	com/android/tools/smali/dexlib2/iface/instruction/formats/Instruction21s.class	420	252	8	3371385963	1980,1,1,0,0,0	0	7d9c8c27dd016a36e744470088d6fda485bb1ef52aa887300328663e66179353	other			
apktool_3.0.3.jar	uploaded ZIP/JAR	com/android/tools/smali/dexlib2/iface/instruction/formats/Instruction21t.class	413	244	8	2285212017	1980,1,1,0,0,0	0	e57e4c521e805785718b0cb2f60250801d2b46b0d0919f7b411c3ddd03261251	other			
apktool_3.0.3.jar	uploaded ZIP/JAR	com/android/tools/smali/dexlib2/iface/instruction/formats/Instruction22b.class	420	253	8	3939556575	1980,1,1,0,0,0	0	6d1e5b5cba03b68e5fab5eb6ac58d6e6684767eb4f4a23c4a29be83b5ae77b46	other			
apktool_3.0.3.jar	uploaded ZIP/JAR	com/android/tools/smali/dexlib2/iface/instruction/formats/Instruction22c.class	416	248	8	2995384418	1980,1,1,0,0,0	0	90e6adad684971c0713235f829d7872400321e83148c846564242ae9d7d6152e	other			
apktool_3.0.3.jar	uploaded ZIP/JAR	com/android/tools/smali/dexlib2/iface/instruction/formats/Instruction22cs.class	439	271	8	540288732	1980,1,1,0,0,0	0	f32cf3da34e5edee269eaf4ff2780ee4954e6e030e0a68c2ff5e657f9bde7903	other			
apktool_3.0.3.jar	uploaded ZIP/JAR	com/android/tools/smali/dexlib2/iface/instruction/formats/Instruction22s.class	420	253	8	4032248986	1980,1,1,0,0,0	0	aecb630fabe4bd59fee8ac7ff805eeae61d3d5031171d44eb6acb1349fedfac3	other			
apktool_3.0.3.jar	uploaded ZIP/JAR	com/android/tools/smali/dexlib2/iface/instruction/formats/Instruction22t.class	413	247	8	4262082196	1980,1,1,0,0,0	0	c670c77d67ae79b53c96280dcb0dffd216457a053dd6e7f39f2d0e98e8699575	other			
apktool_3.0.3.jar	uploaded ZIP/JAR	com/android/tools/smali/dexlib2/iface/instruction/formats/Instruction22x.class	338	232	8	1545287611	1980,1,1,0,0,0	0	732964303531fb559222943e8c2fdd9a505d41e4a48507c466f5fbea933202df	other			
apktool_3.0.3.jar	uploaded ZIP/JAR	com/android/tools/smali/dexlib2/iface/instruction/formats/Instruction23x.class	367	254	8	2726575593	1980,1,1,0,0,0	0	189912bf7e70f7eb0ec620201be641f597e18c06620bca87f3a5b3493e105f7b	other			
apktool_3.0.3.jar	uploaded ZIP/JAR	com/android/tools/smali/dexlib2/iface/instruction/formats/Instruction30t.class	333	228	8	2227235047	1980,1,1,0,0,0	0	7cb93d9945f79bd0522cab6f7b0781f79e61d5985b588256d31d300c88dfb48c	other			
apktool_3.0.3.jar	uploaded ZIP/JAR	com/android/tools/smali/dexlib2/iface/instruction/formats/Instruction31c.class	416	247	8	581646339	1980,1,1,0,0,0	0	731736ffe6150304bfe31e15d4fe6900009177e97baa1fec7a14181d334547d3	other			
apktool_3.0.3.jar	uploaded ZIP/JAR	com/android/tools/smali/dexlib2/iface/instruction/formats/Instruction31i.class	420	252	8	1300520762	1980,1,1,0,0,0	0	dd6563b308afd02e257e1a33d53f3ce2c45895cad3a571e01e2f0b7d0dcf57cf	other			
apktool_3.0.3.jar	uploaded ZIP/JAR	com/android/tools/smali/dexlib2/iface/instruction/formats/Instruction31t.class	413	244	8	342796944	1980,1,1,0,0,0	0	e8624e3ce1cc15376a6c08764728cb0950b8bf94445939ea4656b0b1eb957650	other			
apktool_3.0.3.jar	uploaded ZIP/JAR	com/android/tools/smali/dexlib2/iface/instruction/formats/Instruction32x.class	338	231	8	1705469927	1980,1,1,0,0,0	0	6411f29c100661f806fb132717853159b33f32c7739dbe6b5f1a3830b4dadaa6	other			
apktool_3.0.3.jar	uploaded ZIP/JAR	com/android/tools/smali/dexlib2/iface/instruction/formats/Instruction35c.class	417	250	8	3407726975	1980,1,1,0,0,0	0	28f41933c15f2dc95c8eb771e39f62a45cb051d48efb41e2f39bd069ea5cc62e	other			
apktool_3.0.3.jar	uploaded ZIP/JAR	com/android/tools/smali/dexlib2/iface/instruction/formats/Instruction35mi.class	420	250	8	682896257	1980,1,1,0,0,0	0	28df20cf6b6d686422cfd5607ea5d2a06af25d09fc2dfb72a5e485a36ecac928	other			
apktool_3.0.3.jar	uploaded ZIP/JAR	com/android/tools/smali/dexlib2/iface/instruction/formats/Instruction35ms.class	420	251	8	3958215221	1980,1,1,0,0,0	0	eafa0f4fab4f44e2415757ef9e25f799b3f5b6f6dc33af28122e55690d0f50dd	other			
apktool_3.0.3.jar	uploaded ZIP/JAR	com/android/tools/smali/dexlib2/iface/instruction/formats/Instruction3rc.class	418	249	8	2364434486	1980,1,1,0,0,0	0	513b31058f42aa6600f187c5faa45095ee90728e54aea5bc7792ea9d6c6a07ce	other			
apktool_3.0.3.jar	uploaded ZIP/JAR	com/android/tools/smali/dexlib2/iface/instruction/formats/Instruction3rmi.class	421	252	8	1144314933	1980,1,1,0,0,0	0	2262df5868355e92679997153efe935e457ce58afbab96749d4e924b262dab4a	other			
apktool_3.0.3.jar	uploaded ZIP/JAR	com/android/tools/smali/dexlib2/iface/instruction/formats/Instruction3rms.class	421	252	8	2162328846	1980,1,1,0,0,0	0	7804f1322ea839d0490b1ef6b7f690bf5df092a245f1af64aecf192c259bbee3	other			
apktool_3.0.3.jar	uploaded ZIP/JAR	com/android/tools/smali/dexlib2/iface/instruction/formats/Instruction45cc.class	422	253	8	16746270	1980,1,1,0,0,0	0	f117f61029d63e206369aba7ae1955ff4b9b632803457f6664e8e87d46cb1987	other			
apktool_3.0.3.jar	uploaded ZIP/JAR	com/android/tools/smali/dexlib2/iface/instruction/formats/Instruction4rcc.class	423	251	8	2187350514	1980,1,1,0,0,0	0	7f1e90d1b53df1d54c379a4751fd7fed128a10e266c5266ee7aca8674d16d652	other			
apktool_3.0.3.jar	uploaded ZIP/JAR	com/android/tools/smali/dexlib2/iface/instruction/formats/Instruction51l.class	418	249	8	3793768150	1980,1,1,0,0,0	0	14da152a58a6c8ddd37315aef24ce5b9a962e1781a1812b6779f9a9f5b206260	other			
apktool_3.0.3.jar	uploaded ZIP/JAR	com/android/tools/smali/dexlib2/iface/instruction/formats/PackedSwitchPayload.class	334	230	8	977936175	1980,1,1,0,0,0	0	c29b40bdf6b970d368827ea2bdf3bf5fb10b65e6db48d6cc59060f256ffd2477	other			
apktool_3.0.3.jar	uploaded ZIP/JAR	com/android/tools/smali/dexlib2/iface/instruction/formats/SparseSwitchPayload.class	334	230	8	2920257627	1980,1,1,0,0,0	0	3ad297fb77f84c84c95f827fa41a1d14472bafdc9c7454dea226fb65f24d157d	other			
apktool_3.0.3.jar	uploaded ZIP/JAR	com/android/tools/smali/dexlib2/iface/reference/FieldReference.class	427	289	8	3872232303	1980,1,1,0,0,0	0	bd39539d0cf5d21ce3bd18b82bd77de19532d2264583453ac532c62153b188fe	other			
apktool_3.0.3.jar	uploaded ZIP/JAR	com/android/tools/smali/dexlib2/iface/reference/MethodHandleReference.class	477	288	8	3922184687	1980,1,1,0,0,0	0	6d21f8aabbb09a77f91a4669ad3fcceaf423467ada60ef527bd4d8d6a2325fb4	other			
apktool_3.0.3.jar	uploaded ZIP/JAR	com/android/tools/smali/dexlib2/iface/reference/MethodReference.class	483	321	8	761241324	1980,1,1,0,0,0	0	682b9194f19d2377a29e1f5fa6ab665a983bab66542540581184c1fe59389b86	other			
apktool_3.0.3.jar	uploaded ZIP/JAR	com/android/tools/smali/dexlib2/iface/reference/Reference$InvalidReferenceException.class	624	403	8	1096858307	1980,1,1,0,0,0	0	d2f5195b90565799acaf28607d935cf3cd915c8b0bb9a99c32f6c214d8ca10e8	other			
apktool_3.0.3.jar	uploaded ZIP/JAR	com/android/tools/smali/dexlib2/iface/reference/Reference.class	277	222	8	494551884	1980,1,1,0,0,0	0	1774fd9e3324e94bb33ff59dcc59054e780430a464c088a5b8ae0642d0b9d1cd	other			
apktool_3.0.3.jar	uploaded ZIP/JAR	com/android/tools/smali/dexlib2/iface/reference/TypeReference.class	411	276	8	3118068268	1980,1,1,0,0,0	0	2561aab1f8ee68417084025554bb07e875519d135cacabb5c5b3c79d7757c3e9	other			
apktool_3.0.3.jar	uploaded ZIP/JAR	com/android/tools/smali/dexlib2/iface/value/AnnotationEncodedValue.class	399	278	8	1865674580	1980,1,1,0,0,0	0	4ff064766ea96330404cd45d6c9955f1a17ae4fd1c19d820f96f7d98189b71a4	other			
apktool_3.0.3.jar	uploaded ZIP/JAR	com/android/tools/smali/dexlib2/iface/value/ArrayEncodedValue.class	351	253	8	3052712161	1980,1,1,0,0,0	0	dfd4b6e427136078eab6015cf17f603d35c74d473ab604916f9dd83e2e7512b9	other			
apktool_3.0.3.jar	uploaded ZIP/JAR	com/android/tools/smali/dexlib2/iface/value/BooleanEncodedValue.class	338	243	8	1082499002	1980,1,1,0,0,0	0	bd3cef8994e23bdde84960ad8f2e6447ffc61d9f11ad630f38f21ce752bd59aa	other			
apktool_3.0.3.jar	uploaded ZIP/JAR	com/android/tools/smali/dexlib2/iface/value/ByteEncodedValue.class	310	220	8	1327488870	1980,1,1,0,0,0	0	17eea07830f3786efec63b83e71f0992656c237f696d797658bedbe131ef2668	other			
apktool_3.0.3.jar	uploaded ZIP/JAR	com/android/tools/smali/dexlib2/iface/value/CharEncodedValue.class	310	219	8	3426327730	1980,1,1,0,0,0	0	f0648b0b3dee7ce14eb71275fee52d36ecc721d7eedb0a3e78763686f941f707	other			
apktool_3.0.3.jar	uploaded ZIP/JAR	com/android/tools/smali/dexlib2/iface/value/DoubleEncodedValue.class	312	220	8	1124535181	1980,1,1,0,0,0	0	a076e863dc3dedf5183157686ff40ffd8b667c14466e53ecc9c7d3995e017f65	other			
apktool_3.0.3.jar	uploaded ZIP/JAR	com/android/tools/smali/dexlib2/iface/value/EncodedValue.class	299	245	8	3532964556	1980,1,1,0,0,0	0	e1018dfac1344e9cb7f67eb565c00aa3d0edfd1d835f3e6b5c2192177abd2c99	other			
apktool_3.0.3.jar	uploaded ZIP/JAR	com/android/tools/smali/dexlib2/iface/value/EnumEncodedValue.class	398	257	8	2298486411	1980,1,1,0,0,0	0	4379d81274acc7caba1fd35c06e521e286072cb5a4b0565e564dbb43348b2a51	other			
apktool_3.0.3.jar	uploaded ZIP/JAR	com/android/tools/smali/dexlib2/iface/value/FieldEncodedValue.class	399	256	8	94630751	1980,1,1,0,0,0	0	dfcbb7c0dd1782a9d4ee5784fd7977fca182757d52d54792358f2a602912f449	other			
apktool_3.0.3.jar	uploaded ZIP/JAR	com/android/tools/smali/dexlib2/iface/value/FloatEncodedValue.class	311	219	8	4190447615	1980,1,1,0,0,0	0	31204de1db61a55606cd94a98bc48fd390af8edff648cf7b9c199d070dd5c4f5	other			
apktool_3.0.3.jar	uploaded ZIP/JAR	com/android/tools/smali/dexlib2/iface/value/IntEncodedValue.class	309	219	8	1956815398	1980,1,1,0,0,0	0	53063a4538a07a51cc8476111e8246ae031d11c2a0b1badb1ebc909fb2bfb741	other			
apktool_3.0.3.jar	uploaded ZIP/JAR	com/android/tools/smali/dexlib2/iface/value/LongEncodedValue.class	310	220	8	262667793	1980,1,1,0,0,0	0	b3d45832c915a783cfd12a6897e7b1dbd5c112bddc7f49883d3aa4e129eadb70	other			
apktool_3.0.3.jar	uploaded ZIP/JAR	com/android/tools/smali/dexlib2/iface/value/MethodEncodedValue.class	401	258	8	2957236156	1980,1,1,0,0,0	0	470635eab329f4cf7c0610053fb85bff46f5acb592ea61f69ea7539740f47a8e	other			
apktool_3.0.3.jar	uploaded ZIP/JAR	com/android/tools/smali/dexlib2/iface/value/MethodHandleEncodedValue.class	413	261	8	2164362923	1980,1,1,0,0,0	0	1dcc9cc6e86acd31f2498c6ec1462d8c3a39e5dfe6ed10fda8935553309fbd3f	other			
apktool_3.0.3.jar	uploaded ZIP/JAR	com/android/tools/smali/dexlib2/iface/value/MethodTypeEncodedValue.class	413	272	8	2353170112	1980,1,1,0,0,0	0	f77bb42651501c16a11bd3ae862291bbd07cc80c14e77a86c2def473895e0803	other			
apktool_3.0.3.jar	uploaded ZIP/JAR	com/android/tools/smali/dexlib2/iface/value/NullEncodedValue.class	310	218	8	753132518	1980,1,1,0,0,0	0	64656e4e4dfcfa55d7569657db063326822d1e8703c9c1cf9a345c05d3f038db	other			
apktool_3.0.3.jar	uploaded ZIP/JAR	com/android/tools/smali/dexlib2/iface/value/ShortEncodedValue.class	311	219	8	4277180363	1980,1,1,0,0,0	0	984e540966a1d896afdfd856b7181e620e7359f1a94ebd49265b22949bc9987e	other			
apktool_3.0.3.jar	uploaded ZIP/JAR	com/android/tools/smali/dexlib2/iface/value/StringEncodedValue.class	354	250	8	2908129448	1980,1,1,0,0,0	0	3de4f9de383b3881b4da9edfb0537643869dadd5f12a4bf1bffe4f0bb3522fe2	other			
apktool_3.0.3.jar	uploaded ZIP/JAR	com/android/tools/smali/dexlib2/iface/value/TypeEncodedValue.class	352	251	8	3804485164	1980,1,1,0,0,0	0	ac30600d5784fa5186c093828fcfe3a6d5e225f44aab1dc3e5e7a4a393f5a467	other			
apktool_3.0.3.jar	uploaded ZIP/JAR	com/android/tools/smali/dexlib2/immutable/ImmutableAnnotation$1.class	373	280	8	2416120773	1980,1,1,0,0,0	0	1ca224c9f95e1d1f20ead7ad9086c83e203afcc29eddb0234f6f66fa982bdcaf	other			
apktool_3.0.3.jar	uploaded ZIP/JAR	com/android/tools/smali/dexlib2/immutable/ImmutableAnnotation.class	1913	1032	8	1948026267	1980,1,1,0,0,0	0	bd063a2d692cce480d067ba29396897959a12cf62c18eec4a37e0d7045303445	other			
apktool_3.0.3.jar	uploaded ZIP/JAR	com/android/tools/smali/dexlib2/immutable/ImmutableAnnotationElement$1.class	380	284	8	2010761081	1980,1,1,0,0,0	0	a10d00fb0c0efb800b9ee8dfc4f95c051278f9336ef10c121fe8bfc0bb7a32e3	other			
apktool_3.0.3.jar	uploaded ZIP/JAR	com/android/tools/smali/dexlib2/immutable/ImmutableAnnotationElement.class	1256	547	8	3988633725	1980,1,1,0,0,0	0	9b0e2ec028f9c7e7de86c022e1978399e43612d07c546c57063b58ee80f40a2c	other			
apktool_3.0.3.jar	uploaded ZIP/JAR	com/android/tools/smali/dexlib2/immutable/debug/ImmutableDebugItem$1.class	378	284	8	112304477	1980,1,1,0,0,0	0	cca729f783f04d1bdadbc676a0f728f7889ab400039e23e12aa347898609bf07	other			
apktool_3.0.3.jar	uploaded ZIP/JAR	com/android/tools/smali/dexlib2/immutable/debug/ImmutableDebugItem.class	562	386	8	1096888889	1980,1,1,0,0,0	0	3424589005edf691f6d39eeff2098f5c8df523cd879ec521bd2e2d81c2ae1f70	other			
apktool_3.0.3.jar	uploaded ZIP/JAR	com/android/tools/smali/dexlib2/immutable/debug/ImmutableEndLocal.class	986	538	8	3182153646	1980,1,1,0,0,0	0	6418307f5abc3ed94c206756f1c2ad09c0b9563b8aedad6b3f0b42fc1f1fbe5d	other			
apktool_3.0.3.jar	uploaded ZIP/JAR	com/android/tools/smali/dexlib2/immutable/debug/ImmutableEpilogueBegin.class	455	314	8	1618799154	1980,1,1,0,0,0	0	1acbfb9cf8510c066dff5226dc78a0987248283e3eb1d938235e59da6c58ddf7	other			
apktool_3.0.3.jar	uploaded ZIP/JAR	com/android/tools/smali/dexlib2/immutable/debug/ImmutableLineNumber.class	625	384	8	2970729503	1980,1,1,0,0,0	0	6ed00ab7f899e8281954ba904fede2b26f5713e33904ab20a694ab07939f42d7	other			
apktool_3.0.3.jar	uploaded ZIP/JAR	com/android/tools/smali/dexlib2/immutable/debug/ImmutablePrologueEnd.class	453	312	8	3317771956	1980,1,1,0,0,0	0	c3698b0ca52ab775a6929a682e70be25c5324e744e329477edcd4a9c0e2a1ec3	other			
apktool_3.0.3.jar	uploaded ZIP/JAR	com/android/tools/smali/dexlib2/immutable/debug/ImmutableRestartLocal.class	995	541	8	1580873055	1980,1,1,0,0,0	0	4b354ee5fc87de944feecd56fdd50f4caef2b1af705888c59748502b555522a2	other			
apktool_3.0.3.jar	uploaded ZIP/JAR	com/android/tools/smali/dexlib2/immutable/debug/ImmutableSetSourceFile$1.class	787	413	8	2687693580	1980,1,1,0,0,0	0	4d42b3d6584532f808f94dfab8273dd9ef9ac4ceab7869294559faf3bb78d95d	other			
apktool_3.0.3.jar	uploaded ZIP/JAR	com/android/tools/smali/dexlib2/immutable/debug/ImmutableSetSourceFile.class	1033	522	8	2549005644	1980,1,1,0,0,0	0	b6e0c27405ee457af6874119a42f3f3173c0b34597454103f52406b0ce832e61	other			
apktool_3.0.3.jar	uploaded ZIP/JAR	com/android/tools/smali/dexlib2/immutable/debug/ImmutableStartLocal$1.class	769	416	8	1755220554	1980,1,1,0,0,0	0	979e8de566bc33646a4f69176c6251f8a1f0c6a5e8677d71dac3890bfe9c82ac	other			
apktool_3.0.3.jar	uploaded ZIP/JAR	com/android/tools/smali/dexlib2/immutable/debug/ImmutableStartLocal$2.class	765	416	8	4066417244	1980,1,1,0,0,0	0	14b8f03777cf6ae84b81ca44db2edb8ffac65bfedda114d6ed125816beada8a4	other			
apktool_3.0.3.jar	uploaded ZIP/JAR	com/android/tools/smali/dexlib2/immutable/debug/ImmutableStartLocal$3.class	774	421	8	598952505	1980,1,1,0,0,0	0	ea318f1aa89d61ecf5e72dcb67fdb6151c1175b26dfef757db132cdf8cd366a9	other			
apktool_3.0.3.jar	uploaded ZIP/JAR	com/android/tools/smali/dexlib2/immutable/debug/ImmutableStartLocal.class	1724	723	8	416436122	1980,1,1,0,0,0	0	00f719de18cdee799ce00a69e8f93bf9ce9f340e737cf6e6919b05790fc0d7ff	other			
apktool_3.0.3.jar	uploaded ZIP/JAR	com/android/tools/smali/dexlib2/immutable/instruction/ImmutableInstruction$1.class	386	282	8	170631821	1980,1,1,0,0,0	0	6ddcd0dc7351748d56698f30692257742703666c61ff40c611120d74fd48b61e	other			
apktool_3.0.3.jar	uploaded ZIP/JAR	com/android/tools/smali/dexlib2/immutable/instruction/ImmutableInstruction31t.class	1889	942	8	2878332876	1980,1,1,0,0,0	0	355c8a6cd19570e47170bef66bc6d6b91748de3c194473b63f87d4bdd85ead6e	other			
apktool_3.0.3.jar	uploaded ZIP/JAR	com/android/tools/smali/dexlib2/immutable/reference/ImmutableCallSiteReference.class	1836	760	8	1974134136	1980,1,1,0,0,0	0	9b607a3e21a0e9740071d76765e89e9f4b3fe56618492b1b96245ca2383cd8bc	other			
apktool_3.0.3.jar	uploaded ZIP/JAR	com/android/tools/smali/dexlib2/immutable/reference/ImmutableFieldReference.class	1249	619	8	48993235	1980,1,1,0,0,0	0	ae0939fc0d22a8cabcdb8c6fc40ce88948d245194945ebe6abe2cee99e3a31bc	other			
apktool_3.0.3.jar	uploaded ZIP/JAR	com/android/tools/smali/dexlib2/immutable/reference/ImmutableMethodHandleReference.class	943	449	8	589155227	1980,1,1,0,0,0	0	fdc49b8504e6934019d68c9318d8d7d613db68ccde2c1c3ca07b6539dcae57bb	other			
apktool_3.0.3.jar	uploaded ZIP/JAR	com/android/tools/smali/dexlib2/immutable/reference/ImmutableMethodProtoReference.class	1621	900	8	3284000905	1980,1,1,0,0,0	0	1dc9f6147a9b0f569d6d9bad3e8329921983e6f9f397f8bbe8be66e6dc6c3710	other			
apktool_3.0.3.jar	uploaded ZIP/JAR	com/android/tools/smali/dexlib2/immutable/reference/ImmutableMethodReference.class	2158	1079	8	2566763291	1980,1,1,0,0,0	0	fe350a0128a53d11aad45898bd8897b916db37f4e1d8444c52e226610f6c588c	other			
apktool_3.0.3.jar	uploaded ZIP/JAR	com/android/tools/smali/dexlib2/immutable/reference/ImmutableReference.class	321	222	8	1784666890	1980,1,1,0,0,0	0	c600369344594087abb9607a693598aeff99d37770999ebf88450f1c04c8b151	other			
apktool_3.0.3.jar	uploaded ZIP/JAR	com/android/tools/smali/dexlib2/immutable/reference/ImmutableTypeReference.class	634	389	8	2233219805	1980,1,1,0,0,0	0	ba002b97867901ad98feba87bc044ceb08982a38e8e17a6a853e2c1d6f0623e6	other			
apktool_3.0.3.jar	uploaded ZIP/JAR	com/android/tools/smali/dexlib2/immutable/value/ImmutableAnnotationEncodedValue.class	1853	977	8	2647824059	1980,1,1,0,0,0	0	8611f3f0985bce2946a810f87b94c72976561e8281b52268f55c25a4849517dc	other			
apktool_3.0.3.jar	uploaded ZIP/JAR	com/android/tools/smali/dexlib2/immutable/value/ImmutableArrayEncodedValue.class	1526	790	8	3756782798	1980,1,1,0,0,0	0	c8704fab22816423cf273764e52ef8cc7c07039dcad2bad60d5643bbb6fef7d3	other			
apktool_3.0.3.jar	uploaded ZIP/JAR	com/android/tools/smali/dexlib2/immutable/value/ImmutableBooleanEncodedValue.class	818	464	8	1049777165	1980,1,1,0,0,0	0	6aeccdad142d8ed8e903885b08da657b9b96d64baba679c0a331c0b385aece91	other			
apktool_3.0.3.jar	uploaded ZIP/JAR	com/android/tools/smali/dexlib2/immutable/value/ImmutableByteEncodedValue.class	522	332	8	2664692027	1980,1,1,0,0,0	0	773f10a99c7aaf695261c09d78194f6d8d7c2a8026f9c2067b29d5b887a5cd46	other			
apktool_3.0.3.jar	uploaded ZIP/JAR	com/android/tools/smali/dexlib2/immutable/value/ImmutableCharEncodedValue.class	522	331	8	893447736	1980,1,1,0,0,0	0	c84e6dcab4b8349295e088370724bbf3cbb87989ffba063f711cd31260aea2cc	other			
apktool_3.0.3.jar	uploaded ZIP/JAR	com/android/tools/smali/dexlib2/immutable/value/ImmutableDoubleEncodedValue.class	526	332	8	9437144	1980,1,1,0,0,0	0	6f4fa43e62b94a274b789775304e2d24558aa6cc4efc824747c5c88a2f581270	other			
apktool_3.0.3.jar	uploaded ZIP/JAR	com/android/tools/smali/dexlib2/immutable/value/ImmutableEncodedValue.class	319	225	8	722503760	1980,1,1,0,0,0	0	6904a8165780675198357261c70dfba3cee51cd27c8ab61636151c9a3e6400cc	other			
apktool_3.0.3.jar	uploaded ZIP/JAR	com/android/tools/smali/dexlib2/immutable/value/ImmutableEncodedValueFactory$1.class	388	290	8	23175742	1980,1,1,0,0,0	0	a6e262ee11d06390645cf6a8b8a265229fcf40590bbd36efb4cac5dbe18b7803	other			
apktool_3.0.3.jar	uploaded ZIP/JAR	com/android/tools/smali/dexlib2/immutable/value/ImmutableEncodedValueFactory.class	8022	2587	8	2638611926	1980,1,1,0,0,0	0	7c7e57cc2c65af8444f1cc313c04547110a6f1fd5ddb2a208f947d9ef892e1a9	other			
apktool_3.0.3.jar	uploaded ZIP/JAR	com/android/tools/smali/dexlib2/immutable/value/ImmutableEnumEncodedValue.class	797	401	8	2648577978	1980,1,1,0,0,0	0	fc756aeab1c6c7bd34fc15869175f73c1a533280a8f5b33510078d5fc145835c	other			
apktool_3.0.3.jar	uploaded ZIP/JAR	com/android/tools/smali/dexlib2/immutable/value/ImmutableFieldEncodedValue.class	799	400	8	868723555	1980,1,1,0,0,0	0	5b3ff4b8c53f35b5a2211c7698997024a4a87838177e60076e358770e9d39ee7	other			
apktool_3.0.3.jar	uploaded ZIP/JAR	com/android/tools/smali/dexlib2/immutable/value/ImmutableFloatEncodedValue.class	524	331	8	4120238110	1980,1,1,0,0,0	0	6c928208ebcac007edf0c6db35d2287abee019318a16975d4978a6bbe3404d9e	other			
apktool_3.0.3.jar	uploaded ZIP/JAR	com/android/tools/smali/dexlib2/immutable/value/ImmutableIntEncodedValue.class	520	331	8	2411445277	1980,1,1,0,0,0	0	ca367207c102f032d8059854636f0c21e586e09d7d1d7e3de882724b9df4f840	other			
apktool_3.0.3.jar	uploaded ZIP/JAR	com/android/tools/smali/dexlib2/immutable/value/ImmutableLongEncodedValue.class	522	332	8	261698684	1980,1,1,0,0,0	0	de26a067429678ce6ec3f92f2dd9f5bcf25557b855ba45c58483eff0059fc7be	other			
apktool_3.0.3.jar	uploaded ZIP/JAR	com/android/tools/smali/dexlib2/immutable/value/ImmutableMethodEncodedValue.class	804	397	8	640817111	1980,1,1,0,0,0	0	f7d5afd888672aba8841668e8d4837d43d436bd4cb32796110b73cf3601799c6	other			
apktool_3.0.3.jar	uploaded ZIP/JAR	com/android/tools/smali/dexlib2/immutable/value/ImmutableMethodHandleEncodedValue.class	850	411	8	3954978824	1980,1,1,0,0,0	0	a4580afc13b4f243feb646a6706a4a899441c045c85a3de5fe3740131f03ca7b	other			
apktool_3.0.3.jar	uploaded ZIP/JAR	com/android/tools/smali/dexlib2/immutable/value/ImmutableMethodTypeEncodedValue.class	845	415	8	3678291185	1980,1,1,0,0,0	0	c9787615ff8fc42bdfb9c6b42732cce8468eef47746bb82940a19b01276cbd09	other			
apktool_3.0.3.jar	uploaded ZIP/JAR	com/android/tools/smali/dexlib2/immutable/value/ImmutableNullEncodedValue.class	648	362	8	1377332527	1980,1,1,0,0,0	0	86d500ea03130ea50906c20b07234f5b1420f5c2586374397fd84faff65af1e4	other			
apktool_3.0.3.jar	uploaded ZIP/JAR	com/android/tools/smali/dexlib2/immutable/value/ImmutableShortEncodedValue.class	524	332	8	1342899164	1980,1,1,0,0,0	0	955b3c2d21d537dc1f12a87a7e96acfe7515d4c0710d8d873fd8942090b6ef9b	other			
apktool_3.0.3.jar	uploaded ZIP/JAR	com/android/tools/smali/dexlib2/immutable/value/ImmutableStringEncodedValue.class	637	382	8	2570795784	1980,1,1,0,0,0	0	ba09e4c8b4481c800ce798f15a4625c8838e26f77c303d59ff78d79975df568e	other			
apktool_3.0.3.jar	uploaded ZIP/JAR	com/android/tools/smali/dexlib2/immutable/value/ImmutableTypeEncodedValue.class	633	383	8	1562619700	1980,1,1,0,0,0	0	5f0388e2acd60573dbcfb0365dabc87826db6606f93558a0ce964411d8f4ee7e	other			
apktool_3.0.3.jar	uploaded ZIP/JAR	com/android/tools/smali/dexlib2/util/DexUtil$InvalidFile.class	364	297	8	3877366137	1980,1,1,0,0,0	0	265cab818895139f5a8a0bbc16b3d7b4127c4f7a16e7ed289095f98946336d19	other			
apktool_3.0.3.jar	uploaded ZIP/JAR	com/android/tools/smali/dexlib2/util/DexUtil$UnsupportedFile.class	368	302	8	3604973445	1980,1,1,0,0,0	0	b7a82d62e9ba5660b50287754921887bf759e16a5afca5f9305cca31283671d2	other			
apktool_3.0.3.jar	uploaded ZIP/JAR	com/android/tools/smali/dexlib2/util/DexUtil.class	2319	1378	8	2170068805	1980,1,1,0,0,0	0	6541fc28925fd198e49915022024ed754f7aa10f52686bdf01625bc5dfb7b1cb	other			
apktool_3.0.3.jar	uploaded ZIP/JAR	com/android/tools/smali/dexlib2/util/EncodedValueUtils.class	2048	772	8	3702256815	1980,1,1,0,0,0	0	842ecbb78d9f5d2b5ba4198d1e81ecf66d9be13b510dc7bd8814cab8b70ecd13	other			
apktool_3.0.3.jar	uploaded ZIP/JAR	com/android/tools/smali/dexlib2/util/FieldUtil$1.class	714	478	8	1465602570	1980,1,1,0,0,0	0	7d7b330a926a436ffcc0c3ece12c83518030aa7ada39bd3c40a883af68ca66ee	other			
apktool_3.0.3.jar	uploaded ZIP/JAR	com/android/tools/smali/dexlib2/util/FieldUtil$2.class	714	477	8	3323983586	1980,1,1,0,0,0	0	6090f965646d8b786dd07713867708614151e4524ee677d9a523e14efc6e95aa	other			
apktool_3.0.3.jar	uploaded ZIP/JAR	com/android/tools/smali/dexlib2/util/FieldUtil.class	649	380	8	358788411	1980,1,1,0,0,0	0	2577c79e217f83dcc82cab779c8eb220655c849a6e792bf23ab185440d20c44a	other			
apktool_3.0.3.jar	uploaded ZIP/JAR	com/android/tools/smali/dexlib2/util/InstructionOffsetMap$InvalidInstructionIndex.class	611	430	8	483240923	1980,1,1,0,0,0	0	550591d0d2e988bc9ca69424d5e20d64dbff1ce6c1257e23ebcfea13c104c48c	other			
apktool_3.0.3.jar	uploaded ZIP/JAR	com/android/tools/smali/dexlib2/util/InstructionOffsetMap$InvalidInstructionOffset.class	604	421	8	3915550372	1980,1,1,0,0,0	0	ee42399b4acf9f9574a8991d4e0ee7a22d1270fef58dadebb8bcd113f802c3b6	other			
apktool_3.0.3.jar	uploaded ZIP/JAR	com/android/tools/smali/dexlib2/util/InstructionOffsetMap.class	999	630	8	3561462822	1980,1,1,0,0,0	0	afb7227db1310d522d6df67e7e30441d6d2e7a1fc2b741db4a84a1b3fb9dc82a	other			
apktool_3.0.3.jar	uploaded ZIP/JAR	com/android/tools/smali/dexlib2/util/MethodUtil$1.class	653	451	8	410430973	1980,1,1,0,0,0	0	1a62bb1b0c0404559ed74f1565996c62982dc6affe58dad9c6e7739d5b31629e	other			
apktool_3.0.3.jar	uploaded ZIP/JAR	com/android/tools/smali/dexlib2/util/MethodUtil$2.class	657	456	8	1491999870	1980,1,1,0,0,0	0	b49c89d61388289f6e6afb90c68a30767a09993a8779f9a9293bd4382a3ba596	other			
apktool_3.0.3.jar	uploaded ZIP/JAR	com/android/tools/smali/dexlib2/util/MethodUtil.class	1252	741	8	116401114	1980,1,1,0,0,0	0	8299d1218f0e23e0ccf0c896bb2e8f90606d82ac9a814089791a8bb37aba2547	other			
apktool_3.0.3.jar	uploaded ZIP/JAR	com/android/tools/smali/dexlib2/util/Preconditions.class	1958	925	8	1101221048	1980,1,1,0,0,0	0	d125b71ca18e693f200a642059906566d8c9bbd772a9b3ad12c1841aa00648d8	other			
apktool_3.0.3.jar	uploaded ZIP/JAR	com/android/tools/smali/dexlib2/writer/DebugInfoCache.class	783	585	8	541269430	1980,1,1,0,0,0	0	5fcd6619bae90de09c3c713e24b35b36d327b3998682e2f14eaf9e750d3fe3d0	other			
apktool_3.0.3.jar	uploaded ZIP/JAR	com/android/tools/smali/dexlib2/writer/DexDataWriter.class	3648	2057	8	775695142	1980,1,1,0,0,0	0	edd902d76af7eace922de425d4e896c8b1b7f80cd3b81d8cff78f8820ae5a15a	other			
apktool_3.0.3.jar	uploaded ZIP/JAR	com/android/tools/smali/dexlib2/writer/DexWriter$1.class	1558	723	8	596347659	1980,1,1,0,0,0	0	49c17c84da84b0d73f68cc2d9bc42202539703ed02b47508f5827668b8a12579	other			
apktool_3.0.3.jar	uploaded ZIP/JAR	com/android/tools/smali/dexlib2/writer/DexWriter$2.class	661	447	8	1193700241	1980,1,1,0,0,0	0	34b72f184feb4437399809c1b9b0178428664196fa568099551218f04d058bef	other			
apktool_3.0.3.jar	uploaded ZIP/JAR	com/android/tools/smali/dexlib2/writer/DexWriter$3.class	620	429	8	778800133	1980,1,1,0,0,0	0	2fd7a99d3f4cf61cbf3453a717e51a79357db540d721992d97814e26592d38b4	other			
apktool_3.0.3.jar	uploaded ZIP/JAR	com/android/tools/smali/dexlib2/writer/DexWriter$4.class	622	433	8	2538639880	1980,1,1,0,0,0	0	10a09406abb004cda85ee92c261be8d1c8b0f351f18aeb2b7381a4d80862ed36	other			
apktool_3.0.3.jar	uploaded ZIP/JAR	com/android/tools/smali/dexlib2/writer/DexWriter$CodeItemOffset.class	468	356	8	3223408587	1980,1,1,0,0,0	0	ae1a686b089391878dd91ee0ed2e9c95abb0209f10a21d3fc1720e24bb03c1ee	other			
apktool_3.0.3.jar	uploaded ZIP/JAR	com/android/tools/smali/dexlib2/writer/DexWriter$InternalEncodedValueWriter.class	1573	676	8	3228345324	1980,1,1,0,0,0	0	e03c18b2efa4ee7df1b661c97e6ea60f9d3ff4bc422a3ed15a4f7e5862e63995	other			
apktool_3.0.3.jar	uploaded ZIP/JAR	com/android/tools/smali/dexlib2/writer/DexWriter$RestrictionsWriter.class	2681	1483	8	983931944	1980,1,1,0,0,0	0	5193cd3f690d3d1254cb0f977953a328bfed8b8a34f6c5bf6cb5f80218613cad	other			
apktool_3.0.3.jar	uploaded ZIP/JAR	com/android/tools/smali/dexlib2/writer/DexWriter.class	54460	20638	8	2482049371	1980,1,1,0,0,0	0	022c469b4dd77d8734fab38e2424dc1c13246f0aac869102efb889a6f57a08e9	other			
apktool_3.0.3.jar	uploaded ZIP/JAR	com/android/tools/smali/dexlib2/writer/InstructionWriter$1.class	619	435	8	82100425	1980,1,1,0,0,0	0	4f9bfd626938c6dab2b021544dda0e773e719670e348c4f9ddddaa23e9ca7b7c	other			
apktool_3.0.3.jar	uploaded ZIP/JAR	com/android/tools/smali/dexlib2/writer/InstructionWriter.class	13194	4306	8	3513294810	1980,1,1,0,0,0	0	f87c6c632adc6183896e248760a8aa4a6814f05f3ef338a7fa24302820202dd8	other			
apktool_3.0.3.jar	uploaded ZIP/JAR	com/android/tools/smali/dexlib2/writer/builder/BaseBuilderPool.class	508	325	8	2964293534	1980,1,1,0,0,0	0	de55c501180bfd7a2b107576691cb767d368d6ea269d32f60082d1d38e0162dd	other			
apktool_3.0.3.jar	uploaded ZIP/JAR	com/android/tools/smali/dexlib2/writer/builder/BuilderAnnotation.class	1232	596	8	2555525655	1980,1,1,0,0,0	0	2fd2da7ee282661b0da72c923fd009e7c86cd487ed4493e0eec820529b0f6a42	other			
apktool_3.0.3.jar	uploaded ZIP/JAR	com/android/tools/smali/dexlib2/writer/builder/BuilderAnnotationElement.class	1108	504	8	631461216	1980,1,1,0,0,0	0	03009ea5cfbf18dedf5042b42d796e112991336491b50325463eb75da46d9a38	other			
apktool_3.0.3.jar	uploaded ZIP/JAR	com/android/tools/smali/dexlib2/writer/builder/BuilderAnnotationPool$1.class	703	436	8	1238059506	1980,1,1,0,0,0	0	a0d61357f439ca12802af50326ca71b4e9bd6d5f3b2e9aa6bb9389a7ac90cfc2	other			
apktool_3.0.3.jar	uploaded ZIP/JAR	com/android/tools/smali/dexlib2/writer/builder/BuilderAnnotationPool.class	607	380	8	3767459229	1980,1,1,0,0,0	0	aaf46ad496b39234a08169b1f3b529b100ba0fadd7dc33ad27a5fd6362f1346d	other			
apktool_3.0.3.jar	uploaded ZIP/JAR	com/android/tools/smali/dexlib2/writer/builder/BuilderAnnotationSet.class	879	537	8	2781937827	1980,1,1,0,0,0	0	da494fbbe8ef195792f8c217eb2d155adc71aff1aa7f1d4390e2679a5ff3d052	other			
apktool_3.0.3.jar	uploaded ZIP/JAR	com/android/tools/smali/dexlib2/writer/builder/BuilderAnnotationSetPool$1.class	709	440	8	3895254676	1980,1,1,0,0,0	0	7fb9c8bbeb433ea66548978348ddeca010f5b8dfd3d7993b4f6e69c7d4e7c097	other			
apktool_3.0.3.jar	uploaded ZIP/JAR	com/android/tools/smali/dexlib2/writer/builder/BuilderAnnotationSetPool.class	3498	1324	8	866642718	1980,1,1,0,0,0	0	d43728885cdda6af1d442b057e48c731b62150af77d87d38273e787484a8b750	other			
apktool_3.0.3.jar	uploaded ZIP/JAR	com/android/tools/smali/dexlib2/writer/builder/BuilderCallSitePool$1.class	707	439	8	2464133390	1980,1,1,0,0,0	0	271ad1d3d14afabf25b4770380738c6e5c645b4da489926221b1b4d34834c533	other			
apktool_3.0.3.jar	uploaded ZIP/JAR	com/android/tools/smali/dexlib2/writer/builder/BuilderCallSitePool.class	605	380	8	3937175958	1980,1,1,0,0,0	0	fc55e0f4ddd67d4cee7fd95fbed319812bd1a510ac5cca52bf04717a90df8c55	other			
apktool_3.0.3.jar	uploaded ZIP/JAR	com/android/tools/smali/dexlib2/writer/builder/BuilderCallSiteReference.class	2281	913	8	4062100881	1980,1,1,0,0,0	0	f880da3b16c4bbab8f55cc3fcc87c93403cb3b7e9209f9df65f9dd42f52330d0	other			
apktool_3.0.3.jar	uploaded ZIP/JAR	com/android/tools/smali/dexlib2/writer/builder/BuilderClassDef$1.class	1259	664	8	2876392644	1980,1,1,0,0,0	0	282c33852523c0ad76fb58777f65557c5e03fb5b961c4c2d8cf4f56411a5185c	other			
apktool_3.0.3.jar	uploaded ZIP/JAR	com/android/tools/smali/dexlib2/writer/builder/BuilderClassDef$2.class	1357	704	8	3382997736	1980,1,1,0,0,0	0	17f385cf651da888e65704a048ce7e584de21036261a21757693502c7f9a4ffe	other			
apktool_3.0.3.jar	uploaded ZIP/JAR	com/android/tools/smali/dexlib2/writer/builder/BuilderClassDef.class	5230	1881	8	1700262730	1980,1,1,0,0,0	0	8e4cffd2ed515d75141dac6d52ac3a5ce73cfaa8253bd34f038b7807b43ced5b	other			
apktool_3.0.3.jar	uploaded ZIP/JAR	com/android/tools/smali/dexlib2/writer/builder/BuilderClassPool$1.class	985	537	8	2590976926	1980,1,1,0,0,0	0	43e0e1d822d880563ea0fef158c1b5a22016bdb021f0f1788af6b141086f2466	other			
apktool_3.0.3.jar	uploaded ZIP/JAR	com/android/tools/smali/dexlib2/writer/builder/BuilderClassPool$4.class	824	489	8	953532446	1980,1,1,0,0,0	0	cfa26e6d9148841332bcee2312982eec643202090ddfdb6269cc80cc9d3908b6	other			
apktool_3.0.3.jar	uploaded ZIP/JAR	com/android/tools/smali/dexlib2/writer/builder/BuilderClassPool$5.class	649	405	8	767339762	1980,1,1,0,0,0	0	f32e2ae2a6e525cd20b0f3fd9897e44d3a53fea8b4c954f917852e3e7e1ace5c	other			
apktool_3.0.3.jar	uploaded ZIP/JAR	com/android/tools/smali/dexlib2/writer/builder/BuilderClassPool$6.class	991	559	8	2078129762	1980,1,1,0,0,0	0	82ab274dbe40507807dc35843007b338d66beec2df6fba9c6a20de6b0f8d6fa8	other			
apktool_3.0.3.jar	uploaded ZIP/JAR	com/android/tools/smali/dexlib2/writer/builder/BuilderClassPool$7.class	703	439	8	44576648	1980,1,1,0,0,0	0	6093b088db70aa7811f2cc97a3533f21837663b3f82049e89b908193e95c1b4a	other			
apktool_3.0.3.jar	uploaded ZIP/JAR	com/android/tools/smali/dexlib2/writer/builder/BuilderClassPool.class	2943	1178	8	4273987173	1980,1,1,0,0,0	0	1ff9a40d2950977817dbae9fa2332f700dff68e28c37b3050f14d36e695ab263	other			
apktool_3.0.3.jar	uploaded ZIP/JAR	com/android/tools/smali/dexlib2/writer/builder/BuilderEncodedArrayPool$1.class	733	446	8	1305481528	1980,1,1,0,0,0	0	1410a74b5c21568f0f8cf703f23680ed95f6987383185b21b2f2297e73a4f682	other			
apktool_3.0.3.jar	uploaded ZIP/JAR	com/android/tools/smali/dexlib2/writer/builder/BuilderEncodedArrayPool.class	609	381	8	29680322	1980,1,1,0,0,0	0	f2de680cf37c68b397a1b47192a84f114a732f2bade1801e6c8eabf0fbaa2654	other			
apktool_3.0.3.jar	uploaded ZIP/JAR	com/android/tools/smali/dexlib2/writer/builder/BuilderEncodedValues$BuilderAnnotationEncodedValue.class	1242	550	8	3620248769	1980,1,1,0,0,0	0	c0fe7aa22e81780cdb9e6c32ac6b63038b506a4c49aa563d3b15cf11aacd70c4	other			
apktool_3.0.3.jar	uploaded ZIP/JAR	com/android/tools/smali/dexlib2/writer/builder/BuilderEncodedValues$BuilderArrayEncodedValue.class	708	427	8	2163845629	1980,1,1,0,0,0	0	97f35a72fa5e7981faabc7982f86d23ae7a858328b71331567d6e06a5e79419d	other			
apktool_3.0.3.jar	uploaded ZIP/JAR	com/android/tools/smali/dexlib2/writer/builder/BuilderEncodedValues$BuilderBooleanEncodedValue.class	872	478	8	2458940943	1980,1,1,0,0,0	0	ea9bd3dd1061e6ec390a004f97ebb0fd2e2b1e38ba98ff82d37b29c98ad4a3a6	other			
apktool_3.0.3.jar	uploaded ZIP/JAR	com/android/tools/smali/dexlib2/writer/builder/BuilderEncodedValues$BuilderByteEncodedValue.class	524	316	8	2442513439	1980,1,1,0,0,0	0	9d9f6be8abf1f67388dc7a217406f9171ff5657a0c0d76decfee7d678614a939	other			
apktool_3.0.3.jar	uploaded ZIP/JAR	com/android/tools/smali/dexlib2/writer/builder/BuilderEncodedValues$BuilderCharEncodedValue.class	524	314	8	1452513475	1980,1,1,0,0,0	0	d4f5c30ab0e6505937d93b50b9123de58116e818b1f269e2db41aaa574eaa4b2	other			
apktool_3.0.3.jar	uploaded ZIP/JAR	com/android/tools/smali/dexlib2/writer/builder/BuilderEncodedValues$BuilderDoubleEncodedValue.class	528	315	8	1076879355	1980,1,1,0,0,0	0	4d979032644e8132c58caa073efa6601c16db0314a4a84d3e7b6302fdcc31145	other			
apktool_3.0.3.jar	uploaded ZIP/JAR	com/android/tools/smali/dexlib2/writer/builder/BuilderEncodedValues$BuilderEncodedValue.class	337	232	8	2589964312	1980,1,1,0,0,0	0	35618cd4550acd28d3b68632c02e4c14058af9dbef2998de39fd412ec7ad2dca	other			
apktool_3.0.3.jar	uploaded ZIP/JAR	com/android/tools/smali/dexlib2/writer/builder/BuilderEncodedValues$BuilderEnumEncodedValue.class	827	414	8	2324297638	1980,1,1,0,0,0	0	927033945e2ed522c9bdd3fd4bb0cd4bec4891ce294a2cf8423b82baccd5cd6e	other			
apktool_3.0.3.jar	uploaded ZIP/JAR	com/android/tools/smali/dexlib2/writer/builder/BuilderEncodedValues$BuilderFieldEncodedValue.class	830	412	8	3382966762	1980,1,1,0,0,0	0	b1314427879f2f888bb07ac692dcd83247c71152ca97bc43a3e2a1b897cdf0d1	other			
apktool_3.0.3.jar	uploaded ZIP/JAR	com/android/tools/smali/dexlib2/writer/builder/BuilderEncodedValues$BuilderFloatEncodedValue.class	526	314	8	1325282780	1980,1,1,0,0,0	0	c1edf4248f3b8288e7b9ae72e4ea128d0cba419ce7cfba0bccac7c12c389209d	other			
apktool_3.0.3.jar	uploaded ZIP/JAR	com/android/tools/smali/dexlib2/writer/builder/BuilderEncodedValues$BuilderIntEncodedValue.class	522	313	8	1484931316	1980,1,1,0,0,0	0	5f9bd7125a7772b0f5bb2918cc74168cf265d12fd9e852dd591fbef3a8c7a84b	other			
apktool_3.0.3.jar	uploaded ZIP/JAR	com/android/tools/smali/dexlib2/writer/builder/BuilderEncodedValues$BuilderLongEncodedValue.class	524	313	8	3890492412	1980,1,1,0,0,0	0	6d517b1b54b38a478a582fb64aa38aa6ed73474c5cf62b33f9c7789a7c75cf24	other			
apktool_3.0.3.jar	uploaded ZIP/JAR	com/android/tools/smali/dexlib2/writer/builder/BuilderEncodedValues$BuilderMethodEncodedValue.class	836	417	8	1323853981	1980,1,1,0,0,0	0	cc4575c2dcc866d584fc610b9a9996b22cd0823b0edebbb4faf8ec30121e4158	other			
apktool_3.0.3.jar	uploaded ZIP/JAR	com/android/tools/smali/dexlib2/writer/builder/BuilderEncodedValues$BuilderMethodHandleEncodedValue.class	872	417	8	107643810	1980,1,1,0,0,0	0	b6acc17e8dd302d70a4d4b7b94575a25e310aa108b532048ec8d443626271a00	other			
apktool_3.0.3.jar	uploaded ZIP/JAR	com/android/tools/smali/dexlib2/writer/builder/BuilderEncodedValues$BuilderMethodTypeEncodedValue.class	867	420	8	1794646290	1980,1,1,0,0,0	0	db7bf0a73090cbd4b77674d79ba0a0a64130c5e65727e529b88d191df3cbcedf	other			
apktool_3.0.3.jar	uploaded ZIP/JAR	com/android/tools/smali/dexlib2/writer/builder/BuilderEncodedValues$BuilderNullEncodedValue.class	702	376	8	3381272123	1980,1,1,0,0,0	0	23aa67475dcde5850373e73be4e49bcabd9cff91248ba5fdd3ba15ae9a8b276a	other			
apktool_3.0.3.jar	uploaded ZIP/JAR	com/android/tools/smali/dexlib2/writer/builder/BuilderEncodedValues$BuilderShortEncodedValue.class	526	316	8	3091520263	1980,1,1,0,0,0	0	8737045d13376d0b758cf81ed5f83b62f9b147f6bc82e666369021f18d7483e8	other			
apktool_3.0.3.jar	uploaded ZIP/JAR	com/android/tools/smali/dexlib2/writer/builder/BuilderEncodedValues$BuilderStringEncodedValue.class	911	442	8	3179226540	1980,1,1,0,0,0	0	ab6d0c610136fc4067b41c69c9157c0f65ba20be38fe7a8047ab58db545812f9	other			
apktool_3.0.3.jar	uploaded ZIP/JAR	com/android/tools/smali/dexlib2/writer/builder/BuilderEncodedValues$BuilderTypeEncodedValue.class	1083	479	8	763662250	1980,1,1,0,0,0	0	7ff823161ff3816b04e7bbf835ba8591e0a1e5e8c3b84efade03352146e3d95f	other			
apktool_3.0.3.jar	uploaded ZIP/JAR	com/android/tools/smali/dexlib2/writer/builder/BuilderField.class	2242	836	8	2780863852	1980,1,1,0,0,0	0	67fdb58fa691e2a6a453a583668f1811ec7dd704b302664e4396f639ba499811	other			
apktool_3.0.3.jar	uploaded ZIP/JAR	com/android/tools/smali/dexlib2/writer/builder/BuilderFieldPool$1.class	701	439	8	551333149	1980,1,1,0,0,0	0	2df9811aaa6a0d9a3f1192d8b29d8386995d9fbf3590a3897d4de9e67b7bbd92	other			
apktool_3.0.3.jar	uploaded ZIP/JAR	com/android/tools/smali/dexlib2/writer/builder/BuilderFieldPool.class	2242	835	8	459232300	1980,1,1,0,0,0	0	68ef22222a117231c5e330dbec28d6802823ae8a760e8ce1eb06bf78b6d01639	other			
apktool_3.0.3.jar	uploaded ZIP/JAR	com/android/tools/smali/dexlib2/writer/builder/BuilderFieldReference.class	1424	588	8	860905106	1980,1,1,0,0,0	0	10347d0ab5f286968bd3f1b38c99ffab3e3e96c14e434c1c89effc63171ab25d	other			
apktool_3.0.3.jar	uploaded ZIP/JAR	com/android/tools/smali/dexlib2/writer/builder/BuilderMapEntryCollection$1.class	1150	587	8	1057162407	1980,1,1,0,0,0	0	865fdc408c6a25d2a9cbb5498d0ec6f413dac8ad4bb768b22c01cbf9ea842790	other			
apktool_3.0.3.jar	uploaded ZIP/JAR	com/android/tools/smali/dexlib2/writer/builder/BuilderMapEntryCollection$MapEntry.class	1122	572	8	2107185753	1980,1,1,0,0,0	0	92fa43810f8195a18636d39e16e4cfd7edc3eced2f640f49b4da279c6627310c	other			
apktool_3.0.3.jar	uploaded ZIP/JAR	com/android/tools/smali/dexlib2/writer/builder/BuilderMapEntryCollection.class	932	515	8	3168718423	1980,1,1,0,0,0	0	58dbef83b73bef6f30f2e4892f5352fd5cee8a4300fe625e98df19d7f316ad6d	other			
apktool_3.0.3.jar	uploaded ZIP/JAR	com/android/tools/smali/dexlib2/writer/builder/BuilderMethod.class	2808	1019	8	488531707	1980,1,1,0,0,0	0	46ef9d3abd432732d5181fa22639245ce6feda8a3f9ad5e327c1254b14fb1843	other			
apktool_3.0.3.jar	uploaded ZIP/JAR	com/android/tools/smali/dexlib2/writer/builder/BuilderMethodHandlePool$1.class	715	437	8	1046179252	1980,1,1,0,0,0	0	ea4806e5870981a0cda5753f00f7e4636b262a5b847817123734e2c3e5b2402b	other			
apktool_3.0.3.jar	uploaded ZIP/JAR	com/android/tools/smali/dexlib2/writer/builder/BuilderMethodHandlePool.class	2902	1098	8	2290988483	1980,1,1,0,0,0	0	d705d2a07b0db5bf31310a4cb49e803d22727476541bcee99ce1583181c5bfd9	other			
apktool_3.0.3.jar	uploaded ZIP/JAR	com/android/tools/smali/dexlib2/writer/builder/BuilderMethodHandleReference.class	949	471	8	1540447521	1980,1,1,0,0,0	0	48ba634af99fadbb615d7b7084c9a9d6ebff63e8e61b3eabd16fa0ed33588525	other			
apktool_3.0.3.jar	uploaded ZIP/JAR	com/android/tools/smali/dexlib2/writer/builder/BuilderMethodParameter.class	1417	609	8	2542550510	1980,1,1,0,0,0	0	194b0a36abb58f6da8bcd2e68062994fc8985b5bd0e5a95dafd4ed7a79127da9	other			
apktool_3.0.3.jar	uploaded ZIP/JAR	com/android/tools/smali/dexlib2/writer/builder/BuilderMethodPool$1.class	703	437	8	113190625	1980,1,1,0,0,0	0	0cc0296e208ceffecfa6aabbf1efb95c7bde4847aa9ff4b079ec7fc6a7c05370	other			
apktool_3.0.3.jar	uploaded ZIP/JAR	com/android/tools/smali/dexlib2/writer/builder/BuilderMethodPool$MethodKey.class	961	550	8	2674720785	1980,1,1,0,0,0	0	479a763c5171e136db89bceec6dbe83cf9c9379fb5118ca8e218d5d85637310a	other			
apktool_3.0.3.jar	uploaded ZIP/JAR	com/android/tools/smali/dexlib2/writer/builder/BuilderMethodPool.class	2896	1038	8	1707100824	1980,1,1,0,0,0	0	9ae700fe8b9ded73e77409df6ad6c09070e4f5ba8eea04acabb4fc9ecf276b37	other			
apktool_3.0.3.jar	uploaded ZIP/JAR	com/android/tools/smali/dexlib2/writer/builder/BuilderMethodProtoReference.class	1456	599	8	120491440	1980,1,1,0,0,0	0	7b51e31a29289e61d817e20c0a08b55590fbe46d23ceff419376f8b946d116f0	other			
apktool_3.0.3.jar	uploaded ZIP/JAR	com/android/tools/smali/dexlib2/writer/builder/BuilderMethodReference.class	1801	696	8	3942161433	1980,1,1,0,0,0	0	7af11cadc3b646ff4680d631c04f376a44f26653b50d34c63d2a2180c1245f92	other			
apktool_3.0.3.jar	uploaded ZIP/JAR	com/android/tools/smali/dexlib2/writer/builder/BuilderProtoPool$1.class	707	444	8	457230810	1980,1,1,0,0,0	0	9201f7ef8ee963b9d82a23776a98f1ee88015dd5665f84b1e1561a4ffbe28b31	other			
apktool_3.0.3.jar	uploaded ZIP/JAR	com/android/tools/smali/dexlib2/writer/builder/BuilderProtoPool.class	3404	1347	8	1560616043	1980,1,1,0,0,0	0	7d4083bf615519fc74671121803a3254511a022993751aebb2c05146a3a2ebb8	other			
apktool_3.0.3.jar	uploaded ZIP/JAR	com/android/tools/smali/dexlib2/writer/builder/BuilderReference.class	314	228	8	404000801	1980,1,1,0,0,0	0	d7b73ae6b228ee00ae1f476f05ef05584f43f122c4fe0d47234bdea7297bd8ba	other			
apktool_3.0.3.jar	uploaded ZIP/JAR	com/android/tools/smali/dexlib2/writer/builder/BuilderStringPool$1.class	703	437	8	2195672019	1980,1,1,0,0,0	0	db803c58dad7ab3bff102f98bbd13b5e3b6ddecaa0086cf87d383edf75007a98	other			
apktool_3.0.3.jar	uploaded ZIP/JAR	com/android/tools/smali/dexlib2/writer/builder/BuilderStringPool.class	974	556	8	3705549024	1980,1,1,0,0,0	0	e0dd1b05bd827c1f24955b041232ff1c4b2eeddf6408a09e3b1fa468c7b0ea77	other			
apktool_3.0.3.jar	uploaded ZIP/JAR	com/android/tools/smali/dexlib2/writer/builder/BuilderStringReference.class	667	413	8	3244566720	1980,1,1,0,0,0	0	b415aa00ffe11548c6fe5fd446ab4ffc49837a4c3c4980d548b7bc4e63bbb76a	other			
apktool_3.0.3.jar	uploaded ZIP/JAR	com/android/tools/smali/dexlib2/writer/builder/BuilderTypeList.class	935	564	8	2730928485	1980,1,1,0,0,0	0	41ddfe4f9e85874cdcced27d0149ea5be007e7734b25e9eb75dea4c74ad861b5	other			
apktool_3.0.3.jar	uploaded ZIP/JAR	com/android/tools/smali/dexlib2/writer/builder/BuilderTypeListPool$1.class	699	436	8	2654425369	1980,1,1,0,0,0	0	e7978548a7118a7466f83cf1f1bc6cb0e8ed97635769bdd1f3a22c6aedbbb93b	other			
apktool_3.0.3.jar	uploaded ZIP/JAR	com/android/tools/smali/dexlib2/writer/builder/BuilderTypeListPool.class	2800	1152	8	3462227261	1980,1,1,0,0,0	0	e1ea4dacf7c1c98b824f58d4611b6fcdb3cdb250a8885bdd21859ad99a6fdf91	other			
apktool_3.0.3.jar	uploaded ZIP/JAR	com/android/tools/smali/dexlib2/writer/builder/BuilderTypePool$1.class	699	437	8	3154003869	1980,1,1,0,0,0	0	2601eabdeb7bbb828e40b76391cee9873c17fbe29c7ef53ab1b867ff9f249c07	other			
apktool_3.0.3.jar	uploaded ZIP/JAR	com/android/tools/smali/dexlib2/writer/builder/BuilderTypePool.class	1574	671	8	3012378870	1980,1,1,0,0,0	0	e9496e5fda3c98ca154478339a0f302d0930c109fc17277523f8acf9bb58e3d7	other			
apktool_3.0.3.jar	uploaded ZIP/JAR	com/android/tools/smali/dexlib2/writer/builder/BuilderTypeReference.class	898	455	8	4252580717	1980,1,1,0,0,0	0	149507683c4df15844ad4c29bfcc7e0084c27ec06ec81f5d5fc8db2b69c2d143	other			
apktool_3.0.3.jar	uploaded ZIP/JAR	com/android/tools/smali/dexlib2/writer/builder/DexBuilder.class	24825	7517	8	1925920426	1980,1,1,0,0,0	0	7e6eeb954abfc37d537575374e7a2db0dd199dc362784288a2d27ffacb133636	other			
apktool_3.0.3.jar	uploaded ZIP/JAR	com/android/tools/smali/dexlib2/writer/io/FileDataStore.class	551	409	8	1821660646	1980,1,1,0,0,0	0	f488c1301c21fc376254cf01aaca65ac17f64b02fb0a7faca302c968642ab6c3	other			
apktool_3.0.3.jar	uploaded ZIP/JAR	com/android/tools/smali/dexlib2/writer/io/MemoryDeferredOutputStream.class	1186	805	8	3714269638	1980,1,1,0,0,0	0	55361a1ce6cc076e3206c0fd0f996b0f1640c7db610919e4351a2e2541be8f31	other			
apktool_3.0.3.jar	uploaded ZIP/JAR	com/android/tools/smali/dexlib2/writer/util/CallSiteUtil$1$1.class	964	469	8	1893295252	1980,1,1,0,0,0	0	7186331c0818cdb9bdddadfc8ddc35f6fef902cd1d2cc4f32108dce8c6b3b9ac	other			
apktool_3.0.3.jar	uploaded ZIP/JAR	com/android/tools/smali/dexlib2/writer/util/CallSiteUtil$1$2.class	963	463	8	2696383823	1980,1,1,0,0,0	0	697103905ccd4b3dd1a37f253c8ccd41a006fd585f7d508efa643dc046c4645f	other			
apktool_3.0.3.jar	uploaded ZIP/JAR	com/android/tools/smali/dexlib2/writer/util/CallSiteUtil$1.class	1330	653	8	3128835102	1980,1,1,0,0,0	0	ada2f4300f3eb28c0ce4996f54b56bd1c638138a04dac9737ba10f1fda26f8f8	other			
apktool_3.0.3.jar	uploaded ZIP/JAR	com/android/tools/smali/dexlib2/writer/util/StaticInitializerUtil$1$1.class	1532	728	8	2905764545	1980,1,1,0,0,0	0	255c5f09bb10b8e9dded6307cc47c5992139629052c760d4a332d4d965f66292	other			
apktool_3.0.3.jar	uploaded ZIP/JAR	com/android/tools/smali/dexlib2/writer/util/StaticInitializerUtil$1.class	824	466	8	1163855175	1980,1,1,0,0,0	0	91fbccf45612344c77c5bed6146de895736bc676183356a2a221ecb90fe1a5fc	other			
apktool_3.0.3.jar	uploaded ZIP/JAR	com/android/tools/smali/dexlib2/writer/util/StaticInitializerUtil$2.class	802	495	8	3107647366	1980,1,1,0,0,0	0	c9e49ea05fde91ed99ec91ca7866af95ce32c513fbd8dfc8ebf6e8dc33803e5d	other			
apktool_3.0.3.jar	uploaded ZIP/JAR	com/android/tools/smali/dexlib2/writer/util/StaticInitializerUtil$3.class	2351	1025	8	169878292	1980,1,1,0,0,0	0	860f3a74ec70bd986e9507eac855d2cc6d2099f881fe449943b82d9408caedb8	other			
apktool_3.0.3.jar	uploaded ZIP/JAR	com/android/tools/smali/dexlib2/writer/util/StaticInitializerUtil.class	744	403	8	4076008297	1980,1,1,0,0,0	0	48c5d66a6fdf6d394edb3b28be67774a2c166c68481b27ac8d5ccceb9936a1d0	other			
apktool_3.0.3.jar	uploaded ZIP/JAR	com/android/tools/smali/dexlib2/writer/util/TryListBuilder$1.class	1728	935	8	2373325516	1980,1,1,0,0,0	0	9f359b1db7b14920e4c473ae53448b3860eb3d02c1dd2f5a0418d7d02f189b0d	other			
apktool_3.0.3.jar	uploaded ZIP/JAR	com/android/tools/smali/dexlib2/writer/util/TryListBuilder$InvalidTryException.class	546	393	8	4249794903	1980,1,1,0,0,0	0	eb644f2c06442445feb30f7e056f4b77c4791f3b1c03ff4aba54a85ea305af4c	other			
apktool_3.0.3.jar	uploaded ZIP/JAR	com/android/tools/smali/dexlib2/writer/util/TryListBuilder$MutableTryBlock.class	1314	696	8	688800788	1980,1,1,0,0,0	0	7817308f8890c37d2c16bf5b1b401c69e8e86f5715959d7c1aae6626f03640cc	other			
apktool_3.0.3.jar	uploaded ZIP/JAR	com/android/tools/smali/dexlib2/writer/util/TryListBuilder$TryBounds.class	652	373	8	1779667181	1980,1,1,0,0,0	0	aaaf7e6e6c1c993378caa1ef1e6060c6d2bcdbd91722c85d1a42babd8f61d741	other			
apktool_3.0.3.jar	uploaded ZIP/JAR	com/android/tools/smali/dexlib2/writer/util/TryListBuilder.class	3591	1782	8	3310574032	1980,1,1,0,0,0	0	d0cafb26831ef2a73746a49ae2c094c3ff63c91f3ddd5458dbabace08faab9d2	other			
apktool_3.0.3.jar	uploaded ZIP/JAR	com/android/tools/smali/smali/InvalidToken.class	490	353	8	936840023	1980,1,1,0,0,0	0	9caf790f54f6b182576cd3fb255bfb45d9494fead63779c312cb73cecf05d52e	other			
apktool_3.0.3.jar	uploaded ZIP/JAR	com/android/tools/smali/smali/LiteralTools.class	4772	2043	8	3166858342	1980,1,1,0,0,0	0	cb6ca62d75f4b175c13e190c9f6a87243f8cf242dfacdbc32591d377365fb580	other			
apktool_3.0.3.jar	uploaded ZIP/JAR	com/android/tools/smali/smali/OdexedInstructionException.class	847	528	8	3885477764	1980,1,1,0,0,0	0	182452963e74e0ce78b7e0423ec036884a1d10b0af537d94b0fe2377d660d547	other			
apktool_3.0.3.jar	uploaded ZIP/JAR	com/android/tools/smali/smali/SemanticException.class	1652	801	8	3979298899	1980,1,1,0,0,0	0	3cbba514b304041395dcf3f92735238abe38cb11dfca6ea3e559be270007208b	other			
apktool_3.0.3.jar	uploaded ZIP/JAR	com/android/tools/smali/smali/SmaliMethodParameter$1.class	613	432	8	527690972	1980,1,1,0,0,0	0	fa46d2a50a5c2c93604b337d5e576c2245a169add0f46ce8c0f524421a072334	other			
apktool_3.0.3.jar	uploaded ZIP/JAR	com/android/tools/smali/smali/SmaliMethodParameter.class	1203	649	8	3027529490	1980,1,1,0,0,0	0	0ff5f2814db51078b504882c7ca5999be80678bde33d31908523051128d91a95	other			
apktool_3.0.3.jar	uploaded ZIP/JAR	com/android/tools/smali/smali/WithRegister.class	256	212	8	2989305849	1980,1,1,0,0,0	0	503d0bb5ec141dfce7449d16794249b0206df47cfa82c490524e6ae4537ac03b	other			
apktool_3.0.3.jar	uploaded ZIP/JAR	com/android/tools/smali/smali/smaliFlexLexer.class	75381	20837	8	2908043694	1980,1,1,0,0,0	0	d7d38510b00a51a92b58a794c2ed8609f929c141d9095ee725450bf60e625fb4	other			
apktool_3.0.3.jar	uploaded ZIP/JAR	com/android/tools/smali/smali/smaliParser$0.class	799	409	8	188652329	1980,1,1,0,0,0	0	11be174a9fa6de03b95964a7477e639380101b77e19d877719340060003a6b67	other			
apktool_3.0.3.jar	uploaded ZIP/JAR	com/android/tools/smali/smali/smaliParser$DFA31.class	1276	735	8	1499566848	1980,1,1,0,0,0	0	4e15b3ddca47375db77876ad7aa1468dabc0b7ad30041fc7a9fbd0609dbef351	other			
apktool_3.0.3.jar	uploaded ZIP/JAR	com/android/tools/smali/smali/smaliParser$DFA41.class	1113	697	8	3115208535	1980,1,1,0,0,0	0	21e89c293f7b116962f258cbba57d175b7a9bfdd3b296be7038a81e3f5e494b1	other			
apktool_3.0.3.jar	uploaded ZIP/JAR	com/android/tools/smali/smali/smaliParser$DFA43.class	1601	953	8	2806553300	1980,1,1,0,0,0	0	d1bd025ddd46bdb94d7d5cb489f16c37d03f7069672193bb010d24f01ded8dc2	other			
apktool_3.0.3.jar	uploaded ZIP/JAR	com/android/tools/smali/smali/smaliParser$access_list_return.class	415	306	8	849816622	1980,1,1,0,0,0	0	9d1b66312fc806eb9cf3589cdbdc2a73bb22aa277ba8210bcd2087e94b46bf0b	other			
apktool_3.0.3.jar	uploaded ZIP/JAR	com/android/tools/smali/smali/smaliParser$access_or_restriction_list_return.class	430	319	8	1138224024	1980,1,1,0,0,0	0	b64ce43a52190e3ece0a9f4172971b50bc9673e677c061f135e1ac99b3c0ac51	other			
apktool_3.0.3.jar	uploaded ZIP/JAR	com/android/tools/smali/smali/smaliParser$access_or_restriction_return.class	425	315	8	242465296	1980,1,1,0,0,0	0	495076c653d883a2f2e8071bcb56fc3ab13e873c89ace135b01e4472dc9f5576	other			
apktool_3.0.3.jar	uploaded ZIP/JAR	com/android/tools/smali/smali/smaliParser$annotation_element_return.class	422	314	8	3178466441	1980,1,1,0,0,0	0	1ca024f8ec7edbc2018c1a8c293ca23d055ddc877b819508cc325fd8df2ff7d7	other			
apktool_3.0.3.jar	uploaded ZIP/JAR	com/android/tools/smali/smali/smaliParser$annotation_return.class	414	308	8	3162672049	1980,1,1,0,0,0	0	a1870cedf9d51f52beceac82f538bff42484006f07eed3e6e6de85226d1a2b9b	other			
apktool_3.0.3.jar	uploaded ZIP/JAR	com/android/tools/smali/smali/smaliParser$array_descriptor_return.class	420	311	8	1691399012	1980,1,1,0,0,0	0	c35b2814621ced57b7e5f00040d61b7343b8e9150116cf5f88e84e41afa6bde2	other			
apktool_3.0.3.jar	uploaded ZIP/JAR	com/android/tools/smali/smali/smaliParser$array_literal_return.class	503	358	8	3385159766	1980,1,1,0,0,0	0	b0de5d7e81050a583df9a58a1ee772c0e865920b10604e8ceaec4d8b00a205bd	other			
apktool_3.0.3.jar	uploaded ZIP/JAR	com/android/tools/smali/smali/smaliParser$call_site_reference_return.class	423	310	8	969920814	1980,1,1,0,0,0	0	8b3d4ff65ccacbeee299aa94e1d637069c7e97f97c20e1af0be8b01d0677bd71	other			
apktool_3.0.3.jar	uploaded ZIP/JAR	com/android/tools/smali/smali/smaliParser$catch_directive_return.class	419	311	8	1116524159	1980,1,1,0,0,0	0	5ddd39589da303534112d4f878189b2ec5d3d6873e79bd6a34545906361c05f8	other			
apktool_3.0.3.jar	uploaded ZIP/JAR	com/android/tools/smali/smali/smaliParser$catchall_directive_return.class	422	310	8	3160954456	1980,1,1,0,0,0	0	001c098f6d231982dcdbe3f6b0e686728b361a6559fd26e9245a3fd0c6a79124	other			
apktool_3.0.3.jar	uploaded ZIP/JAR	com/android/tools/smali/smali/smaliParser$class_spec_return.class	541	377	8	3644969214	1980,1,1,0,0,0	0	8855e9abbb7b05f35ec19a2f95eb94868635e12f62f3b08a8d0e9aad1e8475f7	other			
apktool_3.0.3.jar	uploaded ZIP/JAR	com/android/tools/smali/smali/smaliParser$debug_directive_return.class	419	312	8	4265069689	1980,1,1,0,0,0	0	b59b8675a4503fd86eeaeeb0a738c64abc63033e1516e3231703c38071d3b299	other			
apktool_3.0.3.jar	uploaded ZIP/JAR	com/android/tools/smali/smali/smaliParser$double_literal_return.class	504	359	8	3961253743	1980,1,1,0,0,0	0	60057ae9d0d8ed3dd225a45875eeedd9a70124490f8064ca76e164f8e807c4fc	other			
apktool_3.0.3.jar	uploaded ZIP/JAR	com/android/tools/smali/smali/smaliParser$end_local_directive_return.class	423	315	8	3235189190	1980,1,1,0,0,0	0	831739781deef814354eaedc0635548088342f6edba5f5ad6b45e51f3ba0f4a7	other			
apktool_3.0.3.jar	uploaded ZIP/JAR	com/android/tools/smali/smali/smaliParser$enum_literal_return.class	502	357	8	2901138842	1980,1,1,0,0,0	0	66e05d1123bf0b4602437eecdfae41f6d535df5dfbdce8b9ecfa372b6295c526	other			
apktool_3.0.3.jar	uploaded ZIP/JAR	com/android/tools/smali/smali/smaliParser$epilogue_directive_return.class	422	313	8	3068790070	1980,1,1,0,0,0	0	c7f3f8d7c8290f93839e25a4ed3f36ed2777406780885a912613d1192ecde96d	other			
apktool_3.0.3.jar	uploaded ZIP/JAR	com/android/tools/smali/smali/smaliParser$field_reference_return.class	419	310	8	2065008644	1980,1,1,0,0,0	0	02915a86397075258749fa2da8dda9b62b132c830a6974ad68ecc476f2dbfcc9	other			
apktool_3.0.3.jar	uploaded ZIP/JAR	com/android/tools/smali/smali/smaliParser$field_return.class	495	352	8	355434904	1980,1,1,0,0,0	0	d74363143e2969939dd584ac61e38e96b714ac9d37fe6b47e1ebd5c336dc34cf	other			
apktool_3.0.3.jar	uploaded ZIP/JAR	com/android/tools/smali/smali/smaliParser$fixed_32bit_literal_return.class	423	317	8	3412795239	1980,1,1,0,0,0	0	0a862ae766fd2a298f42a41aae98d890e28abdbc3f98f13b20e6fa0c3e30dc10	other			
apktool_3.0.3.jar	uploaded ZIP/JAR	com/android/tools/smali/smali/smaliParser$fixed_literal_return.class	417	310	8	3598533966	1980,1,1,0,0,0	0	8ad1b96694b1f18e8fdf5937095a1ff1d018cc8c6490a50495389336a66c2957	other			
apktool_3.0.3.jar	uploaded ZIP/JAR	com/android/tools/smali/smali/smaliParser$float_literal_return.class	503	356	8	3397986355	1980,1,1,0,0,0	0	fe75538e1f120a930d66b0a75ea4b2619c0dc92f573982cae36c2b23b9a6fd39	other			
apktool_3.0.3.jar	uploaded ZIP/JAR	com/android/tools/smali/smali/smaliParser$implements_spec_return.class	505	359	8	1545018880	1980,1,1,0,0,0	0	93bb3f6bb3695277d9b35954a0f1142111dc108ebb49c68e9898bb7a8770553f	other			
apktool_3.0.3.jar	uploaded ZIP/JAR	com/android/tools/smali/smali/smaliParser$insn_array_data_directive_return.class	515	367	8	490483600	1980,1,1,0,0,0	0	58b305ae4ee9765bfbfd7eff7b0bf1feaecd10aef25e81329a63726d8cab164e	other			
apktool_3.0.3.jar	uploaded ZIP/JAR	com/android/tools/smali/smali/smaliParser$insn_format10t_return.class	504	359	8	2861445837	1980,1,1,0,0,0	0	b6147179a6e5569cf5d3ef7d773586fdd2945247d28fd12016db00ca1194782e	other			
apktool_3.0.3.jar	uploaded ZIP/JAR	com/android/tools/smali/smali/smaliParser$insn_format10x_odex_return.class	514	370	8	131723301	1980,1,1,0,0,0	0	e8a216ac640fdaaa5b68fa65061461197866bb9d2da9256878b1d3e616f53dc8	other			
apktool_3.0.3.jar	uploaded ZIP/JAR	com/android/tools/smali/smali/smaliParser$insn_format10x_return.class	504	361	8	1349384921	1980,1,1,0,0,0	0	ebc66db28b4894edde79f66288de559f77c3ceec91a264bea802359be141a39d	other			
apktool_3.0.3.jar	uploaded ZIP/JAR	com/android/tools/smali/smali/smaliParser$insn_format11n_return.class	504	360	8	1981958021	1980,1,1,0,0,0	0	56167eb3cf081084a2b17d3e224925732e0e231d06a5d2208099c8158614427c	other			
apktool_3.0.3.jar	uploaded ZIP/JAR	com/android/tools/smali/smali/smaliParser$insn_format11x_return.class	504	361	8	2476962899	1980,1,1,0,0,0	0	0e5826c5829d526f6c70568e6404057a5171cc30ef8ee8593b37b36e75962980	other			
apktool_3.0.3.jar	uploaded ZIP/JAR	com/android/tools/smali/smali/smaliParser$insn_format12x_return.class	504	359	8	3223961714	1980,1,1,0,0,0	0	6b7acd8fa3f12bebbed86c64ca802db6fe545c412ad5799a641b5121c73d0bc6	other			
apktool_3.0.3.jar	uploaded ZIP/JAR	com/android/tools/smali/smali/smaliParser$insn_format20bc_return.class	510	369	8	4069634961	1980,1,1,0,0,0	0	064493a046dfb9b0821254e90368cafa2fb4b1cd41dfb8023090b0f5d7d4c533	other			
apktool_3.0.3.jar	uploaded ZIP/JAR	com/android/tools/smali/smali/smaliParser$insn_format20t_return.class	504	356	8	680021034	1980,1,1,0,0,0	0	dd3de9cfe5f36701853a7516845847bd7d5358f0d9e369abd2c9301bdf38ef98	other			
apktool_3.0.3.jar	uploaded ZIP/JAR	com/android/tools/smali/smali/smaliParser$insn_format21c_field_odex_return.class	520	374	8	1894759123	1980,1,1,0,0,0	0	5582dee9a1e14c021fd46f0556e54e0622d5647681d9fb7a329a218c43b4bfa1	other			
apktool_3.0.3.jar	uploaded ZIP/JAR	com/android/tools/smali/smali/smaliParser$insn_format21c_field_return.class	510	370	8	3921483718	1980,1,1,0,0,0	0	249284f04d9473fb68f6178815d75635c183a14408a09777662e4990f3e1d8ba	other			
apktool_3.0.3.jar	uploaded ZIP/JAR	com/android/tools/smali/smali/smaliParser$insn_format21c_method_handle_return.class	518	368	8	195464277	1980,1,1,0,0,0	0	2017ebf21c40bcd274163aea10f912689de0d50952b5660fb7b37884f3464668	other			
apktool_3.0.3.jar	uploaded ZIP/JAR	com/android/tools/smali/smali/smaliParser$insn_format21c_method_type_return.class	516	370	8	877863798	1980,1,1,0,0,0	0	5dd852f00d8472bf11b468f2da7b7365acde41cd72366277209c0b1441010546	other			
apktool_3.0.3.jar	uploaded ZIP/JAR	com/android/tools/smali/smali/smaliParser$insn_format21c_string_return.class	511	365	8	3032387433	1980,1,1,0,0,0	0	de1976ce5e1db40169c450eb14c07958093f76835c295f80d48198c9d8686221	other			
apktool_3.0.3.jar	uploaded ZIP/JAR	com/android/tools/smali/smali/smaliParser$insn_format21c_type_return.class	509	361	8	4154867060	1980,1,1,0,0,0	0	2dfa985755d4a55b803985aeb15abbb58dad2b67388b28185391a1126833c2a6	other			
apktool_3.0.3.jar	uploaded ZIP/JAR	com/android/tools/smali/smali/smaliParser$insn_format21ih_return.class	505	362	8	4277631414	1980,1,1,0,0,0	0	fa2adde54364e043b2d95e933986720b62780096bfcbfab1e4aacac0667b34ab	other			
apktool_3.0.3.jar	uploaded ZIP/JAR	com/android/tools/smali/smali/smaliParser$insn_format21lh_return.class	505	360	8	1550244308	1980,1,1,0,0,0	0	b593c39045451e0d4e8447d3555590dff9ecfe797c3c74f7d6b62693364f8cd3	other			
apktool_3.0.3.jar	uploaded ZIP/JAR	com/android/tools/smali/smali/smaliParser$insn_format21s_return.class	504	359	8	3426893724	1980,1,1,0,0,0	0	d3054adbb0e6165ba7ce3e06730f177b51cf1237af4e79aed5ae3121ee37c247	other			
apktool_3.0.3.jar	uploaded ZIP/JAR	com/android/tools/smali/smali/smaliParser$insn_format21t_return.class	504	359	8	237690593	1980,1,1,0,0,0	0	7282e6d2d7bcc906f3300f1e7a6319dd4093b00df298e2bad970f085d3f9fc68	other			
apktool_3.0.3.jar	uploaded ZIP/JAR	com/android/tools/smali/smali/smaliParser$insn_format22b_return.class	504	359	8	1005022730	1980,1,1,0,0,0	0	b1f6b42a1dfbad9fcd2b098fef42e8f1c1bfde5fe57187cd246ee8de7236b8bf	other			
apktool_3.0.3.jar	uploaded ZIP/JAR	com/android/tools/smali/smali/smaliParser$insn_format22c_field_odex_return.class	520	377	8	1173278702	1980,1,1,0,0,0	0	51f9f9b3a2790323e53b1b3958e1411dc589259e83e25ce18cebeec66877854a	other			
apktool_3.0.3.jar	uploaded ZIP/JAR	com/android/tools/smali/smali/smaliParser$insn_format22c_field_return.class	510	362	8	81547046	1980,1,1,0,0,0	0	8d02178b1033106291d57097e1d243e9e558bfed141f83d3dcd544de5820f128	other			
apktool_3.0.3.jar	uploaded ZIP/JAR	com/android/tools/smali/smali/smaliParser$insn_format22c_type_return.class	509	363	8	4198627428	1980,1,1,0,0,0	0	6be3e3be3c4bfd9d8875a81d28d7bb21bf62ebfa5f1a5f215edff8b93c094a8a	other			
apktool_3.0.3.jar	uploaded ZIP/JAR	com/android/tools/smali/smali/smaliParser$insn_format22cs_field_return.class	516	369	8	269512231	1980,1,1,0,0,0	0	298aed42987a8fb7aee6c27babffe1737459496757da0394a53cdb86d19be971	other			
apktool_3.0.3.jar	uploaded ZIP/JAR	com/android/tools/smali/smali/smaliParser$insn_format22s_return.class	504	360	8	139591886	1980,1,1,0,0,0	0	74d848adbf31d413f2fdae3f547cd401acde947714c709d6446506ee71e40e1d	other			
apktool_3.0.3.jar	uploaded ZIP/JAR	com/android/tools/smali/smali/smaliParser$insn_format22t_return.class	504	360	8	2498747984	1980,1,1,0,0,0	0	77b157581cf1b069473b02bddec1385e55976c8a5abb38d8fa45035cab463ceb	other			
apktool_3.0.3.jar	uploaded ZIP/JAR	com/android/tools/smali/smali/smaliParser$insn_format22x_return.class	504	362	8	2033691816	1980,1,1,0,0,0	0	0233efc9b3344cc3d4f360c00f73f2db088a781edb10dadf86e1a2ea43b52262	other			
apktool_3.0.3.jar	uploaded ZIP/JAR	com/android/tools/smali/smali/smaliParser$insn_format23x_return.class	504	360	8	4093912010	1980,1,1,0,0,0	0	bfea60003c7d206487d33d5205c58e53f31af87a68fa87199dcbf4b096cbb44f	other			
apktool_3.0.3.jar	uploaded ZIP/JAR	com/android/tools/smali/smali/smaliParser$insn_format30t_return.class	504	359	8	367528070	1980,1,1,0,0,0	0	bf72ff357525364d0993a7630c3697008329be8b61313d59c2e268d81dde786c	other			
apktool_3.0.3.jar	uploaded ZIP/JAR	com/android/tools/smali/smali/smaliParser$insn_format31c_return.class	504	357	8	2177656723	1980,1,1,0,0,0	0	7723f034ec827e0e703c3b6d5180923399a1409d75bc883c9aa9f1ca44eae7af	other			
apktool_3.0.3.jar	uploaded ZIP/JAR	com/android/tools/smali/smali/smaliParser$insn_format31i_return.class	504	358	8	2697935483	1980,1,1,0,0,0	0	30995b61113d0dd25bd8411d3ae0ab5f1e4d41ab67cc3d863706b9f31123a63b	other			
apktool_3.0.3.jar	uploaded ZIP/JAR	com/android/tools/smali/smali/smaliParser$insn_format31t_return.class	504	359	8	3769021981	1980,1,1,0,0,0	0	06c8ed609d8908cabbfef90c079b3e412d81363111659e7a7ee9ea37511467e8	other			
apktool_3.0.3.jar	uploaded ZIP/JAR	com/android/tools/smali/smali/smaliParser$insn_format32x_return.class	504	359	8	1883519887	1980,1,1,0,0,0	0	ddfa05e539ddfad528b8d5fa97d6eac81f29864e87c4a6be0946f567498c160a	other			
apktool_3.0.3.jar	uploaded ZIP/JAR	com/android/tools/smali/smali/smaliParser$insn_format35c_call_site_return.class	514	367	8	3327176087	1980,1,1,0,0,0	0	94dbc9cebe6a9893b4691fb6103911126e36ee9ebe95838588ef4da04ab95ead	other			
apktool_3.0.3.jar	uploaded ZIP/JAR	com/android/tools/smali/smali/smaliParser$insn_format35c_method_odex_return.class	521	373	8	1418120752	1980,1,1,0,0,0	0	0bb12e7263fb66c16cf54627abb737d94799f17c5aea62727f55be7ed6208ec1	other			
apktool_3.0.3.jar	uploaded ZIP/JAR	com/android/tools/smali/smali/smaliParser$insn_format35c_method_return.class	511	364	8	3289301756	1980,1,1,0,0,0	0	b90436881998d153ea74b9ab0b21f454f1608eebe6277d0a48b3a65d5c1038ee	other			
apktool_3.0.3.jar	uploaded ZIP/JAR	com/android/tools/smali/smali/smaliParser$insn_format35c_type_return.class	509	362	8	3066186261	1980,1,1,0,0,0	0	15933e4b9812e3529bfab39939cddf7249288b939b23a0cc88b55754faf64ed9	other			
apktool_3.0.3.jar	uploaded ZIP/JAR	com/android/tools/smali/smali/smaliParser$insn_format35mi_method_return.class	517	368	8	3374661221	1980,1,1,0,0,0	0	1b4e59552b15bf9301abf8bd0350b2d9904435176af58bf381625f86b3a00806	other			
apktool_3.0.3.jar	uploaded ZIP/JAR	com/android/tools/smali/smali/smaliParser$insn_format35ms_method_return.class	517	367	8	1452224020	1980,1,1,0,0,0	0	7959754fb8a77c7fa5cda6f4f6f2cd71e2e0387786e1dfacd63531d97e083ba4	other			
apktool_3.0.3.jar	uploaded ZIP/JAR	com/android/tools/smali/smali/smaliParser$insn_format3rc_call_site_return.class	514	368	8	1088107645	1980,1,1,0,0,0	0	c1e599d1835ae0f671b98ca884832b0c48974eb3e7911399feebe6585cea56fe	other			
apktool_3.0.3.jar	uploaded ZIP/JAR	com/android/tools/smali/smali/smaliParser$insn_format3rc_method_odex_return.class	521	375	8	1627309339	1980,1,1,0,0,0	0	69462403c26b896a699cab522afd38869870b5d17793d9c2fa435a9eb64b0370	other			
apktool_3.0.3.jar	uploaded ZIP/JAR	com/android/tools/smali/smali/smaliParser$insn_format3rc_method_return.class	511	361	8	1507936517	1980,1,1,0,0,0	0	c8018c19379b37063325ce5753d39a65502015f0af77b61735b5c99af18cb19e	other			
apktool_3.0.3.jar	uploaded ZIP/JAR	com/android/tools/smali/smali/smaliParser$insn_format3rc_type_return.class	509	364	8	674937151	1980,1,1,0,0,0	0	4dc6b2a07fe8c7c8efb09854cc6c1185071132a5ebd8c41736d79dc46eb440d4	other			
apktool_3.0.3.jar	uploaded ZIP/JAR	com/android/tools/smali/smali/smaliParser$insn_format3rmi_method_return.class	517	369	8	3475315093	1980,1,1,0,0,0	0	018fbf5241ab33b23564fbac5a724d777a4a45f1b1f0d6647430a0feeb97a925	other			
apktool_3.0.3.jar	uploaded ZIP/JAR	com/android/tools/smali/smali/smaliParser$insn_format3rms_method_return.class	517	367	8	3970076485	1980,1,1,0,0,0	0	728cb4bc2decfc519f66889b3bfe04cc5aa738ad12be127f81b3285770cce72f	other			
apktool_3.0.3.jar	uploaded ZIP/JAR	com/android/tools/smali/smali/smaliParser$insn_format45cc_method_return.class	512	365	8	340792626	1980,1,1,0,0,0	0	0631a83097641737de23da125f9d87b8a39a93e6427c828c2c5426301d8a2cd4	other			
apktool_3.0.3.jar	uploaded ZIP/JAR	com/android/tools/smali/smali/smaliParser$insn_format4rcc_method_return.class	512	367	8	3596760555	1980,1,1,0,0,0	0	4729806e425be5073c38afa3b3f306aef6b97558e8c3afc2431a946f2f20696b	other			
apktool_3.0.3.jar	uploaded ZIP/JAR	com/android/tools/smali/smali/smaliParser$insn_format51l_return.class	504	360	8	2189542151	1980,1,1,0,0,0	0	267454c07be727de3924283877a690ab7a3a7e87f13d3ef9331687cef122acee	other			
apktool_3.0.3.jar	uploaded ZIP/JAR	com/android/tools/smali/smali/smaliParser$insn_packed_switch_directive_return.class	518	372	8	1086913059	1980,1,1,0,0,0	0	4748f303c1a29aebbd9ceda2c8011f798cff694ca6400745114e3877261401d9	other			
apktool_3.0.3.jar	uploaded ZIP/JAR	com/android/tools/smali/smali/smaliParser$insn_sparse_switch_directive_return.class	518	369	8	375676492	1980,1,1,0,0,0	0	a7a7ad24b7fc2871c2b931bca206d17c3c7db13e4eba2c31edefb42c517c1ccf	other			
apktool_3.0.3.jar	uploaded ZIP/JAR	com/android/tools/smali/smali/smaliParser$instruction_format12x_return.class	425	317	8	1390726361	1980,1,1,0,0,0	0	d6cee2cc22542f4ea33141692d8a26768f8794a26690b71f884832b29c14dc56	other			
apktool_3.0.3.jar	uploaded ZIP/JAR	com/android/tools/smali/smali/smaliParser$instruction_format22s_return.class	425	316	8	3821773852	1980,1,1,0,0,0	0	b92d6b69ac2a98a37548e7347f7f826550e2d1622c58388ec3fef88f8d435f1e	other			
apktool_3.0.3.jar	uploaded ZIP/JAR	com/android/tools/smali/smali/smaliParser$instruction_format31i_return.class	425	318	8	1689799235	1980,1,1,0,0,0	0	cc85765e2d60040ae47bd3ba880b0529d76e8288ff1ef0502d356898ffa93fb7	other			
apktool_3.0.3.jar	uploaded ZIP/JAR	com/android/tools/smali/smali/smaliParser$instruction_format35c_method_return.class	432	320	8	3259828843	1980,1,1,0,0,0	0	066f8047bba42ed8e6b2d427fe3175827230dfb2580b689e9fb62fbcd707711a	other			
apktool_3.0.3.jar	uploaded ZIP/JAR	com/android/tools/smali/smali/smaliParser$instruction_return.class	415	308	8	4162512957	1980,1,1,0,0,0	0	a318e5e1c326a551e29fd587bf6dc15cc760fcafb8b9f66ffd75b6248b589ecf	other			
apktool_3.0.3.jar	uploaded ZIP/JAR	com/android/tools/smali/smali/smaliParser$integer_literal_return.class	505	359	8	440196133	1980,1,1,0,0,0	0	8d794fb6ffa7b689fdd1be46292365fcdb0cd29ba8fd0cec9cdd0a551af87060	other			
apktool_3.0.3.jar	uploaded ZIP/JAR	com/android/tools/smali/smali/smaliParser$integral_literal_return.class	420	310	8	3692442009	1980,1,1,0,0,0	0	9acb41b19912f9b77471caf366a4067458da8cf06eb4220955acc8b4b27451f4	other			
apktool_3.0.3.jar	uploaded ZIP/JAR	com/android/tools/smali/smali/smaliParser$label_ref_return.class	413	307	8	3132986056	1980,1,1,0,0,0	0	ba5c2b1bdd410a4fba2ba3f6cf2d25e2f132b97b3d2829932e7ad4ad442519cc	other			
apktool_3.0.3.jar	uploaded ZIP/JAR	com/android/tools/smali/smali/smaliParser$label_return.class	409	305	8	3111911534	1980,1,1,0,0,0	0	a725867f1a7a9cff65409cb6d4f61793380f0edf89b90b1d92089c533f1fad6c	other			
apktool_3.0.3.jar	uploaded ZIP/JAR	com/android/tools/smali/smali/smaliParser$line_directive_return.class	418	311	8	503503112	1980,1,1,0,0,0	0	594f0617404dd65a7b8b4d1de826f66dc48e46451fc5114d2df578fda5ae0417	other			
apktool_3.0.3.jar	uploaded ZIP/JAR	com/android/tools/smali/smali/smaliParser$literal_return.class	411	304	8	1306802984	1980,1,1,0,0,0	0	dd2481feadbf4efac537a0638f66a9fd9bad3ce6c71b1638310a57e6b3cb87de	other			
apktool_3.0.3.jar	uploaded ZIP/JAR	com/android/tools/smali/smali/smaliParser$local_directive_return.class	419	311	8	2030511576	1980,1,1,0,0,0	0	b93039cf3defc8f811ef0e0083fc2ae3b972525b00467b556aaf648b1d7619fd	other			
apktool_3.0.3.jar	uploaded ZIP/JAR	com/android/tools/smali/smali/smaliParser$member_name_return.class	415	308	8	1415736974	1980,1,1,0,0,0	0	5b8a8d82fdb06563406272ecd1da8cf311d417c42d5dd4a4c0a82eaa0d7c12dc	other			
apktool_3.0.3.jar	uploaded ZIP/JAR	com/android/tools/smali/smali/smaliParser$method_handle_literal_return.class	511	363	8	3978199037	1980,1,1,0,0,0	0	17d7d68d32f70722c7893e1bc40754ae177dd1102c146d8b1b6e0fce954b7ca9	other			
apktool_3.0.3.jar	uploaded ZIP/JAR	com/android/tools/smali/smali/smaliParser$method_handle_reference_return.class	427	317	8	2661146942	1980,1,1,0,0,0	0	9572f4ee40178e1bf2852adb1c716e6b4fb8a97b4ae86a6f957606ad08121d19	other			
apktool_3.0.3.jar	uploaded ZIP/JAR	com/android/tools/smali/smali/smaliParser$method_prototype_return.class	420	313	8	1566730928	1980,1,1,0,0,0	0	0b9984beeaba1004a4790f725568cbf5a62d2b1adc70c76603fe20ee344ab921	other			
apktool_3.0.3.jar	uploaded ZIP/JAR	com/android/tools/smali/smali/smaliParser$method_reference_return.class	420	309	8	883562828	1980,1,1,0,0,0	0	6bf4ca3e272afb070ee6d82114beafc103ed2c40805789db7b98708a9658069b	other			
apktool_3.0.3.jar	uploaded ZIP/JAR	com/android/tools/smali/smali/smaliParser$method_return.class	496	353	8	2725199733	1980,1,1,0,0,0	0	718cb5017897394d9bc9ea04860a9b3fb543e6f6854765a2b47df3ccba7a8788	other			
apktool_3.0.3.jar	uploaded ZIP/JAR	com/android/tools/smali/smali/smaliParser$nonvoid_type_descriptor_return.class	513	370	8	3945383177	1980,1,1,0,0,0	0	8f5870dcef4d9a3dabfb26f0c8ee1b685df25f4d2d96c63e5ad26ca655238833	other			
apktool_3.0.3.jar	uploaded ZIP/JAR	com/android/tools/smali/smali/smaliParser$ordered_method_item_return.class	423	313	8	3682696311	1980,1,1,0,0,0	0	92532a0826c80bfb6cbfabfe8073dc8a4357ae8a5338438482edf910d103096c	other			
apktool_3.0.3.jar	uploaded ZIP/JAR	com/android/tools/smali/smali/smaliParser$param_list_or_id_primitive_type_return.class	435	323	8	938228927	1980,1,1,0,0,0	0	2765162cfcbd5870844d256b89260061779e607578b967c80fc256ea36707407	other			
apktool_3.0.3.jar	uploaded ZIP/JAR	com/android/tools/smali/smali/smaliParser$param_list_or_id_return.class	367	289	8	4222238891	1980,1,1,0,0,0	0	0467579a9f57d3dc02af02bb143434d7f4ba272db1ee6e0a1ef8f6aed27fe16f	other			
apktool_3.0.3.jar	uploaded ZIP/JAR	com/android/tools/smali/smali/smaliParser$param_list_return.class	414	306	8	1822254866	1980,1,1,0,0,0	0	208f9362265b75598d2c9d0e1275251766d6122272dbb28a6f391ca85ddaee88	other			
apktool_3.0.3.jar	uploaded ZIP/JAR	com/android/tools/smali/smali/smaliParser$parameter_directive_return.class	423	314	8	278118220	1980,1,1,0,0,0	0	2b2269fe957d237bc3a76d653598a350a23375ef38e6aaaa8395f8dbac55b3da	other			
apktool_3.0.3.jar	uploaded ZIP/JAR	com/android/tools/smali/smali/smaliParser$parsed_integer_literal_return.class	446	333	8	3646763771	1980,1,1,0,0,0	0	abd5c8bdc002cc4f0665d5442460159de39fda4f84e6bf03ef8a898e7e18023b	other			
apktool_3.0.3.jar	uploaded ZIP/JAR	com/android/tools/smali/smali/smaliParser$prologue_directive_return.class	422	310	8	696346603	1980,1,1,0,0,0	0	415654ec638ca4b7a794b1a8561f0ebaee1c469806d9823f03dfd401d4d379d3	other			
apktool_3.0.3.jar	uploaded ZIP/JAR	com/android/tools/smali/smali/smaliParser$reference_type_descriptor_return.class	515	370	8	144095426	1980,1,1,0,0,0	0	470673d46098c8f6799b06796151b6b9ff507f050eb6618eb29a4c0e3948170d	other			
apktool_3.0.3.jar	uploaded ZIP/JAR	com/android/tools/smali/smali/smaliParser$register_list_return.class	417	309	8	3115124246	1980,1,1,0,0,0	0	52f50c2cea1661e5129b6c9c95cbe618509631410a4f73c704f2fe7a374598d4	other			
apktool_3.0.3.jar	uploaded ZIP/JAR	com/android/tools/smali/smali/smaliParser$register_range_return.class	418	310	8	2898521431	1980,1,1,0,0,0	0	ac2ee0a526ad3e35c680aecd1d6ae3f703e229e88b39cbeccdd668d763ec84b4	other			
apktool_3.0.3.jar	uploaded ZIP/JAR	com/android/tools/smali/smali/smaliParser$registers_directive_return.class	423	311	8	3920802685	1980,1,1,0,0,0	0	feb98bc3d438dda04ebeebc43bff12c476fbe050ccd1fa385db5a5126568aa8c	other			
apktool_3.0.3.jar	uploaded ZIP/JAR	com/android/tools/smali/smali/smaliParser$restart_local_directive_return.class	427	317	8	2906785548	1980,1,1,0,0,0	0	732e8190a195e1af5d5f2bb90d793b6d1242cb7e19b7b01220a7fa48a43822ae	other			
apktool_3.0.3.jar	uploaded ZIP/JAR	com/android/tools/smali/smali/smaliParser$simple_name_return.class	518	348	8	3461675577	1980,1,1,0,0,0	0	e072f9e54a86ec3d47d37751d0b4024cbf758fb9b1ed75fb5ba0180216112ed7	other			
apktool_3.0.3.jar	uploaded ZIP/JAR	com/android/tools/smali/smali/smaliParser$smali_file_return.class	414	306	8	2009219710	1980,1,1,0,0,0	0	1615e8fb4575686d5080b59de9eb079bafdfe6e947584a1e1bd69118d027553c	other			
apktool_3.0.3.jar	uploaded ZIP/JAR	com/android/tools/smali/smali/smaliParser$smali_file_scope.class	462	344	8	2582802581	1980,1,1,0,0,0	0	b7031b2d3105949a4a6e050de98a8a71f7c00afed9a6ebd78d762181f145b39f	other			
apktool_3.0.3.jar	uploaded ZIP/JAR	com/android/tools/smali/smali/smaliParser$source_directive_return.class	420	309	8	818643931	1980,1,1,0,0,0	0	42cc9ce42bf7e17d4b88be921aa34126ca9e72102272a93b4a489df57098920e	other			
apktool_3.0.3.jar	uploaded ZIP/JAR	com/android/tools/smali/smali/smaliParser$source_spec_return.class	501	356	8	3606868000	1980,1,1,0,0,0	0	75e93ec5280933de93a5dea111e3e61ecc83f5f6de80e773e672ffcb50524320	other			
apktool_3.0.3.jar	uploaded ZIP/JAR	com/android/tools/smali/smali/smaliParser$statements_and_directives_return.class	429	317	8	2877403607	1980,1,1,0,0,0	0	35ed99082f25185ebfe8786fbc1998a3abdcf1b73153f5f34ffc264b86e0187a	other			
apktool_3.0.3.jar	uploaded ZIP/JAR	com/android/tools/smali/smali/smaliParser$statements_and_directives_scope.class	440	339	8	3951427646	1980,1,1,0,0,0	0	6ebf3ff07bbd84697f23026a1f8ed04d16d15e239a19c14d150dd5e38e7854cb	other			
apktool_3.0.3.jar	uploaded ZIP/JAR	com/android/tools/smali/smali/smaliParser$subannotation_return.class	503	361	8	1646935370	1980,1,1,0,0,0	0	163df169ca3e956f238a306b31e29b7e14778db45c27617212f534575783fa86	other			
apktool_3.0.3.jar	uploaded ZIP/JAR	com/android/tools/smali/smali/smaliParser$super_spec_return.class	500	357	8	2605377944	1980,1,1,0,0,0	0	df5e4aace17c4a3d482c98bc351828c9de35f3de9b808ab899097af19988394e	other			
apktool_3.0.3.jar	uploaded ZIP/JAR	com/android/tools/smali/smali/smaliParser$type_descriptor_return.class	419	309	8	3768032418	1980,1,1,0,0,0	0	e6aedbd4c26315847d89d5b79292f8e9ffb1a77d3848b3e9bbac24dff39b6b03	other			
apktool_3.0.3.jar	uploaded ZIP/JAR	com/android/tools/smali/smali/smaliParser$type_field_method_literal_return.class	515	369	8	1378818322	1980,1,1,0,0,0	0	6646878338fa6fa89dd0a281049c31b31894ec6778c96e4df73998292a153e7e	other			
apktool_3.0.3.jar	uploaded ZIP/JAR	com/android/tools/smali/smali/smaliParser$verification_error_reference_return.class	379	293	8	1141766911	1980,1,1,0,0,0	0	c954657434cd31996c69551de8ed5ed6bf990a2f92881d8ed3a024d9e2a3a1ca	other			
apktool_3.0.3.jar	uploaded ZIP/JAR	com/android/tools/smali/smali/smaliParser.class	255875	86761	8	2790226741	1980,1,1,0,0,0	0	de010f979f5475c28461d57c3408d101fbbcca76d4016591b5be4734c6923051	other			
apktool_3.0.3.jar	uploaded ZIP/JAR	com/android/tools/smali/smali/smaliParser.tokens	5160	1515	8	3006103268	1980,1,1,0,0,0	0	63162ddc233018444244baf9be5d7ce91054f70d63c2213cd371e0dcc2ecb5f9	other			
apktool_3.0.3.jar	uploaded ZIP/JAR	com/android/tools/smali/smali/smaliTreeWalker$1.class	490	362	8	1394564744	1980,1,1,0,0,0	0	2edb1a76965c12f877cd673e2e079ce60264805bf2f410b18166ec0b4c069d40	other			
apktool_3.0.3.jar	uploaded ZIP/JAR	com/android/tools/smali/smali/smaliTreeWalker$access_or_restriction_list_return.class	479	362	8	1343779931	1980,1,1,0,0,0	0	238117344f4121d517a547f1d711eb9598001368d9046718e5c0d1403aedf57f	other			
apktool_3.0.3.jar	uploaded ZIP/JAR	com/android/tools/smali/smali/smaliTreeWalker$class_spec_return.class	430	333	8	500281811	1980,1,1,0,0,0	0	c06eb2feb8b74b43ce2fb5185bdd744d06a106f552fdd0ada1ce64dd6f72f5e5	other			
apktool_3.0.3.jar	uploaded ZIP/JAR	com/android/tools/smali/smali/smaliTreeWalker$field_reference_return.class	478	337	8	1324009543	1980,1,1,0,0,0	0	de20af6401fcbaa9dbbeed5437a349388016a59718cd43771d7ae4a508468bbe	other			
apktool_3.0.3.jar	uploaded ZIP/JAR	com/android/tools/smali/smali/smaliTreeWalker$header_return.class	521	389	8	624590834	1980,1,1,0,0,0	0	649ad7ee053a5f2f33ccec5c4f8e0f0fadeb5573b7e6fc49049e911cf54d36e4	other			
apktool_3.0.3.jar	uploaded ZIP/JAR	com/android/tools/smali/smali/smaliTreeWalker$method_handle_type_return.class	407	312	8	959310493	1980,1,1,0,0,0	0	0bcab8ef5862e5b4c5f5a9d8d67de9ef53e9d0af665280be736207b2c805a141	other			
apktool_3.0.3.jar	uploaded ZIP/JAR	com/android/tools/smali/smali/smaliTreeWalker$method_name_and_prototype_return.class	485	369	8	3355374946	1980,1,1,0,0,0	0	c2db2ff7b72d7027cebcb76946b35d7adcb65710ef51b1f3df3d2645ab0b36f9	other			
apktool_3.0.3.jar	uploaded ZIP/JAR	com/android/tools/smali/smali/smaliTreeWalker$method_scope.class	526	377	8	2271027674	1980,1,1,0,0,0	0	6736ffc0c3c439c0fcffd94126af99fafabe5ebded8c14b3d7a20a416b5e669f	other			
apktool_3.0.3.jar	uploaded ZIP/JAR	com/android/tools/smali/smali/smaliTreeWalker$nonvoid_type_descriptor_return.class	417	325	8	246856106	1980,1,1,0,0,0	0	63c79fbf890dd52dd00de522bb271cd4d0d3b0600db5e52c972823a5ff7b2206	other			
apktool_3.0.3.jar	uploaded ZIP/JAR	com/android/tools/smali/smali/smaliTreeWalker$reference_type_descriptor_return.class	419	323	8	2625396342	1980,1,1,0,0,0	0	392ea05ad8ad67d0f5ced8118612567c9103f9e129bd128183d2aa7dc76a3f07	other			
apktool_3.0.3.jar	uploaded ZIP/JAR	com/android/tools/smali/smali/smaliTreeWalker$register_list_return.class	424	318	8	1815630939	1980,1,1,0,0,0	0	6f759c409149b0e8dc3a3b4f93f27b7ec7ab1356f67668270b6dfd13f63bf6ba	other			
apktool_3.0.3.jar	uploaded ZIP/JAR	com/android/tools/smali/smali/smaliTreeWalker$register_range_return.class	422	318	8	1392149667	1980,1,1,0,0,0	0	1b340221424492d4971f8cd74e3daf505100c57531a66c282c79ec24c3f7e8c7	other			
apktool_3.0.3.jar	uploaded ZIP/JAR	com/android/tools/smali/smali/smaliTreeWalker$registers_directive_return.class	433	326	8	4199551432	1980,1,1,0,0,0	0	689c17585978e9e104514dabe4fdbb993ae0d79da254cd0f130698b3848470e6	other			
apktool_3.0.3.jar	uploaded ZIP/JAR	com/android/tools/smali/smali/smaliTreeWalker$subannotation_return.class	460	347	8	3518285904	1980,1,1,0,0,0	0	8cb80c441db09e687b2a5636351b703174febffd3389d40235b9b84af9ebe344	other			
apktool_3.0.3.jar	uploaded ZIP/JAR	com/android/tools/smali/smali/smaliTreeWalker.class	164701	56273	8	2594092684	1980,1,1,0,0,0	0	6e096b4fccf478d09b59ac1b2f13ab13cdf10d5282f84cf21d01d698a8b92fc1	other			
apktool_3.0.3.jar	uploaded ZIP/JAR	com/android/tools/smali/smali/smaliTreeWalker.tokens	5160	1515	8	3006103268	1980,1,1,0,0,0	0	63162ddc233018444244baf9be5d7ce91054f70d63c2213cd371e0dcc2ecb5f9	other			
apktool_3.0.3.jar	uploaded ZIP/JAR	com/android/tools/smali/util/AbstractForwardSequentialList$1.class	1843	934	8	1094683006	1980,1,1,0,0,0	0	1798052880157e39aaa2fe080d60bd39f6f4d4f6343ceef9894c322427843187	other			
apktool_3.0.3.jar	uploaded ZIP/JAR	com/android/tools/smali/util/AbstractForwardSequentialList.class	1112	645	8	966730563	1980,1,1,0,0,0	0	0ffaf176de87a9eeb8a0189fa604e2aa9bf9481960dd13e535a0237ba4c7cd69	other			
apktool_3.0.3.jar	uploaded ZIP/JAR	com/android/tools/smali/util/AbstractIterator.class	935	633	8	260200868	1980,1,1,0,0,0	0	f70df106682b05d77ccb8bce0ae1442f061cd9dad85f3ebb5ac51c215b583e48	other			
apktool_3.0.3.jar	uploaded ZIP/JAR	com/android/tools/smali/util/ArraySortedSet.class	4138	1964	8	3024791631	1980,1,1,0,0,0	0	2f8b1782fb8560f2ef853eb1acb34b67159e992cb4721e59bf963b4ccb2ebca6	other			
apktool_3.0.3.jar	uploaded ZIP/JAR	com/android/tools/smali/util/CharSequenceUtils$1.class	498	360	8	2903218888	1980,1,1,0,0,0	0	010e9457a65ece3747c710db8f9e2d02dca0fd5e296fc917bd164cee3c959224	other			
apktool_3.0.3.jar	uploaded ZIP/JAR	com/android/tools/smali/util/CharSequenceUtils.class	396	291	8	1455968367	1980,1,1,0,0,0	0	5d69ef34f8b12fde1f411897a09df4468bbda01e13252f4beb6274d212abc422	other			
apktool_3.0.3.jar	uploaded ZIP/JAR	com/android/tools/smali/util/ClassFileNameHandler$DirectoryEntry.class	4373	2197	8	4247530353	1980,1,1,0,0,0	0	5b6dd8a2f0f6aa4fd68531e1b9edf32bf9c4b2599a59cf5593c4cc270757d803	other			
apktool_3.0.3.jar	uploaded ZIP/JAR	com/android/tools/smali/util/ClassFileNameHandler$FileEntry.class	1835	974	8	3000184357	1980,1,1,0,0,0	0	0cace8bde2d8ff9316a751999fbd05dd56f9374ca7b50dc8871b9a1d870389aa	other			
apktool_3.0.3.jar	uploaded ZIP/JAR	com/android/tools/smali/util/ClassFileNameHandler$FileSystemEntry.class	4044	2220	8	3053558797	1980,1,1,0,0,0	0	e1c80eaeefeac0c2ee1024cd69b02af3221f8e3670d296c0c54625e2119809cc	other			
apktool_3.0.3.jar	uploaded ZIP/JAR	com/android/tools/smali/util/ClassFileNameHandler.class	3223	1638	8	3588541890	1980,1,1,0,0,0	0	c6d8c001525ae1b49b6ddbdb210c941d6de551de0c5432fe16d6240109a818c8	other			
apktool_3.0.3.jar	uploaded ZIP/JAR	com/android/tools/smali/util/CollectionUtils$NaturalOrdering.class	706	450	8	2638305113	1980,1,1,0,0,0	0	65617b4b5bd92b05ff84c6f3ccde0d817304c63433718d645157258dcb687fce	other			
apktool_3.0.3.jar	uploaded ZIP/JAR	com/android/tools/smali/util/CollectionUtils.class	616	396	8	2863825794	1980,1,1,0,0,0	0	139b86c6da4c661cecd21e57198255b617e5c50cab401f602c679f02324aa5ad	other			
apktool_3.0.3.jar	uploaded ZIP/JAR	com/android/tools/smali/util/ExceptionWithContext.class	1732	926	8	3289257255	1980,1,1,0,0,0	0	e404d903230757783b16effd725fb72c7154ac46117fbc1c805176a7a5cae73a	other			
apktool_3.0.3.jar	uploaded ZIP/JAR	com/android/tools/smali/util/ImmutableConverter.class	326	267	8	1803267647	1980,1,1,0,0,0	0	768d1b77451b525544e481559c1ad374df528592e9e508cebbb081ca8dd4e3dd	other			
apktool_3.0.3.jar	uploaded ZIP/JAR	com/android/tools/smali/util/IndentingWriter.class	2612	1361	8	4068432384	1980,1,1,0,0,0	0	f6a6dc92b4afcfcd754e5d90cba23c524e3826ebed9b4878fc87e1338af70f9f	other			
apktool_3.0.3.jar	uploaded ZIP/JAR	com/android/tools/smali/util/InputStreamUtil.class	2202	1435	8	1838288039	1980,1,1,0,0,0	0	b02c345673c7c23a9b4e76ba36e3b25a28955e7b44df0199b3f5a132d1791f26	other			
apktool_3.0.3.jar	uploaded ZIP/JAR	com/android/tools/smali/util/IteratorUtils$1.class	867	555	8	155384117	1980,1,1,0,0,0	0	9542c50273a8314b4ef12fb4a286a5920f6aa9698dbc0b6dafabc5d463cc4538	other			
apktool_3.0.3.jar	uploaded ZIP/JAR	com/android/tools/smali/util/IteratorUtils.class	882	554	8	3232772124	1980,1,1,0,0,0	0	39dd367c749422efc5d09e9ef2c7b52332f0fdeffbff06f5e672604fb38dfa72	other			
apktool_3.0.3.jar	uploaded ZIP/JAR	com/android/tools/smali/util/LinearSearch.class	923	581	8	134101513	1980,1,1,0,0,0	0	95b6cb5225a393244363b8556bd8f6a06b5f8fc839d32ac387b84ca0e18fb67c	other			
apktool_3.0.3.jar	uploaded ZIP/JAR	com/android/tools/smali/util/NumberUtils.class	1036	682	8	588273050	1980,1,1,0,0,0	0	5e78e98529753358da9d63410f980e27f6a6160d9fcfac69f0e44ca22622f86c	other			
apktool_3.0.3.jar	uploaded ZIP/JAR	com/android/tools/smali/util/PathUtil.class	4230	2274	8	3106627396	1980,1,1,0,0,0	0	e6c062873c0ae7a55208f6ad1b42721ea7d717ebedb96c57b02e388b79a50293	other			
apktool_3.0.3.jar	uploaded ZIP/JAR	com/android/tools/smali/util/RandomAccessFileInputStream.class	1101	677	8	1340265446	1980,1,1,0,0,0	0	ca68bc90727cd5ce61599c53a4db127ec2e7ae6cf61d7f3e5dc46630bb9aadff	other			
apktool_3.0.3.jar	uploaded ZIP/JAR	com/android/tools/smali/util/RandomAccessFileOutputStream.class	829	516	8	2426347038	1980,1,1,0,0,0	0	1e0dea40b9f25cb960a2aa91ddc919cddc97beabfde186423ad8675967544f40	other			
apktool_3.0.3.jar	uploaded ZIP/JAR	com/android/tools/smali/util/Range$1.class	908	578	8	2163021806	1980,1,1,0,0,0	0	ea7dc5f24c2ef01cbe6087ef373b63ef72812e8b3528b5042cf3ed24706d7bd3	other			
apktool_3.0.3.jar	uploaded ZIP/JAR	com/android/tools/smali/util/Range.class	3132	1675	8	2580039038	1980,1,1,0,0,0	0	38dbe2137031865486cd4f4eef0c6f0e83767c37c63e84fb8cf836187977280f	other			
apktool_3.0.3.jar	uploaded ZIP/JAR	com/android/tools/smali/util/SparseIntArray.class	1561	989	8	611938982	1980,1,1,0,0,0	0	0b806060e112f1c8b9c98f6cf6260f8e4c175f983ccd210ce2e9de4b928ce771	other			
apktool_3.0.3.jar	uploaded ZIP/JAR	com/android/tools/smali/util/TransformedIterable$TransformedIterator.class	834	520	8	2035101323	1980,1,1,0,0,0	0	e0ddb02ab0a20db2717767e9d2050dadce39b6a5b428bed73faacc0b8e5ebdfa	other			
apktool_3.0.3.jar	uploaded ZIP/JAR	com/android/tools/smali/util/UnmodifiableRangeMap$Builder.class	2518	1256	8	1193939786	1980,1,1,0,0,0	0	5ab263f1fb25021e48f825f6dac00fff42ded7144c83badedd873b3571ff8a39	other			
apktool_3.0.3.jar	uploaded ZIP/JAR	com/android/tools/smali/util/UnmodifiableRangeMap$UnmodifiableEntry.class	836	497	8	3003510725	1980,1,1,0,0,0	0	5a42c2d0f46f85dbe8cc66e332355418e6b65af78bb5a75efccc2d6ddbcb8485	other			
apktool_3.0.3.jar	uploaded ZIP/JAR	com/android/tools/smali/util/UnmodifiableRangeMap.class	678	467	8	960803292	1980,1,1,0,0,0	0	08d85f383f7d526141c582a8051d63ac8392eef78d3ac2696c11f57624839b97	other			
apktool_3.0.3.jar	uploaded ZIP/JAR	com/android/tools/smali/util/Utf8Utils$1.class	406	314	8	3553877959	1980,1,1,0,0,0	0	7d0beb02228aaa153450a0da990ad97f5ddad74857d45ee8c4c83e02319bf690	other			
apktool_3.0.3.jar	uploaded ZIP/JAR	com/android/tools/smali/util/Utf8Utils.class	1146	752	8	3721415237	1980,1,1,0,0,0	0	1187bdbe6168fb788f258fc49348df96b9d9df595ca7551ebd31de5826ff5cfb	other			
apktool_3.0.3.jar	uploaded ZIP/JAR	com/google/common/base/Preconditions.class	1836	1059	8	2326167241	1980,1,1,0,0,0	0	bfb2760c4ae88ab38af1ca660373c95e1f691ab4159ecab0ba39caec054c8e75	other			
apktool_3.0.3.jar	uploaded ZIP/JAR	com/google/common/base/Strings.class	2046	1149	8	82930203	1980,1,1,0,0,0	0	01b693091892e9af900197086662abc2db661f653637c502b800fa119c9d4b8c	other			
apktool_3.0.3.jar	uploaded ZIP/JAR	com/google/common/collect/AbstractIndexedListIterator.class	1385	783	8	1657298596	1980,1,1,0,0,0	0	e4af988e158e2728658107b86eb9a1473e0a59d9092cefa91ab948abd3493979	other			
apktool_3.0.3.jar	uploaded ZIP/JAR	com/google/common/collect/AbstractMapBasedMultimap$AsMap$AsMapEntries.class	2652	1296	8	2589084297	1980,1,1,0,0,0	0	42b0e0f3a577c28e6f3a5e7dc12169eb077c5cbcec3cf487154c3da7ecb2c68c	other			
apktool_3.0.3.jar	uploaded ZIP/JAR	com/google/common/collect/AbstractMapBasedMultimap$AsMap$AsMapIterator.class	1757	972	8	3385874151	1980,1,1,0,0,0	0	aad007c8282505d2bfad98f60551d3b4e7b326f5a176a822d035877edeab2227	other			
apktool_3.0.3.jar	uploaded ZIP/JAR	com/google/common/collect/AbstractMapBasedMultimap$AsMap.class	4427	2141	8	2508587875	1980,1,1,0,0,0	0	ba6f39c2c2eada5013d9f9aca4189180b26a139c88ef809832fa4401fa79fe87	other			
apktool_3.0.3.jar	uploaded ZIP/JAR	com/google/common/collect/AbstractMapBasedMultimap$KeySet$1.class	1538	879	8	2257920880	1980,1,1,0,0,0	0	2aed8326c0dc07422a752d38677ff219b4bd84979db03ecb79179faba72dad10	other			
apktool_3.0.3.jar	uploaded ZIP/JAR	com/google/common/collect/AbstractMapBasedMultimap$KeySet.class	3093	1481	8	267035306	1980,1,1,0,0,0	0	c62a913db1417111fe3858a72c1376232de0430e61526496f29ab84294853bce	other			
apktool_3.0.3.jar	uploaded ZIP/JAR	com/google/common/collect/AbstractMapBasedMultimap$RandomAccessWrappedList.class	583	353	8	535174549	1980,1,1,0,0,0	0	3b38bb01ba25f8b52679af5fccb20adea3c0f238242da63e6ec9c99c503f6f75	other			
apktool_3.0.3.jar	uploaded ZIP/JAR	com/google/common/collect/AbstractMapBasedMultimap$WrappedCollection$WrappedIterator.class	1848	958	8	815760618	1980,1,1,0,0,0	0	cc311377110bb8829beb888aa2333cbbe87ffef5e27b911280f5ae4e11b672b9	other			
apktool_3.0.3.jar	uploaded ZIP/JAR	com/google/common/collect/AbstractMapBasedMultimap$WrappedCollection.class	3730	1767	8	3781659176	1980,1,1,0,0,0	0	fc7ecbc299edb7ef15c671c366b80311640d76b235cd4c421d50c57c4a4d9479	other			
apktool_3.0.3.jar	uploaded ZIP/JAR	com/google/common/collect/AbstractMapBasedMultimap$WrappedList$WrappedListIterator.class	2179	930	8	3721575297	1980,1,1,0,0,0	0	8cbad63019e2950456ae7b4c9a04d52e09e40b4faa42eb425ada13e81a399c6f	other			
apktool_3.0.3.jar	uploaded ZIP/JAR	com/google/common/collect/AbstractMapBasedMultimap$WrappedList.class	2845	1319	8	628117328	1980,1,1,0,0,0	0	5e49185d4d359750c6f1d8decae0e1d45ef8fb71c963093b838aa1cbcf0badb0	other			
apktool_3.0.3.jar	uploaded ZIP/JAR	com/google/common/collect/AbstractMultimap.class	1339	725	8	2822327639	1980,1,1,0,0,0	0	8b51e6eac0dd2b8329b655d00bd9352924dd2b27f12586419556713542d41aad	other			
apktool_3.0.3.jar	uploaded ZIP/JAR	com/google/common/collect/ArrayListMultimap.class	756	542	8	1207006223	1980,1,1,0,0,0	0	09576a9393b3c87d6d6576dc06a6bb6715eac8c805b96a8908a1cfb7d888a9e1	other			
apktool_3.0.3.jar	uploaded ZIP/JAR	com/google/common/collect/CollectSpliterators$1.class	2041	971	8	3275606636	1980,1,1,0,0,0	0	8d9102f99f3f7caf80f759104c3449264776e97041f992d25bb46f8975e6e738	other			
apktool_3.0.3.jar	uploaded ZIP/JAR	com/google/common/collect/CollectSpliterators$1WithCharacteristics.class	2382	1112	8	600539830	1980,1,1,0,0,0	0	4fdb74df28b892e7a73a985f06e6362fe9f53171de60c63d42f197bf123155e5	other			
apktool_3.0.3.jar	uploaded ZIP/JAR	com/google/common/collect/CollectSpliterators.class	733	420	8	524923034	1980,1,1,0,0,0	0	cb9ff31ca2651a18c03b9c70cd7daff28ad12ee6d4f0c64d367a9242aba7324d	other			
apktool_3.0.3.jar	uploaded ZIP/JAR	com/google/common/collect/ImmutableAsList.class	824	473	8	2419044801	1980,1,1,0,0,0	0	84646f5f9d372a9aa54f65bb298b947ebc3f2c7ee02ce9e49bf719ae94688927	other			
apktool_3.0.3.jar	uploaded ZIP/JAR	com/google/common/collect/ImmutableCollection$Builder.class	332	271	8	1535324500	1980,1,1,0,0,0	0	9dccb76d2727fe9100d6aa487e77af70c80fc1da2f52961fedbdd7733933ea25	other			
apktool_3.0.3.jar	uploaded ZIP/JAR	com/google/common/collect/ImmutableCollection.class	3079	1393	8	4093039733	1980,1,1,0,0,0	0	9017f5850a7c630203799e16b324a8afcd320e9947e4cef32e28de60e18c4226	other			
apktool_3.0.3.jar	uploaded ZIP/JAR	com/google/common/collect/ImmutableEnumSet.class	1857	982	8	1236602953	1980,1,1,0,0,0	0	c53dc144d36d378be791b9541c50722073a435a6d3f89d7283bd1a2b19f4e43b	other			
apktool_3.0.3.jar	uploaded ZIP/JAR	com/google/common/collect/ImmutableList$1.class	595	396	8	1622728257	1980,1,1,0,0,0	0	5fd2c898c86076047a1edb53decf6f86f245b9181cf55198d0c320054a4cc9a2	other			
apktool_3.0.3.jar	uploaded ZIP/JAR	com/google/common/collect/ImmutableList$Builder.class	1169	785	8	584586444	1980,1,1,0,0,0	0	31172b5d2dd5abaf9b25d957538d6bea17ec54ce0c1f62dd81a9b2ed3e85ed5b	other			
apktool_3.0.3.jar	uploaded ZIP/JAR	com/google/common/collect/ImmutableList$ReverseImmutableList.class	2063	973	8	3723514821	1980,1,1,0,0,0	0	1cfb4d751ef778a44d88262f8439e9538b61e10e4a667717ed523192b92f628d	other			
apktool_3.0.3.jar	uploaded ZIP/JAR	com/google/common/collect/ImmutableList$SubList.class	1461	781	8	27322041	1980,1,1,0,0,0	0	f237c3f862f8368c55f3381df12849319386ff3b78c128c7d738fd31780ebdf9	other			
apktool_3.0.3.jar	uploaded ZIP/JAR	com/google/common/collect/ImmutableList.class	6304	2803	8	3862403737	1980,1,1,0,0,0	0	6a14f96da0cd0367201fbb2aad0081988e04df343807224411a5c521591145fc	other			
apktool_3.0.3.jar	uploaded ZIP/JAR	com/google/common/collect/ImmutableSet$Builder.class	1401	691	8	2752906696	1980,1,1,0,0,0	0	d5875ca8fe8bdd30b7cec1168fe9710c73d27585aee54d5c8282e5faa24785dd	other			
apktool_3.0.3.jar	uploaded ZIP/JAR	com/google/common/collect/ImmutableSet$CachingAsList.class	647	398	8	1470244507	1980,1,1,0,0,0	0	bc1d9c03407f1fb1cd5503e2d97f4c569d86c15330d3cb1020f4153152c4804d	other			
apktool_3.0.3.jar	uploaded ZIP/JAR	com/google/common/collect/ImmutableSet$EmptySetBuilderImpl.class	1149	555	8	2703104723	1980,1,1,0,0,0	0	3f0907530aee695fc7e59175ffb75c990e2f4e013cb07eea371cafcf5954372e	other			
apktool_3.0.3.jar	uploaded ZIP/JAR	com/google/common/collect/ImmutableSet$JdkBackedSetBuilderImpl.class	2012	973	8	4079913793	1980,1,1,0,0,0	0	90adaee6770637b1f99d323a2ac1b637e258c92ea9c46f154e95a47c55491087	other			
apktool_3.0.3.jar	uploaded ZIP/JAR	com/google/common/collect/ImmutableSet$RegularSetBuilderImpl.class	3913	2169	8	1746134897	1980,1,1,0,0,0	0	d1352624a782f19636c6b49aea5bc1cfbb41d56753a762b2ee841a5ea5f3b3df	other			
apktool_3.0.3.jar	uploaded ZIP/JAR	com/google/common/collect/ImmutableSet$SetBuilderImpl.class	1412	841	8	958369549	1980,1,1,0,0,0	0	5b5170b17b90faaa87c06b6f5a94d64f91a7f2c483f3254d7b9be2ae82743ea1	other			
apktool_3.0.3.jar	uploaded ZIP/JAR	com/google/common/collect/ImmutableSet.class	4207	2364	8	1878952355	1980,1,1,0,0,0	0	bbe04fb5f1eb12f78f7275150537f11d28608adc92d5dbbea15389f90ec4a2e1	other			
apktool_3.0.3.jar	uploaded ZIP/JAR	com/google/common/collect/IndexedImmutableSet$1.class	1025	544	8	727922964	1980,1,1,0,0,0	0	4dd7892e3e5898f93b07424135cbdca6b2d23ac4837048c29690dd50a25d6e43	other			
apktool_3.0.3.jar	uploaded ZIP/JAR	com/google/common/collect/IndexedImmutableSet.class	2188	1027	8	2434026676	1980,1,1,0,0,0	0	16480b2ca237768c3c10d2a6e7ef705513fd06ff16eca38c61c9a810a0ecd8ca	other			
apktool_3.0.3.jar	uploaded ZIP/JAR	com/google/common/collect/Iterators$1.class	619	407	8	2687927286	1980,1,1,0,0,0	0	1ee3492eef0c9bff0be8715c01b8c162da3290b40dbbd8f65bca08cf019f86fc	other			
apktool_3.0.3.jar	uploaded ZIP/JAR	com/google/common/collect/Iterators$ArrayItr.class	701	455	8	2077512820	1980,1,1,0,0,0	0	6dbf919ccbfd9bed5919c4211e7ce565fdb56ad089fc78ee6ec3e22e22fe1b3b	other			
apktool_3.0.3.jar	uploaded ZIP/JAR	com/google/common/collect/Iterators$SingletonIterator.class	707	493	8	3517179052	1980,1,1,0,0,0	0	374a9849f46bba8f8c6ace9628f27b2b67a8531e094691f1ecf7551925b4cad6	other			
apktool_3.0.3.jar	uploaded ZIP/JAR	com/google/common/collect/JdkBackedImmutableSet.class	938	553	8	626110375	1980,1,1,0,0,0	0	ac83f1452ebd70c8251ac335b518514c86a056fc6a8e790c8ef14d0c1a7b87b6	other			
apktool_3.0.3.jar	uploaded ZIP/JAR	com/google/common/collect/Lists$RandomAccessReverseList.class	408	294	8	1584790389	1980,1,1,0,0,0	0	4b03b38663a86d2d80a4c79f210c248c8e137ca819811225ba62bfd5d79ef246	other			
apktool_3.0.3.jar	uploaded ZIP/JAR	com/google/common/collect/Lists$ReverseList$1.class	1955	1070	8	1823168246	1980,1,1,0,0,0	0	f947f6f1290a0417c26c0ecbbe2dc0067209c6d9dec1dc7fa71c64d71bfe3b97	other			
apktool_3.0.3.jar	uploaded ZIP/JAR	com/google/common/collect/Lists$ReverseList.class	2229	1135	8	725058680	1980,1,1,0,0,0	0	a6bbf28db84f290bb7cfad05d71600522ffbd647f4cf78b1c011a2859e1be67d	other			
apktool_3.0.3.jar	uploaded ZIP/JAR	com/google/common/collect/Lists.class	1470	879	8	956223142	1980,1,1,0,0,0	0	f5cd856067f479d721c3c33cc163a1239385240682d4d0b6d96b1f34dba5d2b6	other			
apktool_3.0.3.jar	uploaded ZIP/JAR	com/google/common/collect/Maps$2.class	774	505	8	3422494768	1980,1,1,0,0,0	0	c9510dfef8ce62eed0b278d6c49fb101ee14ca687fa3192550f7159ceabc3a89	other			
apktool_3.0.3.jar	uploaded ZIP/JAR	com/google/common/collect/Maps$EntrySet.class	1948	1101	8	1964717602	1980,1,1,0,0,0	0	b88ac447ae0d1323d184cf8896bdd48ed743c99968b8bfb16ccb4eb3336c5d80	other			
apktool_3.0.3.jar	uploaded ZIP/JAR	com/google/common/collect/Maps$Values.class	3291	1553	8	3746224061	1980,1,1,0,0,0	0	e2a8f84bf390e2a5a92bd4d1ad6a6a4e613c252c66424f9913a45c3d4460653b	other			
apktool_3.0.3.jar	uploaded ZIP/JAR	com/google/common/collect/Maps.class	982	649	8	1379709659	1980,1,1,0,0,0	0	289a1ea6e31abdf8885fd2e651dee070d1ed5ba0164bb67388aa4637cd86a6ab	other			
apktool_3.0.3.jar	uploaded ZIP/JAR	com/google/common/collect/NaturalOrdering.class	870	527	8	3142285532	1980,1,1,0,0,0	0	83717d08fcf640369c0480db162194848be9d2dd4c8704c13bac62ab12b60715	other			
apktool_3.0.3.jar	uploaded ZIP/JAR	com/google/common/collect/ObjectArrays.class	433	321	8	1216029615	1980,1,1,0,0,0	0	74812dab0375aa4a2068a1fd342b2aa631fbb7114d0575cd3ad1a1c3abd6b996	other			
apktool_3.0.3.jar	uploaded ZIP/JAR	com/google/common/collect/Ordering.class	341	278	8	3324385377	1980,1,1,0,0,0	0	a74f9293b6566fb05b9b9a496afb9234a016fcf37b6d3ef891c83d5c9d65ba02	other			
apktool_3.0.3.jar	uploaded ZIP/JAR	com/google/common/collect/Platform.class	517	340	8	4279617847	1980,1,1,0,0,0	0	acbecf415771f58b4674896c83d5a871144bc5da066358e8e71fc552c82a5f3b	other			
apktool_3.0.3.jar	uploaded ZIP/JAR	com/google/common/collect/RegularImmutableAsList.class	1688	741	8	3657758558	1980,1,1,0,0,0	0	4263ca8715e8340c5e298ddf1c54476786615838532ae941380f596aa126785a	other			
apktool_3.0.3.jar	uploaded ZIP/JAR	com/google/common/collect/RegularImmutableList.class	1906	899	8	458745987	1980,1,1,0,0,0	0	cf42e7735a2b5f2dab96a575add4c0deebe98c97bc33de3997f4921662404bcd	other			
apktool_3.0.3.jar	uploaded ZIP/JAR	com/google/common/collect/RegularImmutableSet.class	2796	1350	8	2520326353	1980,1,1,0,0,0	0	61bb290b118eca29073557cf5d2f9c9356e9e1734884018356fa44c87d81f0c8	other			
apktool_3.0.3.jar	uploaded ZIP/JAR	com/google/common/collect/Sets$ImprovedAbstractSet.class	1068	707	8	1067161806	1980,1,1,0,0,0	0	e53d0fe9f4d3539f9190f32de47599beacece957d1bb9e9c98f583e86307b6a4	other			
apktool_3.0.3.jar	uploaded ZIP/JAR	com/google/common/collect/SingletonImmutableList.class	1917	971	8	3464876347	1980,1,1,0,0,0	0	27e84bbc63a2906b8ee86c752ddbfc0df5bcb92073e5b282007c80ae30adcc14	other			
apktool_3.0.3.jar	uploaded ZIP/JAR	com/google/common/collect/SingletonImmutableSet.class	1586	790	8	4255112596	1980,1,1,0,0,0	0	de0cfe280dd37749b21c704aaf3c56185918517d78c55caa0a2e0f8003221b44	other			
apktool_3.0.3.jar	uploaded ZIP/JAR	com/google/common/collect/UnmodifiableIterator.class	475	352	8	1516782532	1980,1,1,0,0,0	0	7e18572793517793d16dd2be6e4b13738c7c60c1b57334ec323b5ffb3064e28e	other			
apktool_3.0.3.jar	uploaded ZIP/JAR	com/google/common/io/BaseEncoding$Alphabet.class	2208	1403	8	2386665113	1980,1,1,0,0,0	0	182aac065aa5f9eab0194cbcd25762a676b67002975eda31940b4ffbff44a12f	other			
apktool_3.0.3.jar	uploaded ZIP/JAR	com/google/common/io/BaseEncoding$Base16Encoding.class	1237	824	8	831896360	1980,1,1,0,0,0	0	5a498e45b440d33991b645f058f743c58ed113218539c945a172eeafff27bfd5	other			
apktool_3.0.3.jar	uploaded ZIP/JAR	com/google/common/io/BaseEncoding$Base64Encoding.class	852	530	8	927619270	1980,1,1,0,0,0	0	139fb2f42a7aace911ca1819da654acc50a3b17cb99d5d4f8f9bd27491956443	other			
apktool_3.0.3.jar	uploaded ZIP/JAR	com/google/common/io/BaseEncoding$StandardBaseEncoding.class	1999	1122	8	1926080287	1980,1,1,0,0,0	0	bd2b4b083053a5474ccae9b02fda0dc39e5768febfc38880b4ca1de82d68ed04	other			
apktool_3.0.3.jar	uploaded ZIP/JAR	com/google/common/io/BaseEncoding.class	1361	715	8	3275651028	1980,1,1,0,0,0	0	fd5ad276925b9691a61bdab2d64a8399b7340ef4aee484d2e0e1bcb20b3559c3	other			
apktool_3.0.3.jar	uploaded ZIP/JAR	com/google/common/io/ByteStreams$1.class	741	503	8	126530004	1980,1,1,0,0,0	0	0491118ac37802f2c2011175652b248aa5a9848f03794643a6bbd683b8740647	other			
apktool_3.0.3.jar	uploaded ZIP/JAR	com/google/common/io/ByteStreams.class	1296	855	8	1668860742	1980,1,1,0,0,0	0	46359f481b8bb9d0f2923cac702b8a0cb4223e59d55c51a56ad9110a97b4ec7b	other			
apktool_3.0.3.jar	uploaded ZIP/JAR	com/google/common/math/IntMath$1.class	956	611	8	3621224795	1980,1,1,0,0,0	0	c755c7857649446ab636eeb4226a72f9f962f22fd3c502a3b45c266e061c2d1a	other			
apktool_3.0.3.jar	uploaded ZIP/JAR	com/google/common/math/IntMath.class	1773	1147	8	3386837313	1980,1,1,0,0,0	0	afa4243466eb057f4a70a85d699f5134fb56c1ffcc96fc592709931aa5ed2f64	other			
apktool_3.0.3.jar	uploaded ZIP/JAR	com/google/common/primitives/Ints.class	446	333	8	2477221267	1980,1,1,0,0,0	0	ad6aca34af66a3ebd42f0628f16ec39d4a5459f3418510eb5595c4d04bab8409	other			
apktool_3.0.3.jar	uploaded ZIP/JAR	com/google/common/primitives/IntsMethodsForWeb.class	232	201	8	1497719987	1980,1,1,0,0,0	0	549143f968107750781645fe8cd53563eeff701788401ad9d3ded9577dce6f90	other			
apktool_3.0.3.jar	uploaded ZIP/JAR	com/google/common/primitives/Longs.class	369	286	8	63032913	1980,1,1,0,0,0	0	34f497d2b1ae6aabbd51ec194ee31337d77b9a959094cbf33c69cc807c277ca8	other			
apktool_3.0.3.jar	uploaded ZIP/JAR	org/antlr/antlr.properties	336	224	8	2472707606	1980,1,1,0,0,0	0	7f0fa523df076cf4c0d9e03c8de5813cc346a570a2311d841bb3280057c0c2a4	text/config			
apktool_3.0.3.jar	uploaded ZIP/JAR	org/antlr/codegen/templates/ActionScript/AST.stg	13980	3630	8	1585724777	1980,1,1,0,0,0	0	6ce8c8eceff87f28173d46e637c66285f7a19d9f2af0a72ef20e2b25d79ad55f	other			
apktool_3.0.3.jar	uploaded ZIP/JAR	org/antlr/codegen/templates/ActionScript/ASTParser.stg	7298	2373	8	3662493032	1980,1,1,0,0,0	0	a3cf83abb40d55f365ba05c50824786fb1a8fb91fc40c5ce70b89d151f37a4eb	other			
apktool_3.0.3.jar	uploaded ZIP/JAR	org/antlr/codegen/templates/ActionScript/ASTTreeParser.stg	9976	2458	8	2455292033	1980,1,1,0,0,0	0	b9a8f0e30fb171c67134c0e4049c6f07e015df3cdf41269e39a8a90c8b20faf9	other			
apktool_3.0.3.jar	uploaded ZIP/JAR	org/antlr/codegen/templates/ActionScript/ActionScript.stg	44991	11264	8	3947743860	1980,1,1,0,0,0	0	cdd3d7c47a096f5e3d973e4866e750dbf3ca11e33a0aae4e7578a49da0cf2cff	other			
apktool_3.0.3.jar	uploaded ZIP/JAR	org/antlr/codegen/templates/C/AST.stg	20062	5223	8	2221906613	1980,1,1,0,0,0	0	d6a345d6896039cee6ef212e6e42d642f211039e9c5f135a02c00073ef9dc313	other			
apktool_3.0.3.jar	uploaded ZIP/JAR	org/antlr/codegen/templates/C/ASTDbg.stg	2201	1148	8	606062946	1980,1,1,0,0,0	0	74578c41e304e42d22eae8ab1ccbecfd6127a9ab1773ed5838bff575a0cf0b6d	other			
apktool_3.0.3.jar	uploaded ZIP/JAR	org/antlr/codegen/templates/C/ASTParser.stg	7781	2493	8	3391577906	1980,1,1,0,0,0	0	ab3b009035ecb5e6853ecdee90e57bf81c6594260dc063ae2e65ef36aa6f2147	other			
apktool_3.0.3.jar	uploaded ZIP/JAR	org/antlr/codegen/templates/C/ASTTreeParser.stg	10518	2695	8	1778624854	1980,1,1,0,0,0	0	8d45d7e0b4b71641b9830c0b5aac4fc9db58785063f2b99c9a6f245fcb557a6d	other			
apktool_3.0.3.jar	uploaded ZIP/JAR	org/antlr/codegen/templates/C/C.stg	103570	23832	8	952280299	1980,1,1,0,0,0	0	33fcff1dfaf88f50acd33ab8b2feda116640756b4d6921fc4063a1d66c1bdc79	other			
apktool_3.0.3.jar	uploaded ZIP/JAR	org/antlr/codegen/templates/C/Dbg.stg	6887	2549	8	3623841762	1980,1,1,0,0,0	0	da8dd08c355df2abeece41b9689befc3bd84bbbb61c124bc8462a2d20f8d68f5	other			
apktool_3.0.3.jar	uploaded ZIP/JAR	org/antlr/codegen/templates/CSharp2/AST.stg	14484	3829	8	3384350926	1980,1,1,0,0,0	0	2cd2ff824c28143d7652a54bbece1100930199c3f3c95dbd26ae0189d436cee8	other			
apktool_3.0.3.jar	uploaded ZIP/JAR	org/antlr/codegen/templates/CSharp2/ASTDbg.stg	3199	1483	8	1352241349	1980,1,1,0,0,0	0	f0d306125addb4fe75ba4478a6549da2b405199e7cac8063f24836e160ff0fe3	other			
apktool_3.0.3.jar	uploaded ZIP/JAR	org/antlr/codegen/templates/CSharp2/ASTParser.stg	7831	2463	8	2151320315	1980,1,1,0,0,0	0	3d7a3ee6eed7db83b6a44da486b17dbaf5fb573fb06c3c16d52d907be73fa106	other			
apktool_3.0.3.jar	uploaded ZIP/JAR	org/antlr/codegen/templates/CSharp2/ASTTreeParser.stg	12880	2659	8	1620019205	1980,1,1,0,0,0	0	1768b566aa747935c5ce3fda7328109ddb333f1e23cd33f5782f696cf9fc924d	other			
apktool_3.0.3.jar	uploaded ZIP/JAR	org/antlr/codegen/templates/CSharp2/CSharp2.stg	57197	13768	8	2305912653	1980,1,1,0,0,0	0	b305842be3dc8003b2741a529dad9feef2368218ab981f6e29aad387ef6cbe99	other			
apktool_3.0.3.jar	uploaded ZIP/JAR	org/antlr/codegen/templates/CSharp2/Dbg.stg	10137	3126	8	3751604078	1980,1,1,0,0,0	0	34b986ea19a16f416dfce1cab5cfd608aa12ce01fde31f300901ead7db2fbf08	other			
apktool_3.0.3.jar	uploaded ZIP/JAR	org/antlr/codegen/templates/CSharp2/ST.stg	5380	2213	8	1177918434	1980,1,1,0,0,0	0	28afaa08f3ebcce5b497700da76129a843ef72ea1aa2d9f0f9d1c6ade2894f5c	other			
apktool_3.0.3.jar	uploaded ZIP/JAR	org/antlr/codegen/templates/CSharp3/AST.stg	14643	3892	8	3164511898	1980,1,1,0,0,0	0	ebe2de66767227e337b25731c3df898d541003cbf438e1c90faf1c3c8b3f2743	other			
apktool_3.0.3.jar	uploaded ZIP/JAR	org/antlr/codegen/templates/CSharp3/ASTDbg.stg	3346	1554	8	419939075	1980,1,1,0,0,0	0	eadeaee386f5b21f65724ba656f719e0bb337f48615bb6e7c139fa5bc6b19ba3	other			
apktool_3.0.3.jar	uploaded ZIP/JAR	org/antlr/codegen/templates/CSharp3/ASTParser.stg	8156	2523	8	3750661136	1980,1,1,0,0,0	0	db5fc7c0422473e621034509dd929f78a99951681e753e38f17e662257f750c7	other			
apktool_3.0.3.jar	uploaded ZIP/JAR	org/antlr/codegen/templates/CSharp3/ASTTreeParser.stg	12775	2651	8	442884946	1980,1,1,0,0,0	0	4fe2ab1c36098ba3891a98db4f9b4d1ff47a1f908c8c5f1cded5fa66205ead15	other			
apktool_3.0.3.jar	uploaded ZIP/JAR	org/antlr/codegen/templates/CSharp3/CSharp3.stg	56604	13623	8	592767241	1980,1,1,0,0,0	0	518e40c549d10ce67611b6ad74dc619e61ebcf591e060e054f55a9f3cf05c5cb	other			
apktool_3.0.3.jar	uploaded ZIP/JAR	org/antlr/codegen/templates/CSharp3/Dbg.stg	10070	3094	8	81047676	1980,1,1,0,0,0	0	c415e8484f515a657b1b8e672d832580b3ff6e0e309909412166c3df28e4f667	other			
apktool_3.0.3.jar	uploaded ZIP/JAR	org/antlr/codegen/templates/CSharp3/ST.stg	4739	2017	8	434390665	1980,1,1,0,0,0	0	c039cce006c67d1b75769cb8efd9adcf034621b181049e7691591ca9dcecaff4	other			
apktool_3.0.3.jar	uploaded ZIP/JAR	org/antlr/codegen/templates/Cpp/Cpp.stg	78786	18324	8	398158357	1980,1,1,0,0,0	0	df331c51ac796214f7e960cb574a2ef6705ae483a69703dd3af51572656ad6f0	other			
apktool_3.0.3.jar	uploaded ZIP/JAR	org/antlr/codegen/templates/Delphi/AST.stg	15714	3946	8	56022679	1980,1,1,0,0,0	0	7c291324825ba514167ea1a96316f6f2832bb79da207722f03c76464a70b8fcf	other			
apktool_3.0.3.jar	uploaded ZIP/JAR	org/antlr/codegen/templates/Delphi/ASTParser.stg	7399	2413	8	899618108	1980,1,1,0,0,0	0	1ea6286f07b874ae21bf6192ea4418450af65b684ed302907c865cbde0010868	other			
apktool_3.0.3.jar	uploaded ZIP/JAR	org/antlr/codegen/templates/Delphi/ASTTreeParser.stg	9773	2563	8	2650216851	1980,1,1,0,0,0	0	ce27d201c1ddaad3de6c2b67a2505b653f62a4caf1e80d6f3324d2c7d6237cbf	other			
apktool_3.0.3.jar	uploaded ZIP/JAR	org/antlr/codegen/templates/Delphi/Delphi.stg	57768	13140	8	3577690955	1980,1,1,0,0,0	0	b2f0013941e7c4f16e784d6bb69392a1a78d4a586c2795615752fc925b2e027b	other			
apktool_3.0.3.jar	uploaded ZIP/JAR	org/antlr/codegen/templates/Java/AST.stg	14254	3659	8	1583532238	1980,1,1,0,0,0	0	2b84d82181c6f2ec7ca0ad813a7e06f99a21c48bacb0acfaa90e7f8dce3588f9	other			
apktool_3.0.3.jar	uploaded ZIP/JAR	org/antlr/codegen/templates/Java/ASTDbg.stg	3073	1435	8	479629235	1980,1,1,0,0,0	0	86e77ddf513412ccaa79d83a00485728baa4016140b8c6732b8e81fcf4526014	other			
apktool_3.0.3.jar	uploaded ZIP/JAR	org/antlr/codegen/templates/Java/ASTParser.stg	7652	2410	8	3769457821	1980,1,1,0,0,0	0	be1a998597c91aeed9267be621fb0a79c4b84123c9f7629f2ecb158b9e02f4f4	other			
apktool_3.0.3.jar	uploaded ZIP/JAR	org/antlr/codegen/templates/Java/ASTTreeParser.stg	11565	2571	8	2853028561	1980,1,1,0,0,0	0	478d4e68cc9b48a11d84b2326678d2effa58b1be044913a39d7f93ed974f961a	other			
apktool_3.0.3.jar	uploaded ZIP/JAR	org/antlr/codegen/templates/Java/Dbg.stg	9295	2985	8	1836063370	1980,1,1,0,0,0	0	75b8f5e102e74f96e415e008357d4453badc9d18dd12907a4e3622eb675e1760	other			
apktool_3.0.3.jar	uploaded ZIP/JAR	org/antlr/codegen/templates/Java/Java.stg	47980	12167	8	1879141328	1980,1,1,0,0,0	0	16db3e2dab60c03ee2f34c0aafbd961b2d5d85deca6e5634e1d6611701abe3b3	other			
apktool_3.0.3.jar	uploaded ZIP/JAR	org/antlr/codegen/templates/Java/ST.stg	5120	2145	8	2591540321	1980,1,1,0,0,0	0	5a6aaceef75d173b1268acf2fb305e3612c8bcb807d886aa56b16a00c3b3ed4e	other			
apktool_3.0.3.jar	uploaded ZIP/JAR	org/antlr/codegen/templates/JavaScript/AST.stg	13547	3529	8	1700119193	1980,1,1,0,0,0	0	398b2fea55cc75aa142f2cff5c0d789deafddc7d2c0233c95acbb1a2f831c7d7	other			
apktool_3.0.3.jar	uploaded ZIP/JAR	org/antlr/codegen/templates/JavaScript/ASTParser.stg	5619	1548	8	996424959	1980,1,1,0,0,0	0	318523f5aecec79bd388b87da94715833f4c7de03b01c0bdae0a659fdf4d4300	other			
apktool_3.0.3.jar	uploaded ZIP/JAR	org/antlr/codegen/templates/JavaScript/ASTTreeParser.stg	7675	1618	8	2255324858	1980,1,1,0,0,0	0	be4d053417ce76115bc108d267605bb0d382b3848c80ff85ef3a8d8bf44d3fd0	other			
apktool_3.0.3.jar	uploaded ZIP/JAR	org/antlr/codegen/templates/JavaScript/JavaScript.stg	44466	10494	8	617894658	1980,1,1,0,0,0	0	614d6c072744c46a9eb7b83a7304765f9d2c27444e7c90d59f06289e7e734975	other			
apktool_3.0.3.jar	uploaded ZIP/JAR	org/antlr/codegen/templates/LeftRecursiveRules.stg	3029	1283	8	3498237599	1980,1,1,0,0,0	0	f712e28f9f561cf3ec9492e439905827d3ae9e23e94d2f5d4a4a8d72c59ebc5f	other			
apktool_3.0.3.jar	uploaded ZIP/JAR	org/antlr/codegen/templates/ObjC/AST.stg	19370	4479	8	72086804	1980,1,1,0,0,0	0	5120daa31d06ab45e38afff66fb96b8d9e68550b83fa8cf029b17a74224338c7	other			
apktool_3.0.3.jar	uploaded ZIP/JAR	org/antlr/codegen/templates/ObjC/ASTDbg.stg	3543	1544	8	4137113240	1980,1,1,0,0,0	0	4aba3250916d9a59d747bcf07ac664f38a4d264e2ab0120faf74588a78bb70b1	other			
apktool_3.0.3.jar	uploaded ZIP/JAR	org/antlr/codegen/templates/ObjC/ASTParser.stg	8212	2564	8	1232120964	1980,1,1,0,0,0	0	a06ef864ae735782accc884ece7572b1f31110f3f8fb793816a4bdc7c1745d6b	other			
apktool_3.0.3.jar	uploaded ZIP/JAR	org/antlr/codegen/templates/ObjC/ASTTreeParser.stg	12368	2950	8	1519697733	1980,1,1,0,0,0	0	b197cbd9c1aa8ad6d939901356ef86f614fc88d26a148fc2dcb9dee18549fb0a	other			
apktool_3.0.3.jar	uploaded ZIP/JAR	org/antlr/codegen/templates/ObjC/Dbg.stg	7580	2672	8	1896666088	1980,1,1,0,0,0	0	6afbb9684eacced201afc5872b9fb4143a56a6a2379cddaf49c07b3fa0cb63a6	other			
apktool_3.0.3.jar	uploaded ZIP/JAR	org/antlr/codegen/templates/ObjC/ObjC.stg	71054	16108	8	2671850161	1980,1,1,0,0,0	0	6d259eda013e3ad97461795bdf34d9028bdf255cf8d04816c62ef48ff782afb3	other			
apktool_3.0.3.jar	uploaded ZIP/JAR	org/antlr/codegen/templates/ObjC/ST.stg	11356	3013	8	2659762350	1980,1,1,0,0,0	0	795ffb9a1d3a3c9f478ba9ef8e4fc5f72f4dc8ebaf05dbe8a721c1ba38b9c5cb	other			
apktool_3.0.3.jar	uploaded ZIP/JAR	org/antlr/codegen/templates/ObjC/ST4ObjC.stg	6658	2296	8	2944436409	1980,1,1,0,0,0	0	9f63187fb3b24767d06621b6996d0866291f21ca2db9a2564a528e2405e73f20	other			
apktool_3.0.3.jar	uploaded ZIP/JAR	org/antlr/codegen/templates/Perl5/ASTTreeParser.stg	8457	2333	8	2512324611	1980,1,1,0,0,0	0	0c908674d4c2a413e763943b4d9265e9910bbb780c446eca9d0776161bdb4ddb	other			
apktool_3.0.3.jar	uploaded ZIP/JAR	org/antlr/codegen/templates/Perl5/Perl5.stg	41046	10848	8	1307610435	1980,1,1,0,0,0	0	317bb953595eef2b958dccaaaaaad33d2517d07be2578755bfa6cae87bd7ea8d	other			
apktool_3.0.3.jar	uploaded ZIP/JAR	org/antlr/codegen/templates/Python/AST.stg	14787	3793	8	1698330863	1980,1,1,0,0,0	0	81b081a9b6f79bd1a657e172f3f09a4b085c27adb2e210b5440729221d391715	other			
apktool_3.0.3.jar	uploaded ZIP/JAR	org/antlr/codegen/templates/Python/ASTDbg.stg	2556	1280	8	4256728899	1980,1,1,0,0,0	0	67da2e3bb2c3c6f9f8280db5831d5c70fd5331dcd88d34b4f2f983f81f09eafb	other			
apktool_3.0.3.jar	uploaded ZIP/JAR	org/antlr/codegen/templates/Python/ASTParser.stg	6867	2339	8	3227191832	1980,1,1,0,0,0	0	2133b27324b62d209a37d13f3984b59b3f4faf1d3f20a6794ef3b1ae24be23f3	other			
apktool_3.0.3.jar	uploaded ZIP/JAR	org/antlr/codegen/templates/Python/ASTTreeParser.stg	8942	2385	8	2431786370	1980,1,1,0,0,0	0	f619d0d14e01bcb7f1107f15be46be8fcd58755f7bf58fa4af60f5a7dddd44ea	other			
apktool_3.0.3.jar	uploaded ZIP/JAR	org/antlr/codegen/templates/Python/Dbg.stg	10358	3018	8	2403429520	1980,1,1,0,0,0	0	097e12b662f555b03f33b549315413f8621de9df529a73f2fe5c1fd86aeff18a	other			
apktool_3.0.3.jar	uploaded ZIP/JAR	org/antlr/codegen/templates/Python/Python.stg	45978	11575	8	3806615828	1980,1,1,0,0,0	0	01810fd428bb5c4c6123d994766850ffb79e7e973571f8613ec40dbbac586144	other			
apktool_3.0.3.jar	uploaded ZIP/JAR	org/antlr/codegen/templates/Python/ST.stg	5114	2002	8	2606562110	1980,1,1,0,0,0	0	a1b2e3d46c916753a4ee7233228076d0cbcd49d8476384bd27f68496c9139c42	other			
apktool_3.0.3.jar	uploaded ZIP/JAR	org/antlr/codegen/templates/Python3/AST.stg	14787	3795	8	3529568977	1980,1,1,0,0,0	0	10942291c0025480d184d0cca7b942cb596c8e494b822debc2b809010889b3a5	other			
apktool_3.0.3.jar	uploaded ZIP/JAR	org/antlr/codegen/templates/Python3/ASTDbg.stg	2556	1281	8	2716940781	1980,1,1,0,0,0	0	07362ed89727bfa92a6002a247959adae2551e5c2abe8b82dad92b0a15f2d6f3	other			
apktool_3.0.3.jar	uploaded ZIP/JAR	org/antlr/codegen/templates/Python3/ASTParser.stg	6867	2340	8	678110436	1980,1,1,0,0,0	0	9ba99118b38664bd083d930fd0f81857f6898039f1a28ed279bb9da50049a378	other			
apktool_3.0.3.jar	uploaded ZIP/JAR	org/antlr/codegen/templates/Python3/ASTTreeParser.stg	8942	2386	8	3243389434	1980,1,1,0,0,0	0	bbb112379cbdc16b50fc0e724ca7a71a6c14fdae76f10cda3011fe8354dd85c2	other			
apktool_3.0.3.jar	uploaded ZIP/JAR	org/antlr/codegen/templates/Python3/Dbg.stg	10359	3016	8	2325941911	1980,1,1,0,0,0	0	27bfb0ac4eb1088e0d5c1ae4245139f7faf02bd78d413f84b21b1373b70a4038	other			
apktool_3.0.3.jar	uploaded ZIP/JAR	org/antlr/codegen/templates/Python3/Python3.stg	46178	11560	8	133382560	1980,1,1,0,0,0	0	9b36000e7afb7be4e0ae666d232c4818b8086e830b8faa7d44358c038ec3fd41	other			
apktool_3.0.3.jar	uploaded ZIP/JAR	org/antlr/codegen/templates/Python3/ST.stg	5114	2002	8	203825640	1980,1,1,0,0,0	0	3985da84b0c44cd977cf0534af98be51d81ffe5421b92b3c0e68c6565bdb640d	other			
apktool_3.0.3.jar	uploaded ZIP/JAR	org/antlr/codegen/templates/Ruby/AST.stg	10118	1991	8	762777528	1980,1,1,0,0,0	0	fa180f624b6dcd370406bd4537893ea9216943be2f596c20218a19b5ec040cd0	other			
apktool_3.0.3.jar	uploaded ZIP/JAR	org/antlr/codegen/templates/Ruby/ASTDbg.stg	948	458	8	4003330349	1980,1,1,0,0,0	0	c0920a335077c854be2e1f83b08e1bd2cd948bd289d09f4748073161c24e07f1	other			
apktool_3.0.3.jar	uploaded ZIP/JAR	org/antlr/codegen/templates/Ruby/ASTParser.stg	3973	800	8	3252905084	1980,1,1,0,0,0	0	1e37bcbde07121c083849fcbeb244d6909b96a41cceacabb82636cb2022332dd	other			
apktool_3.0.3.jar	uploaded ZIP/JAR	org/antlr/codegen/templates/Ruby/ASTTreeParser.stg	6124	1082	8	2646060425	1980,1,1,0,0,0	0	9b41348f29627341c5fd3a6283d134781bb01d7880c9deb31b99ab4ebfa6ecbf	other			
apktool_3.0.3.jar	uploaded ZIP/JAR	org/antlr/codegen/templates/Ruby/Dbg.stg	4793	1771	8	1399286918	1980,1,1,0,0,0	0	2735cffcf4c8b03d482340e3e2cb2852a6638d6b81fba3c085264ee3ccb2b86f	other			
apktool_3.0.3.jar	uploaded ZIP/JAR	org/antlr/codegen/templates/Ruby/Ruby.stg	45211	11015	8	3439094692	1980,1,1,0,0,0	0	777bb41b3ce3fd92181246134267c1d3dccbd474d2c75e882bf763820b534cdc	other			
apktool_3.0.3.jar	uploaded ZIP/JAR	org/antlr/codegen/templates/Ruby/ST.stg	2871	1053	8	3117773242	1980,1,1,0,0,0	0	2b2ab7cbbb41b7b806aff371836035b8b193abb54b603481a60b87fb589e7aef	other			
apktool_3.0.3.jar	uploaded ZIP/JAR	org/antlr/codegen/templates/Scala/Scala.stg	46389	11547	8	1211621873	1980,1,1,0,0,0	0	0d117516988025857e38923f8f4ae05fe2de32d96e56279daf4b7c6f5b44f2a0	other			
apktool_3.0.3.jar	uploaded ZIP/JAR	org/antlr/runtime/BaseRecognizer.class	5235	2744	8	2508094064	1980,1,1,0,0,0	0	d3b3674d43ab4832c343877a1a6eb54a965db570764690384ae2d86c697ec45b	other			
apktool_3.0.3.jar	uploaded ZIP/JAR	org/antlr/runtime/BitSet.class	1819	1145	8	2756545117	1980,1,1,0,0,0	0	ef1fe140e0cc7ca1c96739383471155b615da374177daf82f8fd98e0a15f72bb	other			
apktool_3.0.3.jar	uploaded ZIP/JAR	org/antlr/runtime/CommonToken.class	1609	964	8	1053534850	1980,1,1,0,0,0	0	d174346f8177032188ad446069f849a28b7c85b1b0d39cab832879a07a332c18	other			
apktool_3.0.3.jar	uploaded ZIP/JAR	org/antlr/runtime/CommonTokenStream.class	3630	2066	8	1729993834	1980,1,1,0,0,0	0	610180d3a0d2d703030ffa38aa09cc4bcc50819bce6d0826a93f56b326ac21b2	other			
apktool_3.0.3.jar	uploaded ZIP/JAR	org/antlr/runtime/DFA.class	2352	1368	8	3589662560	1980,1,1,0,0,0	0	1595e6c3afafb8a7b12ebaa99dc3025c00d9c3c60eff2fe68298864284226d98	other			
apktool_3.0.3.jar	uploaded ZIP/JAR	org/antlr/runtime/EarlyExitException.class	410	290	8	3191052338	1980,1,1,0,0,0	0	49433960c13eb75a5c9998c9c4b2a3bf9df4e55a9f51bcc44f7ad8403e9f7553	other			
apktool_3.0.3.jar	uploaded ZIP/JAR	org/antlr/runtime/FailedPredicateException.class	852	513	8	2916776732	1980,1,1,0,0,0	0	d964c84389f29fe1f1a7f741fd8b823d9aa1fe0ed941be44cb2292dc3e2e9cae	other			
apktool_3.0.3.jar	uploaded ZIP/JAR	org/antlr/runtime/IntStream.class	279	236	8	2942487669	1980,1,1,0,0,0	0	2885e9940c92288c6c526de063308939d653117456a4e0fbeb3738a3ea7caa3a	other			
apktool_3.0.3.jar	uploaded ZIP/JAR	org/antlr/runtime/MismatchedSetException.class	728	459	8	4234693063	1980,1,1,0,0,0	0	ca5f96191e49a85837249db99fd90a155711e816032682bb09603ddb7235c7c0	other			
apktool_3.0.3.jar	uploaded ZIP/JAR	org/antlr/runtime/MismatchedTokenException.class	825	505	8	2759030796	1980,1,1,0,0,0	0	f3bc8f5e86e6ff532373b9064feaca70ccde67136644f6ab49dcabac1136cd5d	other			
apktool_3.0.3.jar	uploaded ZIP/JAR	org/antlr/runtime/MismatchedTreeNodeException.class	847	518	8	2002066846	1980,1,1,0,0,0	0	718b51318bb7d9092ef7a80afac8cbf56df84eb54f3dbc33ee1df18704e0ddd7	other			
apktool_3.0.3.jar	uploaded ZIP/JAR	org/antlr/runtime/MissingTokenException.class	1191	634	8	1739073173	1980,1,1,0,0,0	0	e5c78ec5db1782710a54b8543bcf31e7f897b6f866395cfb734c4d3f191a9eb4	other			
apktool_3.0.3.jar	uploaded ZIP/JAR	org/antlr/runtime/NoViableAltException.class	872	522	8	4094029838	1980,1,1,0,0,0	0	b9632fb5d59bdf06d387cda76bc2f5ce21c6b117f942ba707c6335cc49ce5415	other			
apktool_3.0.3.jar	uploaded ZIP/JAR	org/antlr/runtime/ParserRuleReturnScope.class	400	286	8	3747007747	1980,1,1,0,0,0	0	c341d9cd4b7c464a866f8fd7c9b3a3adf1b6d5bb4e690d95dc33d3f57d3a907a	other			
apktool_3.0.3.jar	uploaded ZIP/JAR	org/antlr/runtime/RecognitionException.class	2532	1442	8	4226653767	1980,1,1,0,0,0	0	3ed73787e0ae77f891c41a28c169322253d777d542a4feb268a5cf3a1236d966	other			
apktool_3.0.3.jar	uploaded ZIP/JAR	org/antlr/runtime/RecognizerSharedState.class	590	432	8	15883669	1980,1,1,0,0,0	0	dc970fedcdc85ae896b9b8c52c88cf83e37623cad61245cfdc784e3a6f73548d	other			
apktool_3.0.3.jar	uploaded ZIP/JAR	org/antlr/runtime/RuleReturnScope.class	312	261	8	981899719	1980,1,1,0,0,0	0	fd19eb55973e24d65b5b22aad3db6fde7f7648ea23e8069a63728323a2ef8060	other			
apktool_3.0.3.jar	uploaded ZIP/JAR	org/antlr/runtime/UnwantedTokenException.class	1063	616	8	1857660861	1980,1,1,0,0,0	0	c12cf25a071dcab2080daae2e3d167de4bc90ffad715b8b2bf796cef9c83f61d	other			
apktool_3.0.3.jar	uploaded ZIP/JAR	org/antlr/runtime/misc/FastQueue.class	1275	799	8	1915728235	1980,1,1,0,0,0	0	575f294af01b555691fabee991bbcd954df81e3d2fe5d1e1f4671f01d75c9296	other			
apktool_3.0.3.jar	uploaded ZIP/JAR	org/antlr/runtime/misc/LookaheadStream.class	2636	1548	8	2917435041	1980,1,1,0,0,0	0	fb35b17f2ac6f5d1a3959a40be72e92a63bd2b077cf277c76c4f09070a748125	other			
apktool_3.0.3.jar	uploaded ZIP/JAR	org/antlr/runtime/tree/CommonErrorNode.class	2385	1182	8	2952744689	1980,1,1,0,0,0	0	45e9f36750aa0531bef4266bec9c88a4f255c443ee028df33bbece857d1918dd	other			
apktool_3.0.3.jar	uploaded ZIP/JAR	org/antlr/runtime/tree/CommonTree.class	2506	1382	8	1487878578	1980,1,1,0,0,0	0	c0001698f085006cd726fbf68376442d05a5391e08c77dfa8e047339af31ecbe	other			
apktool_3.0.3.jar	uploaded ZIP/JAR	org/antlr/runtime/tree/CommonTreeAdaptor.class	3430	1463	8	3576304912	1980,1,1,0,0,0	0	63bb7cd08bfb105982cf4487be9a1878519f0aecf1d557c08ba2d4b1abe6a111	other			
apktool_3.0.3.jar	uploaded ZIP/JAR	org/antlr/runtime/tree/CommonTreeNodeStream.class	1798	1000	8	337960869	1980,1,1,0,0,0	0	139009c995d43a4320a8b0c545aeecd6e3d2572d4c91be96075889ec9edfb919	other			
apktool_3.0.3.jar	uploaded ZIP/JAR	org/antlr/runtime/tree/RewriteCardinalityException.class	519	377	8	4233247672	1980,1,1,0,0,0	0	c64fea9079641ad5c2d7982b60ee375503cc51c4ff0dc33a0a19181faa1e094d	other			
apktool_3.0.3.jar	uploaded ZIP/JAR	org/antlr/runtime/tree/RewriteEmptyStreamException.class	382	286	8	4257534143	1980,1,1,0,0,0	0	df72c506879a55810b914e07b09d8acfe0d3ecb962bd5b7c29c580a49e1412eb	other			
apktool_3.0.3.jar	uploaded ZIP/JAR	org/antlr/runtime/tree/RewriteRuleElementStream.class	2021	1100	8	3975808588	1980,1,1,0,0,0	0	16edd545e79d70f5425af3004c4b5c888d33becb225003520cfa5111604755ac	other			
apktool_3.0.3.jar	uploaded ZIP/JAR	org/antlr/runtime/tree/RewriteRuleSubtreeStream.class	597	366	8	568307561	1980,1,1,0,0,0	0	ab7462dc40a60875e98b6d76318041d2b312b5364dcdf1da650326d5254a16fc	other			
apktool_3.0.3.jar	uploaded ZIP/JAR	org/antlr/runtime/tree/RewriteRuleTokenStream.class	1100	557	8	960784301	1980,1,1,0,0,0	0	a760bda58dbf63e11b1d0e026ac9303674d37f4664b00530e6f5900cd23fcb58	other			
apktool_3.0.3.jar	uploaded ZIP/JAR	org/antlr/runtime/tree/TreeIterator.class	2438	1382	8	2619579222	1980,1,1,0,0,0	0	4260c1c2c04e7f79d57d5380b24e43ac54fb5c34139e9a96f7e9480ee740a9f3	other			
apktool_3.0.3.jar	uploaded ZIP/JAR	org/antlr/runtime/tree/TreeParser.class	2534	1201	8	100511193	1980,1,1,0,0,0	0	800f829e9bc60031d9bbcd310f9143e2e684e7eec9785d3e801448455c47dd4d	other			
apktool_3.0.3.jar	uploaded ZIP/JAR	org/antlr/runtime/tree/TreeRuleReturnScope.class	375	281	8	3845535748	1980,1,1,0,0,0	0	ebd5773b1b9ccdf240ddd0900f0717e28d5bf1f0de7a353356ac323f83fd219e	other			
apktool_3.0.3.jar	uploaded ZIP/JAR	org/antlr/stringtemplate/language/ActionEvaluatorTokenTypes.txt	673	420	8	288549085	1980,1,1,0,0,0	0	ab1cc7c8eb5477cbeb15069fc017ccd649de7345ad5da289446363cdf9c43133	text/config			
apktool_3.0.3.jar	uploaded ZIP/JAR	org/antlr/stringtemplate/language/ActionParserTokenTypes.txt	669	417	8	872756979	1980,1,1,0,0,0	0	830015cbcb5db53f62dde3fbd56f7d6181c7d883f19c0aa39bf3835930810e72	text/config			
apktool_3.0.3.jar	uploaded ZIP/JAR	org/antlr/stringtemplate/language/AngleBracketTemplateLexerTokenTypes.txt	364	260	8	1992992712	1980,1,1,0,0,0	0	5fa6c68798399ef3bb576fffc909897c08106bbd342f9f557d20b71705be3ab5	text/config			
apktool_3.0.3.jar	uploaded ZIP/JAR	org/antlr/stringtemplate/language/GroupParserTokenTypes.txt	410	292	8	721942590	1980,1,1,0,0,0	0	d99c48d2a6c6143fc93fd9c8b00e9e0e3d4a80a25860335c0c349512bdf44032	text/config			
apktool_3.0.3.jar	uploaded ZIP/JAR	org/antlr/stringtemplate/language/InterfaceParserTokenTypes.txt	264	187	8	2449803055	1980,1,1,0,0,0	0	51b203c0aeee9594304f7dd2d51a56b979c1d02ea6e92c1899feb690ddbccfa6	text/config			
apktool_3.0.3.jar	uploaded ZIP/JAR	org/antlr/stringtemplate/language/TemplateParserTokenTypes.txt	328	243	8	3480030428	1980,1,1,0,0,0	0	646eefc3af3ff8b4abeaa577924e62018eb985b09f82c997780df50eb6071414	text/config			
apktool_3.0.3.jar	uploaded ZIP/JAR	org/antlr/tool/templates/depend.stg	417	250	8	3638187777	1980,1,1,0,0,0	0	02abdade62eb598d9d89a44c5769425b6feae509510d257be8fa9f1a38532420	other			
apktool_3.0.3.jar	uploaded ZIP/JAR	org/antlr/tool/templates/dot/dot.stg	2900	1234	8	3800914383	1980,1,1,0,0,0	0	2c9f7e321e219a7383610617eb57d0def5676c93ac127de589e0c80d06705539	other			
apktool_3.0.3.jar	uploaded ZIP/JAR	org/antlr/tool/templates/messages/formats/antlr.stg	1957	1039	8	4096294340	1980,1,1,0,0,0	0	7ecb5f289fc293a8f112ed1f701c07ddef9996e89d515bcfca680a071579b889	other			
apktool_3.0.3.jar	uploaded ZIP/JAR	org/antlr/tool/templates/messages/formats/gnu.stg	1931	1032	8	2467328005	1980,1,1,0,0,0	0	8d5837cb98c7298a9fae3cb436f9855e477f6771da06b6446580efd06bc58b77	other			
apktool_3.0.3.jar	uploaded ZIP/JAR	org/antlr/tool/templates/messages/formats/vs2005.stg	1966	1041	8	4231022113	1980,1,1,0,0,0	0	36299c59384b08744aa9f23bd15200da984ad5426dad6329ecab76e6459a55f4	other			
apktool_3.0.3.jar	uploaded ZIP/JAR	org/antlr/tool/templates/messages/languages/en.stg	14867	5027	8	4184895070	1980,1,1,0,0,0	0	2da512640a6a9a769e88d566627ca484b1c11ad5b2bded5ff00fc17a7064d047	other			
apktool_3.0.3.jar	uploaded ZIP/JAR	org/apache/commons/cli/AmbiguousOptionException.class	1042	649	8	4141237432	1980,1,1,0,0,0	0	2713402ee47ec05666c20a4c18e3a41decac789a0a1cf8d583dc95ca540f4eb9	other			
apktool_3.0.3.jar	uploaded ZIP/JAR	org/apache/commons/cli/CommandLine$Builder.class	1662	893	8	2064335442	1980,1,1,0,0,0	0	c38200afe03ddba6c384aca8b62d5dc624761873877eff733496517753a27573	other			
apktool_3.0.3.jar	uploaded ZIP/JAR	org/apache/commons/cli/CommandLine.class	2381	1174	8	3511886972	1980,1,1,0,0,0	0	39d6eb33b51fed99a9aef80d1025c04f4344ceaf70c64f7631af8b31a9aa095c	other			
apktool_3.0.3.jar	uploaded ZIP/JAR	org/apache/commons/cli/DefaultParser.class	7305	4012	8	2401559102	1980,1,1,0,0,0	0	2779172ec9962f653c43f3c007af9182631236b1b2c1b45436ea9fed7948b7f9	other			
apktool_3.0.3.jar	uploaded ZIP/JAR	org/apache/commons/cli/HelpFormatter$OptionComparator.class	770	517	8	2950647235	1980,1,1,0,0,0	0	74f21698f02e2a3b6695e9efd298869c0b9bc328a44e64cf2ec1c38c3e71b174	other			
apktool_3.0.3.jar	uploaded ZIP/JAR	org/apache/commons/cli/HelpFormatter.class	4799	2671	8	2284923732	1980,1,1,0,0,0	0	ba475603e2cc93c0ce230031a6f51dc32ba737a1af8edea4f29b6715203010da	other			
apktool_3.0.3.jar	uploaded ZIP/JAR	org/apache/commons/cli/MissingArgumentException.class	789	487	8	134176345	1980,1,1,0,0,0	0	e3b6093e05b8fb9895031310e86aec7426d17f9ec673fadd8e6eb64c4000edec	other			
apktool_3.0.3.jar	uploaded ZIP/JAR	org/apache/commons/cli/MissingOptionException.class	860	563	8	153108304	1980,1,1,0,0,0	0	65291b8906d5ce507c28f9bb9a32d64e11fbee6ea27ddc36efae2dec29de168c	other			
apktool_3.0.3.jar	uploaded ZIP/JAR	org/apache/commons/cli/Option$Builder.class	887	535	8	1434868265	1980,1,1,0,0,0	0	cb9543da72e71a339d389be10dd800897de89c434dc58ebadc5bc7e7d3c50c84	other			
apktool_3.0.3.jar	uploaded ZIP/JAR	org/apache/commons/cli/Option.class	2890	1700	8	2362343674	1980,1,1,0,0,0	0	1de0115132dc7480b2e50d69f5f14e0f7dde588944260e4e396a0bfa812b0561	other			
apktool_3.0.3.jar	uploaded ZIP/JAR	org/apache/commons/cli/OptionGroup.class	248	208	8	405136378	1980,1,1,0,0,0	0	2d00fb1a39c72c4197345c4de780b8616fb998647275958753400114598f76f1	other			
apktool_3.0.3.jar	uploaded ZIP/JAR	org/apache/commons/cli/OptionValidator.class	1429	938	8	3226830350	1980,1,1,0,0,0	0	f66e5ac419484cb05148b7798d9486f84bfee08f6627352e9b5f3105f65cbf3d	other			
apktool_3.0.3.jar	uploaded ZIP/JAR	org/apache/commons/cli/Options.class	3267	1619	8	1890685870	1980,1,1,0,0,0	0	6cc1e78f1be3fe810fde77cc7bb771446e863456b250ec48ad35a9fe358eee11	other			
apktool_3.0.3.jar	uploaded ZIP/JAR	org/apache/commons/cli/ParseException.class	338	272	8	2267032187	1980,1,1,0,0,0	0	99de9f810413fcf2158ca04d7d0a8345339251ebfb6a1f4877e945ae9cbf399f	other			
apktool_3.0.3.jar	uploaded ZIP/JAR	org/apache/commons/cli/UnrecognizedOptionException.class	369	285	8	1938229355	1980,1,1,0,0,0	0	c011375f0409014e2b78d5e19b1e562221df48937f0cea04df77628f43d5f335	other			
apktool_3.0.3.jar	uploaded ZIP/JAR	org/apache/commons/cli/Util.class	781	540	8	1602527611	1980,1,1,0,0,0	0	0b9f7c13a0ee45cd2c30a9af89e5fe899ada633eaaecceb83fa97e52b721a58a	other			
apktool_3.0.3.jar	uploaded ZIP/JAR	org/apache/commons/io/FileSystem.class	2964	1727	8	2574980236	1980,1,1,0,0,0	0	69349864b0c6f6072a6ff8466180c21d3dec93c3db2fe54d01f5415c36037b6d	other			
apktool_3.0.3.jar	uploaded ZIP/JAR	org/apache/commons/io/FilenameUtils.class	1451	993	8	3541764437	1980,1,1,0,0,0	0	0c1f7bdf87a78e4acc8b4640a8afa974228141e753d3c3a28ea01936a4bdb0bc	other			
apktool_3.0.3.jar	uploaded ZIP/JAR	org/apache/commons/io/IOUtils.class	3745	2050	8	2177848615	1980,1,1,0,0,0	0	e12ce96c587ece1d07c058e4af0fb6199b25ba6eb55ecc4863cc3dad6f2d89d3	other			
apktool_3.0.3.jar	uploaded ZIP/JAR	org/apache/commons/io/StandardLineSeparator.class	1084	596	8	3689940833	1980,1,1,0,0,0	0	3a13e5b1a06aebc88b923836762f61bc98c01eddf18b133ed5fbe121bbbb1668	other			
apktool_3.0.3.jar	uploaded ZIP/JAR	org/apache/commons/io/build/AbstractOrigin$InputStreamOrigin.class	387	285	8	780396750	1980,1,1,0,0,0	0	bffe9517e6c2e4f3ba1cddcbdb580dc5688194da61d0c96a04293945f954c2ff	other			
apktool_3.0.3.jar	uploaded ZIP/JAR	org/apache/commons/io/build/AbstractOrigin.class	914	569	8	998819184	1980,1,1,0,0,0	0	48568708d8ec2336aeaf915773ed4bf27e763750dc4a8ddb9da1e84c3e1bdc6d	other			
apktool_3.0.3.jar	uploaded ZIP/JAR	org/apache/commons/io/build/AbstractOriginSupplier.class	439	292	8	2280192004	1980,1,1,0,0,0	0	d533fb07db2b6e62d5daaba6dd482e819d3e71dfba6fbad8881ce1756cdd2984	other			
apktool_3.0.3.jar	uploaded ZIP/JAR	org/apache/commons/io/build/AbstractStreamBuilder.class	2022	1084	8	81385707	1980,1,1,0,0,0	0	ac5dd9d967de3e3b9266ccbdb4395a2770fdc1041383514efdbf852fe71863bf	other			
apktool_3.0.3.jar	uploaded ZIP/JAR	org/apache/commons/io/build/AbstractSupplier.class	323	268	8	1775995427	1980,1,1,0,0,0	0	ca099acc1c94b83295763c4f063739d9f49b1387a7a7e66cea8e297b21047057	other			
apktool_3.0.3.jar	uploaded ZIP/JAR	org/apache/commons/io/file/PathUtils.class	863	554	8	3186695569	1980,1,1,0,0,0	0	de65701adef5e9633dfc4cc3891dd48739a4f5b68dc3a80215103f934b1bc121	other			
apktool_3.0.3.jar	uploaded ZIP/JAR	org/apache/commons/io/function/Constants.class	1882	820	8	4241320959	1980,1,1,0,0,0	0	ed1d70d7e1d2f727070466d469a741c5eaff6532a4686266eba8d7cd3e21e4a3	other			
apktool_3.0.3.jar	uploaded ZIP/JAR	org/apache/commons/io/function/IOBiConsumer.class	288	223	8	3412048802	1980,1,1,0,0,0	0	287688615104e3201ab4e2cbbe7c345fc5285ebbb718ee23be07e61d3aeb5a7d	other			
apktool_3.0.3.jar	uploaded ZIP/JAR	org/apache/commons/io/function/IOBiFunction.class	229	193	8	2390996546	1980,1,1,0,0,0	0	5588cdf57c2cde7cd0419f54f352722662d6643ee508156cbe6df62fd976a08a	other			
apktool_3.0.3.jar	uploaded ZIP/JAR	org/apache/commons/io/function/IOConsumer.class	268	221	8	1078145698	1980,1,1,0,0,0	0	59796f40c19612ee6057508ae6116e1cfbf09624c496064b901812fc9f59a7fa	other			
apktool_3.0.3.jar	uploaded ZIP/JAR	org/apache/commons/io/function/IOFunction.class	227	192	8	2641651000	1980,1,1,0,0,0	0	08be4c4e3544189db03b5db6c1cf83d3e0c0708fe877f8f05c387c72860389d2	other			
apktool_3.0.3.jar	uploaded ZIP/JAR	org/apache/commons/io/function/IOIntConsumer.class	852	486	8	3634410632	1980,1,1,0,0,0	0	2d9d7fd7afa4cae817a6a210523e0fc9ad7688125d4ededa7f3933025f5850c0	other			
apktool_3.0.3.jar	uploaded ZIP/JAR	org/apache/commons/io/function/IOPredicate.class	228	190	8	534560168	1980,1,1,0,0,0	0	1ee3a00a78b5db2b21e4419bc083af23cfa1879e93f9f194abf49ff4a0912052	other			
apktool_3.0.3.jar	uploaded ZIP/JAR	org/apache/commons/io/function/IORunnable.class	227	191	8	1664323682	1980,1,1,0,0,0	0	8b17926a57b83580b97c04718b35c4b03d3b7734040edcbba45388f941edabc0	other			
apktool_3.0.3.jar	uploaded ZIP/JAR	org/apache/commons/io/function/IOTriConsumer.class	230	198	8	3066515365	1980,1,1,0,0,0	0	f7d2972cb36644a59b61d02fd0283428e64df7eecc50e1995d003b94716bb662	other			
apktool_3.0.3.jar	uploaded ZIP/JAR	org/apache/commons/io/input/BoundedInputStream$Builder.class	633	442	8	2235601002	1980,1,1,0,0,0	0	b7dde5d96bd2042eebe1a368da7839b547ed4c9fad78faffcaf14505de6a1256	other			
apktool_3.0.3.jar	uploaded ZIP/JAR	org/apache/commons/io/input/BoundedInputStream.class	4650	2416	8	3893155020	1980,1,1,0,0,0	0	9b3c4cd734a92e457d49d6f878ef2df8a7776a129d55e9e5e65b7f947ce69702	other			
apktool_3.0.3.jar	uploaded ZIP/JAR	org/apache/commons/io/output/AbstractByteArrayOutputStream.class	1521	995	8	3387463859	1980,1,1,0,0,0	0	4673e261f9fb0fe9635171472b81066fb96bd174787b059345bec47513948e97	other			
apktool_3.0.3.jar	uploaded ZIP/JAR	org/apache/commons/io/output/UnsynchronizedByteArrayOutputStream$Builder.class	384	289	8	3072978534	1980,1,1,0,0,0	0	e3f3cc13d71d1d3af34c481e612099d0d9fc84efff2533453d75c7b9f0411385	other			
apktool_3.0.3.jar	uploaded ZIP/JAR	org/apache/commons/io/output/UnsynchronizedByteArrayOutputStream.class	1950	1222	8	1121542815	1980,1,1,0,0,0	0	a9e45576387512d6365bae33c91145c0ee69c77c8c1e263f2212e47bf1ad28de	other			
apktool_3.0.3.jar	uploaded ZIP/JAR	org/apache/commons/lang3/Range$ComparableComparator.class	1181	607	8	2222763068	1980,1,1,0,0,0	0	70af72ff0c9559532d59594a755aa3779892f232c1df157bdb1909aba76bc135	other			
apktool_3.0.3.jar	uploaded ZIP/JAR	org/apache/commons/lang3/Range.class	1608	942	8	391008124	1980,1,1,0,0,0	0	fe8594f99ddf58907e2872ff392a6be851455e0db2aaaa2f1f7e4a969d5affd5	other			
apktool_3.0.3.jar	uploaded ZIP/JAR	org/apache/commons/text/StringEscapeUtils.class	4329	2183	8	1597261567	1980,1,1,0,0,0	0	e47bedb5a30ad11be313243b3bc456931174359e886468ce5787053c72a24715	other			
apktool_3.0.3.jar	uploaded ZIP/JAR	org/apache/commons/text/translate/AggregateTranslator.class	1912	943	8	2092975962	1980,1,1,0,0,0	0	50fc0026026de6e1cbea7ecdaa5d9331dcc2e8e074066d29f136b87bdafa8aa4	other			
apktool_3.0.3.jar	uploaded ZIP/JAR	org/apache/commons/text/translate/CharSequenceTranslator.class	1557	1007	8	3565860604	1980,1,1,0,0,0	0	040f9dc6895562b4f243f8f7280396750c0b9ccd7b4d0cc0ee32da56c58151a8	other			
apktool_3.0.3.jar	uploaded ZIP/JAR	org/apache/commons/text/translate/CodePointTranslator.class	617	400	8	669075543	1980,1,1,0,0,0	0	eb73bbd4b4bea85f7f57304cee8fa318827ff29126902008937af3ccc88282c6	other			
apktool_3.0.3.jar	uploaded ZIP/JAR	org/apache/commons/text/translate/EntityArrays.class	11289	6274	8	3216393022	1980,1,1,0,0,0	0	504268b499d860d9668f17714415e9cea65fbe5e3cb218915b637a018440ee45	other			
apktool_3.0.3.jar	uploaded ZIP/JAR	org/apache/commons/text/translate/JavaUnicodeEscaper.class	1350	833	8	1085120801	1980,1,1,0,0,0	0	3fdb3a250720cc474041ed982346e0b54e43d3a920c6212e4551a84d2ee75129	other			
apktool_3.0.3.jar	uploaded ZIP/JAR	org/apache/commons/text/translate/LookupTranslator.class	2054	1178	8	173741491	1980,1,1,0,0,0	0	4fa7681575f398198a704189b5d7de3fdee86a2f873b6561f0f4463d5c9035d4	other			
apktool_3.0.3.jar	uploaded ZIP/JAR	org/apache/commons/text/translate/NumericEntityEscaper.class	1380	826	8	1055450238	1980,1,1,0,0,0	0	ed716baeb60bf2414ceeb60a3eab564ee12bd974750d6f3d43f704d5c083693b	other			
apktool_3.0.3.jar	uploaded ZIP/JAR	org/apache/commons/text/translate/NumericEntityUnescaper$OPTION.class	1182	620	8	544362225	1980,1,1,0,0,0	0	e49be929a11171da49dbe054f0bee206d50425e3a07679ea3a933546c122be04	other			
apktool_3.0.3.jar	uploaded ZIP/JAR	org/apache/commons/text/translate/NumericEntityUnescaper.class	2657	1439	8	3785741726	1980,1,1,0,0,0	0	12f125731da79025769c54a112c1c4b3a1d9e3092c4158984ea771c50fbb5831	other			
apktool_3.0.3.jar	uploaded ZIP/JAR	org/apache/commons/text/translate/OctalUnescaper.class	1115	717	8	2640003490	1980,1,1,0,0,0	0	891ab87630460b70a7d931cbb0ad7cad7791f9f1152224aedff27757e835bb1d	other			
apktool_3.0.3.jar	uploaded ZIP/JAR	org/apache/commons/text/translate/UnicodeUnescaper.class	1589	945	8	2752022981	1980,1,1,0,0,0	0	28a8b91a24e0c7a201431c6a6cddec7359cca5bf7b024e2520b0797a2cdb4d7c	other			
apktool_3.0.3.jar	uploaded ZIP/JAR	org/apache/commons/text/translate/UnicodeUnpairedSurrogateRemover.class	513	371	8	4038190902	1980,1,1,0,0,0	0	cb5d01cafa52ec50fb1310cb73e62edd26c4900e8f02d60dab11cc3c64945def	other			
apktool_3.0.3.jar	uploaded ZIP/JAR	org/xmlpull/v1/XmlPullParser.class	214	185	8	55170638	1980,1,1,0,0,0	0	6a26435b12ce8aa7b2fa4a8c41a7893bc86b522ea54a2c7dd47ea0ceb9835b55	other			
apktool_3.0.3.jar	uploaded ZIP/JAR	org/xmlpull/v1/XmlPullParserException.class	1651	949	8	2293907631	1980,1,1,0,0,0	0	1301e3aaa81065bb26a9eeaee19591fe4be156874b35de8919d90903d10bfea4	other			
apktool_3.0.3.jar	uploaded ZIP/JAR	org/xmlpull/v1/XmlSerializer.class	214	184	8	2751512412	1980,1,1,0,0,0	0	803412e940ad632e5b350cc2dd4c7de9ef62e09ded4df968699e30517f78a5a6	other			
apktool_3.0.3.jar	uploaded ZIP/JAR	prebuilt/android-framework.jar	4488013	4462571	8	1301026586	1980,1,1,0,0,0	0	5dd984016ed5a5eb0eef866e2c6e8cd352e1427828ec23adb18005cf5648f3d7	archive	2	0	yes
apktool_3.0.3.jar	uploaded ZIP/JAR	prebuilt/linux/aapt2	6449680	2713030	8	4022725073	1980,1,1,0,0,0	0	df312db814c018019b2b79a993b041b738d7b76f4a8f28da25bc874a026368cc	other			
apktool_3.0.3.jar	uploaded ZIP/JAR	prebuilt/macosx/aapt2	10647944	4381298	8	561398161	1980,1,1,0,0,0	0	5a06b9d0561bcdc88fb20acd676b740ab9159aae41c872685934b6cbd1b1cd28	other			
apktool_3.0.3.jar	uploaded ZIP/JAR	prebuilt/windows/aapt2.exe	5417472	2240149	8	2161235967	1980,1,1,0,0,0	0	2624809203189839a9813ef1806b5870ad6d030cfd99065bd0560c0e2cff7702	other			
apktool_3.0.3.jar	uploaded ZIP/JAR	smali.properties	29	29	8	1858081356	1980,1,1,0,0,0	0	ab99fa08a12adf5c470bad925d01bf88b124a1517df56ebb4cf8432d6f527f88	text/config			
build-tools_r35_linux.zip	uploaded ZIP	android-15/NOTICE.txt	1068025	231507	8	4238699488	2008,1,1,0,0,0	2175008768	14ad8a3f18a62e674e865b5e06b5847a6c97848d33f8cdc8e842eaf9bed994c3	text/config			
build-tools_r35_linux.zip	uploaded ZIP	android-15/aapt	1541752	649064	8	1026863219	2008,1,1,0,0,0	2179792896	393c4c87f675f9555c50921fb53be1f3893cacd29f2270c4863e2e3f99583c39	other			
build-tools_r35_linux.zip	uploaded ZIP	android-15/aapt2	6299424	2261459	8	3268981687	2008,1,1,0,0,0	2179792896	d1096e11aba9c974644369ee3c50d239acac3f3428ffa928e5b9c14dfb7a57de	other			
build-tools_r35_linux.zip	uploaded ZIP	android-15/aarch64-linux-android-ld	343	219	8	837351782	2008,1,1,0,0,0	2175008768	5c7847596d256c5baeb406d3dcdd70e50e45c059b81b01cb6b673369099d47d2	other			
build-tools_r35_linux.zip	uploaded ZIP	android-15/aidl	4847544	1208744	8	2576051257	2008,1,1,0,0,0	2179792896	9f66f710d044e7b8539441d75a34a873445f6e803c6377f15dda1377495172e6	other			
build-tools_r35_linux.zip	uploaded ZIP	android-15/apksigner	2959	1346	8	1696993130	2008,1,1,0,0,0	2179792896	b47549e373b895ce6ca620d0c7887e674d9615ffa837a86ac601dcfd04adb0f0	other			
build-tools_r35_linux.zip	uploaded ZIP	android-15/arm-linux-androideabi-ld	343	219	8	837351782	2008,1,1,0,0,0	2175008768	5c7847596d256c5baeb406d3dcdd70e50e45c059b81b01cb6b673369099d47d2	other			
build-tools_r35_linux.zip	uploaded ZIP	android-15/bcc_compat	38776	13926	8	1185700266	2008,1,1,0,0,0	2179792896	65281f9d63dac6a00e1706a87e77a69ceb8f0de5a1326e3d8f30589780ff60b3	other			
build-tools_r35_linux.zip	uploaded ZIP	android-15/core-lambda-stubs.jar	15149	3574	8	327223883	2008,1,1,0,0,0	2175008768	c8a21e0e653227d1fce74bd547c9e7278e17c016c405aa8e1f6c313b192ade31	archive	8	8	yes
build-tools_r35_linux.zip	uploaded ZIP	android-15/d8	2678	1304	8	3187763754	2008,1,1,0,0,0	2179792896	b773a721be3d4988dea9660815a9e441b76100e5b0f5c72b5893cfadadc76c6f	other			
build-tools_r35_linux.zip	uploaded ZIP	android-15/dexdump	3620016	2667402	8	3214446223	2008,1,1,0,0,0	2179792896	ef273cb9e5a01ccbba046ea7c80d73203f0c908d2779b4c58e21091753c86049	other			
build-tools_r35_linux.zip	uploaded ZIP	android-15/i686-linux-android-ld	343	219	8	837351782	2008,1,1,0,0,0	2175008768	5c7847596d256c5baeb406d3dcdd70e50e45c059b81b01cb6b673369099d47d2	other			
build-tools_r35_linux.zip	uploaded ZIP	android-15/lld	647	418	8	3282890124	2008,1,1,0,0,0	2179792896	a4d5291a75bfa2350de74a00a3aa5099f190fd6bc86c581bb38215720884fc15	other			
build-tools_r35_linux.zip	uploaded ZIP	android-15/llvm-rs-cc	1056448	385023	8	867207529	2008,1,1,0,0,0	2179792896	793ac4ac8d55e31083d8735e245f216d670233f24003c40e25ad57a645b2c15a	other			
build-tools_r35_linux.zip	uploaded ZIP	android-15/mipsel-linux-android-ld	343	219	8	837351782	2008,1,1,0,0,0	2175008768	5c7847596d256c5baeb406d3dcdd70e50e45c059b81b01cb6b673369099d47d2	other			
build-tools_r35_linux.zip	uploaded ZIP	android-15/runtime.properties	17	17	0	1955585832	2008,1,1,0,0,0	2175008768	5c317bc7dfb52abf6e18b49ee439864869c1359f38c265fd7966b1e03578785d	text/config			
build-tools_r35_linux.zip	uploaded ZIP	android-15/source.properties	63	50	8	2033209872	2008,1,1,0,0,0	2175008768	084847d70abc41284feee7ea717e7c92eab0d1be05f048c27445a359cfe109d8	text/config			
build-tools_r35_linux.zip	uploaded ZIP	android-15/split-select	1498360	628595	8	498891893	2008,1,1,0,0,0	2179792896	a5524b48fc98036363b651c36e21e9e1ec7d301344369530bc0d21c237ba0430	other			
build-tools_r35_linux.zip	uploaded ZIP	android-15/x86_64-linux-android-ld	343	219	8	837351782	2008,1,1,0,0,0	2175008768	5c7847596d256c5baeb406d3dcdd70e50e45c059b81b01cb6b673369099d47d2	other			
build-tools_r35_linux.zip	uploaded ZIP	android-15/zipalign	273032	122145	8	842790586	2008,1,1,0,0,0	2179792896	a205d94a45c8522ca1b571dcbe190df145c818f0a29dfb366e4dd78eef4f56a7	other			
build-tools_r35_linux.zip	uploaded ZIP	android-15/lib/apksigner.jar	1074241	979337	8	1095719568	2008,1,1,0,0,0	2175008768	00ef9948f843fe395d2440ae3ef41405b8040a6d5d46493bd1902ac0ee6deae7	archive	663	628	yes
build-tools_r35_linux.zip	uploaded ZIP	android-15/lib/d8.jar	16614740	12218561	8	3597004649	2008,1,1,0,0,0	2175008768	305622ad00535684534eb8f742cbf5e628a9abc09d8ea4d39d1babb95bf0cee5	archive	6610	6591	yes
build-tools_r35_linux.zip	uploaded ZIP	android-15/lib64/libLLVM_android.so	31974520	11119088	8	393351608	2008,1,1,0,0,0	2179792896	71ceb7f382f01687edfe5929940c17b9f1a2a89647436b5f87dde9d1caf2d5ab	native			
build-tools_r35_linux.zip	uploaded ZIP	android-15/lib64/libbcc.so	508080	159587	8	681913336	2008,1,1,0,0,0	2179792896	a7abe4efe2874379d1c656efbd1faf2aa2fb562b38aaaf165b08b9fd474e1873	native			
build-tools_r35_linux.zip	uploaded ZIP	android-15/lib64/libbcinfo.so	402624	153648	8	634362943	2008,1,1,0,0,0	2179792896	711710fb4b9ef2dc6b22b2e95b51c6dcfcb6f2804e7effb8434b6724f6cefdb6	native			
build-tools_r35_linux.zip	uploaded ZIP	android-15/lib64/libc++.so	1085776	319899	8	2079143283	2008,1,1,0,0,0	2179792896	71c9f5d2e9d6e3e1875340c20a2f6b750c2c7f54f730f5fb7f1fd1d0877c8d6f	native			
build-tools_r35_linux.zip	uploaded ZIP	android-15/lib64/libc++.so.1	1082624	332081	8	845285559	2008,1,1,0,0,0	2175008768	7eb2812ec39ab5c31f2fc9f906f412c713e76e0d07d6a6911108c7f886e24945	other			
build-tools_r35_linux.zip	uploaded ZIP	android-15/lib64/libclang_android.so	21203472	7721742	8	3490915720	2008,1,1,0,0,0	2179792896	ace5e0270439b642d4d32096fb461ab9c2e54139fc951ee73cf4d18548222e92	native			
build-tools_r35_linux.zip	uploaded ZIP	android-15/lld-bin/lld	34338800	12675464	8	658204098	2008,1,1,0,0,0	2179792896	e7983d6795dc619b18b9c4801eb896e4db8e11540d73bba28e752d1b6753ac3b	other			
build-tools_r35_linux.zip	uploaded ZIP	android-15/renderscript/clang-include/CMakeLists.txt	2863	1046	8	2226806933	2008,1,1,0,0,0	2175008768	e7ba7d5655e7a51de18c5e991b682165dbfafc87c6b536f158b1217b8b604698	text/config			
build-tools_r35_linux.zip	uploaded ZIP	android-15/renderscript/clang-include/LICENSE.TXT	2749	1197	8	1225330900	2008,1,1,0,0,0	2175008768	de4c79665f0f5688b0ace17cba6f8e0343925bb95e0949d66d47bbd4527310d6	text/config			
build-tools_r35_linux.zip	uploaded ZIP	android-15/renderscript/clang-include/__clang_cuda_cmath.h	6595	1861	8	3014724024	2008,1,1,0,0,0	2175008768	33bf7c7414833cd0f5197819cbc393da95a06ca2dd250999bbdb747d6e40594d	other			
build-tools_r35_linux.zip	uploaded ZIP	android-15/renderscript/clang-include/__clang_cuda_intrinsics.h	12973	2714	8	211572659	2008,1,1,0,0,0	2175008768	66df8192df3f2bcc78b6788e740f8c437b2f90fcaef6d0511681abf3d59aeeae	other			
build-tools_r35_linux.zip	uploaded ZIP	android-15/renderscript/clang-include/__clang_cuda_math_forward_declares.h	8323	2075	8	3446022995	2008,1,1,0,0,0	2175008768	af6583005ef907c8dc11b1801b0e639da41c992776bb2b92a25e8d2f496ea5b0	other			
build-tools_r35_linux.zip	uploaded ZIP	android-15/renderscript/clang-include/__clang_cuda_runtime_wrapper.h	12041	4427	8	845300280	2008,1,1,0,0,0	2175008768	dcccad91e56beefc1d45d3c81a5123f193e87eacf37dd06d6e48f2e8c72fb688	other			
build-tools_r35_linux.zip	uploaded ZIP	android-15/renderscript/clang-include/__stddef_max_align_t.h	1770	912	8	1265281023	2008,1,1,0,0,0	2175008768	5d26aeae66fc6f9cb969df50a2382536208f94dec476dd17239924e34550f33d	other			
build-tools_r35_linux.zip	uploaded ZIP	android-15/renderscript/clang-include/__wmmintrin_aes.h	6026	1527	8	2840835888	2008,1,1,0,0,0	2175008768	0e098d72e16f5218e5a7f6623fd4bd280d07422c660af3ddde5c5f65585cf029	other			
build-tools_r35_linux.zip	uploaded ZIP	android-15/renderscript/clang-include/__wmmintrin_pclmul.h	2804	1257	8	2801156415	2008,1,1,0,0,0	2175008768	855750e2684c56b2838fd15e6e80d2c798d50988866c43b2e190a4974279497c	other			
build-tools_r35_linux.zip	uploaded ZIP	android-15/renderscript/clang-include/adxintrin.h	3247	1110	8	2697221383	2008,1,1,0,0,0	2175008768	3898d9126f6c77f6c66ceefc078e0c425fa597ecc3552f9c072c127cbb243527	other			
build-tools_r35_linux.zip	uploaded ZIP	android-15/renderscript/clang-include/altivec.h	527880	32144	8	4055255699	2008,1,1,0,0,0	2175008768	b67ff88667d8b70a6450213acfaeab76eec850e045faac71ea2893dab9fcdee5	other			
build-tools_r35_linux.zip	uploaded ZIP	android-15/renderscript/clang-include/ammintrin.h	8361	2206	8	1765899481	2008,1,1,0,0,0	2175008768	eb315448c7b8f985b6a34e13a4004e8cfb1f3c54fe64dfd97b789082331a21a8	other			
build-tools_r35_linux.zip	uploaded ZIP	android-15/renderscript/clang-include/arm_acle.h	8964	2139	8	3494057858	2008,1,1,0,0,0	2175008768	c9e5bb14c141d40e5136095cd559ddbb7484fa1bd6b71b625c2c503fb31806d2	other			
build-tools_r35_linux.zip	uploaded ZIP	android-15/renderscript/clang-include/avx2intrin.h	49982	5766	8	3042349283	2008,1,1,0,0,0	2175008768	64bf553d574e7f1bdc2264e39e371795e4c66ad462c7316dd6ad377a76994825	other			
build-tools_r35_linux.zip	uploaded ZIP	android-15/renderscript/clang-include/avx512bwintrin.h	91684	7700	8	38453184	2008,1,1,0,0,0	2175008768	7d1f0fdc40a6153384ea4a873143f5bc8b878997155cd921a06e0cb47c29d743	other			
build-tools_r35_linux.zip	uploaded ZIP	android-15/renderscript/clang-include/avx512cdintrin.h	4872	1215	8	884520970	2008,1,1,0,0,0	2175008768	09f36071c1826b10b742d8c6c6187a2398fadfe57ed25aabec51bcf901cc8c84	other			
build-tools_r35_linux.zip	uploaded ZIP	android-15/renderscript/clang-include/avx512dqintrin.h	59321	4633	8	4136690537	2008,1,1,0,0,0	2175008768	81778e76df8b38a10be1952fb0f44623cd00c11beb4e51d7a8bed9968d5b8748	other			
build-tools_r35_linux.zip	uploaded ZIP	android-15/renderscript/clang-include/avx512erintrin.h	13472	1767	8	1244085852	2008,1,1,0,0,0	2175008768	71de0a5a9abc0660753b3aa9497b1c9796992a7ea3a91f225d37bdba6b7c050b	other			
build-tools_r35_linux.zip	uploaded ZIP	android-15/renderscript/clang-include/avx512fintrin.h	381676	27278	8	1369680025	2008,1,1,0,0,0	2175008768	4889866e3fc610e329727787b084298547ef9dca45f31b66753c00b95ab99cb3	other			
build-tools_r35_linux.zip	uploaded ZIP	android-15/renderscript/clang-include/avx512ifmaintrin.h	3371	1075	8	1937292112	2008,1,1,0,0,0	2175008768	27f68d18e7c1b1936a1d94d3eb0973f4bc79d5d9bb480559d3a4ec22c5fd59df	other			
build-tools_r35_linux.zip	uploaded ZIP	android-15/renderscript/clang-include/avx512ifmavlintrin.h	5119	1212	8	536341563	2008,1,1,0,0,0	2175008768	3bf453a240742975f0fccfc3ec56cab50ec5a150060c1f9b570de47db947e4f2	other			
build-tools_r35_linux.zip	uploaded ZIP	android-15/renderscript/clang-include/avx512pfintrin.h	5823	1301	8	2043763634	2008,1,1,0,0,0	2175008768	4937298200b9762557726e52a24e8a4d82bb194a98681629b47fbbca69729e7f	other			
build-tools_r35_linux.zip	uploaded ZIP	android-15/renderscript/clang-include/avx512vbmiintrin.h	4742	1235	8	1761377592	2008,1,1,0,0,0	2175008768	9c9f6e735ef34b857b01c805721dab58cc46bcbeba616c8ddcff7bc3c196126d	other			
build-tools_r35_linux.zip	uploaded ZIP	android-15/renderscript/clang-include/avx512vbmivlintrin.h	8032	1521	8	4123034266	2008,1,1,0,0,0	2175008768	60fbfdcf11169c32d8d7e172c688050638d2933306afa3fd2de6a13132be66f4	other			
build-tools_r35_linux.zip	uploaded ZIP	android-15/renderscript/clang-include/avx512vlbwintrin.h	119300	8035	8	1354978044	2008,1,1,0,0,0	2175008768	477113be5c5c6d18c5292f65dbbe93a7d1467d73067ec3613aa81fef9546341a	other			
build-tools_r35_linux.zip	uploaded ZIP	android-15/renderscript/clang-include/avx512vlcdintrin.h	8277	1483	8	2646782527	2008,1,1,0,0,0	2175008768	4869e223829069c6b97e3fc41eb98ecd1ffc07d37d556557cd31535849d026cf	other			
build-tools_r35_linux.zip	uploaded ZIP	android-15/renderscript/clang-include/avx512vldqintrin.h	47317	3951	8	1355652915	2008,1,1,0,0,0	2175008768	d3fa1397112492ee1580e9419839154b67c8b7d501dd3a0f15eede643413d931	other			
build-tools_r35_linux.zip	uploaded ZIP	android-15/renderscript/clang-include/avx512vlintrin.h	333666	20978	8	375041010	2008,1,1,0,0,0	2175008768	df46211611d8a6b20c2de2e71b935a621bdf5315b44b4a04e87cc1ce1edcd788	other			
build-tools_r35_linux.zip	uploaded ZIP	android-15/renderscript/clang-include/avxintrin.h	105821	12585	8	3424468920	2008,1,1,0,0,0	2175008768	059f28b489c2f55f0ffcc51c14d7f9feaa29da7d219ab086f15bf15ed8ff3cbb	other			
build-tools_r35_linux.zip	uploaded ZIP	android-15/renderscript/clang-include/bmi2intrin.h	3177	1162	8	3907530183	2008,1,1,0,0,0	2175008768	a0140406a28587796ddfda5184ffd20ad6d58aeef2727757604f6b0e66f1e2ae	other			
build-tools_r35_linux.zip	uploaded ZIP	android-15/renderscript/clang-include/bmiintrin.h	18635	2636	8	1897737217	2008,1,1,0,0,0	2175008768	f15207301c15043920a077e5b43fddd9a23f395c633d1c69d885cc6dfaca8399	other			
build-tools_r35_linux.zip	uploaded ZIP	android-15/renderscript/clang-include/clflushoptintrin.h	1738	918	8	787839842	2008,1,1,0,0,0	2175008768	36d07e40172313074d6233c7a1caf5c61d30090e7d9a7570c6af8e2dad36e58b	other			
build-tools_r35_linux.zip	uploaded ZIP	android-15/renderscript/clang-include/cpuid.h	7494	2331	8	2957501766	2008,1,1,0,0,0	2175008768	5fd20b58584ce02800d20df194bf8e132c52de336f6a97595d2a3f554ae77c04	other			
build-tools_r35_linux.zip	uploaded ZIP	android-15/renderscript/clang-include/cuda_builtin_vars.h	5544	1841	8	3887499163	2008,1,1,0,0,0	2175008768	23d9bdc9559e0e7d3c626280c8dc180b37d4d63a0657384b34b4dd9b784a33c7	other			
build-tools_r35_linux.zip	uploaded ZIP	android-15/renderscript/clang-include/emmintrin.h	78220	8837	8	4230430823	2008,1,1,0,0,0	2175008768	60cb3cf6e811ad506618b232d777b3ae2c6b199c8669e860c54843b2c21ed4ff	other			
build-tools_r35_linux.zip	uploaded ZIP	android-15/renderscript/clang-include/f16cintrin.h	4479	1581	8	2927203397	2008,1,1,0,0,0	2175008768	804861d2e23a4220aebe5b10156e2af3ec9607adcca84b09528225d48150712a	other			
build-tools_r35_linux.zip	uploaded ZIP	android-15/renderscript/clang-include/float.h	4247	1488	8	4099598486	2008,1,1,0,0,0	2175008768	04bcff491c487785fb5bfa9797607b7e055cbcbf973f5a5e19eb4c887db5e509	other			
build-tools_r35_linux.zip	uploaded ZIP	android-15/renderscript/clang-include/fma4intrin.h	7558	1331	8	3529991503	2008,1,1,0,0,0	2175008768	5adec42779857c8b30bd25b61a5f2974c295faa31971a2b5ba8cfe49fe292588	other			
build-tools_r35_linux.zip	uploaded ZIP	android-15/renderscript/clang-include/fmaintrin.h	7561	1320	8	2637974076	2008,1,1,0,0,0	2175008768	941047cecc6ef70d58c756b8176de32e561ec48f686448add07108b64b3bfc68	other			
build-tools_r35_linux.zip	uploaded ZIP	android-15/renderscript/clang-include/fxsrintrin.h	1950	910	8	117237412	2008,1,1,0,0,0	2175008768	340e0d6f00197f2153554e423a85330c45158fbdbaaad59bacc63da672dee22e	other			
build-tools_r35_linux.zip	uploaded ZIP	android-15/renderscript/clang-include/htmintrin.h	7154	2060	8	4094287176	2008,1,1,0,0,0	2175008768	44924d8067e2342b54447f459fd1d8ae6d02f2bba84ac15f9dc29cf8fa93bb97	other			
build-tools_r35_linux.zip	uploaded ZIP	android-15/renderscript/clang-include/htmxlintrin.h	10072	2426	8	4126125819	2008,1,1,0,0,0	2175008768	e8a5e7cdea4ecbd3866ef0de1aa9ddfdd77cf9f8d74faf95eff2e397182f3436	other			
build-tools_r35_linux.zip	uploaded ZIP	android-15/renderscript/clang-include/ia32intrin.h	2611	1013	8	1200651638	2008,1,1,0,0,0	2175008768	3a9ab4282ad828f8c37345a66109cb3d7a2a8a60b7d0481c1c40be0a35e906dc	other			
build-tools_r35_linux.zip	uploaded ZIP	android-15/renderscript/clang-include/immintrin.h	8516	1825	8	3185664985	2008,1,1,0,0,0	2175008768	eecd376cf46c9ebce7b421d82de0a78d3e89fd3b61347e24222fb5c596e6dd4b	other			
build-tools_r35_linux.zip	uploaded ZIP	android-15/renderscript/clang-include/intrin.h	38723	5898	8	3400485798	2008,1,1,0,0,0	2175008768	0c384100a9d86371f68aee041898cda997a9071ef2f181ad8b61624298323449	other			
build-tools_r35_linux.zip	uploaded ZIP	android-15/renderscript/clang-include/inttypes.h	2939	1140	8	538598658	2008,1,1,0,0,0	2175008768	32b2086bc84c55b984d14bfa32e8e1c7e181541220697aa266e5e934f1ad0215	other			
build-tools_r35_linux.zip	uploaded ZIP	android-15/renderscript/clang-include/iso646.h	1565	843	8	3493549845	2008,1,1,0,0,0	2175008768	938a87314be1c6c07afe46d8d4df38484c4f4c153e7d0a820ab10ecec880749a	other			
build-tools_r35_linux.zip	uploaded ZIP	android-15/renderscript/clang-include/limits.h	3734	1607	8	996053208	2008,1,1,0,0,0	2175008768	bf25c7d82a41beee3f258c44664eeb179366222baa9dd2402d04b9d06620347f	other			
build-tools_r35_linux.zip	uploaded ZIP	android-15/renderscript/clang-include/lzcntintrin.h	2325	1028	8	2174083157	2008,1,1,0,0,0	2175008768	1eaa2d708c2d3cdcd10f6a0d0b1085b21989922c8afa8ded3fa7e168b303aa5e	other			
build-tools_r35_linux.zip	uploaded ZIP	android-15/renderscript/clang-include/mm3dnow.h	5377	1253	8	2197256423	2008,1,1,0,0,0	2175008768	44dba0f7f880def06f68132c46763e71c41e60c4cc5085f3dba5c32ff25dc2c7	other			
build-tools_r35_linux.zip	uploaded ZIP	android-15/renderscript/clang-include/mm_malloc.h	2611	1221	8	743428114	2008,1,1,0,0,0	2175008768	be7ba89d11bfc333aa42242fd2f81a2391bb90349f501f3385b4860ec085e5e6	other			
build-tools_r35_linux.zip	uploaded ZIP	android-15/renderscript/clang-include/mmintrin.h	57894	6111	8	480094245	2008,1,1,0,0,0	2175008768	9cfbdfff281fa1e54d822c96a3a33de992c807db465f17d4b74d068815934c0b	other			
build-tools_r35_linux.zip	uploaded ZIP	android-15/renderscript/clang-include/module.modulemap	3810	1234	8	4017701771	2008,1,1,0,0,0	2175008768	31601b4e7a34a69c7a6672307f9551d0665c47ca92cfad25661da7e5cf13845e	other			
build-tools_r35_linux.zip	uploaded ZIP	android-15/renderscript/clang-include/mwaitxintrin.h	1977	992	8	2412978621	2008,1,1,0,0,0	2175008768	7635359cd1cb1b2eb6d654ba43eb978a390b4d39d980b29f8f952fb5cd107fe7	other			
build-tools_r35_linux.zip	uploaded ZIP	android-15/renderscript/clang-include/nmmintrin.h	1448	779	8	1199901456	2008,1,1,0,0,0	2175008768	bdbafc4ad380cc0e53d08dbf9adaba4b4a7e6e3cdc65f9da7eda4905cc6b790c	other			
build-tools_r35_linux.zip	uploaded ZIP	android-15/renderscript/clang-include/opencl-c.h	819406	78836	8	4188874597	2008,1,1,0,0,0	2175008768	c59ac2981247f8b0d9b8087dc72c6599164be318310b381a0b40acdbd601ed9d	other			
build-tools_r35_linux.zip	uploaded ZIP	android-15/renderscript/clang-include/pkuintrin.h	1802	939	8	3904193381	2008,1,1,0,0,0	2175008768	eaf9e60c6fa1c46f2762c5ddd3c2f93aa4db89e179f80fc0ae13b73886ff3ba2	other			
build-tools_r35_linux.zip	uploaded ZIP	android-15/renderscript/clang-include/pmmintrin.h	11519	2487	8	2427712342	2008,1,1,0,0,0	2175008768	b602b65d80b3183528ca9c774c46f145a74c60b6e4cc02339c5188aa0f8c277e	other			
build-tools_r35_linux.zip	uploaded ZIP	android-15/renderscript/clang-include/popcntintrin.h	3378	1123	8	2304825342	2008,1,1,0,0,0	2175008768	75311b0fac1d45fd71b3ff48b74d230ba3bc61df8eddeb40e754c90f1233ea33	other			
build-tools_r35_linux.zip	uploaded ZIP	android-15/renderscript/clang-include/prfchwintrin.h	1841	943	8	2630183576	2008,1,1,0,0,0	2175008768	089d677df62005f4a2217c431590da72e64e12a52894c051172f43c8aa086269	other			
build-tools_r35_linux.zip	uploaded ZIP	android-15/renderscript/clang-include/rdseedintrin.h	2029	984	8	1257327192	2008,1,1,0,0,0	2175008768	79ee08dd2bb46eaea403b852b0639e4c4e056815585f565107e85d957cf336a2	other			
build-tools_r35_linux.zip	uploaded ZIP	android-15/renderscript/clang-include/rtmintrin.h	2137	1071	8	3342992248	2008,1,1,0,0,0	2175008768	f0b75f05e433a8f52e9ff7724b89dcb7b83ad5b0b17c9bd5fe3899fb25583892	other			
build-tools_r35_linux.zip	uploaded ZIP	android-15/renderscript/clang-include/s390intrin.h	1475	782	8	608713307	2008,1,1,0,0,0	2175008768	b013d14d5bb225a32d60af7642274c0e5626f314fdcf285f0ac0824fbf5e7f42	other			
build-tools_r35_linux.zip	uploaded ZIP	android-15/renderscript/clang-include/shaintrin.h	2776	1068	8	1612211358	2008,1,1,0,0,0	2175008768	9cfa7c7550b906ed9ba55f7e08ff4c83bf47c9d44d7ca2add53dfb8f5a0b641b	other			
build-tools_r35_linux.zip	uploaded ZIP	android-15/renderscript/clang-include/smmintrin.h	20207	3894	8	1252291502	2008,1,1,0,0,0	2175008768	01a5153e78e673617803e09672509de25da1217e9f9826e928d05461b2cc75c6	other			
build-tools_r35_linux.zip	uploaded ZIP	android-15/renderscript/clang-include/stdalign.h	1454	760	8	3170576676	2008,1,1,0,0,0	2175008768	9ec83bf3e2c0fb570496d782b78ae897e2044dcc93359315dadb9fd281d04e13	other			
build-tools_r35_linux.zip	uploaded ZIP	android-15/renderscript/clang-include/stdarg.h	2094	1065	8	2844422120	2008,1,1,0,0,0	2175008768	d259e763f1945f136c161ca033da9e2e75093f9f4d66a26f46e8ee5157dd5c62	other			
build-tools_r35_linux.zip	uploaded ZIP	android-15/renderscript/clang-include/stdatomic.h	8162	2149	8	674609464	2008,1,1,0,0,0	2175008768	15295cffac75b32795f5b88912cd589387939665b45f970fcdda517a83795c91	other			
build-tools_r35_linux.zip	uploaded ZIP	android-15/renderscript/clang-include/stdbool.h	1730	900	8	2978696249	2008,1,1,0,0,0	2175008768	a8b8b524c68f7241d2c3def2547a52dd0dd56dcbba33b2a1af0b70d75e2da8e3	other			
build-tools_r35_linux.zip	uploaded ZIP	android-15/renderscript/clang-include/stddef.h	4498	1578	8	3959013232	2008,1,1,0,0,0	2175008768	4fe29f8d1e821017f3cfc5dd56ba39160d7629a49f049e39aef8ffeeec008a60	other			
build-tools_r35_linux.zip	uploaded ZIP	android-15/renderscript/clang-include/stdint.h	23608	5189	8	3920413414	2008,1,1,0,0,0	2175008768	021dc659a6bfd1c0bcaa99549946e628b523847a680fd43e5804523c8f5a0103	other			
build-tools_r35_linux.zip	uploaded ZIP	android-15/renderscript/clang-include/stdnoreturn.h	1381	740	8	396599790	2008,1,1,0,0,0	2175008768	4919ed8a963bfe90fd830333718223bc3d30f24c370d70c10ef022832519f7a4	other			
build-tools_r35_linux.zip	uploaded ZIP	android-15/renderscript/clang-include/tbmintrin.h	4096	1172	8	3378275424	2008,1,1,0,0,0	2175008768	5c4978340ff87be8561af2dfd2f3095f12059f403c028189107bc4d343b3615c	other			
build-tools_r35_linux.zip	uploaded ZIP	android-15/renderscript/clang-include/tgmath.h	30927	4200	8	2612648301	2008,1,1,0,0,0	2175008768	f77bb715ed59913571f681364c421b41daa85fbac4f3dee5ea7a0d8fcffae284	other			
build-tools_r35_linux.zip	uploaded ZIP	android-15/renderscript/clang-include/tmmintrin.h	30668	3668	8	1056935436	2008,1,1,0,0,0	2175008768	42fe90308ab95e8651ec8d3c773eb5287df8bc020dde749e3fde9dfbae2e0c6c	other			
build-tools_r35_linux.zip	uploaded ZIP	android-15/renderscript/clang-include/unwind.h	10246	3069	8	789783234	2008,1,1,0,0,0	2175008768	6e7a7e97c0360486f8aab79142db44c6bbb173486778a7a60e9d64f90b1e784a	other			
build-tools_r35_linux.zip	uploaded ZIP	android-15/renderscript/clang-include/vadefs.h	2291	994	8	3038173613	2008,1,1,0,0,0	2175008768	596e6acf7a19399e9a936003fd4d4bb4000f4be9afd79c1df982de2382586494	other			
build-tools_r35_linux.zip	uploaded ZIP	android-15/renderscript/clang-include/varargs.h	1334	743	8	3808161552	2008,1,1,0,0,0	2175008768	0b0258d0553a64e8501c02aaf73685891784596e27f25c3a754333c28f83ff62	other			
build-tools_r35_linux.zip	uploaded ZIP	android-15/renderscript/clang-include/vecintrin.h	291982	19124	8	2534393498	2008,1,1,0,0,0	2175008768	b6b7c53511adf0173ede848668e60fa6b50eb8710212b97cc83ba227bfe20366	other			
build-tools_r35_linux.zip	uploaded ZIP	android-15/renderscript/clang-include/wmmintrin.h	1398	735	8	583890466	2008,1,1,0,0,0	2175008768	c6c140cffa46363df13249ed14c3f26ca82b2a36a93ccc17e98f7aceee1c2a17	other			
build-tools_r35_linux.zip	uploaded ZIP	android-15/renderscript/clang-include/x86intrin.h	2718	944	8	2835658938	2008,1,1,0,0,0	2175008768	f4585de8fca87cbaca4f6f9e784d0fa9d5b1a74df79b7497789ac28b3f4a74dd	other			
build-tools_r35_linux.zip	uploaded ZIP	android-15/renderscript/clang-include/xmmintrin.h	106522	11630	8	659361473	2008,1,1,0,0,0	2175008768	079e8aafd0633b2150cfd985c16e52e4723fb657d910b6213b974eec05a0e4d1	other			
build-tools_r35_linux.zip	uploaded ZIP	android-15/renderscript/clang-include/xopintrin.h	21409	2351	8	2980876735	2008,1,1,0,0,0	2175008768	9f584f9ba3078a699508c4362b9d743061b17b21faee3c8f7311c6c6f4d9098e	other			
build-tools_r35_linux.zip	uploaded ZIP	android-15/renderscript/clang-include/xsavecintrin.h	1885	951	8	3041934613	2008,1,1,0,0,0	2175008768	264a339af508b63ec9a876881671261cb6ccd58cdbc2673e4a2f46af8cb536f1	other			
build-tools_r35_linux.zip	uploaded ZIP	android-15/renderscript/clang-include/xsaveintrin.h	2157	977	8	2677696003	2008,1,1,0,0,0	2175008768	be5c36baac61aba097ab2168414bf2ccfc2b1f381e84e046704cd0f002471a3d	other			
build-tools_r35_linux.zip	uploaded ZIP	android-15/renderscript/clang-include/xsaveoptintrin.h	1919	961	8	167371930	2008,1,1,0,0,0	2175008768	9af96aa2606d072c4e0c6849ed55583a3f6fde963824e01a7411d39e41e899e5	other			
build-tools_r35_linux.zip	uploaded ZIP	android-15/renderscript/clang-include/xsavesintrin.h	2143	974	8	3454640930	2008,1,1,0,0,0	2175008768	b38737701646045775fe003cc8cdeb34f8d8cc52efab3c2d4a8c896ca57b1aa7	other			
build-tools_r35_linux.zip	uploaded ZIP	android-15/renderscript/clang-include/xtestintrin.h	1743	960	8	2362829813	2008,1,1,0,0,0	2175008768	9920e4dae0d032dff7119ca94e29c12b56ea19fc61c40dc097561d5b48f9cb79	other			
build-tools_r35_linux.zip	uploaded ZIP	android-15/renderscript/include/rs_allocation_create.rsh	48009	3015	8	272537815	2008,1,1,0,0,0	2175008768	edbe944d675cf5c1aef275645e7b5830ffa1c51d70a5c9213db138f63ad4131a	other			
build-tools_r35_linux.zip	uploaded ZIP	android-15/renderscript/include/rs_allocation_data.rsh	116851	7606	8	3514626596	2008,1,1,0,0,0	2175008768	dae9cf3e618c32d1f9a1f935a031be91db316dac16fe2c3a8cc1c8a19093845d	other			
build-tools_r35_linux.zip	uploaded ZIP	android-15/renderscript/include/rs_atomic.rsh	7825	1703	8	3032289737	2008,1,1,0,0,0	2175008768	c90f40d669cf005353aafe6ae6b7a761b7e27b08f83a6c8a3da163ddeaedd266	other			
build-tools_r35_linux.zip	uploaded ZIP	android-15/renderscript/include/rs_convert.rsh	44721	3524	8	2945750468	2008,1,1,0,0,0	2175008768	e92ffc976f565e2410916110ceb5f5bbe0766b83bdc82c41f6145347a30a6c9b	other			
build-tools_r35_linux.zip	uploaded ZIP	android-15/renderscript/include/rs_core.rsh	2173	970	8	2626118774	2008,1,1,0,0,0	2175008768	ac900dbb26ff83a9b35902d61747c2ff38cfea4cc3ae5cb92317a49c51f07a00	other			
build-tools_r35_linux.zip	uploaded ZIP	android-15/renderscript/include/rs_debug.rsh	7934	1055	8	1294452459	2008,1,1,0,0,0	2175008768	ef68d6ca43a1f9ca486bc537d917325c3953ed4580dce3f5915ace433812445b	other			
build-tools_r35_linux.zip	uploaded ZIP	android-15/renderscript/include/rs_for_each.rsh	16910	3742	8	2039343557	2008,1,1,0,0,0	2175008768	194f5025a0de87233057015f23636ce737c8f2b48e3b29f3f5cdae3c17dd8368	other			
build-tools_r35_linux.zip	uploaded ZIP	android-15/renderscript/include/rs_graphics.rsh	40093	5490	8	3126395190	2008,1,1,0,0,0	2175008768	964a4197b8c4b992b1843ae723f8fe4cdfa82439f5f052e8e5c4d180bcec532e	other			
build-tools_r35_linux.zip	uploaded ZIP	android-15/renderscript/include/rs_io.rsh	3276	1142	8	367514022	2008,1,1,0,0,0	2175008768	515598732dff831e4cc62c9007186a4ab6de853188c7442aeab794337525a58f	other			
build-tools_r35_linux.zip	uploaded ZIP	android-15/renderscript/include/rs_math.rsh	174632	16233	8	3138491587	2008,1,1,0,0,0	2175008768	36a310e0f2fd17f8371f80e4d5d3b03dde50d37ec8b2422f7357ed1fb54428e9	other			
build-tools_r35_linux.zip	uploaded ZIP	android-15/renderscript/include/rs_matrix.rsh	20855	4169	8	2271989381	2008,1,1,0,0,0	2175008768	a984ea3936920387e678ee0e70183929274d1f4fdf4fa71299c051039b29f38a	other			
build-tools_r35_linux.zip	uploaded ZIP	android-15/renderscript/include/rs_object_info.rsh	14546	3578	8	4175547439	2008,1,1,0,0,0	2175008768	9c99562dbf758d649b2d4f299bb28a0e049b54cc17be773c2290c7ffb979e751	other			
build-tools_r35_linux.zip	uploaded ZIP	android-15/renderscript/include/rs_object_types.rsh	8188	2616	8	1081493049	2008,1,1,0,0,0	2175008768	b254a77f5636c5e0947f5d45db46da01f3b7952206aeb081156d1fd203a9ad61	other			
build-tools_r35_linux.zip	uploaded ZIP	android-15/renderscript/include/rs_quaternion.rsh	10913	2357	8	1493673525	2008,1,1,0,0,0	2175008768	7579fe6ee51c86b6d3cda482e1b8599a7744fb679f6cd10dfa5106143652893a	other			
build-tools_r35_linux.zip	uploaded ZIP	android-15/renderscript/include/rs_time.rsh	4109	1632	8	2582913763	2008,1,1,0,0,0	2175008768	6e53047d612b5505ed819ffec8c9227915a68592b9f4a6ff634fad08dd917b0d	other			
build-tools_r35_linux.zip	uploaded ZIP	android-15/renderscript/include/rs_value_types.rsh	14151	3005	8	565841142	2008,1,1,0,0,0	2175008768	82c61ef75a1380694070888ea3f3fb90dc62d274ccdd1e772edeb0598efb77bc	other			
build-tools_r35_linux.zip	uploaded ZIP	android-15/renderscript/include/rs_vector_math.rsh	13229	1822	8	1008646428	2008,1,1,0,0,0	2175008768	985cfe140b9e5f9b2e43cf9fb928f35757eb793720c46c93a81923fcd9e00708	other			
build-tools_r35_linux.zip	uploaded ZIP	android-15/renderscript/lib/androidx-rs.jar	155117	143884	8	4195204064	2008,1,1,0,0,0	2175008768	174eb53df52a9cca7bf9c396ba93bf4ac0262a48f2a1375f626efddf405d4666	archive	87	83	yes
build-tools_r35_linux.zip	uploaded ZIP	android-15/renderscript/lib/renderscript-v8.jar	156575	144084	8	2252268188	2008,1,1,0,0,0	2175008768	2b03606a16921f0b5a7fcba011aeb6259a699c05699a5a5bd7180eb3c0a765b0	archive	85	83	yes
build-tools_r35_linux.zip	uploaded ZIP	android-15/renderscript/lib/bc/arm64-v8a/libclcore.bc	328396	102088	8	1316721099	2008,1,1,0,0,0	2175008768	e66a979924bde5e54babfb4948381dc4efef5ccc35d66e334afe37647278a931	other			
build-tools_r35_linux.zip	uploaded ZIP	android-15/renderscript/lib/bc/armeabi-v7a/libclcore.bc	297820	96508	8	792447754	2008,1,1,0,0,0	2175008768	22f36ddab71cf26313a29be083bf0857b68f64b94cbefeb8a5083e6be80fc2a2	other			
build-tools_r35_linux.zip	uploaded ZIP	android-15/renderscript/lib/bc/x86/libclcore.bc	296752	96563	8	777985196	2008,1,1,0,0,0	2175008768	40b98015aa7e8983dec044796866692264f37e49b70f3f0459ad3ea6c2b2f08e	other			
build-tools_r35_linux.zip	uploaded ZIP	android-15/renderscript/lib/bc/x86_64/libclcore.bc	327480	103160	8	2431372807	2008,1,1,0,0,0	2175008768	016037bcaff825f8e9396ea3d792ffca10768c0f8d9b60c49300ad5af7c92163	other			
build-tools_r35_linux.zip	uploaded ZIP	android-15/renderscript/lib/blas/arm64-v8a/libblasV8.so	1453592	591270	8	708548559	2008,1,1,0,0,0	2175008768	6da7926b4509125c41c57b8ef94186eaecf86ee4b3d82448bf2ea9b7b3ce1c44	native			
build-tools_r35_linux.zip	uploaded ZIP	android-15/renderscript/lib/blas/armeabi-v7a/libblasV8.so	905428	455901	8	3700822491	2008,1,1,0,0,0	2175008768	79611c8abff2b3c5871b1635e292df51f15edb5d55a13eb33dc6d2b8cc79ff3f	native			
build-tools_r35_linux.zip	uploaded ZIP	android-15/renderscript/lib/blas/x86/libblasV8.so	1721288	656448	8	2740768377	2008,1,1,0,0,0	2175008768	eb1233432f36e652742b53c4f51402e956f397c28a40e33cf16876446efd4a6c	native			
build-tools_r35_linux.zip	uploaded ZIP	android-15/renderscript/lib/blas/x86_64/libblasV8.so	2053256	755599	8	604160146	2008,1,1,0,0,0	2175008768	68231ae39ffbe51a0411d176db5b6d25e1bdff2243767e2fc32ef9e78309879e	native			
build-tools_r35_linux.zip	uploaded ZIP	android-15/renderscript/lib/intermediates/arm64-v8a/libc.so	1135488	443394	8	86716475	2008,1,1,0,0,0	2179792896	dba9e91341c1ac3213f939e8ea796c2ef08e8ceb8c46a2c33919902b7bdf66f6	native			
build-tools_r35_linux.zip	uploaded ZIP	android-15/renderscript/lib/intermediates/arm64-v8a/libcompiler_rt.a	884150	150824	8	2144336551	2008,1,1,0,0,0	2175008768	d82cf0b20ea060e20ab4b46642bb56c9b5bd3d7a657ecd0543a88f5004681457	other			
build-tools_r35_linux.zip	uploaded ZIP	android-15/renderscript/lib/intermediates/arm64-v8a/libm.so	265496	116808	8	135667746	2008,1,1,0,0,0	2179792896	06058af55fc85804d8a5f9b7b38ef726e22953e0a79b3b59cbcfad490872da85	native			
build-tools_r35_linux.zip	uploaded ZIP	android-15/renderscript/lib/intermediates/armeabi-v7a/libc.so	786416	414389	8	2344213770	2008,1,1,0,0,0	2179792896	112d910aaaa214789a430bfd508cf068d8deeb12be598638877621522c393940	native			
build-tools_r35_linux.zip	uploaded ZIP	android-15/renderscript/lib/intermediates/armeabi-v7a/libcompiler_rt.a	512716	94856	8	2416326403	2008,1,1,0,0,0	2175008768	58aadb7f01f643254ff18698ad26eb74fd439b736424bb8b6dd8ddfeee1f06f8	other			
build-tools_r35_linux.zip	uploaded ZIP	android-15/renderscript/lib/intermediates/armeabi-v7a/libm.so	140720	81231	8	1489942947	2008,1,1,0,0,0	2179792896	034f9ae227cbbe6775019b88bcec08f6436b8579c7f9f1d3c46d1b6c832ba2cb	native			
build-tools_r35_linux.zip	uploaded ZIP	android-15/renderscript/lib/intermediates/x86/libc.so	1057296	471339	8	2181139861	2008,1,1,0,0,0	2179792896	40a4fde26723d09961af85e51b475275d9d90af168fc0b18379e09bbabffc5b0	native			
build-tools_r35_linux.zip	uploaded ZIP	android-15/renderscript/lib/intermediates/x86/libcompiler_rt.a	408768	89074	8	4143094278	2008,1,1,0,0,0	2175008768	8cf2a5ba9d65ddfcc5165dcb8be6ce5cfe76e8e08ff417734806b8e9d15e3f60	other			
build-tools_r35_linux.zip	uploaded ZIP	android-15/renderscript/lib/intermediates/x86/libm.so	232532	121670	8	3068861913	2008,1,1,0,0,0	2179792896	fe45ea2bbd8e60517ca68c751171bb05f0c5a630b20cebb5a115a5fc611873fc	native			
build-tools_r35_linux.zip	uploaded ZIP	android-15/renderscript/lib/intermediates/x86_64/libc.so	1106040	467113	8	1398521250	2008,1,1,0,0,0	2179792896	ab4d975e69f32a91442972b5ce38897a029b4f4c493b53276eed2a4f83388b04	native			
build-tools_r35_linux.zip	uploaded ZIP	android-15/renderscript/lib/intermediates/x86_64/libcompiler_rt.a	824626	146918	8	1534529791	2008,1,1,0,0,0	2175008768	c18f1b43ac051a54c86f02c3b328deea886591ac054491d6bdbf52305958472e	other			
build-tools_r35_linux.zip	uploaded ZIP	android-15/renderscript/lib/intermediates/x86_64/libm.so	323448	164050	8	806277706	2008,1,1,0,0,0	2179792896	3d25fdb833cd12af7418c17d2dc06e11dfd7d1a2319c2bcb787186a5a88c63a2	native			
build-tools_r35_linux.zip	uploaded ZIP	android-15/renderscript/lib/packaged/arm64-v8a/libRSSupport.so	1236904	382014	8	1443756817	2008,1,1,0,0,0	2179792896	742f14255f7fef22836543d15efa58109ec5a4476cc348bcc77e19d6aa767a65	native			
build-tools_r35_linux.zip	uploaded ZIP	android-15/renderscript/lib/packaged/arm64-v8a/librsjni.so	72000	23317	8	6857999	2008,1,1,0,0,0	2179792896	78431e398edb78091f31079f47478df270d50e32c2bc52869542db17ec7c1c03	native			
build-tools_r35_linux.zip	uploaded ZIP	android-15/renderscript/lib/packaged/arm64-v8a/librsjni_androidx.so	70192	22505	8	120638169	2008,1,1,0,0,0	2179792896	2223c4b74b487e3cf863ea53004aae901c033a0be87d8f1b83fb7397db2ff0cb	native			
build-tools_r35_linux.zip	uploaded ZIP	android-15/renderscript/lib/packaged/armeabi-v7a/libRSSupport.so	866420	343957	8	3772563602	2008,1,1,0,0,0	2179792896	76dfbfb158c03fa4257f4826e5cc776967d22a10472daad97471a5d4b002f56e	native			
build-tools_r35_linux.zip	uploaded ZIP	android-15/renderscript/lib/packaged/armeabi-v7a/librsjni.so	59888	29248	8	2193548205	2008,1,1,0,0,0	2179792896	ca754bc0d51764af3286ce6ef088473479062738648c596c8ff61fa21ab3530e	native			
build-tools_r35_linux.zip	uploaded ZIP	android-15/renderscript/lib/packaged/armeabi-v7a/librsjni_androidx.so	54256	23342	8	4263800136	2008,1,1,0,0,0	2179792896	b85df50798c21d3e68e7f1ad4e62fcd296cf6378a8c9c37ec3c2bc98ec05f604	native			
build-tools_r35_linux.zip	uploaded ZIP	android-15/renderscript/lib/packaged/x86/libRSSupport.so	1284312	410569	8	3316866401	2008,1,1,0,0,0	2179792896	dbfc5ae177ef690758ad47e3f5da37fb68f8e4d1aee118e35989a81ff5315fa7	native			
build-tools_r35_linux.zip	uploaded ZIP	android-15/renderscript/lib/packaged/x86/librsjni.so	57956	21425	8	1835338995	2008,1,1,0,0,0	2179792896	297f7750e7b435938aa32459867c6a4d8623215034bbd66328c0628f9d1604bf	native			
build-tools_r35_linux.zip	uploaded ZIP	android-15/renderscript/lib/packaged/x86/librsjni_androidx.so	65288	21583	8	3759554489	2008,1,1,0,0,0	2179792896	e462b50adf7864728229b340f594bcedb89fd3447167bd3b059880b6441d4aaa	native			
build-tools_r35_linux.zip	uploaded ZIP	android-15/renderscript/lib/packaged/x86_64/libRSSupport.so	1301136	405997	8	2652113714	2008,1,1,0,0,0	2179792896	f3fd63755dfbfcbc68b70c09a3b5d7dd22abc17e4d696f21e6505fba5c1eda8e	native			
build-tools_r35_linux.zip	uploaded ZIP	android-15/renderscript/lib/packaged/x86_64/librsjni.so	67912	24506	8	706480356	2008,1,1,0,0,0	2179792896	d08807dd6762afe99625fcf9f0915be8aecad30fc4e5f0b7296407f09dcd0fd3	native			
build-tools_r35_linux.zip	uploaded ZIP	android-15/renderscript/lib/packaged/x86_64/librsjni_androidx.so	74256	24882	8	854498417	2008,1,1,0,0,0	2179792896	49165a8e0b5a2253d35e36ba4a44077dec03d0ee0fc99a2dc0edfa537c70f7c5	native			
platform-35_r02.zip	uploaded ZIP	README.txt	389	246	8	1942098762	2026,9,19,4,5,48	25165824	7062510e43f4fc5a902d12358d9dde2362d60680cd335a757ee6a49f284b00a6	text/config			
commandlinetools-linux-15859902_latest.zip	reassembled split ZIP	cmdline-tools/bin/avdmanager	5760	5760	0	2292667063	2010,1,1,0,0,0	2179792896	2bf31bb017c0e11413c5c679674b4fe5dcce6c0cd61d9f381fd6f8cb414efa57	other			
commandlinetools-linux-15859902_latest.zip	reassembled split ZIP	cmdline-tools/bin/sdkmanager	5767	5767	0	52310666	2010,1,1,0,0,0	2179792896	491de5bc4fe332d879e304e4d2acdf9901f5de7872be57ac1ccfb94489f5e846	other			
commandlinetools-linux-15859902_latest.zip	reassembled split ZIP	cmdline-tools/bin/d8	5661	5661	0	812381081	2010,1,1,0,0,0	2179792896	0c2618ffd054c2a931cf54a76958b341de690d2132389a86d081095554b7b160	other			
commandlinetools-linux-15859902_latest.zip	reassembled split ZIP	cmdline-tools/bin/r8	5661	5661	0	3583876850	2010,1,1,0,0,0	2179792896	0ae979fb32bfcdb68147c085be18f50ee7b040d9a7f3947ac27a754dff76dec6	other			
commandlinetools-linux-15859902_latest.zip	reassembled split ZIP	cmdline-tools/bin/retrace	5699	5699	0	3290764600	2010,1,1,0,0,0	2179792896	3f5de6c1e37483171cfbc3178fe3b3acee9c769dea38b664082898d44935cc56	other			
commandlinetools-linux-15859902_latest.zip	reassembled split ZIP	cmdline-tools/bin/resourceshrinker	5754	5754	0	2213997416	2010,1,1,0,0,0	2179792896	4e799ed3a2c68855f02495d55bc9ce4e37d302f43ac89cc0896709ffa52b6ee7	other			
commandlinetools-linux-15859902_latest.zip	reassembled split ZIP	cmdline-tools/bin/apkanalyzer	5767	5767	0	1757551983	2010,1,1,0,0,0	2179792896	c3912376ada67603a09a45701397b8d1ccec2ea138122b8aaae9dc57b47064b0	other			
commandlinetools-linux-15859902_latest.zip	reassembled split ZIP	cmdline-tools/bin/lint	5726	5726	0	525483688	2010,1,1,0,0,0	2179792896	fbf068158e321a636775bbe77b62439f694e9ca901ca6fb051a39bce94d44120	other			
commandlinetools-linux-15859902_latest.zip	reassembled split ZIP	cmdline-tools/bin/screenshot2	5755	5755	0	323453500	2010,1,1,0,0,0	2179792896	8ef5598b1fdc61cc2a0e3043b58330af32e7b063c573b5c6a3d4559895fee040	other			
commandlinetools-linux-15859902_latest.zip	reassembled split ZIP	cmdline-tools/bin/profgen	5699	5699	0	213883199	2010,1,1,0,0,0	2179792896	afb2681c396a184f023a76e19a5fd516266972c6d1fb52377ea084882fe21fbc	other			
commandlinetools-linux-15859902_latest.zip	reassembled split ZIP	cmdline-tools/lib/sdklib/libavdmanager_lib.jar	28431	28431	0	2589598191	2010,1,1,0,0,0	2179792896	826d55125f3ca2e484198ce4e7666417c2892ecf3652232bdb6ef5bb457ead90	archive	15	9	yes
commandlinetools-linux-15859902_latest.zip	reassembled split ZIP	cmdline-tools/lib/sdklib/sdklib.core.jar	1741049	1741049	0	1627591357	2010,1,1,0,0,0	2179792896	bc6fd958eb46574cb2c9671c52b419f07f5b26557ee71bdaf26f774f156d1110	archive	395	305	yes
commandlinetools-linux-15859902_latest.zip	reassembled split ZIP	cmdline-tools/lib/common/tools.common.jar	596633	596633	0	1128207384	2010,1,1,0,0,0	2179792896	78d1da4e4c7705ce0dc9023701eef681610ff2755923c183fc6371903686cf3d	archive	356	320	yes
commandlinetools-linux-15859902_latest.zip	reassembled split ZIP	cmdline-tools/lib/annotations/annotations.jar	10677	10677	0	3701024977	2010,1,1,0,0,0	2179792896	32e90226ae4c7b59ed61b06689ae8356bab080cd79f6569455fd92925439a339	archive	19	12	yes
commandlinetools-linux-15859902_latest.zip	reassembled split ZIP	cmdline-tools/lib/external/com/google/guava/guava/33.4.0-jre/guava-33.4.0-jre.jar	3080298	3080298	0	2659110777	2010,1,1,0,0,0	2179792896	b918c98a7e44dbe94ebd9fe3e40cddaadb5a93e6a78eb6008b42df237241e538	archive	2057	2018	yes
commandlinetools-linux-15859902_latest.zip	reassembled split ZIP	cmdline-tools/lib/external/com/google/guava/failureaccess/1.0.2/failureaccess-1.0.2.jar	4740	4740	0	1925647747	2010,1,1,0,0,0	2179792896	8a8f81cf9b359e3f6dfa691a1e776985c061ef2f223c9b2c80753e1b458e8064	archive	15	2	yes
commandlinetools-linux-15859902_latest.zip	reassembled split ZIP	cmdline-tools/lib/external/com/google/guava/listenablefuture/9999.0-empty-to-avoid-conflict-with-guava/listenablefuture-9999.0-empty-to-avoid-conflict-with-guava.jar	2199	2199	0	4084025488	2010,1,1,0,0,0	2179792896	b372a037d4230aa57fbeffdef30fd6123f9c0c2db85d0aced00c91b974f33f99	archive	7	0	yes
commandlinetools-linux-15859902_latest.zip	reassembled split ZIP	cmdline-tools/lib/external/com/google/code/findbugs/jsr305/3.0.2/jsr305-3.0.2.jar	19936	19936	0	541077999	2010,1,1,0,0,0	2179792896	766ad2a0783f2687962c8ad74ceecc38a28b9f72a2d085ee438b7813e928d0c7	archive	46	35	yes
commandlinetools-linux-15859902_latest.zip	reassembled split ZIP	cmdline-tools/lib/external/org/checkerframework/checker-qual/3.43.0/checker-qual-3.43.0.jar	231525	231525	0	45737287	2010,1,1,0,0,0	2179792896	3fbc2e98f05854c3df16df9abaa955b91b15b3ecac33623208ed6424640ef0f6	archive	439	370	yes
commandlinetools-linux-15859902_latest.zip	reassembled split ZIP	cmdline-tools/lib/external/com/google/errorprone/error_prone_annotations/2.36.0/error_prone_annotations-2.36.0.jar	19401	19401	0	4155912771	2010,1,1,0,0,0	2179792896	77440e270b0bc9a249903c5a076c36a722c4886ca4f42675f2903a1c53ed61a5	archive	47	28	yes
commandlinetools-linux-15859902_latest.zip	reassembled split ZIP	cmdline-tools/lib/external/com/google/j2objc/j2objc-annotations/3.0.0/j2objc-annotations-3.0.0.jar	12467	12467	0	4146464743	2010,1,1,0,0,0	2179792896	88241573467ddca44ffd4d74aa04c2bbfd11bf7c17e0c342c94c9de7a70a7c64	archive	31	18	yes
commandlinetools-linux-15859902_latest.zip	reassembled split ZIP	cmdline-tools/lib/external/net/java/dev/jna/jna-platform/5.6.0/jna-platform-5.6.0.jar	2735878	2735878	0	3527660764	2010,1,1,0,0,0	2179792896	9ecea8bf2b1b39963939d18b70464eef60c508fed8820f9dcaba0c35518eabf7	archive	1247	1205	yes
commandlinetools-linux-15859902_latest.zip	reassembled split ZIP	cmdline-tools/lib/external/net/java/dev/jna/jna/5.14.0/jna-5.14.0.jar	1878533	1878533	0	3440557370	2010,1,1,0,0,0	2179792896	34ed1e1f27fa896bca50dbc4e99cf3732967cec387a7a0d5e3486c09673fe8c6	archive	188	125	yes
commandlinetools-linux-15859902_latest.zip	reassembled split ZIP	cmdline-tools/lib/external/org/jetbrains/kotlin/kotlin-stdlib-jdk8/2.2.10/kotlin-stdlib-jdk8-2.2.10.jar	951	951	0	4274118981	2010,1,1,0,0,0	2179792896	8974bfdd08b1d81843fe8d11f0729ab6e5b3c1f88d671ebe0c006358129ce149	archive	5	1	yes
commandlinetools-linux-15859902_latest.zip	reassembled split ZIP	cmdline-tools/lib/external/org/jetbrains/kotlin/kotlin-stdlib/2.2.10/kotlin-stdlib-2.2.10.jar	1750374	1750374	0	1154957800	2010,1,1,0,0,0	2179792896	9c67cc79efd6b9215b49d2a4308f5f3433537376c7c88e89bdd6729bd096e61a	archive	1033	970	yes
commandlinetools-linux-15859902_latest.zip	reassembled split ZIP	cmdline-tools/lib/external/org/jetbrains/annotations/23.0.0/annotations-23.0.0.jar	29371	29371	0	1365168715	2010,1,1,0,0,0	2179792896	7b0f19724082cbfcbc66e5abea2b9bc92cf08a1ea11e191933ed43801eb3cd05	archive	68	58	yes
commandlinetools-linux-15859902_latest.zip	reassembled split ZIP	cmdline-tools/lib/external/org/jetbrains/kotlin/kotlin-stdlib-jdk7/2.2.10/kotlin-stdlib-jdk7-2.2.10.jar	945	945	0	1370552335	2010,1,1,0,0,0	2179792896	cf95eccc6cc784dff479dee0b8834f3584b93292cc5d91972e82f5d7b9e13e3b	archive	5	1	yes
commandlinetools-linux-15859902_latest.zip	reassembled split ZIP	cmdline-tools/lib/device_validator/tools.dvlib.jar	74883	74883	0	1743656381	2010,1,1,0,0,0	2179792896	52e27f1364cdb5d4f531f52e4eec5ae48da040daa9417d4f06ddf6a1799a065e	archive	19	3	yes
commandlinetools-linux-15859902_latest.zip	reassembled split ZIP	cmdline-tools/lib/layoutlib-api/tools.layoutlib-api.jar	123063	123063	0	1725985148	2010,1,1,0,0,0	2179792896	124f04eba80033e5080748a05797003a81c906deb5b76663abc289d009943e82	archive	95	85	yes
commandlinetools-linux-15859902_latest.zip	reassembled split ZIP	cmdline-tools/lib/external/net/sf/kxml/kxml2/2.3.0/kxml2-2.3.0.jar	43858	43858	0	1312060552	2010,1,1,0,0,0	2179792896	f264dd9f79a1fde10ce5ecc53221eff24be4c9331c830b7d52f2f08a7b633de2	archive	29	15	yes
commandlinetools-linux-15859902_latest.zip	reassembled split ZIP	cmdline-tools/lib/repository/tools.repository.jar	267452	267452	0	1099279838	2010,1,1,0,0,0	2179792896	b9470bb01fbd8fcad4847e1d10967b20fa93255361c0d2b2103fc6dcff13b177	archive	199	162	yes
commandlinetools-linux-15859902_latest.zip	reassembled split ZIP	cmdline-tools/lib/analytics-library/shared/tools.analytics-shared.jar	137309	137309	0	1087762240	2010,1,1,0,0,0	2179792896	172a037b11dae0f2cb6b5c47a001c901afcf3631c637526f545e4517b973b68b	archive	105	97	yes
commandlinetools-linux-15859902_latest.zip	reassembled split ZIP	cmdline-tools/lib/analytics-library/protos/src/main/proto/proto.jar	11281355	11281355	0	1791398774	2010,1,1,0,0,0	2179792896	e9e3f5021b8ec64169b2e9a49232bbe8b2a23e2dcf31223f982163216b32d30f	archive	4247	4226	yes
commandlinetools-linux-15859902_latest.zip	reassembled split ZIP	cmdline-tools/lib/external/com/google/protobuf/protobuf-java/3.25.5/protobuf-java-3.25.5.jar	1875414	1875414	0	1367104476	2010,1,1,0,0,0	2179792896	8540247fad9e06baefa8fb45eb313802d019f485f14300e0f9d6b556ed88e753	archive	754	735	yes
commandlinetools-linux-15859902_latest.zip	reassembled split ZIP	cmdline-tools/lib/external/com/google/code/gson/gson/2.11.0/gson-2.11.0.jar	298435	298435	0	1291623642	2010,1,1,0,0,0	2179792896	57928d6e5a6edeb2abd3770a8f95ba44dce45f3b23b7a9dc2b309c581552a78b	archive	244	224	yes
commandlinetools-linux-15859902_latest.zip	reassembled split ZIP	cmdline-tools/lib/external/org/jetbrains/kotlinx/kotlinx-coroutines-core/1.9.0/kotlinx-coroutines-core-1.9.0.jar	136423	136423	0	391537366	2010,1,1,0,0,0	2179792896	7089c33c145865020760d3dbca5e4634133cc3dd7feb926e830f6de6ede28ac6	archive	190	0	yes
commandlinetools-linux-15859902_latest.zip	reassembled split ZIP	cmdline-tools/lib/external/org/jetbrains/kotlinx/kotlinx-coroutines-core-jvm/1.10.2/kotlinx-coroutines-core-jvm-1.10.2.jar	1479317	1479317	0	1031365202	2010,1,1,0,0,0	2179792896	5ca175b38df331fd64155b35cd8cae1251fa9ee369709b36d42e0a288ccce3fd	archive	864	834	yes
commandlinetools-linux-15859902_latest.zip	reassembled split ZIP	cmdline-tools/lib/external/com/google/jimfs/jimfs/1.1/jimfs-1.1.jar	206691	206691	0	2999123999	2010,1,1,0,0,0	2179792896	c4828e28d7c0a930af9387510b3bada7daa5c04d7c25a75c7b8b081f1c257ddd	archive	136	123	yes
commandlinetools-linux-15859902_latest.zip	reassembled split ZIP	cmdline-tools/lib/external/org/apache/commons/commons-compress/1.27.1/commons-compress-1.27.1.jar	1087319	1087319	0	852950603	2010,1,1,0,0,0	2179792896	293d80f54b536b74095dcd7ea3cf0a29bbfc3402519281332495f4420d370d16	archive	625	573	yes
commandlinetools-linux-15859902_latest.zip	reassembled split ZIP	cmdline-tools/lib/external/commons-codec/commons-codec/1.17.1/commons-codec-1.17.1.jar	372687	372687	0	3751627909	2010,1,1,0,0,0	2179792896	f9f6cb103f2ddc3c99a9d80ada2ae7bf0685111fd6bffccb72033d1da4e6ff23	archive	262	115	yes
commandlinetools-linux-15859902_latest.zip	reassembled split ZIP	cmdline-tools/lib/external/commons-io/commons-io/2.16.1/commons-io-2.16.1.jar	508826	508826	0	1927123059	2010,1,1,0,0,0	2179792896	f41f7baacd716896447ace9758621f62c1c6b0a91d89acee488da26fc477c84f	archive	374	347	yes
commandlinetools-linux-15859902_latest.zip	reassembled split ZIP	cmdline-tools/lib/external/org/apache/commons/commons-lang3/3.16.0/commons-lang3-3.16.0.jar	674238	674238	0	4251182448	2010,1,1,0,0,0	2179792896	08709dd74d602b705ce4017d26544210056a4ba583d5b20c09373406fe7a00f8	archive	426	396	yes
commandlinetools-linux-15859902_latest.zip	reassembled split ZIP	cmdline-tools/lib/external/org/glassfish/jaxb/jaxb-runtime/2.3.2/jaxb-runtime-2.3.2.jar	1013367	1013367	0	3692812519	2010,1,1,0,0,0	2179792896	e6e0a1e89fb6ff786279e6a0082d5cef52dc2ebe67053d041800737652b4fd1b	archive	804	643	yes
commandlinetools-linux-15859902_latest.zip	reassembled split ZIP	cmdline-tools/lib/external/jakarta/xml/bind/jakarta.xml.bind-api/2.3.2/jakarta.xml.bind-api-2.3.2.jar	115498	115498	0	4184256005	2010,1,1,0,0,0	2179792896	69156304079bdeed9fc0ae3b39389f19b3cc4ba4443bc80508995394ead742ea	archive	137	112	yes
commandlinetools-linux-15859902_latest.zip	reassembled split ZIP	cmdline-tools/lib/external/jakarta/activation/jakarta.activation-api/1.2.1/jakarta.activation-api-1.2.1.jar	44399	44399	0	3479268786	2010,1,1,0,0,0	2179792896	8b0a0f52fa8b05c5431921a063ed866efaa41dadf2e3a7ee3e1961f2b0d9645b	archive	42	31	yes
commandlinetools-linux-15859902_latest.zip	reassembled split ZIP	cmdline-tools/lib/external/org/glassfish/jaxb/txw2/2.3.2/txw2-2.3.2.jar	72080	72080	0	1106086480	2010,1,1,0,0,0	2179792896	4a6a9f483388d461b81aa9a28c685b8b74c0597993bf1884b04eddbca95f48fe	archive	69	54	yes
commandlinetools-linux-15859902_latest.zip	reassembled split ZIP	cmdline-tools/lib/external/com/sun/istack/istack-commons-runtime/3.0.8/istack-commons-runtime-3.0.8.jar	27156	27156	0	2652900996	2010,1,1,0,0,0	2179792896	4ffabb06be454a05e4398e20c77fa2b6308d4b88dfbef7ca30a76b5b7d5505ef	archive	37	22	yes
commandlinetools-linux-15859902_latest.zip	reassembled split ZIP	cmdline-tools/lib/external/org/jvnet/staxex/stax-ex/1.8.1/stax-ex-1.8.1.jar	38099	38099	0	3713762434	2010,1,1,0,0,0	2179792896	20522549056e9e50aa35ef0b445a2e47a53d06be0b0a9467d704e2483ffb049a	archive	38	25	yes
commandlinetools-linux-15859902_latest.zip	reassembled split ZIP	cmdline-tools/lib/external/com/sun/xml/fastinfoset/FastInfoset/1.2.16/FastInfoset-1.2.16.jar	317195	317195	0	1008836027	2010,1,1,0,0,0	2179792896	056f3a1e144409f21ed16afc26805f58e9a21f3fce1543c42d400719d250c511	archive	185	149	yes
commandlinetools-linux-15859902_latest.zip	reassembled split ZIP	cmdline-tools/lib/external/org/apache/httpcomponents/httpcore/4.4.16/httpcore-4.4.16.jar	327891	327891	0	385201769	2010,1,1,0,0,0	2179792896	6c9b3dd142a09dc468e23ad39aad6f75a0f2b85125104469f026e52a474e464f	archive	283	253	yes
commandlinetools-linux-15859902_latest.zip	reassembled split ZIP	cmdline-tools/lib/external/org/apache/httpcomponents/httpmime/4.5.6/httpmime-4.5.6.jar	41794	41794	0	3579590931	2010,1,1,0,0,0	2179792896	0b2b1102c18d3c7e05a77214b9b7501a6f6056174ae5604e0e256776eda7553e	archive	40	23	yes
commandlinetools-linux-15859902_latest.zip	reassembled split ZIP	cmdline-tools/lib/external/org/apache/httpcomponents/httpclient/4.5.14/httpclient-4.5.14.jar	785639	785639	0	1809170122	2010,1,1,0,0,0	2179792896	c8bc7e1c51a6d4ce72f40d2ebbabf1c4b68bfe76e732104b04381b493478e9d6	archive	511	470	yes
commandlinetools-linux-15859902_latest.zip	reassembled split ZIP	cmdline-tools/lib/external/commons-logging/commons-logging/1.2/commons-logging-1.2.jar	61829	61829	0	908197187	2010,1,1,0,0,0	2179792896	daddea1ea0be0f56978ab3006b8ac92834afeefbd9b7e4e6316fca57df0fa636	archive	42	28	yes
commandlinetools-linux-15859902_latest.zip	reassembled split ZIP	cmdline-tools/lib/external/org/jetbrains/kotlin/kotlin-reflect/2.2.10/kotlin-reflect-2.2.10.jar	3298629	3298629	0	4206393108	2010,1,1,0,0,0	2179792896	c48db4f8cd1bfd67f72d59255065fb41bfda43ca2942dac4d9deb897aa126ba4	archive	2230	2116	yes
commandlinetools-linux-15859902_latest.zip	reassembled split ZIP	cmdline-tools/lib/sdklib/libsdk-addon-1.lib.jar	7348	7348	0	1520450405	2010,1,1,0,0,0	2179792896	b3bf8a26adc2a5104fec02a3c5a3190417c83b1b4a6bbf0e8ddc49e9bc72f189	archive	15	6	yes
commandlinetools-linux-15859902_latest.zip	reassembled split ZIP	cmdline-tools/lib/repository/librepo-common-1.lib.jar	22427	22427	0	806646443	2010,1,1,0,0,0	2179792896	48a24a27498394f558a1d443ae508cc982b944dac2299ff06ac9fb2a30d9bfd4	archive	26	18	yes
commandlinetools-linux-15859902_latest.zip	reassembled split ZIP	cmdline-tools/lib/repository/repository-core.jar	193559	193559	0	2557175562	2010,1,1,0,0,0	2179792896	daa77d571a856ec28d47f20a1f26453f71f2681a18ec6d37fd84241c85a016ad	archive	129	114	yes
commandlinetools-linux-15859902_latest.zip	reassembled split ZIP	cmdline-tools/lib/sdklib/libsdk-common-1.lib.jar	5640	5640	0	1456613231	2010,1,1,0,0,0	2179792896	06d458f7e0cfe1e407e13c79f480e8266f5db8f13f57abcdccb2902c7ce3ce27	archive	14	5	yes
commandlinetools-linux-15859902_latest.zip	reassembled split ZIP	cmdline-tools/lib/sdklib/libsdk-addon-2.lib.jar	7348	7348	0	2334101060	2010,1,1,0,0,0	2179792896	cf72186fdebc1eddb43f2a0f83f172bc6ef8f95d57afbbcc69853853fe8619f2	archive	15	6	yes
commandlinetools-linux-15859902_latest.zip	reassembled split ZIP	cmdline-tools/lib/repository/librepo-common-2.lib.jar	23506	23506	0	1905431537	2010,1,1,0,0,0	2179792896	113767fd10b5024029136924f580113276fd05114bc51b2fce0b5609c686de74	archive	27	19	yes
commandlinetools-linux-15859902_latest.zip	reassembled split ZIP	cmdline-tools/lib/sdklib/libsdk-common-2.lib.jar	5640	5640	0	2411151467	2010,1,1,0,0,0	2179792896	5c176c79c3411f6e564d7ea8ff3cd54e10ad400a5cb233d0093622e1fcf24a3d	archive	14	5	yes
commandlinetools-linux-15859902_latest.zip	reassembled split ZIP	cmdline-tools/lib/sdklib/libsdk-addon-3.lib.jar	7353	7353	0	1168987322	2010,1,1,0,0,0	2179792896	4de775ffbf0d98c8379588f508fb5140c48afeafc0a7aa9f494e69308dde5cda	archive	15	6	yes
commandlinetools-linux-15859902_latest.zip	reassembled split ZIP	cmdline-tools/lib/sdklib/libsdk-common-3.lib.jar	5871	5871	0	70916388	2010,1,1,0,0,0	2179792896	148d5666752154c49bc716c788dd11fb0f534fe4f742888c74f5f431068090ae	archive	14	5	yes
commandlinetools-linux-15859902_latest.zip	reassembled split ZIP	cmdline-tools/lib/sdklib/libsdk-addon-4.lib.jar	7354	7354	0	1127544456	2010,1,1,0,0,0	2179792896	efb14a5b4e1e584589bfdf76e8aba0aab79290fbe1d60b6038876533f9eb8250	archive	15	6	yes
commandlinetools-linux-15859902_latest.zip	reassembled split ZIP	cmdline-tools/lib/sdklib/libsdk-common-4.lib.jar	6063	6063	0	1173790007	2010,1,1,0,0,0	2179792896	af65d9512ea1c1310010eac91b9467e331a4f5c2b44ad1d42cc3704d8d318213	archive	14	5	yes
commandlinetools-linux-15859902_latest.zip	reassembled split ZIP	cmdline-tools/lib/sdklib/libsdk-repository-1.lib.jar	5635	5635	0	197061911	2010,1,1,0,0,0	2179792896	b70a9eb57a3ba200e3d0bb24b91272b47d0b9974247316f4a0a9e671ed834933	archive	14	5	yes
commandlinetools-linux-15859902_latest.zip	reassembled split ZIP	cmdline-tools/lib/repository/libgeneric-1.lib.jar	3532	3532	0	3230833808	2010,1,1,0,0,0	2179792896	e76332aabd36cde830b6299c72fbb42dc863d4322ef1ec8d90391e76acebba24	archive	12	3	yes
commandlinetools-linux-15859902_latest.zip	reassembled split ZIP	cmdline-tools/lib/sdklib/libsdk-repository-2.lib.jar	5632	5632	0	267629436	2010,1,1,0,0,0	2179792896	c3469334fa484c38833b29668b6ef5e8cf422ec9ac2b8c8b4be9a69f1c539f9c	archive	14	5	yes
commandlinetools-linux-15859902_latest.zip	reassembled split ZIP	cmdline-tools/lib/repository/libgeneric-2.lib.jar	3531	3531	0	3076240620	2010,1,1,0,0,0	2179792896	7db6f57a45c1d7eb5a91bb82520c47d240181d9ddb6f71a9819585c60b1c0678	archive	12	3	yes
commandlinetools-linux-15859902_latest.zip	reassembled split ZIP	cmdline-tools/lib/sdklib/libsdk-repository-3.lib.jar	5637	5637	0	1895962143	2010,1,1,0,0,0	2179792896	2c256e308ef60c38f13d0fb286f161d06220cab7ff6ba5952247ac67691968c1	archive	14	5	yes
commandlinetools-linux-15859902_latest.zip	reassembled split ZIP	cmdline-tools/lib/sdklib/libsdk-repository-4.lib.jar	5637	5637	0	1879260136	2010,1,1,0,0,0	2179792896	872126b2ddc1b2fd5ba95765aa01c7ba1cf9d15a14aa41abe324f1f7291bafda	archive	14	5	yes
commandlinetools-linux-15859902_latest.zip	reassembled split ZIP	cmdline-tools/lib/sdklib/libsdk-sites-list-1.lib.jar	4853	4853	0	372071899	2010,1,1,0,0,0	2179792896	34fa25d9e628a5bd6a800ad143a96fa18cea561346976f0c4e011251522284fb	archive	13	4	yes
commandlinetools-linux-15859902_latest.zip	reassembled split ZIP	cmdline-tools/lib/repository/librepo-sites-common-1.lib.jar	5340	5340	0	3499775138	2010,1,1,0,0,0	2179792896	deb84bcef72a6903493b2b31245af00ab86883a5fd8c866ed9272d58d2bfef84	archive	14	5	yes
commandlinetools-linux-15859902_latest.zip	reassembled split ZIP	cmdline-tools/lib/sdklib/libsdk-sites-list-2.lib.jar	5899	5899	0	2145032123	2010,1,1,0,0,0	2179792896	01f2f65156bed28a8091c7b9ffbf57d7deaa54eeeda52f6a04fd3814cd486828	archive	14	5	yes
commandlinetools-linux-15859902_latest.zip	reassembled split ZIP	cmdline-tools/lib/sdklib/libsdk-sites-list-3.lib.jar	4286	4286	0	2277372148	2010,1,1,0,0,0	2179792896	0fa2d2584f86f38d69130c14cf87d6bd68a20558cbfac918e67b4999bac0a4d6	archive	13	4	yes
commandlinetools-linux-15859902_latest.zip	reassembled split ZIP	cmdline-tools/lib/sdklib/libsdk-sites-list-4.lib.jar	4283	4283	0	4276107180	2010,1,1,0,0,0	2179792896	cf41ec85f2877e4e711add2a5a817cbb462e249db8112a6a3d91911a3ab63d5e	archive	13	4	yes
commandlinetools-linux-15859902_latest.zip	reassembled split ZIP	cmdline-tools/lib/sdklib/libsdk-sites-list-5.lib.jar	4286	4286	0	172016459	2010,1,1,0,0,0	2179792896	61a3cc8aa52ed5eccb66b7cb1c1f226e6b3b346a0df503b123200f494cd1af03	archive	13	4	yes
commandlinetools-linux-15859902_latest.zip	reassembled split ZIP	cmdline-tools/lib/sdklib/libsdk-sites-list-6.lib.jar	4285	4285	0	1385834841	2010,1,1,0,0,0	2179792896	988c939995bb5e43dbb436323646ba76bb599152b55a98b7e19b2424af803d60	archive	13	4	yes
commandlinetools-linux-15859902_latest.zip	reassembled split ZIP	cmdline-tools/lib/sdklib/libsdk-sites-list-7.lib.jar	4286	4286	0	1533153019	2010,1,1,0,0,0	2179792896	04b12135fbdcd0edd936b1ad22118b4339842214c4449c2a15431bc98df72318	archive	13	4	yes
commandlinetools-linux-15859902_latest.zip	reassembled split ZIP	cmdline-tools/lib/sdklib/libsdk-sysimg-1.lib.jar	4232	4232	0	741751661	2010,1,1,0,0,0	2179792896	15bb6ff466787cbda219ca2a7be8ac826844ff536015e3db0ee965ca079876bf	archive	12	3	yes
commandlinetools-linux-15859902_latest.zip	reassembled split ZIP	cmdline-tools/lib/sdklib/libsdk-sysimg-2.lib.jar	4338	4338	0	3246621281	2010,1,1,0,0,0	2179792896	c22043be640bf24084c4f4a5a4651b2a2ad9be9211511265c699f1d21e9e7906	archive	12	3	yes
commandlinetools-linux-15859902_latest.zip	reassembled split ZIP	cmdline-tools/lib/sdklib/libsdk-sysimg-3.lib.jar	4339	4339	0	1160595657	2010,1,1,0,0,0	2179792896	31090fc16913b3646aeb170a4894c7f0c07f28dd00cb72b065eae186108c22ee	archive	12	3	yes
commandlinetools-linux-15859902_latest.zip	reassembled split ZIP	cmdline-tools/lib/sdklib/libsdk-sysimg-4.lib.jar	4511	4511	0	3765555074	2010,1,1,0,0,0	2179792896	810db757a10fa19da5edee85b55924e576a40efff8a95d58c9f4a6e4cf1d0206	archive	12	3	yes
commandlinetools-linux-15859902_latest.zip	reassembled split ZIP	cmdline-tools/lib/sdklib/libsdk-sysimg-5.lib.jar	4511	4511	0	42295170	2010,1,1,0,0,0	2179792896	b89b475edc3c4161293037d1ea2ab4e86dfbe0f26ff80c1704ab28dcbe9ba756	archive	12	3	yes
commandlinetools-linux-15859902_latest.zip	reassembled split ZIP	cmdline-tools/lib/sdklib/libsdkmanager_lib.jar	42238	42238	0	3173400225	2010,1,1,0,0,0	2179792896	48777d4d027742bea80733af45269e9e245c41bda85a076fce334edb83e40a25	archive	26	19	yes
commandlinetools-linux-15859902_latest.zip	reassembled split ZIP	cmdline-tools/lib/r8.jar	20959065	20959065	0	3367758717	2010,1,1,0,0,0	2179792896	e4f2d1af4adb39f0f67b4a501a08a93354c2b4f3a116ee4d0813cc87f2db7e51	archive	8166	8161	yes
commandlinetools-linux-15859902_latest.zip	reassembled split ZIP	cmdline-tools/lib/build-system/shrinker/libshrinker.jar	150097	150097	0	2541913345	2010,1,1,0,0,0	2179792896	63e6b758387520ebb75cfa9c5d5594efff62bfc70d4b5be9fe327fc121243f99	archive	96	84	yes
commandlinetools-linux-15859902_latest.zip	reassembled split ZIP	cmdline-tools/lib/build-system/aapt2-proto/aapt2-proto.jar	749051	749051	0	324047882	2010,1,1,0,0,0	2179792896	8bac9ddddfc9fec64152f3116acb2e1a3fe0cd60aae68a57f5b284bae038d380	archive	283	270	yes
commandlinetools-linux-15859902_latest.zip	reassembled split ZIP	cmdline-tools/lib/sdk-common/tools.sdk-common.jar	1752311	1752311	0	1811994917	2010,1,1,0,0,0	2179792896	7d34308241071e482f47ccb7c5ba53e83858366905061979ae4ed4623c6dcdd6	archive	1243	650	yes
commandlinetools-linux-15859902_latest.zip	reassembled split ZIP	cmdline-tools/lib/ddmlib/tools.ddmlib.jar	683126	683126	0	1450069151	2010,1,1,0,0,0	2179792896	8bc8edf0637a9b520febf83b10b57f3120de5f5f3295cb232c90464f65d44318	archive	396	366	yes
commandlinetools-linux-15859902_latest.zip	reassembled split ZIP	cmdline-tools/lib/sdklib/tools.sdklib.jar	1918064	1918064	0	901997648	2010,1,1,0,0,0	2179792896	4433ca379db0a9f7bd0a5d5b931b0ac671747b10791706dc0d42a348dacbb782	archive	564	441	yes
commandlinetools-linux-15859902_latest.zip	reassembled split ZIP	cmdline-tools/lib/external/javax/inject/javax.inject/1/javax.inject-1.jar	2497	2497	0	3496745672	2010,1,1,0,0,0	2179792896	91c77044a50c481636c32d916fd89c9118a72195390452c81065080f957de7ff	archive	8	6	yes
commandlinetools-linux-15859902_latest.zip	reassembled split ZIP	cmdline-tools/lib/external/org/bouncycastle/bcpkix-jdk18on/1.79/bcpkix-jdk18on-1.79.jar	1134345	1134345	0	1539234282	2010,1,1,0,0,0	2179792896	3639a24ddf9ba4b7eba0659b44770e91eba816421888e571f285aadefe532cd6	archive	973	909	yes
commandlinetools-linux-15859902_latest.zip	reassembled split ZIP	cmdline-tools/lib/external/org/bouncycastle/bcprov-jdk18on/1.79/bcprov-jdk18on-1.79.jar	8575537	8575537	0	3286247213	2010,1,1,0,0,0	2179792896	0d81ecc3124536b539bce9aa3fe9621b7f84c9cee371b635a5b31c78b79ab1da	archive	5932	5579	yes
commandlinetools-linux-15859902_latest.zip	reassembled split ZIP	cmdline-tools/lib/external/org/bouncycastle/bcutil-jdk18on/1.79/bcutil-jdk18on-1.79.jar	705999	705999	0	1640084966	2010,1,1,0,0,0	2179792896	c70b88ada58938cbc2f005d40329054078bcfa1149e6ffc03e9242eb6ab21836	archive	670	611	yes
commandlinetools-linux-15859902_latest.zip	reassembled split ZIP	cmdline-tools/lib/apkparser/cli/analyzer-cli.jar	68801	68801	0	1286547639	2010,1,1,0,0,0	2179792896	85485359aae49fc75bc55cac220a1797a4dd70b7abaafd555ca7de5bd46ecf7e	archive	38	31	yes
commandlinetools-linux-15859902_latest.zip	reassembled split ZIP	cmdline-tools/lib/apkparser/tools.binary-resources.jar	118019	118019	0	3660072323	2010,1,1,0,0,0	2179792896	76b4136c3c5afb65c636d5afa590451f94ea00dc013a6cd6c0c9fd6395a50382	archive	94	68	yes
commandlinetools-linux-15859902_latest.zip	reassembled split ZIP	cmdline-tools/lib/apkparser/analyzer/analyzer.jar	133732	133732	0	1653252404	2010,1,1,0,0,0	2179792896	de1ee2dbdccde33ecae525086ec07f7930aae283c5a1b73181ebf6122321147d	archive	92	80	yes
commandlinetools-linux-15859902_latest.zip	reassembled split ZIP	cmdline-tools/lib/external/archive-patcher/explainer.jar	12156	12156	0	2610143020	2010,1,1,0,0,0	2179792896	297bc50d4f61f8bc09caa91f8ee143cfdf18aa3f4208d716f5a53afd79a0f9bd	archive	13	7	yes
commandlinetools-linux-15859902_latest.zip	reassembled split ZIP	cmdline-tools/lib/external/archive-patcher/generator.jar	84159	84159	0	3421498263	2010,1,1,0,0,0	2179792896	e6e14814df390b4d714db66bf84dafbaa1951d643e0ae91aa8c6ab368c3967c5	archive	61	53	yes
commandlinetools-linux-15859902_latest.zip	reassembled split ZIP	cmdline-tools/lib/external/archive-patcher/shared.jar	28234	28234	0	3280046361	2010,1,1,0,0,0	2179792896	391caef69ac366ddc46c1c77ec7f41fcfda8ba27cdb0678ed17ca34abe949665	archive	26	20	yes
commandlinetools-linux-15859902_latest.zip	reassembled split ZIP	cmdline-tools/lib/zipflinger/zipflinger.jar	67026	67026	0	1180157843	2010,1,1,0,0,0	2179792896	0a1984d14cc8070f734ddcc5a947f122dfee364cdbe18595afb691aa803890e0	archive	42	37	yes
commandlinetools-linux-15859902_latest.zip	reassembled split ZIP	cmdline-tools/lib/external/com/android/tools/smali/smali-baksmali/3.0.9/smali-baksmali-3.0.9.jar	132972	132972	0	61166041	2010,1,1,0,0,0	2179792896	e7d0166945565a87f3997d1aea8779202dbb6cb0585a39ee20bab8a2f5ba87f6	archive	89	76	yes
commandlinetools-linux-15859902_latest.zip	reassembled split ZIP	cmdline-tools/lib/external/com/android/tools/smali/smali-util/3.0.9/smali-util-3.0.9.jar	33331	33331	0	465505353	2010,1,1,0,0,0	2179792896	4673762894ba4156081fc5c642f74d6e78aef8b1a9c7702d691e3171d8cc1153	archive	25	16	yes
commandlinetools-linux-15859902_latest.zip	reassembled split ZIP	cmdline-tools/lib/external/com/android/tools/smali/smali-dexlib2/3.0.9/smali-dexlib2-3.0.9.jar	1194123	1194123	0	3647717481	2010,1,1,0,0,0	2179792896	8b547506f62f91d74b70f4beb4989b99e1ff61fc50b2525e9796ca35f0a351dc	archive	1034	988	yes
commandlinetools-linux-15859902_latest.zip	reassembled split ZIP	cmdline-tools/lib/external/com/beust/jcommander/1.78/jcommander-1.78.jar	83782	83782	0	4106020423	2010,1,1,0,0,0	2179792896	7891debb84b5f83e9bd57593ebece3399abbe0fd938cf306b3534c57913b9615	archive	77	68	yes
commandlinetools-linux-15859902_latest.zip	reassembled split ZIP	cmdline-tools/lib/profgen/profgen/libprofgen.jar	220449	220449	0	1976258065	2010,1,1,0,0,0	2179792896	3813781fffcfbc04b4f354b14b0ea91c833bd8b8380f23987723ec02c4105130	archive	113	106	yes
commandlinetools-linux-15859902_latest.zip	reassembled split ZIP	cmdline-tools/lib/external/org/ow2/asm/asm/9.9/asm-9.9.jar	126122	126122	0	3977329369	2010,1,1,0,0,0	2179792896	03d99a74ad1ee5c71334ef67437f4ef4fe3488caa7c96d8645abc73c8e2017d4	archive	45	39	yes
commandlinetools-linux-15859902_latest.zip	reassembled split ZIP	cmdline-tools/lib/external/net/sf/jopt-simple/jopt-simple/4.9/jopt-simple-4.9.jar	66469	66469	0	2658261199	2010,1,1,0,0,0	2179792896	26c5856e954b5f864db76f13b86919b59c6eecf9fd930b96baa8884626baf2f5	archive	60	48	yes
commandlinetools-linux-15859902_latest.zip	reassembled split ZIP	cmdline-tools/lib/lint/cli/cli.jar	1093464	1093464	0	2115304236	2010,1,1,0,0,0	2179792896	178c00adc88b769a6fc555725907efcd4defa318726e888b9fcc49be6eeadf5f	archive	433	410	yes
commandlinetools-linux-15859902_latest.zip	reassembled split ZIP	cmdline-tools/lib/lint/tools.lint-api.jar	1506059	1506059	0	2452513371	2010,1,1,0,0,0	2179792896	dd3c0c1f12e04c8b61854119d0f29558b96b581b71685318d7808fc83b0ea6b7	archive	557	543	yes
commandlinetools-linux-15859902_latest.zip	reassembled split ZIP	cmdline-tools/lib/lint/tools.lint-model.jar	175258	175258	0	3016212742	2010,1,1,0,0,0	2179792896	dba7719ec2ba9f7e800147dd21fb57be65e0ef315a37356f6878d81222e82fc6	archive	104	95	yes
commandlinetools-linux-15859902_latest.zip	reassembled split ZIP	cmdline-tools/lib/build-system/builder-model/builder-model.jar	146255	146255	0	902954261	2010,1,1,0,0,0	2179792896	faff278915ba31c5d4629b4832e113f4f6548c24d4d604f8cd8176ef4336eb83	archive	184	168	yes
commandlinetools-linux-15859902_latest.zip	reassembled split ZIP	cmdline-tools/lib/external/lint-psi/intellij-core/intellij-core-mvn.jar	33910203	33910203	0	2444816283	2010,1,1,0,0,0	2179792896	4ec6a9163036699a296c8ae5a838c774eaa5b91fdc8f97cecbdf8f6d3ce14155	archive	19168	17979	yes
commandlinetools-linux-15859902_latest.zip	reassembled split ZIP	cmdline-tools/lib/external/lint-psi/kotlin-compiler/kotlin-compiler-mvn.jar	52710921	52710921	0	2170865104	2010,1,1,0,0,0	2179792896	f7605ecd8e5157f1df689951e0f200ff7ccb0b1443e8c4ab35a595cb1ccdc886	archive	24896	23792	yes
commandlinetools-linux-15859902_latest.zip	reassembled split ZIP	cmdline-tools/lib/external/lint-psi/uast/uast.jar	1943155	1943155	0	2059132848	2010,1,1,0,0,0	2179792896	708e340ad13c5cd1837d6a0ceb9f3dba9eed9f12d702fac97a26b46aa594cc8d	archive	769	736	yes
commandlinetools-linux-15859902_latest.zip	reassembled split ZIP	cmdline-tools/lib/build-system/manifest-merger/tools.manifest-merger.jar	278428	278428	0	1805298420	2010,1,1,0,0,0	2179792896	c91c928569b6f3afd49f5a6abcc36609a2e90de544aa13aa3094aa133b63affd	archive	131	124	yes
commandlinetools-linux-15859902_latest.zip	reassembled split ZIP	cmdline-tools/lib/external/org/ow2/asm/asm-commons/9.9/asm-commons-9.9.jar	74348	74348	0	3699182019	2010,1,1,0,0,0	2179792896	db2f6f26150bbe7c126606b4a1151836bcc22a1e05a423b3585698bece995ff8	archive	34	28	yes
commandlinetools-linux-15859902_latest.zip	reassembled split ZIP	cmdline-tools/lib/external/org/ow2/asm/asm-tree/9.9/asm-tree-9.9.jar	51947	51947	0	3401879781	2010,1,1,0,0,0	2179792896	42178f3775c9c63f9e5e1446747d29b4eca4d91bd6e75e5c43cfa372a47d38c6	archive	45	39	yes
commandlinetools-linux-15859902_latest.zip	reassembled split ZIP	cmdline-tools/lib/lint/tools.lint-checks.jar	7776107	7776107	0	3291600392	2010,1,1,0,0,0	2179792896	1e794f3d8536b3ab4e445dc4eec2a760d229473e49b01f49d9d248963569571d	archive	1700	1671	yes
commandlinetools-linux-15859902_latest.zip	reassembled split ZIP	cmdline-tools/lib/lint/lint-checks-proto.jar	186635	186635	0	442333259	2010,1,1,0,0,0	2179792896	43951d8d287f27b3c1242139179899af5c564e862b760353d558e4f73a881e03	archive	76	67	yes
commandlinetools-linux-15859902_latest.zip	reassembled split ZIP	cmdline-tools/lib/external/org/ow2/asm/asm-analysis/9.9/asm-analysis-9.9.jar	35149	35149	0	2315582465	2010,1,1,0,0,0	2179792896	6a15d28e8bd29ba4fd5bca4baf9b50e8fba2d7b51fbf78cfa0c875a7214c678b	archive	22	15	yes
commandlinetools-linux-15859902_latest.zip	reassembled split ZIP	cmdline-tools/lib/analytics-library/tracker/tools.analytics-tracker.jar	67774	67774	0	2494579625	2010,1,1,0,0,0	2179792896	f083e82627981dbe1312b5e805e9470d26b4ff56d09ae8fddcce8f862d2e807a	archive	36	28	yes
commandlinetools-linux-15859902_latest.zip	reassembled split ZIP	cmdline-tools/lib/misc/screenshot2/libscreenshot2lib.jar	11505	11505	0	1159963626	2010,1,1,0,0,0	2179792896	bb476b6cda2d2a77d0e37491c5851f0de57ddb515483fffaf3923418c008cec5	archive	7	2	yes
commandlinetools-linux-15859902_latest.zip	reassembled split ZIP	cmdline-tools/lib/profgen/profgen-cli/libprofgen-cli-lib.jar	29821	29821	0	3454858837	2010,1,1,0,0,0	2179792896	d8bab03629824bb1244aa0cfa3cb77afa968912db388e244fe886e0a26b2d6e8	archive	22	14	yes
commandlinetools-linux-15859902_latest.zip	reassembled split ZIP	cmdline-tools/lib/external/org/jetbrains/kotlinx/kotlinx-cli-jvm/0.3.1/kotlinx-cli-jvm-0.3.1.jar	82399	82399	0	3392371642	2010,1,1,0,0,0	2179792896	6c4182fbb93b8ff2399e9449d76f920eca54196c837c806a0f5c8f9adf445a35	archive	59	54	yes
commandlinetools-linux-15859902_latest.zip	reassembled split ZIP	cmdline-tools/lib/external/org/jetbrains/kotlin/kotlin-stdlib-common/1.6.21/kotlin-stdlib-common-1.6.21.jar	200631	200631	0	1722118576	2010,1,1,0,0,0	2179792896	183bec59cd9f3a14957b190e8c879cf1194bd1f106b0a7b6e1cbb8790d242363	archive	337	0	yes
commandlinetools-linux-15859902_latest.zip	reassembled split ZIP	cmdline-tools/lib/avdmanager-classpath.jar	4349	4349	0	2274185259	2010,1,1,0,0,0	2179792896	467a4c82315ec7fb4c79d46424d507c8b45802533ba8984598ce543ed11e93a3	archive	2	0	yes
commandlinetools-linux-15859902_latest.zip	reassembled split ZIP	cmdline-tools/lib/sdkmanager-classpath.jar	4349	4349	0	3689577625	2010,1,1,0,0,0	2179792896	1b1a69a81ba8203582691023b18361b589897c74ae99618ee79e51af09cae889	archive	2	0	yes
commandlinetools-linux-15859902_latest.zip	reassembled split ZIP	cmdline-tools/lib/d8-classpath.jar	283	283	0	1140018995	2010,1,1,0,0,0	2179792896	353228b20ad6199d15e70c9e79b4d17d443721d1a9e28bb6ab6484766d36178c	archive	2	0	yes
commandlinetools-linux-15859902_latest.zip	reassembled split ZIP	cmdline-tools/lib/r8-classpath.jar	283	283	0	1140018995	2010,1,1,0,0,0	2179792896	353228b20ad6199d15e70c9e79b4d17d443721d1a9e28bb6ab6484766d36178c	archive	2	0	yes
commandlinetools-linux-15859902_latest.zip	reassembled split ZIP	cmdline-tools/lib/retrace-classpath.jar	283	283	0	1140018995	2010,1,1,0,0,0	2179792896	353228b20ad6199d15e70c9e79b4d17d443721d1a9e28bb6ab6484766d36178c	archive	2	0	yes
commandlinetools-linux-15859902_latest.zip	reassembled split ZIP	cmdline-tools/lib/resourceshrinker-classpath.jar	3692	3692	0	3091616863	2010,1,1,0,0,0	2179792896	28ed858a1402c1790ef589a0c53692d5fa33bcfdbe7658225f190f99b407bffa	archive	2	0	yes
commandlinetools-linux-15859902_latest.zip	reassembled split ZIP	cmdline-tools/lib/apkanalyzer-classpath.jar	4329	4329	0	1115542227	2010,1,1,0,0,0	2179792896	a41766a6bf679feae9d8c65cfead8ba7573bd7762feedd808715a72a808328b2	archive	2	0	yes
commandlinetools-linux-15859902_latest.zip	reassembled split ZIP	cmdline-tools/lib/lint-classpath.jar	4300	4300	0	3476279656	2010,1,1,0,0,0	2179792896	08cb0059a75ba93a0e9c385ac2b470c6778d5bdcbdd777800e8e8ebd7047ab20	archive	2	0	yes
commandlinetools-linux-15859902_latest.zip	reassembled split ZIP	cmdline-tools/lib/screenshot2-classpath.jar	1582	1582	0	989228920	2010,1,1,0,0,0	2179792896	d135e5fcc3ee8bc038d817fb5f59dbbf805810c70c3fc94ce7c9a008284a017a	archive	2	0	yes
commandlinetools-linux-15859902_latest.zip	reassembled split ZIP	cmdline-tools/lib/profgen-classpath.jar	889	889	0	3354137209	2010,1,1,0,0,0	2179792896	c0909636ad00fdb7b22993c8c5afe4de3440176a6577f3147a56dab162622cb0	archive	2	0	yes
commandlinetools-linux-15859902_latest.zip	reassembled split ZIP	cmdline-tools/source.properties	86	86	0	3775921738	2010,1,1,0,0,0	2179792896	166bcdfe54f73296b09e5e6aa6d96b9a752b78b418c56e9f3f3a13c15fac74e5	text/config			
commandlinetools-linux-15859902_latest.zip	reassembled split ZIP	cmdline-tools/NOTICE.txt	101506	101506	0	3548738577	2010,1,1,0,0,0	2179792896	2fe905b4ac6e8bd16cad0d1843ea9a7c6b3d3001f9ab2eac948cb5818710e0f1	text/config			
commandlinetools-linux-15859902_latest.zip	reassembled split ZIP	cmdline-tools/lib/README	202	202	0	2324890311	2010,1,1,0,0,0	2179792896	c955f7bf69ebfc3c5458338a604888ad86c86027c46221de8cc2fa375de70778	other			
commandlinetools-linux-15859902_latest.zip	reassembled split ZIP	cmdline-tools/bin/android	5065056	5065056	0	3626349974	2010,1,1,0,0,0	2179792896	24ff3bac5db16e5bcc5fd2a54dc58041fd06db373389cd6442dedb004fe092be	other			
